karate,0.0,pagerank,0,0.0003724,0.3325937,0.4260298,0.5014245,0.4187867,3
karate,0.0,pagerank,1,0.000247,0.3523176,0.7323776,0.9409722,0.771725,2
karate,0.0,pagerank,2,0.0002418,0.0,0.0,0.3333333,0.0,1
karate,0.0,pagerank,3,0.0002472,0.3523176,0.7323776,0.9409722,0.771725,2
karate,0.0,pagerank,4,0.000294,0.0,0.0,0.3333333,0.0,1
karate,0.1,pagerank,0,0.0020759,0.3717949,0.677243,0.9411765,0.7716263,2
karate,0.1,pagerank,1,0.0012608,0.3717949,0.677243,0.9411765,0.7716263,2
karate,0.1,pagerank,2,0.0011187,0.3523176,0.7323776,0.9409722,0.771725,2
karate,0.1,pagerank,3,0.0010872,0.3717949,0.677243,0.9411765,0.7716263,2
karate,0.1,pagerank,4,0.0011868,0.3717949,0.677243,0.9411765,0.7716263,2
karate,0.2,pagerank,0,0.0014675,0.3523176,0.7323776,0.9409722,0.771725,2
karate,0.2,pagerank,1,0.0010946,0.3523176,0.7323776,0.9409722,0.771725,2
karate,0.2,pagerank,2,0.0010238,0.3523176,0.7323776,0.9409722,0.771725,2
karate,0.2,pagerank,3,0.001054,0.3523176,0.7323776,0.9409722,0.771725,2
karate,0.2,pagerank,4,0.001013,0.3717949,0.677243,0.9411765,0.7716263,2
karate,0.3,pagerank,0,0.0016644,0.3717949,0.677243,0.9411765,0.7716263,2
karate,0.3,pagerank,1,0.0011268,0.3717949,0.677243,0.9411765,0.7716263,2
karate,0.3,pagerank,2,0.0010958,0.3717949,0.677243,0.9411765,0.7716263,2
karate,0.3,pagerank,3,0.0011241,0.3717949,0.677243,0.9411765,0.7716263,2
karate,0.3,pagerank,4,0.0011907,0.3717949,0.677243,0.9411765,0.7716263,2
karate,0.4,pagerank,0,0.0012295,0.3806706,0.586559,0.8178571,0.6118493,3
karate,0.4,pagerank,1,0.0011165,0.3806706,0.586559,0.8178571,0.6118493,3
karate,0.4,pagerank,2,0.001524,0.3806706,0.586559,0.8178571,0.6118493,3
karate,0.4,pagerank,3,0.0013762,0.3806706,0.586559,0.8178571,0.6118493,3
karate,0.4,pagerank,4,0.001096,0.3806706,0.586559,0.8178571,0.6118493,3
karate,0.5,pagerank,0,0.0014901,0.3806706,0.586559,0.8178571,0.6118493,3
karate,0.5,pagerank,1,0.001379,0.3806706,0.586559,0.8178571,0.6118493,3
karate,0.5,pagerank,2,0.0012,0.3806706,0.586559,0.8178571,0.6118493,3
karate,0.5,pagerank,3,0.0013037,0.3806706,0.586559,0.8178571,0.6118493,3
karate,0.5,pagerank,4,0.0011778,0.3806706,0.586559,0.8178571,0.6118493,3
karate,0.6,pagerank,0,0.0014341,0.3883136,0.4744837,0.514157,0.42549,4
karate,0.6,pagerank,1,0.0012891,0.3883136,0.4744837,0.514157,0.42549,4
karate,0.6,pagerank,2,0.0013435,0.3883136,0.4744837,0.514157,0.42549,4
karate,0.6,pagerank,3,0.0015931,0.3883136,0.4744837,0.514157,0.42549,4
karate,0.6,pagerank,4,0.0012758,0.3883136,0.4744837,0.514157,0.42549,4
karate,0.7,pagerank,0,0.0017169,0.4155983,0.4976792,0.3896552,0.4292907,4
karate,0.7,pagerank,1,0.0013497,0.4020381,0.5683801,0.5665991,0.5905529,3
karate,0.7,pagerank,2,0.0012698,0.4155983,0.4976792,0.3896552,0.4292907,4
karate,0.7,pagerank,3,0.00126,0.4155983,0.4976792,0.3896552,0.4292907,4
karate,0.7,pagerank,4,0.0012619,0.4020381,0.5683801,0.5665991,0.5905529,3
karate,0.8,pagerank,0,0.0019662,0.4020381,0.5683801,0.5665991,0.5905529,3
karate,0.8,pagerank,1,0.0013225,0.4020381,0.5683801,0.5665991,0.5905529,3
karate,0.8,pagerank,2,0.0013337,0.4020381,0.5683801,0.5665991,0.5905529,3
karate,0.8,pagerank,3,0.0013959,0.4020381,0.5683801,0.5665991,0.5905529,3
karate,0.8,pagerank,4,0.0012937,0.4020381,0.5683801,0.5665991,0.5905529,3
karate,0.9,pagerank,0,0.0016289,0.4155983,0.4976792,0.3896552,0.4292907,4
karate,0.9,pagerank,1,0.0013542,0.4155983,0.4976792,0.3896552,0.4292907,4
karate,0.9,pagerank,2,0.0013475,0.4155983,0.4976792,0.3896552,0.4292907,4
karate,0.9,pagerank,3,0.0013874,0.4155983,0.4976792,0.3896552,0.4292907,4
karate,0.9,pagerank,4,0.0013263,0.4155983,0.4976792,0.3896552,0.4292907,4
karate,1.0,pagerank,0,0.0003543,0.4197896,0.5878497,0.3860837,0.4645911,4
karate,1.0,pagerank,1,0.0002708,0.4197896,0.5878497,0.3860837,0.4645911,4
karate,1.0,pagerank,2,0.0003169,0.4197896,0.5878497,0.3860837,0.4645911,4
karate,1.0,pagerank,3,0.0002694,0.4197896,0.5878497,0.3860837,0.4645911,4
karate,1.0,pagerank,4,0.0002604,0.4197896,0.5878497,0.3860837,0.4645911,4
karate,0.0,degree,0,0.0003846,0.3325937,0.4260298,0.5014245,0.4187867,3
karate,0.0,degree,1,0.0002446,0.3523176,0.7323776,0.9409722,0.771725,2
karate,0.0,degree,2,0.0002453,0.0,0.0,0.3333333,0.0,1
karate,0.0,degree,3,0.0002453,0.3523176,0.7323776,0.9409722,0.771725,2
karate,0.0,degree,4,0.0002992,0.0,0.0,0.3333333,0.0,1
karate,0.1,degree,0,0.0004814,0.3717949,0.677243,0.9411765,0.7716263,2
karate,0.1,degree,1,0.0006828,0.3717949,0.677243,0.9411765,0.7716263,2
karate,0.1,degree,2,0.0004098,0.3523176,0.7323776,0.9409722,0.771725,2
karate,0.1,degree,3,0.0004146,0.3717949,0.677243,0.9411765,0.7716263,2
karate,0.1,degree,4,0.0003903,0.3717949,0.677243,0.9411765,0.7716263,2
karate,0.2,degree,0,0.00055,0.3036654,0.3169932,0.7895668,0.3274021,2
karate,0.2,degree,1,0.0003605,0.3717949,0.677243,0.9411765,0.7716263,2
karate,0.2,degree,2,0.0005932,0.3523176,0.7323776,0.9409722,0.771725,2
karate,0.2,degree,3,0.0006759,0.3523176,0.7323776,0.9409722,0.771725,2
karate,0.2,degree,4,0.0003581,0.3717949,0.677243,0.9411765,0.7716263,2
karate,0.3,degree,0,0.0005951,0.3717949,0.677243,0.9411765,0.7716263,2
karate,0.3,degree,1,0.0004416,0.3717949,0.677243,0.9411765,0.7716263,2
karate,0.3,degree,2,0.000453,0.3717949,0.677243,0.9411765,0.7716263,2
karate,0.3,degree,3,0.0004418,0.3717949,0.677243,0.9411765,0.7716263,2
karate,0.3,degree,4,0.0004566,0.3717949,0.677243,0.9411765,0.7716263,2
karate,0.4,degree,0,0.000742,0.3806706,0.586559,0.8178571,0.6118493,3
karate,0.4,degree,1,0.0004871,0.3806706,0.586559,0.8178571,0.6118493,3
karate,0.4,degree,2,0.0004778,0.3806706,0.586559,0.8178571,0.6118493,3
karate,0.4,degree,3,0.0004578,0.3806706,0.586559,0.8178571,0.6118493,3
karate,0.4,degree,4,0.0004818,0.3806706,0.586559,0.8178571,0.6118493,3
karate,0.5,degree,0,0.0019991,0.3806706,0.586559,0.8178571,0.6118493,3
karate,0.5,degree,1,0.0005212,0.3806706,0.586559,0.8178571,0.6118493,3
karate,0.5,degree,2,0.000519,0.3806706,0.586559,0.8178571,0.6118493,3
karate,0.5,degree,3,0.0005188,0.3806706,0.586559,0.8178571,0.6118493,3
karate,0.5,degree,4,0.0005164,0.3806706,0.586559,0.8178571,0.6118493,3
karate,0.6,degree,0,0.0008671,0.3806706,0.586559,0.5756303,0.6118493,3
karate,0.6,degree,1,0.0005767,0.3806706,0.586559,0.5756303,0.6118493,3
karate,0.6,degree,2,0.0005846,0.3806706,0.586559,0.5756303,0.6118493,3
karate,0.6,degree,3,0.0005744,0.3806706,0.586559,0.5756303,0.6118493,3
karate,0.6,degree,4,0.0006971,0.3806706,0.586559,0.5756303,0.6118493,3
karate,0.7,degree,0,0.0010848,0.3942308,0.5141324,0.3964286,0.4506024,4
karate,0.7,degree,1,0.000622,0.4020381,0.5683801,0.5665991,0.5905529,3
karate,0.7,degree,2,0.0007248,0.4155983,0.4976792,0.3896552,0.4292907,4
karate,0.7,degree,3,0.0006063,0.3942308,0.5141324,0.3964286,0.4506024,4
karate,0.7,degree,4,0.0006359,0.4155983,0.4976792,0.3896552,0.4292907,4
karate,0.8,degree,0,0.000936,0.3990796,0.6912494,0.5857143,0.6841418,3
karate,0.8,degree,1,0.0006492,0.3990796,0.6912494,0.5857143,0.6841418,3
karate,0.8,degree,2,0.0007391,0.3990796,0.6912494,0.5857143,0.6841418,3
karate,0.8,degree,3,0.0007532,0.3990796,0.6912494,0.5857143,0.6841418,3
karate,0.8,degree,4,0.0006754,0.3990796,0.6912494,0.5857143,0.6841418,3
karate,0.9,degree,0,0.0011327,0.4151052,0.6000111,0.406106,0.5088641,4
karate,0.9,degree,1,0.0007093,0.4151052,0.6000111,0.406106,0.5088641,4
karate,0.9,degree,2,0.000689,0.4008054,0.5005092,0.3081481,0.4171146,5
karate,0.9,degree,3,0.0007362,0.4151052,0.6000111,0.406106,0.5088641,4
karate,0.9,degree,4,0.0006974,0.4151052,0.6000111,0.406106,0.5088641,4
karate,1.0,degree,0,0.0003226,0.4197896,0.5878497,0.3860837,0.4645911,4
karate,1.0,degree,1,0.0002682,0.4197896,0.5878497,0.3860837,0.4645911,4
karate,1.0,degree,2,0.000272,0.4197896,0.5878497,0.3860837,0.4645911,4
karate,1.0,degree,3,0.0002534,0.4197896,0.5878497,0.3860837,0.4645911,4
karate,1.0,degree,4,0.0002408,0.4197896,0.5878497,0.3860837,0.4645911,4
karate,0.0,eigenvector,0,0.0002542,0.3325937,0.4260298,0.5014245,0.4187867,3
karate,0.0,eigenvector,1,0.0002432,0.3523176,0.7323776,0.9409722,0.771725,2
karate,0.0,eigenvector,2,0.000241,0.0,0.0,0.3333333,0.0,1
karate,0.0,eigenvector,3,0.0002458,0.3523176,0.7323776,0.9409722,0.771725,2
karate,0.0,eigenvector,4,0.0003026,0.0,0.0,0.3333333,0.0,1
karate,0.1,eigenvector,0,0.0016606,-0.0237508,0.0504515,0.3955556,0.0,2
karate,0.1,eigenvector,1,0.0008092,0.1157955,0.2639164,0.6780303,0.1310212,3
karate,0.1,eigenvector,2,0.0007641,0.1157955,0.2639164,0.6780303,0.1310212,3
karate,0.1,eigenvector,3,0.0010712,-0.0237508,0.0504515,0.3955556,0.0,2
karate,0.1,eigenvector,4,0.0009065,-0.0237508,0.0504515,0.3955556,0.0,2
karate,0.2,eigenvector,0,0.0010071,0.3036654,0.3169932,0.7895668,0.3274021,2
karate,0.2,eigenvector,1,0.0008185,0.3717949,0.677243,0.9411765,0.7716263,2
karate,0.2,eigenvector,2,0.0008347,0.3717949,0.677243,0.9411765,0.7716263,2
karate,0.2,eigenvector,3,0.0009046,0.3717949,0.677243,0.9411765,0.7716263,2
karate,0.2,eigenvector,4,0.0008142,0.3717949,0.677243,0.9411765,0.7716263,2
karate,0.3,eigenvector,0,0.0011311,0.3717949,0.677243,0.9411765,0.7716263,2
karate,0.3,eigenvector,1,0.0011482,0.3717949,0.677243,0.9411765,0.7716263,2
karate,0.3,eigenvector,2,0.0009043,0.3717949,0.677243,0.9411765,0.7716263,2
karate,0.3,eigenvector,3,0.001044,0.3717949,0.677243,0.9411765,0.7716263,2
karate,0.3,eigenvector,4,0.000936,0.3717949,0.677243,0.9411765,0.7716263,2
karate,0.4,eigenvector,0,0.0012634,0.3717949,0.677243,0.9411765,0.7716263,2
karate,0.4,eigenvector,1,0.0009685,0.3717949,0.677243,0.9411765,0.7716263,2
karate,0.4,eigenvector,2,0.0018325,0.3717949,0.677243,0.9411765,0.7716263,2
karate,0.4,eigenvector,3,0.0009429,0.3717949,0.677243,0.9411765,0.7716263,2
karate,0.4,eigenvector,4,0.0009751,0.3717949,0.677243,0.9411765,0.7716263,2
karate,0.5,eigenvector,0,0.0012772,0.3717949,0.677243,0.9411765,0.7716263,2
karate,0.5,eigenvector,1,0.0011473,0.3598784,0.7431979,0.6262626,0.7815992,3
karate,0.5,eigenvector,2,0.0012674,0.3598784,0.7431979,0.6262626,0.7815992,3
karate,0.5,eigenvector,3,0.0010149,0.3598784,0.7431979,0.6262626,0.7815992,3
karate,0.5,eigenvector,4,0.0011342,0.3717949,0.677243,0.9411765,0.7716263,2
karate,0.6,eigenvector,0,0.0013528,0.3587278,0.6038419,0.6053922,0.6778043,3
karate,0.6,eigenvector,1,0.00123,0.3715483,0.6896962,0.6262255,0.7708831,3
karate,0.6,eigenvector,2,0.0010328,0.3715483,0.6896962,0.6262255,0.7708831,3
karate,0.6,eigenvector,3,0.001097,0.3715483,0.6896962,0.6262255,0.7708831,3
karate,0.6,eigenvector,4,0.001049,0.3715483,0.6896962,0.6262255,0.7708831,3
karate,0.7,eigenvector,0,0.0014565,0.3587278,0.6038419,0.6053922,0.6778043,3
karate,0.7,eigenvector,1,0.0012214,0.3587278,0.6038419,0.6053922,0.6778043,3
karate,0.7,eigenvector,2,0.0010819,0.3587278,0.6038419,0.6053922,0.6778043,3
karate,0.7,eigenvector,3,0.0010543,0.3587278,0.6038419,0.6053922,0.6778043,3
karate,0.7,eigenvector,4,0.0010712,0.3587278,0.6038419,0.6053922,0.6778043,3
karate,0.8,eigenvector,0,0.001487,0.3598784,0.7431979,0.6262626,0.7815992,3
karate,0.8,eigenvector,1,0.0011394,0.3636588,0.6226104,0.6041667,0.676893,3
karate,0.8,eigenvector,2,0.0011179,0.3636588,0.6226104,0.6041667,0.676893,3
karate,0.8,eigenvector,3,0.0011041,0.3726989,0.8314524,0.6464646,0.8818488,3
karate,0.8,eigenvector,4,0.0011175,0.3598784,0.7431979,0.6262626,0.7815992,3
karate,0.9,eigenvector,0,0.0015862,0.3889711,0.5174079,0.4084052,0.495523,4
karate,0.9,eigenvector,1,0.0011797,0.3889711,0.5174079,0.4084052,0.495523,4
karate,0.9,eigenvector,2,0.0011985,0.3889711,0.5174079,0.4084052,0.495523,4
karate,0.9,eigenvector,3,0.0011854,0.3889711,0.5174079,0.4084052,0.495523,4
karate,0.9,eigenvector,4,0.0011437,0.3889711,0.5174079,0.4084052,0.495523,4
karate,1.0,eigenvector,0,0.000366,0.4197896,0.5878497,0.3860837,0.4645911,4
karate,1.0,eigenvector,1,0.000273,0.4197896,0.5878497,0.3860837,0.4645911,4
karate,1.0,eigenvector,2,0.000402,0.4197896,0.5878497,0.3860837,0.4645911,4
karate,1.0,eigenvector,3,0.0002511,0.4197896,0.5878497,0.3860837,0.4645911,4
karate,1.0,eigenvector,4,0.0002377,0.4197896,0.5878497,0.3860837,0.4645911,4
karate,0.0,betweenness,0,0.0002518,0.3325937,0.4260298,0.5014245,0.4187867,3
karate,0.0,betweenness,1,0.000247,0.3523176,0.7323776,0.9409722,0.771725,2
karate,0.0,betweenness,2,0.0003047,0.0,0.0,0.3333333,0.0,1
karate,0.0,betweenness,3,0.0002456,0.3523176,0.7323776,0.9409722,0.771725,2
karate,0.0,betweenness,4,0.0002956,0.0,0.0,0.3333333,0.0,1
karate,0.1,betweenness,0,0.0023997,0.3717949,0.677243,0.9411765,0.7716263,2
karate,0.1,betweenness,1,0.0019343,0.3717949,0.677243,0.9411765,0.7716263,2
karate,0.1,betweenness,2,0.001687,0.3523176,0.7323776,0.9409722,0.771725,2
karate,0.1,betweenness,3,0.0019102,0.3717949,0.677243,0.9411765,0.7716263,2
karate,0.1,betweenness,4,0.0015845,0.3717949,0.677243,0.9411765,0.7716263,2
karate,0.2,betweenness,0,0.0021527,0.3175542,0.5755631,0.9116883,0.6681803,2
karate,0.2,betweenness,1,0.0016382,0.3523176,0.7323776,0.9409722,0.771725,2
karate,0.2,betweenness,2,0.0017934,0.3523176,0.7323776,0.9409722,0.771725,2
karate,0.2,betweenness,3,0.0017786,0.3523176,0.7323776,0.9409722,0.771725,2
karate,0.2,betweenness,4,0.0017219,0.3175542,0.5755631,0.9116883,0.6681803,2
karate,0.3,betweenness,0,0.0019488,0.3717949,0.677243,0.9411765,0.7716263,2
karate,0.3,betweenness,1,0.0016904,0.3717949,0.677243,0.9411765,0.7716263,2
karate,0.3,betweenness,2,0.0018339,0.3717949,0.677243,0.9411765,0.7716263,2
karate,0.3,betweenness,3,0.0016906,0.3717949,0.677243,0.9411765,0.7716263,2
karate,0.3,betweenness,4,0.002039,0.3717949,0.677243,0.9411765,0.7716263,2
karate,0.4,betweenness,0,0.0022774,0.3717949,0.677243,0.9411765,0.7716263,2
karate,0.4,betweenness,1,0.0019739,0.3717949,0.677243,0.9411765,0.7716263,2
karate,0.4,betweenness,2,0.0017605,0.3717949,0.677243,0.9411765,0.7716263,2
karate,0.4,betweenness,3,0.0017045,0.3717949,0.677243,0.9411765,0.7716263,2
karate,0.4,betweenness,4,0.0017459,0.3717949,0.677243,0.9411765,0.7716263,2
karate,0.5,betweenness,0,0.0019164,0.3717949,0.677243,0.9411765,0.7716263,2
karate,0.5,betweenness,1,0.0017745,0.3717949,0.677243,0.9411765,0.7716263,2
karate,0.5,betweenness,2,0.0017841,0.3717949,0.677243,0.9411765,0.7716263,2
karate,0.5,betweenness,3,0.0017765,0.3717949,0.677243,0.9411765,0.7716263,2
karate,0.5,betweenness,4,0.0018106,0.3717949,0.677243,0.9411765,0.7716263,2
karate,0.6,betweenness,0,0.0024526,0.3874918,0.705338,0.6028022,0.7092353,3
karate,0.6,betweenness,1,0.0020392,0.3874918,0.705338,0.6028022,0.7092353,3
karate,0.6,betweenness,2,0.0019922,0.3874918,0.705338,0.6028022,0.7092353,3
karate,0.6,betweenness,3,0.0020363,0.3874918,0.705338,0.6028022,0.7092353,3
karate,0.6,betweenness,4,0.0021584,0.3874918,0.705338,0.6028022,0.7092353,3
karate,0.7,betweenness,0,0.002425,0.3942308,0.5141324,0.5026455,0.4506024,4
karate,0.7,betweenness,1,0.0018935,0.3806706,0.586559,0.5756303,0.6118493,3
karate,0.7,betweenness,2,0.0018871,0.3942308,0.5141324,0.3964286,0.4506024,4
karate,0.7,betweenness,3,0.0018735,0.3942308,0.5141324,0.3964286,0.4506024,4
karate,0.7,betweenness,4,0.0018589,0.3942308,0.5141324,0.5026455,0.4506024,4
karate,0.8,betweenness,0,0.0022089,0.3990796,0.6912494,0.5857143,0.6841418,3
karate,0.8,betweenness,1,0.0023165,0.3990796,0.6912494,0.5857143,0.6841418,3
karate,0.8,betweenness,2,0.0018735,0.3990796,0.6912494,0.5857143,0.6841418,3
karate,0.8,betweenness,3,0.0019298,0.3990796,0.6912494,0.5857143,0.6841418,3
karate,0.8,betweenness,4,0.0020275,0.3990796,0.6912494,0.5857143,0.6841418,3
karate,0.9,betweenness,0,0.0023785,0.4151052,0.6000111,0.406106,0.5088641,4
karate,0.9,betweenness,1,0.0019851,0.4155983,0.4976792,0.3896552,0.4292907,4
karate,0.9,betweenness,2,0.0020437,0.4151052,0.6000111,0.406106,0.5088641,4
karate,0.9,betweenness,3,0.0019984,0.4151052,0.6000111,0.406106,0.5088641,4
karate,0.9,betweenness,4,0.0019453,0.4008054,0.5005092,0.3081481,0.4171146,5
karate,1.0,betweenness,0,0.0003383,0.4197896,0.5878497,0.3860837,0.4645911,4
karate,1.0,betweenness,1,0.0002642,0.4197896,0.5878497,0.3860837,0.4645911,4
karate,1.0,betweenness,2,0.0003488,0.4197896,0.5878497,0.3860837,0.4645911,4
karate,1.0,betweenness,3,0.0002494,0.4197896,0.5878497,0.3860837,0.4645911,4
karate,1.0,betweenness,4,0.000272,0.4197896,0.5878497,0.3860837,0.4645911,4
karate,0.0,closeness,0,0.0002508,0.3325937,0.4260298,0.5014245,0.4187867,3
karate,0.0,closeness,1,0.0002446,0.3523176,0.7323776,0.9409722,0.771725,2
karate,0.0,closeness,2,0.0002465,0.0,0.0,0.3333333,0.0,1
karate,0.0,closeness,3,0.0002453,0.3523176,0.7323776,0.9409722,0.771725,2
karate,0.0,closeness,4,0.0004268,0.0,0.0,0.3333333,0.0,1
karate,0.1,closeness,0,0.0013511,-0.0237508,0.0504515,0.3955556,0.0,2
karate,0.1,closeness,1,0.0006299,0.1157955,0.2639164,0.6780303,0.1310212,3
karate,0.1,closeness,2,0.0010562,0.1157955,0.2639164,0.6780303,0.1310212,3
karate,0.1,closeness,3,0.0007586,-0.0237508,0.0504515,0.3955556,0.0,2
karate,0.1,closeness,4,0.0007627,-0.0237508,0.0504515,0.3955556,0.0,2
karate,0.2,closeness,0,0.0010562,0.1710224,0.3226181,0.7509158,0.1975468,3
karate,0.2,closeness,1,0.0007055,0.2898586,0.5476099,0.545584,0.5111111,4
karate,0.2,closeness,2,0.0006909,0.2898586,0.5476099,0.545584,0.5111111,4
karate,0.2,closeness,3,0.0006967,0.1710224,0.3226181,0.7509158,0.1975468,3
karate,0.2,closeness,4,0.0006747,0.2898586,0.5476099,0.545584,0.5111111,4
karate,0.3,closeness,0,0.0009744,0.3717949,0.677243,0.9411765,0.7716263,2
karate,0.3,closeness,1,0.0008388,0.3717949,0.677243,0.9411765,0.7716263,2
karate,0.3,closeness,2,0.0008998,0.3717949,0.677243,0.9411765,0.7716263,2
karate,0.3,closeness,3,0.0007722,0.3717949,0.677243,0.9411765,0.7716263,2
karate,0.3,closeness,4,0.0007644,0.3717949,0.677243,0.9411765,0.7716263,2
karate,0.4,closeness,0,0.0010459,0.3717949,0.677243,0.9411765,0.7716263,2
karate,0.4,closeness,1,0.0008476,0.3717949,0.677243,0.9411765,0.7716263,2
karate,0.4,closeness,2,0.0010138,0.3717949,0.677243,0.9411765,0.7716263,2
karate,0.4,closeness,3,0.0007942,0.3717949,0.677243,0.9411765,0.7716263,2
karate,0.4,closeness,4,0.0009356,0.3717949,0.677243,0.9411765,0.7716263,2
karate,0.5,closeness,0,0.0011747,0.3714661,0.8371695,0.9705628,0.8822575,2
karate,0.5,closeness,1,0.000859,0.3714661,0.8371695,0.9705628,0.8822575,2
karate,0.5,closeness,2,0.0008934,0.3714661,0.8371695,0.9705628,0.8822575,2
karate,0.5,closeness,3,0.0008667,0.3714661,0.8371695,0.9705628,0.8822575,2
karate,0.5,closeness,4,0.000844,0.3714661,0.8371695,0.9705628,0.8822575,2
karate,0.6,closeness,0,0.0012667,0.3806706,0.586559,0.8178571,0.6118493,3
karate,0.6,closeness,1,0.0008864,0.3806706,0.586559,0.8178571,0.6118493,3
karate,0.6,closeness,2,0.0008945,0.3806706,0.586559,0.8178571,0.6118493,3
karate,0.6,closeness,3,0.000999,0.3806706,0.586559,0.8178571,0.6118493,3
karate,0.6,closeness,4,0.0008819,0.3806706,0.586559,0.8178571,0.6118493,3
karate,0.7,closeness,0,0.001487,0.3990796,0.6912494,0.5857143,0.6841418,3
karate,0.7,closeness,1,0.0009093,0.3806706,0.586559,0.5756303,0.6118493,3
karate,0.7,closeness,2,0.0009279,0.3990796,0.6912494,0.5857143,0.6841418,3
karate,0.7,closeness,3,0.000895,0.3806706,0.586559,0.5756303,0.6118493,3
karate,0.7,closeness,4,0.000901,0.3806706,0.586559,0.5756303,0.6118493,3
karate,0.8,closeness,0,0.0012631,0.4020381,0.5683801,0.5665991,0.5905529,3
karate,0.8,closeness,1,0.0010121,0.4020381,0.5683801,0.5665991,0.5905529,3
karate,0.8,closeness,2,0.0009961,0.4020381,0.5683801,0.5665991,0.5905529,3
karate,0.8,closeness,3,0.000998,0.4020381,0.5683801,0.5665991,0.5905529,3
karate,0.8,closeness,4,0.0010717,0.3872452,0.5418779,0.3973064,0.4592528,4
karate,0.9,closeness,0,0.0014036,0.4197896,0.5878497,0.3860837,0.4645911,4
karate,0.9,closeness,1,0.0010111,0.4197896,0.5878497,0.3860837,0.4645911,4
karate,0.9,closeness,2,0.0009966,0.4062295,0.4903276,0.2910053,0.3725684,5
karate,0.9,closeness,3,0.0013902,0.4174063,0.592527,0.3964286,0.4830759,4
karate,0.9,closeness,4,0.0010083,0.4174063,0.592527,0.3964286,0.4830759,4
karate,1.0,closeness,0,0.0002668,0.4197896,0.5878497,0.3860837,0.4645911,4
karate,1.0,closeness,1,0.0002668,0.4197896,0.5878497,0.3860837,0.4645911,4
karate,1.0,closeness,2,0.0002744,0.4197896,0.5878497,0.3860837,0.4645911,4
karate,1.0,closeness,3,0.0003166,0.4197896,0.5878497,0.3860837,0.4645911,4
karate,1.0,closeness,4,0.0002344,0.4197896,0.5878497,0.3860837,0.4645911,4
cora,0.0,pagerank,0,0.0438194,0.701163,0.4185902,0.0148768,0.1664858,180
cora,0.0,pagerank,1,0.0352569,0.7115892,0.4137695,0.0156791,0.1702252,172
cora,0.0,pagerank,2,0.0389798,0.7121693,0.4186471,0.0170014,0.1749948,168
cora,0.0,pagerank,3,0.0326838,0.7030746,0.4151847,0.0148066,0.1768731,174
cora,0.0,pagerank,4,0.0388663,0.7090526,0.4183434,0.0173339,0.1830918,169
cora,0.1,pagerank,0,0.0353198,0.6991826,0.4099537,0.0229785,0.2169639,140
cora,0.1,pagerank,1,0.0345004,0.7016241,0.4072629,0.0237606,0.2176544,133
cora,0.1,pagerank,2,0.0304809,0.7076947,0.4172323,0.0263784,0.2291495,130
cora,0.1,pagerank,3,0.0378861,0.6998194,0.4112877,0.0236564,0.2176845,139
cora,0.1,pagerank,4,0.037796,0.7002647,0.4150094,0.0222665,0.2206518,147
cora,0.2,pagerank,0,0.0373719,0.7602642,0.4349541,0.0427709,0.2598996,79
cora,0.2,pagerank,1,0.036556,0.7567348,0.4405455,0.0452756,0.2661599,79
cora,0.2,pagerank,2,0.0363927,0.7530229,0.4350268,0.0447089,0.2600294,80
cora,0.2,pagerank,3,0.0419939,0.7587337,0.442525,0.0481165,0.2705317,77
cora,0.2,pagerank,4,0.0358222,0.7584212,0.439802,0.0482726,0.2678111,77
cora,0.3,pagerank,0,0.0419128,0.7780257,0.4395914,0.066993,0.2634696,56
cora,0.3,pagerank,1,0.0399334,0.7838508,0.4411265,0.0741448,0.2749913,52
cora,0.3,pagerank,2,0.0399375,0.7793987,0.4402129,0.0634049,0.2543868,59
cora,0.3,pagerank,3,0.0395145,0.7770362,0.450042,0.0696988,0.2746258,55
cora,0.3,pagerank,4,0.040611,0.7781706,0.4358632,0.07039,0.2633732,55
cora,0.4,pagerank,0,0.0465829,0.785029,0.429,0.0786763,0.2604583,48
cora,0.4,pagerank,1,0.0876868,0.7829415,0.4309054,0.0755185,0.2553034,51
cora,0.4,pagerank,2,0.0468047,0.7874255,0.4391851,0.0821173,0.2828112,48
cora,0.4,pagerank,3,0.045938,0.7873022,0.4447946,0.0744572,0.2921889,49
cora,0.4,pagerank,4,0.0469863,0.7858074,0.4391692,0.0750731,0.2893082,49
cora,0.5,pagerank,0,0.0524971,0.7949851,0.4521755,0.0871585,0.2825248,44
cora,0.5,pagerank,1,0.0525377,0.7924771,0.445259,0.0843493,0.2785533,44
cora,0.5,pagerank,2,0.0529916,0.7941383,0.4552476,0.0914085,0.2920703,44
cora,0.5,pagerank,3,0.0523655,0.7920955,0.448602,0.0866381,0.28063,44
cora,0.5,pagerank,4,0.0521441,0.7929444,0.457002,0.0873986,0.2874079,47
cora,0.6,pagerank,0,0.0588043,0.7990007,0.4734721,0.1220506,0.3113064,35
cora,0.6,pagerank,1,0.0570259,0.8022402,0.4772419,0.1226583,0.3103743,31
cora,0.6,pagerank,2,0.0575483,0.8028343,0.4830689,0.1404694,0.3209142,31
cora,0.6,pagerank,3,0.0563893,0.80153,0.4696273,0.1141749,0.304133,34
cora,0.6,pagerank,4,0.0587695,0.8023824,0.4747308,0.1167262,0.3073507,32
cora,0.7,pagerank,0,0.0645516,0.805979,0.4726418,0.1494816,0.311823,29
cora,0.7,pagerank,1,0.0631173,0.8066259,0.4825959,0.1328678,0.3177268,30
cora,0.7,pagerank,2,0.0634108,0.8064214,0.4824405,0.1330154,0.3143917,30
cora,0.7,pagerank,3,0.0637414,0.8078265,0.4752059,0.1442593,0.3091159,28
cora,0.7,pagerank,4,0.0627942,0.8047309,0.4707098,0.1292724,0.2915788,31
cora,0.8,pagerank,0,0.0675981,0.8093477,0.4704633,0.1317358,0.2887919,30
cora,0.8,pagerank,1,0.0669975,0.8109466,0.4750949,0.1459777,0.2641415,26
cora,0.8,pagerank,2,0.0716581,0.8112354,0.4842111,0.1450295,0.299975,28
cora,0.8,pagerank,3,0.0723181,0.810682,0.4765522,0.1614163,0.3132326,26
cora,0.8,pagerank,4,0.1234109,0.8098127,0.4776055,0.14516,0.3006773,28
cora,0.9,pagerank,0,0.07406,0.8130652,0.4616879,0.1450478,0.268067,27
cora,0.9,pagerank,1,0.0743506,0.8117872,0.4750494,0.1426902,0.2660444,28
cora,0.9,pagerank,2,0.0724027,0.81218,0.4731017,0.1514307,0.2601334,26
cora,0.9,pagerank,3,0.07391,0.811689,0.471694,0.1270038,0.2876157,32
cora,0.9,pagerank,4,0.0724113,0.8133849,0.475546,0.133305,0.275715,30
cora,1.0,pagerank,0,0.0175021,0.8129667,0.4795868,0.1345536,0.3016503,29
cora,1.0,pagerank,1,0.0172262,0.8132368,0.4607939,0.1474342,0.2912724,27
cora,1.0,pagerank,2,0.0165377,0.8113111,0.4720069,0.1399378,0.2650736,30
cora,1.0,pagerank,3,0.0162272,0.8124121,0.4726905,0.1267435,0.2971835,32
cora,1.0,pagerank,4,0.0162027,0.8106489,0.4863572,0.1235723,0.3097074,33
cora,0.0,degree,0,0.0446265,0.701163,0.4185902,0.0148768,0.1664858,180
cora,0.0,degree,1,0.0344439,0.7115892,0.4137695,0.0156791,0.1702252,172
cora,0.0,degree,2,0.0386436,0.7121693,0.4186471,0.0170014,0.1749948,168
cora,0.0,degree,3,0.0308623,0.7030746,0.4151847,0.0148066,0.1768731,174
cora,0.0,degree,4,0.0402586,0.7090526,0.4183434,0.0173339,0.1830918,169
cora,0.1,degree,0,0.0312548,0.7145575,0.4194717,0.0266311,0.242661,133
cora,0.1,degree,1,0.03089,0.7162906,0.4176751,0.0257346,0.2354816,136
cora,0.1,degree,2,0.0297952,0.7092421,0.4079341,0.02293,0.205516,142
cora,0.1,degree,3,0.0298932,0.7102115,0.4080297,0.0255738,0.2192743,136
cora,0.1,degree,4,0.0298069,0.7170148,0.4162514,0.0282933,0.2408157,127
cora,0.2,degree,0,0.0401199,0.7644706,0.4564788,0.0549579,0.2965938,71
cora,0.2,degree,1,0.0325642,0.7597078,0.4446714,0.0486121,0.2688104,80
cora,0.2,degree,2,0.0326591,0.7597537,0.4548768,0.0479504,0.2789689,80
cora,0.2,degree,3,0.0363264,0.7605565,0.4513017,0.0491621,0.276558,79
cora,0.2,degree,4,0.0387433,0.7618032,0.4473697,0.0462733,0.2705317,83
cora,0.3,degree,0,0.0354815,0.7765528,0.4367786,0.0587215,0.2525019,64
cora,0.3,degree,1,0.0387645,0.7771951,0.4414443,0.0594138,0.2555061,66
cora,0.3,degree,2,0.0387821,0.7746541,0.4265622,0.0541324,0.2379121,68
cora,0.3,degree,3,0.0382349,0.7763749,0.4266163,0.0600956,0.2432448,61
cora,0.3,degree,4,0.0388305,0.7773498,0.4281093,0.063406,0.2573863,58
cora,0.4,degree,0,0.0453839,0.7860891,0.43829,0.0609991,0.268279,58
cora,0.4,degree,1,0.0462077,0.7862079,0.4412279,0.0578477,0.2664144,61
cora,0.4,degree,2,0.0441551,0.7812462,0.452506,0.0737372,0.2879809,55
cora,0.4,degree,3,0.0449667,0.781844,0.4305095,0.0583371,0.2418027,57
cora,0.4,degree,4,0.0456047,0.7854866,0.4366347,0.0638331,0.2535868,58
cora,0.5,degree,0,0.0542214,0.7911321,0.4294135,0.0763741,0.2225313,45
cora,0.5,degree,1,0.0494189,0.7904544,0.4379326,0.0797937,0.244433,46
cora,0.5,degree,2,0.0497108,0.7906207,0.4250364,0.0802018,0.2170293,46
cora,0.5,degree,3,0.0486348,0.7929961,0.4366246,0.0734778,0.2660174,49
cora,0.5,degree,4,0.0481799,0.7908693,0.4220079,0.0715881,0.211964,46
cora,0.6,degree,0,0.053221,0.8021162,0.4570731,0.0998468,0.2947444,41
cora,0.6,degree,1,0.0546103,0.8013135,0.4562575,0.0975323,0.2810376,41
cora,0.6,degree,2,0.0607738,0.8020525,0.4578283,0.0889348,0.2810993,41
cora,0.6,degree,3,0.0564108,0.8001175,0.4594939,0.0918675,0.2880958,42
cora,0.6,degree,4,0.0549192,0.8018979,0.4643541,0.1000504,0.2993121,40
cora,0.7,degree,0,0.0582218,0.8048584,0.4757126,0.1149238,0.312421,35
cora,0.7,degree,1,0.0595758,0.8063484,0.4784547,0.1008177,0.3056639,38
cora,0.7,degree,2,0.0587647,0.8065227,0.4712285,0.1187259,0.3060515,35
cora,0.7,degree,3,0.0582917,0.8060457,0.4612863,0.1198792,0.2472628,35
cora,0.7,degree,4,0.058924,0.8058031,0.4606842,0.1077997,0.2753742,38
cora,0.8,degree,0,0.0645075,0.8081687,0.4774159,0.1234004,0.3139467,34
cora,0.8,degree,1,0.124289,0.8091713,0.4665359,0.1278986,0.3025021,33
cora,0.8,degree,2,0.0628502,0.8100061,0.4640654,0.1186035,0.3000525,33
cora,0.8,degree,3,0.0621431,0.8110192,0.4797808,0.1238822,0.306257,33
cora,0.8,degree,4,0.0639758,0.8104412,0.4752057,0.1173941,0.277635,34
cora,0.9,degree,0,0.0663381,0.8130259,0.468617,0.1403076,0.2720312,28
cora,0.9,degree,1,0.0670159,0.8109171,0.4722641,0.1643639,0.3131667,26
cora,0.9,degree,2,0.0675998,0.8105422,0.47674,0.1514199,0.3182772,27
cora,0.9,degree,3,0.0677147,0.811967,0.4736713,0.1397985,0.2734163,29
cora,0.9,degree,4,0.0682034,0.8118523,0.4849374,0.1641733,0.3236476,26
cora,1.0,degree,0,0.0177138,0.8129667,0.4795868,0.1345536,0.3016503,29
cora,1.0,degree,1,0.0175848,0.8132368,0.4607939,0.1474342,0.2912724,27
cora,1.0,degree,2,0.0173159,0.8113111,0.4720069,0.1399378,0.2650736,30
cora,1.0,degree,3,0.0163145,0.8124121,0.4726905,0.1267435,0.2971835,32
cora,1.0,degree,4,0.0164268,0.8106489,0.4863572,0.1235723,0.3097074,33
cora,0.0,eigenvector,0,0.0448751,0.701163,0.4185902,0.0148768,0.1664858,180
cora,0.0,eigenvector,1,0.0348473,0.7115892,0.4137695,0.0156791,0.1702252,172
cora,0.0,eigenvector,2,0.0383997,0.7121693,0.4186471,0.0170014,0.1749948,168
cora,0.0,eigenvector,3,0.030515,0.7030746,0.4151847,0.0148066,0.1768731,174
cora,0.0,eigenvector,4,0.0385709,0.7090526,0.4183434,0.0173339,0.1830918,169
cora,0.1,eigenvector,0,0.1101584,0.6734655,0.3746609,0.0106131,0.0635,165
cora,0.1,eigenvector,1,0.0982022,0.682695,0.3887742,0.0093604,0.0691179,171
cora,0.1,eigenvector,2,0.1015556,0.6802042,0.3865256,0.0119715,0.076431,171
cora,0.1,eigenvector,3,0.0942979,0.6695814,0.3795715,0.0100115,0.0626316,167
cora,0.1,eigenvector,4,0.1009648,0.6771914,0.3820794,0.0108414,0.0722395,168
cora,0.2,eigenvector,0,0.1025105,0.7107762,0.3887904,0.0154482,0.1101031,153
cora,0.2,eigenvector,1,0.1081874,0.7080388,0.3993889,0.0178099,0.1287299,141
cora,0.2,eigenvector,2,0.1064863,0.710574,0.3867431,0.016759,0.1135441,152
cora,0.2,eigenvector,3,0.1079595,0.7131792,0.4030441,0.0172645,0.1251462,148
cora,0.2,eigenvector,4,0.1062207,0.6949072,0.3726169,0.0140257,0.0684034,142
cora,0.3,eigenvector,0,0.1094954,0.7344724,0.4067149,0.0289128,0.1873187,109
cora,0.3,eigenvector,1,0.112246,0.7237521,0.4034577,0.0239585,0.1902968,128
cora,0.3,eigenvector,2,0.1161358,0.7306217,0.4098643,0.0280779,0.2027452,113
cora,0.3,eigenvector,3,0.1118109,0.7225516,0.4157409,0.0256087,0.1949544,124
cora,0.3,eigenvector,4,0.1103716,0.7264067,0.4151682,0.0275528,0.2051052,113
cora,0.4,eigenvector,0,0.115932,0.7390965,0.408961,0.0291358,0.1819714,95
cora,0.4,eigenvector,1,0.1139748,0.7345461,0.3932552,0.0304749,0.1761661,99
cora,0.4,eigenvector,2,0.1128633,0.7340577,0.3956629,0.026873,0.1702643,97
cora,0.4,eigenvector,3,0.1131628,0.7384681,0.4037632,0.0321882,0.2005738,95
cora,0.4,eigenvector,4,0.1140084,0.7426444,0.4082467,0.0288149,0.1775801,106
cora,0.5,eigenvector,0,0.115854,0.7506462,0.4284354,0.0385357,0.1975873,83
cora,0.5,eigenvector,1,0.1199398,0.756562,0.4266854,0.0480787,0.1945965,69
cora,0.5,eigenvector,2,0.1171799,0.7544685,0.4316233,0.0462972,0.1947238,77
cora,0.5,eigenvector,3,0.1145184,0.7551264,0.4120502,0.0401886,0.2003334,79
cora,0.5,eigenvector,4,0.1180971,0.753072,0.4228399,0.0454136,0.196611,78
cora,0.6,eigenvector,0,0.1236839,0.770661,0.4343045,0.0604186,0.2112501,63
cora,0.6,eigenvector,1,0.1217411,0.7701389,0.4266247,0.0586629,0.2012658,65
cora,0.6,eigenvector,2,0.118793,0.7661661,0.4235032,0.0498485,0.2167895,67
cora,0.6,eigenvector,3,0.1174726,0.7634817,0.4261822,0.0504135,0.2077153,66
cora,0.6,eigenvector,4,0.1258621,0.7644435,0.417854,0.0606145,0.2127064,64
cora,0.7,eigenvector,0,0.1256313,0.7824835,0.4359039,0.0704867,0.2168779,55
cora,0.7,eigenvector,1,0.1252797,0.7813195,0.4421993,0.0626961,0.2381237,59
cora,0.7,eigenvector,2,0.1213167,0.7814656,0.4510004,0.0648208,0.2417803,58
cora,0.7,eigenvector,3,0.1257439,0.7847275,0.4525153,0.070372,0.2462805,59
cora,0.7,eigenvector,4,0.1319323,0.7817638,0.4384586,0.0870332,0.2293671,47
cora,0.8,eigenvector,0,0.13115,0.802897,0.445634,0.0820583,0.2321042,45
cora,0.8,eigenvector,1,0.1307907,0.8014039,0.4398102,0.0859225,0.2248518,42
cora,0.8,eigenvector,2,0.1287191,0.8003993,0.4337529,0.0728842,0.2211409,49
cora,0.8,eigenvector,3,0.1291461,0.8027029,0.4471325,0.0891579,0.235348,44
cora,0.8,eigenvector,4,0.1309407,0.8035484,0.4533523,0.0871174,0.2294288,41
cora,0.9,eigenvector,0,0.1361918,0.8060279,0.4622552,0.0832292,0.2781699,46
cora,0.9,eigenvector,1,0.1345444,0.8069194,0.4560548,0.1014177,0.2823714,38
cora,0.9,eigenvector,2,0.1335742,0.8052822,0.4597632,0.095629,0.2558446,40
cora,0.9,eigenvector,3,0.1322625,0.8064666,0.4552982,0.0815318,0.2605945,47
cora,0.9,eigenvector,4,0.1348219,0.8058246,0.4499876,0.0906688,0.2616669,42
cora,1.0,eigenvector,0,0.0175936,0.8129667,0.4795868,0.1345536,0.3016503,29
cora,1.0,eigenvector,1,0.016561,0.8132368,0.4607939,0.1474342,0.2912724,27
cora,1.0,eigenvector,2,0.0163777,0.8113111,0.4720069,0.1399378,0.2650736,30
cora,1.0,eigenvector,3,0.0162294,0.8124121,0.4726905,0.1267435,0.2971835,32
cora,1.0,eigenvector,4,0.0161178,0.8106489,0.4863572,0.1235723,0.3097074,33
cora,0.0,betweenness,0,0.0441945,0.701163,0.4185902,0.0148768,0.1664858,180
cora,0.0,betweenness,1,0.0345666,0.7115892,0.4137695,0.0156791,0.1702252,172
cora,0.0,betweenness,2,0.0387843,0.7121693,0.4186471,0.0170014,0.1749948,168
cora,0.0,betweenness,3,0.0300829,0.7030746,0.4151847,0.0148066,0.1768731,174
cora,0.0,betweenness,4,0.0393033,0.7090526,0.4183434,0.0173339,0.1830918,169
cora,0.1,betweenness,0,8.2938225,0.7045081,0.3648072,0.0268912,0.1902514,106
cora,0.1,betweenness,1,8.3387947,0.7147676,0.3927295,0.0288385,0.2173171,102
cora,0.1,betweenness,2,8.2642505,0.712174,0.370242,0.0339082,0.1994142,88
cora,0.1,betweenness,3,8.2099388,0.7131387,0.3863825,0.0275315,0.2163403,108
cora,0.1,betweenness,4,8.2720723,0.712202,0.3818258,0.0310662,0.2232497,96
cora,0.2,betweenness,0,8.2786024,0.7429201,0.401993,0.0692119,0.2790059,51
cora,0.2,betweenness,1,8.3903053,0.7548388,0.4200026,0.082142,0.2963023,44
cora,0.2,betweenness,2,8.4312406,0.7501878,0.4123018,0.0775879,0.2853701,47
cora,0.2,betweenness,3,8.4255486,0.7498285,0.4138635,0.070791,0.2787514,50
cora,0.2,betweenness,4,8.3122463,0.7539578,0.4060004,0.0779898,0.2807852,47
cora,0.3,betweenness,0,8.2300346,0.7618077,0.4458595,0.1279109,0.324574,32
cora,0.3,betweenness,1,8.2529414,0.764355,0.4215705,0.1156166,0.2983882,33
cora,0.3,betweenness,2,8.2465978,0.7642368,0.4298375,0.1143346,0.3101391,37
cora,0.3,betweenness,3,8.241272,0.7662271,0.4433452,0.1413329,0.3394604,29
cora,0.3,betweenness,4,8.241586,0.7666215,0.4266722,0.1435005,0.319169,30
cora,0.4,betweenness,0,8.2884505,0.7743042,0.4348193,0.1679043,0.3083101,24
cora,0.4,betweenness,1,8.2339478,0.7728906,0.4486064,0.1472579,0.3139096,27
cora,0.4,betweenness,2,8.254518,0.7734336,0.4461376,0.1642737,0.3268997,26
cora,0.4,betweenness,3,8.2473822,0.7744048,0.4347981,0.1520013,0.2979681,27
cora,0.4,betweenness,4,8.2682889,0.7724964,0.4374991,0.1512585,0.3020906,25
cora,0.5,betweenness,0,8.2813368,0.7912275,0.4648123,0.2159905,0.3250356,21
cora,0.5,betweenness,1,8.2292674,0.7866895,0.4616813,0.1828668,0.3151193,23
cora,0.5,betweenness,2,8.2609134,0.7874074,0.4513293,0.1735561,0.3030591,24
cora,0.5,betweenness,3,8.2331855,0.7853829,0.459016,0.1715807,0.3230532,25
cora,0.5,betweenness,4,8.2659349,0.7893874,0.4508921,0.1972498,0.3184904,21
cora,0.6,betweenness,0,8.2519872,0.8018141,0.4756061,0.2107699,0.3317081,21
cora,0.6,betweenness,1,8.2783349,0.7993262,0.4891033,0.2065599,0.3417954,22
cora,0.6,betweenness,2,8.2721348,0.80039,0.4826249,0.2081346,0.334238,21
cora,0.6,betweenness,3,8.2706621,0.8005857,0.4706081,0.2132432,0.3211536,20
cora,0.6,betweenness,4,8.2566071,0.7980211,0.4789176,0.2367715,0.3316714,19
cora,0.7,betweenness,0,8.332777,0.8101202,0.4949271,0.186602,0.3263088,23
cora,0.7,betweenness,1,8.3351619,0.8088378,0.4956606,0.2179988,0.343989,20
cora,0.7,betweenness,2,8.2700765,0.8103564,0.4850015,0.1958321,0.3196586,22
cora,0.7,betweenness,3,8.2449081,0.8084949,0.4893413,0.1902584,0.3371102,23
cora,0.7,betweenness,4,8.2860575,0.8088693,0.4777327,0.1835105,0.3233645,23
cora,0.8,betweenness,0,8.28269,0.8109122,0.4733313,0.1467617,0.289939,26
cora,0.8,betweenness,1,8.3915961,0.8103743,0.4792074,0.1873634,0.3097198,23
cora,0.8,betweenness,2,8.740521,0.810946,0.4902929,0.1941371,0.3273333,23
cora,0.8,betweenness,3,8.3003922,0.8100715,0.4912148,0.1589647,0.3273081,26
cora,0.8,betweenness,4,8.2561295,0.8099013,0.4918148,0.1995116,0.3331539,22
cora,0.9,betweenness,0,8.3444588,0.8104094,0.4786337,0.1504524,0.3160632,27
cora,0.9,betweenness,1,8.3381147,0.8114204,0.4788335,0.1746708,0.3152013,23
cora,0.9,betweenness,2,8.2686863,0.8115691,0.47931,0.1624222,0.2913951,27
cora,0.9,betweenness,3,8.3162055,0.8116325,0.4769895,0.1554615,0.2782185,28
cora,0.9,betweenness,4,8.4048491,0.8120671,0.481754,0.158784,0.3178344,27
cora,1.0,betweenness,0,0.0178533,0.8129667,0.4795868,0.1345536,0.3016503,29
cora,1.0,betweenness,1,0.0174925,0.8132368,0.4607939,0.1474342,0.2912724,27
cora,1.0,betweenness,2,0.0184195,0.8113111,0.4720069,0.1399378,0.2650736,30
cora,1.0,betweenness,3,0.0167587,0.8124121,0.4726905,0.1267435,0.2971835,32
cora,1.0,betweenness,4,0.0167205,0.8106489,0.4863572,0.1235723,0.3097074,33
cora,0.0,closeness,0,0.0483539,0.701163,0.4185902,0.0148768,0.1664858,180
cora,0.0,closeness,1,0.0345886,0.7115892,0.4137695,0.0156791,0.1702252,172
cora,0.0,closeness,2,0.0396917,0.7121693,0.4186471,0.0170014,0.1749948,168
cora,0.0,closeness,3,0.0303102,0.7030746,0.4151847,0.0148066,0.1768731,174
cora,0.0,closeness,4,0.0396087,0.7090526,0.4183434,0.0173339,0.1830918,169
cora,0.1,closeness,0,1.8553679,0.726785,0.4217699,0.0239887,0.2285794,127
cora,0.1,closeness,1,1.8523104,0.7076656,0.4102004,0.0193207,0.2211605,143
cora,0.1,closeness,2,1.8626456,0.7097648,0.4205117,0.0210009,0.2529473,146
cora,0.1,closeness,3,1.8464768,0.7190549,0.4165407,0.0246688,0.247764,124
cora,0.1,closeness,4,1.839051,0.7097197,0.4094758,0.0224765,0.2092445,131
cora,0.2,closeness,0,1.8646541,0.724215,0.3905714,0.0248211,0.210414,116
cora,0.2,closeness,1,1.8533061,0.7294826,0.398498,0.0282257,0.1991549,99
cora,0.2,closeness,2,1.8575013,0.7251673,0.3872491,0.023855,0.1911256,116
cora,0.2,closeness,3,1.9392536,0.7199264,0.398227,0.024226,0.2088674,113
cora,0.2,closeness,4,1.8550169,0.7252347,0.3841444,0.026031,0.1818928,105
cora,0.3,closeness,0,1.8673043,0.7318181,0.380595,0.0346452,0.2120866,88
cora,0.3,closeness,1,1.8525743,0.7421039,0.4031275,0.0291001,0.2279713,95
cora,0.3,closeness,2,1.8448157,0.7392395,0.3945248,0.0347623,0.2182165,88
cora,0.3,closeness,3,1.8734901,0.7411754,0.3897558,0.0404677,0.2234903,80
cora,0.3,closeness,4,1.8584545,0.7380455,0.4015756,0.0321674,0.2232823,89
cora,0.4,closeness,0,1.8714435,0.7503896,0.4002268,0.0397649,0.2308339,73
cora,0.4,closeness,1,1.8811319,0.7580593,0.4288639,0.0434384,0.2627182,81
cora,0.4,closeness,2,1.8742399,0.7609995,0.4411865,0.046937,0.2580883,79
cora,0.4,closeness,3,1.8582668,0.7499294,0.4175752,0.0424689,0.2174858,81
cora,0.4,closeness,4,1.867295,0.7517756,0.412352,0.0424189,0.2495941,84
cora,0.5,closeness,0,1.8735008,0.7653784,0.4304625,0.0547924,0.2350796,67
cora,0.5,closeness,1,1.8823695,0.760673,0.4230226,0.0468384,0.2182027,70
cora,0.5,closeness,2,1.9125791,0.7671367,0.4341113,0.055942,0.2462419,66
cora,0.5,closeness,3,1.8808193,0.7642829,0.425054,0.0521231,0.2184289,68
cora,0.5,closeness,4,1.8722985,0.7646677,0.4279039,0.062245,0.2474013,65
cora,0.6,closeness,0,1.8881943,0.7719053,0.4308368,0.057371,0.2341968,63
cora,0.6,closeness,1,1.8793607,0.778387,0.4376607,0.0620389,0.225795,61
cora,0.6,closeness,2,1.8732212,0.7787211,0.4423221,0.0694972,0.2441709,59
cora,0.6,closeness,3,1.8837457,0.7768999,0.4335258,0.0642741,0.2348956,61
cora,0.6,closeness,4,1.8737473,0.7738118,0.4383183,0.0547111,0.2304094,63
cora,0.7,closeness,0,1.8820124,0.7860188,0.4418963,0.0765021,0.2375735,51
cora,0.7,closeness,1,1.8875203,0.7910865,0.4495545,0.0727256,0.2422411,50
cora,0.7,closeness,2,2.1063538,0.790159,0.4377789,0.073557,0.2318858,49
cora,0.7,closeness,3,1.9135034,0.7892049,0.4334582,0.0807903,0.2302443,47
cora,0.7,closeness,4,1.8923161,0.7887015,0.4269754,0.0591265,0.213848,57
cora,0.8,closeness,0,1.8856833,0.7997852,0.4535416,0.0851077,0.2463002,43
cora,0.8,closeness,1,1.9686508,0.8026366,0.4481258,0.0757599,0.2517122,49
cora,0.8,closeness,2,1.8808205,0.7999405,0.4498037,0.0881977,0.2539705,44
cora,0.8,closeness,3,1.8829694,0.8014346,0.4446858,0.0839765,0.2238786,44
cora,0.8,closeness,4,1.8759253,0.8009089,0.4575576,0.0803957,0.2856176,45
cora,0.9,closeness,0,1.8958027,0.8088305,0.4717263,0.1319989,0.2819291,34
cora,0.9,closeness,1,1.8916142,0.8071723,0.4688934,0.107215,0.2527508,38
cora,0.9,closeness,2,1.8891375,0.806243,0.4751789,0.1095224,0.3107472,38
cora,0.9,closeness,3,1.8866439,0.8069308,0.4603284,0.0966962,0.2403383,42
cora,0.9,closeness,4,1.8820949,0.8054517,0.4620418,0.0872418,0.2640275,46
cora,1.0,closeness,0,0.0195239,0.8129667,0.4795868,0.1345536,0.3016503,29
cora,1.0,closeness,1,0.0172629,0.8132368,0.4607939,0.1474342,0.2912724,27
cora,1.0,closeness,2,0.0163786,0.8113111,0.4720069,0.1399378,0.2650736,30
cora,1.0,closeness,3,0.0165722,0.8124121,0.4726905,0.1267435,0.2971835,32
cora,1.0,closeness,4,0.0166223,0.8106489,0.4863572,0.1235723,0.3097074,33
citeseer,0.0,pagerank,0,0.030452,0.732632,0.3381998,0.0039989,0.0471171,267
citeseer,0.0,pagerank,1,0.0322146,0.7264984,0.3392277,0.0038531,0.0547423,287
citeseer,0.0,pagerank,2,0.0363245,0.7428421,0.3390999,0.0041947,0.0598341,268
citeseer,0.0,pagerank,3,0.0284779,0.7469887,0.34027,0.0042995,0.0580148,268
citeseer,0.0,pagerank,4,0.0254922,0.7324534,0.3399475,0.0035236,0.0469813,277
citeseer,0.1,pagerank,0,0.0319564,0.744622,0.3431066,0.0054522,0.0891924,249
citeseer,0.1,pagerank,1,0.029582,0.7361932,0.3418365,0.0057722,0.0780955,243
citeseer,0.1,pagerank,2,0.0286369,0.7305893,0.3408173,0.0055243,0.0777597,247
citeseer,0.1,pagerank,3,0.0310502,0.734644,0.3409615,0.0057086,0.0788114,243
citeseer,0.1,pagerank,4,0.0349088,0.7444164,0.3439101,0.005326,0.0914658,250
citeseer,0.2,pagerank,0,0.0384705,0.7683318,0.3381822,0.0068698,0.0904874,215
citeseer,0.2,pagerank,1,0.0330439,0.7706401,0.3366527,0.0068759,0.0920065,214
citeseer,0.2,pagerank,2,0.0294335,0.7696277,0.3378077,0.0068384,0.093098,215
citeseer,0.2,pagerank,3,0.0345089,0.7713492,0.3342627,0.0068025,0.0912105,214
citeseer,0.2,pagerank,4,0.0352943,0.7689813,0.3391456,0.0069342,0.0917443,217
citeseer,0.3,pagerank,0,0.0337288,0.7942971,0.3413856,0.0098459,0.1124599,175
citeseer,0.3,pagerank,1,0.0348737,0.7961868,0.3505502,0.0107616,0.1198848,176
citeseer,0.3,pagerank,2,0.0345418,0.7948192,0.3463363,0.0101247,0.1153781,175
citeseer,0.3,pagerank,3,0.0340919,0.7953589,0.3485366,0.0104749,0.1197205,174
citeseer,0.3,pagerank,4,0.0319653,0.7963462,0.356217,0.0114249,0.1259285,177
citeseer,0.4,pagerank,0,0.0401297,0.8085551,0.3540697,0.0142855,0.1480507,140
citeseer,0.4,pagerank,1,0.035749,0.8057127,0.3496501,0.0135299,0.1352523,142
citeseer,0.4,pagerank,2,0.0352752,0.8082403,0.3534732,0.0133874,0.1453664,141
citeseer,0.4,pagerank,3,0.0333865,0.8092153,0.3545952,0.013342,0.144659,141
citeseer,0.4,pagerank,4,0.0343809,0.8079864,0.35072,0.0151469,0.1454951,141
citeseer,0.5,pagerank,0,0.0420878,0.8201435,0.3546736,0.0210944,0.1665925,97
citeseer,0.5,pagerank,1,0.0377176,0.8235898,0.3400933,0.0190309,0.1424671,98
citeseer,0.5,pagerank,2,0.038717,0.8223386,0.3388465,0.0195689,0.14046,98
citeseer,0.5,pagerank,3,0.036967,0.8254314,0.3407041,0.0200178,0.1377793,97
citeseer,0.5,pagerank,4,0.0381844,0.8198903,0.3380054,0.0197211,0.1413825,98
citeseer,0.6,pagerank,0,0.0544713,0.8388484,0.3423319,0.04084,0.1719416,54
citeseer,0.6,pagerank,1,0.0470784,0.8366627,0.3343959,0.0477328,0.1590421,51
citeseer,0.6,pagerank,2,0.0408564,0.837976,0.3356557,0.0386963,0.1500242,52
citeseer,0.6,pagerank,3,0.0416036,0.8378817,0.3316086,0.0407027,0.1515411,52
citeseer,0.6,pagerank,4,0.0404034,0.8369779,0.3309252,0.0421405,0.1579187,52
citeseer,0.7,pagerank,0,0.0459218,0.8525352,0.3342801,0.0714018,0.1688089,35
citeseer,0.7,pagerank,1,0.0441837,0.8508891,0.3377926,0.0733301,0.1694214,32
citeseer,0.7,pagerank,2,0.044317,0.8530739,0.3298834,0.0733693,0.1615442,31
citeseer,0.7,pagerank,3,0.0437245,0.8526632,0.3272026,0.0699372,0.1586427,32
citeseer,0.7,pagerank,4,0.0448685,0.8506802,0.3356144,0.0743943,0.1797446,31
citeseer,0.8,pagerank,0,0.1107609,0.8543198,0.3301028,0.0702944,0.1564379,32
citeseer,0.8,pagerank,1,0.0466785,0.8550039,0.3321108,0.0628073,0.1573758,34
citeseer,0.8,pagerank,2,0.0463803,0.855175,0.3333409,0.0652792,0.1729651,37
citeseer,0.8,pagerank,3,0.0470681,0.855171,0.3343888,0.0699528,0.1714028,34
citeseer,0.8,pagerank,4,0.046495,0.8551128,0.3354854,0.0666474,0.1744639,36
citeseer,0.9,pagerank,0,0.0547361,0.8551202,0.3256398,0.0566231,0.1528898,39
citeseer,0.9,pagerank,1,0.050746,0.8560729,0.3379927,0.0633717,0.1705442,36
citeseer,0.9,pagerank,2,0.0519478,0.8555143,0.3298614,0.0547459,0.1509531,40
citeseer,0.9,pagerank,3,0.0500762,0.8555083,0.3287084,0.0591326,0.1601874,39
citeseer,0.9,pagerank,4,0.0496686,0.8555286,0.326465,0.0549312,0.1519562,40
citeseer,1.0,pagerank,0,0.0149016,0.8563826,0.3355263,0.0610358,0.1680955,37
citeseer,1.0,pagerank,1,0.0140827,0.8559187,0.3389899,0.0545777,0.1573446,39
citeseer,1.0,pagerank,2,0.0128517,0.8553945,0.3324596,0.0524119,0.1442233,40
citeseer,1.0,pagerank,3,0.0124619,0.8557513,0.3360179,0.0564642,0.154662,39
citeseer,1.0,pagerank,4,0.0124261,0.8557406,0.3285399,0.0509827,0.1341312,38
citeseer,0.0,degree,0,0.0294106,0.732632,0.3381998,0.0039989,0.0471171,267
citeseer,0.0,degree,1,0.0327187,0.7264984,0.3392277,0.0038531,0.0547423,287
citeseer,0.0,degree,2,0.0360088,0.7428421,0.3390999,0.0041947,0.0598341,268
citeseer,0.0,degree,3,0.0289931,0.7469887,0.34027,0.0042995,0.0580148,268
citeseer,0.0,degree,4,0.0252681,0.7324534,0.3399475,0.0035236,0.0469813,277
citeseer,0.1,degree,0,0.0326827,0.7488869,0.3459968,0.0053477,0.0738804,252
citeseer,0.1,degree,1,0.030117,0.7511395,0.3418601,0.0057134,0.0760159,240
citeseer,0.1,degree,2,0.0262437,0.750389,0.3412251,0.0051963,0.0737995,248
citeseer,0.1,degree,3,0.0263271,0.7443579,0.34342,0.005181,0.0726264,253
citeseer,0.1,degree,4,0.0258999,0.751743,0.341452,0.0051117,0.0703957,248
citeseer,0.2,degree,0,0.0359712,0.7754554,0.3484854,0.008045,0.1213796,215
citeseer,0.2,degree,1,0.0313981,0.7739219,0.3439767,0.0088911,0.1134823,212
citeseer,0.2,degree,2,0.029387,0.7761059,0.3477416,0.0078218,0.1181848,213
citeseer,0.2,degree,3,0.0270891,0.7773717,0.3440269,0.0082636,0.119163,207
citeseer,0.2,degree,4,0.0270579,0.7760855,0.3488965,0.0081817,0.1236771,215
citeseer,0.3,degree,0,0.0324271,0.7938556,0.3390467,0.0114347,0.1305309,177
citeseer,0.3,degree,1,0.0311196,0.7967467,0.3422848,0.0116443,0.1429933,176
citeseer,0.3,degree,2,0.0327952,0.7957569,0.3399002,0.0122603,0.1262312,173
citeseer,0.3,degree,3,0.030653,0.795608,0.3383857,0.0114046,0.1282261,175
citeseer,0.3,degree,4,0.0307302,0.7930167,0.3421888,0.0103065,0.1311794,175
citeseer,0.4,degree,0,0.0381033,0.8056463,0.3403172,0.0136856,0.1338421,144
citeseer,0.4,degree,1,0.0327256,0.8091735,0.3428193,0.015777,0.1581605,140
citeseer,0.4,degree,2,0.0322127,0.8070798,0.3434945,0.0144321,0.1408278,140
citeseer,0.4,degree,3,0.0326812,0.8107263,0.3363648,0.0143895,0.1337742,144
citeseer,0.4,degree,4,0.0322132,0.8105173,0.3437806,0.0141948,0.1381213,141
citeseer,0.5,degree,0,0.039454,0.8175408,0.3229714,0.0158745,0.1335811,118
citeseer,0.5,degree,1,0.0359321,0.8193855,0.3263783,0.015272,0.1235988,119
citeseer,0.5,degree,2,0.036186,0.8192038,0.3233673,0.0147808,0.1301732,120
citeseer,0.5,degree,3,0.0365381,0.8187862,0.3326439,0.0166114,0.1455453,120
citeseer,0.5,degree,4,0.0359333,0.8184678,0.3252154,0.017414,0.1424833,119
citeseer,0.6,degree,0,0.0433011,0.8290444,0.3290075,0.022993,0.1464041,94
citeseer,0.6,degree,1,0.0389593,0.8295969,0.3248865,0.0230782,0.144972,96
citeseer,0.6,degree,2,0.0407743,0.8292178,0.3263229,0.0230048,0.1396929,93
citeseer,0.6,degree,3,0.0393326,0.8294378,0.3308057,0.0230834,0.1418789,95
citeseer,0.6,degree,4,0.0397918,0.8274951,0.3207343,0.0211034,0.1338794,97
citeseer,0.7,degree,0,0.046324,0.846136,0.3185301,0.0382298,0.1498432,58
citeseer,0.7,degree,1,0.0435224,0.8462624,0.3168476,0.0381323,0.1516995,60
citeseer,0.7,degree,2,0.041585,0.8467083,0.3309955,0.0393652,0.162181,61
citeseer,0.7,degree,3,0.0418317,0.846814,0.3305679,0.038502,0.1530293,59
citeseer,0.7,degree,4,0.0423086,0.8466102,0.3287966,0.0330887,0.1478152,62
citeseer,0.8,degree,0,0.0464747,0.8557231,0.3229953,0.0786906,0.1655253,32
citeseer,0.8,degree,1,0.0443041,0.8551436,0.3330127,0.0703287,0.161095,32
citeseer,0.8,degree,2,0.0453296,0.8527346,0.334143,0.0744828,0.186735,33
citeseer,0.8,degree,3,0.0435438,0.8552889,0.3287732,0.0778053,0.1748299,31
citeseer,0.8,degree,4,0.0433373,0.8558192,0.3332482,0.0729125,0.1858147,35
citeseer,0.9,degree,0,0.051368,0.8559322,0.3295628,0.0709581,0.1696199,34
citeseer,0.9,degree,1,0.0464838,0.8551898,0.3276503,0.0710681,0.1670394,35
citeseer,0.9,degree,2,0.1039526,0.8557754,0.3268891,0.0645588,0.166489,36
citeseer,0.9,degree,3,0.0470004,0.8543689,0.325632,0.0643473,0.1495359,35
citeseer,0.9,degree,4,0.0471332,0.8544425,0.3299183,0.0704495,0.1740906,33
citeseer,1.0,degree,0,0.0136747,0.8563826,0.3355263,0.0610358,0.1680955,37
citeseer,1.0,degree,1,0.0133202,0.8559187,0.3389899,0.0545777,0.1573446,39
citeseer,1.0,degree,2,0.0127959,0.8553945,0.3324596,0.0524119,0.1442233,40
citeseer,1.0,degree,3,0.0126953,0.8557513,0.3360179,0.0564642,0.154662,39
citeseer,1.0,degree,4,0.012471,0.8557406,0.3285399,0.0509827,0.1341312,38
citeseer,0.0,eigenvector,0,0.0305228,0.732632,0.3381998,0.0039989,0.0471171,267
citeseer,0.0,eigenvector,1,0.0343289,0.7264984,0.3392277,0.0038531,0.0547423,287
citeseer,0.0,eigenvector,2,0.0357258,0.7428421,0.3390999,0.0041947,0.0598341,268
citeseer,0.0,eigenvector,3,0.0285466,0.7469887,0.34027,0.0042995,0.0580148,268
citeseer,0.0,eigenvector,4,0.0251124,0.7324534,0.3399475,0.0035236,0.0469813,277
citeseer,0.1,eigenvector,0,0.0687978,0.7345189,0.3403832,0.0038777,0.0568145,259
citeseer,0.1,eigenvector,1,0.0613923,0.7324101,0.3427291,0.0040916,0.0563685,256
citeseer,0.1,eigenvector,2,0.0612273,0.7270811,0.3384578,0.0036326,0.0541149,263
citeseer,0.1,eigenvector,3,0.0618622,0.7373122,0.3376347,0.0041554,0.0536274,252
citeseer,0.1,eigenvector,4,0.0586743,0.7280517,0.3372964,0.0036548,0.0526357,264
citeseer,0.2,eigenvector,0,0.0687494,0.7539835,0.3341766,0.0046678,0.049728,234
citeseer,0.2,eigenvector,1,0.0659497,0.7510334,0.3328246,0.0044252,0.0488538,237
citeseer,0.2,eigenvector,2,0.0649428,0.7495583,0.3348615,0.0043324,0.052044,243
citeseer,0.2,eigenvector,3,0.0652249,0.7412453,0.3344461,0.0040841,0.047993,243
citeseer,0.2,eigenvector,4,0.063256,0.7432498,0.33095,0.0046771,0.0473706,241
citeseer,0.3,eigenvector,0,0.0720658,0.7671149,0.3299307,0.0058107,0.0543278,228
citeseer,0.3,eigenvector,1,0.0680065,0.7669437,0.3297444,0.0058047,0.0571972,227
citeseer,0.3,eigenvector,2,0.067965,0.7533949,0.3267533,0.00507,0.0495995,224
citeseer,0.3,eigenvector,3,0.0645204,0.7582166,0.330188,0.005348,0.0537755,228
citeseer,0.3,eigenvector,4,0.0655935,0.7670333,0.3299769,0.0056882,0.0565533,223
citeseer,0.4,eigenvector,0,0.0711865,0.7723547,0.3198208,0.0068361,0.065536,198
citeseer,0.4,eigenvector,1,0.0659342,0.7766441,0.3226528,0.0067373,0.0734877,199
citeseer,0.4,eigenvector,2,0.0688059,0.7761157,0.3167634,0.0077632,0.0700747,187
citeseer,0.4,eigenvector,3,0.0716865,0.783808,0.3223143,0.0090835,0.075792,187
citeseer,0.4,eigenvector,4,0.0709269,0.7904161,0.3254835,0.0076564,0.069261,191
citeseer,0.5,eigenvector,0,0.0763085,0.7967425,0.3301042,0.0098063,0.1218413,173
citeseer,0.5,eigenvector,1,0.0728428,0.7967852,0.3387611,0.0118705,0.1516055,168
citeseer,0.5,eigenvector,2,0.0699589,0.7993099,0.3291188,0.0099879,0.1235749,169
citeseer,0.5,eigenvector,3,0.0716903,0.8023591,0.333766,0.0120791,0.1391866,162
citeseer,0.5,eigenvector,4,0.0709941,0.7974909,0.3387668,0.0120042,0.1688199,165
citeseer,0.6,eigenvector,0,0.0758533,0.8192097,0.3351921,0.0145789,0.1394157,131
citeseer,0.6,eigenvector,1,0.0741324,0.8177081,0.3428874,0.0152665,0.1524214,134
citeseer,0.6,eigenvector,2,0.0723214,0.8158362,0.3338798,0.0139235,0.128689,132
citeseer,0.6,eigenvector,3,0.0756063,0.8142377,0.3396112,0.0153,0.1565753,136
citeseer,0.6,eigenvector,4,0.0726302,0.8187628,0.3356626,0.0160133,0.1455438,130
citeseer,0.7,eigenvector,0,0.0779991,0.8283144,0.3336711,0.0185114,0.1439564,109
citeseer,0.7,eigenvector,1,0.0758286,0.8276434,0.3324798,0.0181441,0.1370002,112
citeseer,0.7,eigenvector,2,0.0760872,0.8254507,0.3326481,0.0159495,0.1302876,119
citeseer,0.7,eigenvector,3,0.0742142,0.8254516,0.3360276,0.0179882,0.1342808,118
citeseer,0.7,eigenvector,4,0.0747879,0.8292851,0.3299162,0.0193792,0.143065,107
citeseer,0.8,eigenvector,0,0.0817091,0.8384429,0.3233908,0.025381,0.1417239,80
citeseer,0.8,eigenvector,1,0.0780957,0.8352973,0.313686,0.0248262,0.1250631,81
citeseer,0.8,eigenvector,2,0.0767772,0.8380093,0.3239942,0.0243505,0.1339671,84
citeseer,0.8,eigenvector,3,0.0767512,0.8383211,0.3245681,0.0238177,0.1347478,85
citeseer,0.8,eigenvector,4,0.0777841,0.8393673,0.3271611,0.0240522,0.134752,79
citeseer,0.9,eigenvector,0,0.0816324,0.8486641,0.3290844,0.0382716,0.1512927,60
citeseer,0.9,eigenvector,1,0.0799406,0.8477038,0.3282118,0.0331952,0.1338456,63
citeseer,0.9,eigenvector,2,0.0790217,0.8474282,0.3195443,0.030954,0.1239428,64
citeseer,0.9,eigenvector,3,0.0794423,0.8490062,0.3302191,0.0336031,0.1416039,63
citeseer,0.9,eigenvector,4,0.1335011,0.8478642,0.3283629,0.0341123,0.1411183,65
citeseer,1.0,eigenvector,0,0.0142913,0.8563826,0.3355263,0.0610358,0.1680955,37
citeseer,1.0,eigenvector,1,0.0134752,0.8559187,0.3389899,0.0545777,0.1573446,39
citeseer,1.0,eigenvector,2,0.0130687,0.8553945,0.3324596,0.0524119,0.1442233,40
citeseer,1.0,eigenvector,3,0.0131264,0.8557513,0.3360179,0.0564642,0.154662,39
citeseer,1.0,eigenvector,4,0.0125492,0.8557406,0.3285399,0.0509827,0.1341312,38
citeseer,0.0,betweenness,0,0.0303948,0.732632,0.3381998,0.0039989,0.0471171,267
citeseer,0.0,betweenness,1,0.0323181,0.7264984,0.3392277,0.0038531,0.0547423,287
citeseer,0.0,betweenness,2,0.035404,0.7428421,0.3390999,0.0041947,0.0598341,268
citeseer,0.0,betweenness,3,0.0285997,0.7469887,0.34027,0.0042995,0.0580148,268
citeseer,0.0,betweenness,4,0.025743,0.7324534,0.3399475,0.0035236,0.0469813,277
citeseer,0.1,betweenness,0,6.0870161,0.7401835,0.3372771,0.0084826,0.1474553,216
citeseer,0.1,betweenness,1,6.1860635,0.7324065,0.3295142,0.0081298,0.1563267,215
citeseer,0.1,betweenness,2,6.2510409,0.7296903,0.3358369,0.008468,0.1465365,215
citeseer,0.1,betweenness,3,6.2077024,0.7357014,0.3362131,0.0086878,0.1565174,209
citeseer,0.1,betweenness,4,6.0161951,0.725058,0.3272393,0.0080249,0.156109,217
citeseer,0.2,betweenness,0,6.1330264,0.7509681,0.3198163,0.0119101,0.151433,170
citeseer,0.2,betweenness,1,6.0650396,0.7392886,0.3321397,0.0137921,0.2062657,168
citeseer,0.2,betweenness,2,6.0743072,0.7587994,0.3375118,0.0127081,0.1857144,170
citeseer,0.2,betweenness,3,6.0369389,0.7426429,0.3369553,0.0145413,0.2099338,167
citeseer,0.2,betweenness,4,6.0670972,0.7700349,0.3297769,0.0136698,0.1740216,161
citeseer,0.3,betweenness,0,6.0679696,0.799223,0.3438206,0.0201027,0.2057948,117
citeseer,0.3,betweenness,1,6.0914366,0.7921917,0.3356372,0.0193895,0.1891902,123
citeseer,0.3,betweenness,2,6.0858481,0.7995951,0.3505171,0.0209871,0.2055673,121
citeseer,0.3,betweenness,3,6.0732565,0.7974742,0.3495724,0.0204362,0.2132113,122
citeseer,0.3,betweenness,4,6.0803838,0.7954448,0.3411597,0.0181797,0.1890767,123
citeseer,0.4,betweenness,0,6.0488613,0.814157,0.3454104,0.0293607,0.1960331,88
citeseer,0.4,betweenness,1,6.0863628,0.8119248,0.3427414,0.0259395,0.1800684,86
citeseer,0.4,betweenness,2,6.0748167,0.8139268,0.3356862,0.0245696,0.1725087,90
citeseer,0.4,betweenness,3,6.0872357,0.8116113,0.3431083,0.0243502,0.1799143,90
citeseer,0.4,betweenness,4,6.0640609,0.8131886,0.3411758,0.0275408,0.2066404,85
citeseer,0.5,betweenness,0,6.0957484,0.8341322,0.3386402,0.0502158,0.1854973,47
citeseer,0.5,betweenness,1,6.0773897,0.8308081,0.3521511,0.0578801,0.2184462,44
citeseer,0.5,betweenness,2,6.1047604,0.8305819,0.3424623,0.0585773,0.217849,43
citeseer,0.5,betweenness,3,6.1116498,0.8318755,0.3330878,0.0528971,0.1850669,44
citeseer,0.5,betweenness,4,6.1232219,0.8315551,0.3427236,0.058154,0.2115252,44
citeseer,0.6,betweenness,0,6.1588933,0.8466634,0.3373805,0.069199,0.1857618,35
citeseer,0.6,betweenness,1,6.082257,0.8455109,0.3440541,0.0708462,0.192719,35
citeseer,0.6,betweenness,2,6.0747943,0.84571,0.3362944,0.0681596,0.1727053,36
citeseer,0.6,betweenness,3,6.0890949,0.8466853,0.3348816,0.067659,0.1791936,36
citeseer,0.6,betweenness,4,6.100152,0.8459595,0.3293701,0.0752683,0.1931961,34
citeseer,0.7,betweenness,0,6.10132,0.8480878,0.3215408,0.0622688,0.173057,37
citeseer,0.7,betweenness,1,6.0965366,0.8486956,0.3386491,0.0660032,0.1809051,36
citeseer,0.7,betweenness,2,6.1032553,0.8484661,0.3391713,0.0686662,0.1682527,38
citeseer,0.7,betweenness,3,6.1045127,0.8500472,0.3375461,0.0651569,0.1916083,38
citeseer,0.7,betweenness,4,6.056983,0.848785,0.3311967,0.0654844,0.1833135,37
citeseer,0.8,betweenness,0,6.1176217,0.8517009,0.3244805,0.0588878,0.1694937,39
citeseer,0.8,betweenness,1,6.0988336,0.8516125,0.3255154,0.0615987,0.1625974,38
citeseer,0.8,betweenness,2,6.0945654,0.8519945,0.3375007,0.0598075,0.1671406,38
citeseer,0.8,betweenness,3,6.1244233,0.8505915,0.3367233,0.0574513,0.1744808,40
citeseer,0.8,betweenness,4,6.104388,0.8523282,0.3283576,0.0633477,0.1670952,37
citeseer,0.9,betweenness,0,6.1112273,0.8536565,0.323237,0.0603447,0.16799,38
citeseer,0.9,betweenness,1,6.1635132,0.8529435,0.3327755,0.0588711,0.1587293,37
citeseer,0.9,betweenness,2,6.2297921,0.8541735,0.3270097,0.0574342,0.1544403,37
citeseer,0.9,betweenness,3,6.2079012,0.8543381,0.3292629,0.0592846,0.1628223,38
citeseer,0.9,betweenness,4,6.1345019,0.8542663,0.3278083,0.0659341,0.1796151,37
citeseer,1.0,betweenness,0,0.013041,0.8563826,0.3355263,0.0610358,0.1680955,37
citeseer,1.0,betweenness,1,0.0132349,0.8559187,0.3389899,0.0545777,0.1573446,39
citeseer,1.0,betweenness,2,0.0125065,0.8553945,0.3324596,0.0524119,0.1442233,40
citeseer,1.0,betweenness,3,0.0124998,0.8557513,0.3360179,0.0564642,0.154662,39
citeseer,1.0,betweenness,4,0.0124075,0.8557406,0.3285399,0.0509827,0.1341312,38
citeseer,0.0,closeness,0,0.0296011,0.732632,0.3381998,0.0039989,0.0471171,267
citeseer,0.0,closeness,1,0.0320058,0.7264984,0.3392277,0.0038531,0.0547423,287
citeseer,0.0,closeness,2,0.0360522,0.7428421,0.3390999,0.0041947,0.0598341,268
citeseer,0.0,closeness,3,0.0285234,0.7469887,0.34027,0.0042995,0.0580148,268
citeseer,0.0,closeness,4,0.0252602,0.7324534,0.3399475,0.0035236,0.0469813,277
citeseer,0.1,closeness,0,1.3855927,0.7540899,0.3408574,0.005426,0.082824,248
citeseer,0.1,closeness,1,1.401319,0.7475099,0.3403551,0.0050528,0.068986,251
citeseer,0.1,closeness,2,1.3788712,0.7634364,0.3382818,0.0052812,0.0724764,236
citeseer,0.1,closeness,3,1.3922017,0.7610958,0.3398967,0.0057911,0.0725536,240
citeseer,0.1,closeness,4,1.3777673,0.7530771,0.3381671,0.0050268,0.0699977,244
citeseer,0.2,closeness,0,1.3846402,0.7732068,0.3457696,0.0062574,0.0983126,223
citeseer,0.2,closeness,1,1.3871763,0.7662837,0.3416582,0.0062066,0.0923757,227
citeseer,0.2,closeness,2,1.3990219,0.7773812,0.3416751,0.0071288,0.1053772,214
citeseer,0.2,closeness,3,1.3845079,0.7641524,0.3370662,0.0064816,0.0979688,232
citeseer,0.2,closeness,4,1.384186,0.7661719,0.3394341,0.0056124,0.0979604,224
citeseer,0.3,closeness,0,1.3896413,0.7801691,0.3353806,0.0075099,0.1020726,201
citeseer,0.3,closeness,1,1.4009676,0.7811617,0.3287538,0.0073512,0.1128572,199
citeseer,0.3,closeness,2,1.3918178,0.7825898,0.3252008,0.0079908,0.1008784,191
citeseer,0.3,closeness,3,1.3904068,0.789401,0.3289208,0.007863,0.0969417,197
citeseer,0.3,closeness,4,1.3832977,0.7786848,0.3305712,0.0075366,0.0960674,196
citeseer,0.4,closeness,0,1.3951242,0.7950939,0.3391514,0.0106399,0.1387002,168
citeseer,0.4,closeness,1,1.3940661,0.7926513,0.3396641,0.0099376,0.1179077,181
citeseer,0.4,closeness,2,1.3951283,0.7975782,0.3398988,0.0106411,0.1312124,169
citeseer,0.4,closeness,3,1.3915346,0.7990959,0.3415823,0.0103159,0.1265393,177
citeseer,0.4,closeness,4,1.3933439,0.7931361,0.3393088,0.0096337,0.1217209,181
citeseer,0.5,closeness,0,1.3859127,0.8007137,0.3386616,0.01273,0.1386696,158
citeseer,0.5,closeness,1,1.3918912,0.8034698,0.3364627,0.0129534,0.1293235,156
citeseer,0.5,closeness,2,1.40295,0.8110232,0.3370808,0.0112491,0.1181343,150
citeseer,0.5,closeness,3,1.3939598,0.8044685,0.3418069,0.0130021,0.1359762,155
citeseer,0.5,closeness,4,1.3989689,0.8064586,0.3339719,0.012617,0.1211892,152
citeseer,0.6,closeness,0,1.4033277,0.8166433,0.3260948,0.0141204,0.1214876,129
citeseer,0.6,closeness,1,1.4087219,0.8146367,0.3175848,0.014124,0.1046583,133
citeseer,0.6,closeness,2,1.3916879,0.8148893,0.3191287,0.0143434,0.1168951,130
citeseer,0.6,closeness,3,1.3909581,0.8159101,0.3272976,0.0144264,0.1206159,128
citeseer,0.6,closeness,4,1.3995163,0.8133473,0.3198415,0.0122905,0.1079844,133
citeseer,0.7,closeness,0,1.4067283,0.8270801,0.319459,0.0197911,0.1251069,100
citeseer,0.7,closeness,1,1.3890867,0.8273062,0.3209381,0.0182897,0.1252419,104
citeseer,0.7,closeness,2,1.3969831,0.8283098,0.3196971,0.0195293,0.127546,102
citeseer,0.7,closeness,3,1.4012883,0.8262188,0.3224827,0.0215648,0.1314004,98
citeseer,0.7,closeness,4,1.400218,0.82637,0.3175205,0.0182262,0.1209133,106
citeseer,0.8,closeness,0,1.4021924,0.83746,0.3240206,0.0238599,0.1350344,85
citeseer,0.8,closeness,1,1.3990989,0.8363985,0.32292,0.0222032,0.1242535,86
citeseer,0.8,closeness,2,1.4043186,0.8403639,0.3274986,0.0241125,0.1395153,84
citeseer,0.8,closeness,3,1.4140735,0.8373062,0.3261999,0.0233493,0.1329076,85
citeseer,0.8,closeness,4,1.4238892,0.8398063,0.3231155,0.0234059,0.1280396,86
citeseer,0.9,closeness,0,1.4054253,0.8464898,0.3294545,0.0343519,0.1457354,65
citeseer,0.9,closeness,1,1.400075,0.8441252,0.3258965,0.0362517,0.1425652,60
citeseer,0.9,closeness,2,1.4099257,0.8468483,0.3365912,0.0341989,0.1511489,62
citeseer,0.9,closeness,3,1.4027505,0.8468457,0.328416,0.0338529,0.1467681,60
citeseer,0.9,closeness,4,1.3972337,0.8461632,0.3306179,0.0335518,0.1391547,59
citeseer,1.0,closeness,0,0.0132544,0.8563826,0.3355263,0.0610358,0.1680955,37
citeseer,1.0,closeness,1,0.0132556,0.8559187,0.3389899,0.0545777,0.1573446,39
citeseer,1.0,closeness,2,0.0130742,0.8553945,0.3324596,0.0524119,0.1442233,40
citeseer,1.0,closeness,3,0.0124679,0.8557513,0.3360179,0.0564642,0.154662,39
citeseer,1.0,closeness,4,0.0124931,0.8557406,0.3285399,0.0509827,0.1341312,38
dolphin,0.0,pagerank,0,0.0005865,0.5129346,0.5458729,0.5662165,0.399713,4
dolphin,0.0,pagerank,1,0.0005386,0.4360389,0.6841146,0.9639954,0.6919762,3
dolphin,0.0,pagerank,2,0.0005479,0.4525731,0.7718091,0.6216216,0.6699105,3
dolphin,0.0,pagerank,3,0.0005496,0.5158617,0.4919353,0.3139596,0.3182539,6
dolphin,0.0,pagerank,4,0.0006564,0.4401131,0.6339431,0.5997131,0.6382246,4
dolphin,0.1,pagerank,0,0.0016813,0.4902496,0.5699866,0.6296966,0.460394,4
dolphin,0.1,pagerank,1,0.0013528,0.5158617,0.4919353,0.2447818,0.3182539,6
dolphin,0.1,pagerank,2,0.0014837,0.5129346,0.5458729,0.3993856,0.399713,4
dolphin,0.1,pagerank,3,0.0013509,0.4525731,0.7718091,0.6216216,0.6699105,3
dolphin,0.1,pagerank,4,0.0016201,0.5117875,0.5132996,0.3195084,0.3659626,5
dolphin,0.2,pagerank,0,0.002039,0.4684743,0.6672113,1.0,0.5339836,4
dolphin,0.2,pagerank,1,0.0015266,0.4949765,0.5395447,0.4676113,0.3778096,6
dolphin,0.2,pagerank,2,0.0013402,0.5072584,0.5111569,0.6204906,0.3533037,5
dolphin,0.2,pagerank,3,0.0015626,0.4684743,0.6672113,1.0,0.5339836,4
dolphin,0.2,pagerank,4,0.0013003,0.5072584,0.5111569,0.6204906,0.3533037,5
dolphin,0.3,pagerank,0,0.0017533,0.5062102,0.5524105,0.482811,0.4223656,4
dolphin,0.3,pagerank,1,0.0013993,0.4525731,0.7718091,0.8324324,0.6699105,3
dolphin,0.3,pagerank,2,0.0014694,0.5117875,0.5132996,0.3464755,0.3659626,5
dolphin,0.3,pagerank,3,0.00142,0.5117875,0.5132996,0.3464755,0.3659626,5
dolphin,0.3,pagerank,4,0.0014932,0.4902496,0.5699866,0.4956698,0.460394,4
dolphin,0.4,pagerank,0,0.0019503,0.5219928,0.6331805,0.4345146,0.4237827,4
dolphin,0.4,pagerank,1,0.0014689,0.5208457,0.5968028,0.3363755,0.3901613,5
dolphin,0.4,pagerank,2,0.0015216,0.5176417,0.6307047,0.4485007,0.4181603,4
dolphin,0.4,pagerank,3,0.0016754,0.5208457,0.5968028,0.3363755,0.3901613,5
dolphin,0.4,pagerank,4,0.001565,0.5219928,0.6331805,0.4345146,0.4237827,4
dolphin,0.5,pagerank,0,0.0021379,0.5062102,0.5524105,0.482811,0.4223656,4
dolphin,0.5,pagerank,1,0.0015886,0.5176417,0.6307047,0.4485007,0.4181603,4
dolphin,0.5,pagerank,2,0.0016496,0.5062102,0.5524105,0.482811,0.4223656,4
dolphin,0.5,pagerank,3,0.0016184,0.5062102,0.5524105,0.482811,0.4223656,4
dolphin,0.5,pagerank,4,0.0016024,0.5176417,0.6307047,0.4485007,0.4181603,4
dolphin,0.6,pagerank,0,0.001802,0.5257901,0.6454751,0.457478,0.4520079,4
dolphin,0.6,pagerank,1,0.0017922,0.5196986,0.6328549,0.4515723,0.4237827,4
dolphin,0.6,pagerank,2,0.0023086,0.5196986,0.6328549,0.4614379,0.4237827,4
dolphin,0.6,pagerank,3,0.0017359,0.5276097,0.5880272,0.3363755,0.379014,5
dolphin,0.6,pagerank,4,0.0017231,0.5196986,0.6328549,0.4614379,0.4237827,4
dolphin,0.7,pagerank,0,0.0025206,0.5257901,0.6454751,0.457478,0.4520079,4
dolphin,0.7,pagerank,1,0.0018823,0.5257901,0.6454751,0.457478,0.4520079,4
dolphin,0.7,pagerank,2,0.0018311,0.5257901,0.6454751,0.457478,0.4520079,4
dolphin,0.7,pagerank,3,0.0022357,0.5257901,0.6454751,0.457478,0.4520079,4
dolphin,0.7,pagerank,4,0.0018535,0.524109,0.5124321,0.3614591,0.3329497,5
dolphin,0.8,pagerank,0,0.0025191,0.5237135,0.6404061,0.4500745,0.440695,4
dolphin,0.8,pagerank,1,0.0018885,0.5114513,0.5400879,0.4415684,0.3865554,4
dolphin,0.8,pagerank,2,0.0018628,0.5247617,0.5839212,0.3302387,0.3697473,5
dolphin,0.8,pagerank,3,0.0018516,0.520727,0.5059451,0.350697,0.3216224,5
dolphin,0.8,pagerank,4,0.0019329,0.5237135,0.6404061,0.4500745,0.440695,4
dolphin,0.9,pagerank,0,0.0022736,0.5233377,0.5138894,0.362766,0.3418688,5
dolphin,0.9,pagerank,1,0.0019691,0.5285194,0.5864663,0.3420127,0.3734515,5
dolphin,0.9,pagerank,2,0.0020683,0.524109,0.5124321,0.3240678,0.3329497,5
dolphin,0.9,pagerank,3,0.0020111,0.5195799,0.4742528,0.232084,0.2708499,6
dolphin,0.9,pagerank,4,0.0019248,0.5233377,0.5138894,0.362766,0.3418688,5
dolphin,1.0,pagerank,0,0.000875,0.5277283,0.593211,0.3423077,0.3901613,5
dolphin,1.0,pagerank,1,0.0004206,0.5195799,0.4742528,0.232084,0.2708499,6
dolphin,1.0,pagerank,2,0.0004208,0.5267988,0.5714557,0.4301856,0.3939759,4
dolphin,1.0,pagerank,3,0.000396,0.5195799,0.4742528,0.232084,0.2708499,6
dolphin,1.0,pagerank,4,0.0004003,0.5195799,0.4742528,0.232084,0.2708499,6
dolphin,0.0,degree,0,0.0004444,0.5129346,0.5458729,0.5662165,0.399713,4
dolphin,0.0,degree,1,0.0005369,0.4360389,0.6841146,0.9639954,0.6919762,3
dolphin,0.0,degree,2,0.0005369,0.4525731,0.7718091,0.6216216,0.6699105,3
dolphin,0.0,degree,3,0.0005991,0.5158617,0.4919353,0.3139596,0.3182539,6
dolphin,0.0,degree,4,0.0005393,0.4401131,0.6339431,0.5997131,0.6382246,4
dolphin,0.1,degree,0,0.0008392,0.480697,0.5110187,0.4400596,0.3801429,6
dolphin,0.1,degree,1,0.000587,0.5022349,0.4676722,0.3376789,0.2881075,7
dolphin,0.1,degree,2,0.0008206,0.5024327,0.5275665,0.3376789,0.310012,7
dolphin,0.1,degree,3,0.0005815,0.4912978,0.5254908,0.6296966,0.3905083,5
dolphin,0.1,degree,4,0.0005786,0.5072584,0.5111569,0.6204906,0.3533037,5
dolphin,0.2,degree,0,0.0007968,0.4903683,0.4497998,0.2953987,0.2767699,8
dolphin,0.2,degree,1,0.0006132,0.467347,0.4894941,0.3692308,0.3638503,7
dolphin,0.2,degree,2,0.0006325,0.4995451,0.465768,0.3603392,0.2807896,7
dolphin,0.2,degree,3,0.0006161,0.4765239,0.5088676,0.4688645,0.3681457,6
dolphin,0.2,degree,4,0.000788,0.4995451,0.465768,0.3603392,0.2807896,7
dolphin,0.3,degree,0,0.0008602,0.5062102,0.5524105,0.482811,0.4223656,4
dolphin,0.3,degree,1,0.000952,0.4779083,0.7562784,0.8012821,0.6303512,3
dolphin,0.3,degree,2,0.0007336,0.5062102,0.5524105,0.482811,0.4223656,4
dolphin,0.3,degree,3,0.0006647,0.4779083,0.7562784,0.8012821,0.6303512,3
dolphin,0.3,degree,4,0.000757,0.4779083,0.7562784,0.8012821,0.6303512,3
dolphin,0.4,degree,0,0.0009911,0.4994462,0.5442895,0.3880952,0.3940689,4
dolphin,0.4,degree,1,0.0008512,0.4994462,0.5442895,0.3880952,0.3940689,4
dolphin,0.4,degree,2,0.0011644,0.4994462,0.5442895,0.3880952,0.3940689,4
dolphin,0.4,degree,3,0.000771,0.4994462,0.5442895,0.3880952,0.3940689,4
dolphin,0.4,degree,4,0.0008924,0.4994462,0.5442895,0.3880952,0.3940689,4
dolphin,0.5,degree,0,0.00124,0.520193,0.6324267,0.4564103,0.4228451,4
dolphin,0.5,degree,1,0.0009229,0.520193,0.6324267,0.4564103,0.4228451,4
dolphin,0.5,degree,2,0.0009427,0.520193,0.6324267,0.4564103,0.4228451,4
dolphin,0.5,degree,3,0.0009327,0.520193,0.6324267,0.4564103,0.4228451,4
dolphin,0.5,degree,4,0.0010207,0.520193,0.6324267,0.4564103,0.4228451,4
dolphin,0.6,degree,0,0.0016348,0.5196986,0.6328549,0.4614379,0.4237827,4
dolphin,0.6,degree,1,0.0011334,0.5196986,0.6328549,0.4515723,0.4237827,4
dolphin,0.6,degree,2,0.0010369,0.5196986,0.6328549,0.4614379,0.4237827,4
dolphin,0.6,degree,3,0.0010223,0.5196986,0.6328549,0.4515723,0.4237827,4
dolphin,0.6,degree,4,0.0010419,0.5196986,0.6328549,0.4614379,0.4237827,4
dolphin,0.7,degree,0,0.0015759,0.5114513,0.5400879,0.4415684,0.3865554,4
dolphin,0.7,degree,1,0.0013683,0.5114513,0.5400879,0.4415684,0.3865554,4
dolphin,0.7,degree,2,0.0011284,0.5187888,0.5514234,0.4854281,0.3898471,4
dolphin,0.7,degree,3,0.0011847,0.5237135,0.6404061,0.4500745,0.440695,4
dolphin,0.7,degree,4,0.0011127,0.5187888,0.5514234,0.4854281,0.3898471,4
dolphin,0.8,degree,0,0.0016201,0.5155255,0.5148452,0.4295666,0.3384741,5
dolphin,0.8,degree,1,0.0011637,0.5187888,0.5514234,0.4340654,0.3898471,4
dolphin,0.8,degree,2,0.001163,0.5155255,0.5148452,0.4295666,0.3384741,5
dolphin,0.8,degree,3,0.0011969,0.5155255,0.5148452,0.4295666,0.3384741,5
dolphin,0.8,degree,4,0.0013351,0.5155255,0.5148452,0.4295666,0.3384741,5
dolphin,0.9,degree,0,0.0012617,0.5195799,0.4742528,0.3247059,0.2708499,6
dolphin,0.9,degree,1,0.0012674,0.5277283,0.593211,0.3423077,0.3901613,5
dolphin,0.9,degree,2,0.0012314,0.5268581,0.5807615,0.3238866,0.3623488,5
dolphin,0.9,degree,3,0.0014274,0.5201139,0.4557962,0.4162162,0.2968695,5
dolphin,0.9,degree,4,0.0012534,0.5195799,0.4742528,0.3247059,0.2708499,6
dolphin,1.0,degree,0,0.000562,0.5277283,0.593211,0.3423077,0.3901613,5
dolphin,1.0,degree,1,0.0004196,0.5195799,0.4742528,0.232084,0.2708499,6
dolphin,1.0,degree,2,0.000421,0.5267988,0.5714557,0.4301856,0.3939759,4
dolphin,1.0,degree,3,0.0004375,0.5195799,0.4742528,0.232084,0.2708499,6
dolphin,1.0,degree,4,0.0003982,0.5195799,0.4742528,0.232084,0.2708499,6
dolphin,0.0,eigenvector,0,0.0004454,0.5129346,0.5458729,0.5662165,0.399713,4
dolphin,0.0,eigenvector,1,0.0005624,0.4360389,0.6841146,0.9639954,0.6919762,3
dolphin,0.0,eigenvector,2,0.0005379,0.4525731,0.7718091,0.6216216,0.6699105,3
dolphin,0.0,eigenvector,3,0.0005457,0.5158617,0.4919353,0.3139596,0.3182539,6
dolphin,0.0,eigenvector,4,0.0005379,0.4401131,0.6339431,0.5997131,0.6382246,4
dolphin,0.1,eigenvector,0,0.0034573,0.4943238,0.5401279,0.4400596,0.4109669,5
dolphin,0.1,eigenvector,1,0.0034883,0.5117875,0.5132996,0.4543115,0.3659626,5
dolphin,0.1,eigenvector,2,0.0035784,0.4779083,0.7562784,1.0,0.6303512,3
dolphin,0.1,eigenvector,3,0.0033691,0.4684743,0.6672113,0.5698925,0.5339836,4
dolphin,0.1,eigenvector,4,0.0036016,0.5128357,0.4788797,0.3149085,0.2981139,6
dolphin,0.2,eigenvector,0,0.0039222,0.5158617,0.4919353,0.3957034,0.3182539,6
dolphin,0.2,eigenvector,1,0.0033591,0.4779083,0.7562784,1.0,0.6303512,3
dolphin,0.2,eigenvector,2,0.0036781,0.4779083,0.7562784,1.0,0.6303512,3
dolphin,0.2,eigenvector,3,0.0035923,0.5062102,0.5524105,0.6204906,0.4223656,4
dolphin,0.2,eigenvector,4,0.0033696,0.4912978,0.5254908,0.4115966,0.3905083,5
dolphin,0.3,eigenvector,0,0.0039694,0.5176417,0.6307047,0.7858092,0.4181603,4
dolphin,0.3,eigenvector,1,0.0039313,0.4781852,0.5253018,0.5423465,0.3736337,5
dolphin,0.3,eigenvector,2,0.00333,0.497508,0.4927135,0.2920852,0.2796949,7
dolphin,0.3,eigenvector,3,0.0036676,0.4978442,0.4912992,0.2855856,0.2787888,7
dolphin,0.3,eigenvector,4,0.0035386,0.474111,0.5524105,0.8800774,0.4223656,4
dolphin,0.4,eigenvector,0,0.003577,0.5069024,0.4708942,0.3663839,0.2617959,6
dolphin,0.4,eigenvector,1,0.0036519,0.5103437,0.4921893,0.5444444,0.3167674,5
dolphin,0.4,eigenvector,2,0.0035248,0.511392,0.4612359,0.3486486,0.2499689,6
dolphin,0.4,eigenvector,3,0.003371,0.4735572,0.4680478,0.2239422,0.2409128,8
dolphin,0.4,eigenvector,4,0.003504,0.4906451,0.4798527,0.2592537,0.2454036,7
dolphin,0.5,eigenvector,0,0.0043538,0.5211819,0.5326784,0.5500782,0.3530155,5
dolphin,0.5,eigenvector,1,0.0040212,0.5211819,0.5326784,0.5500782,0.3530155,5
dolphin,0.5,eigenvector,2,0.0035551,0.5149322,0.5314515,0.3375,0.2827298,6
dolphin,0.5,eigenvector,3,0.003793,0.5211819,0.5326784,0.5500782,0.3530155,5
dolphin,0.5,eigenvector,4,0.0038388,0.5167715,0.5282528,0.5444444,0.342838,5
dolphin,0.6,eigenvector,0,0.0044823,0.5137455,0.3877677,0.4317543,0.2311556,5
dolphin,0.6,eigenvector,1,0.0039027,0.5120644,0.4010116,0.4444444,0.2484688,5
dolphin,0.6,eigenvector,2,0.003701,0.515387,0.3984158,0.5389671,0.2517681,5
dolphin,0.6,eigenvector,3,0.0037093,0.5120644,0.4010116,0.4444444,0.2484688,5
dolphin,0.6,eigenvector,4,0.0036428,0.503916,0.3855321,0.5089316,0.2290063,5
dolphin,0.7,eigenvector,0,0.0039194,0.4744274,0.345186,0.7549407,0.1922462,4
dolphin,0.7,eigenvector,1,0.0037069,0.5068035,0.3516468,0.4722517,0.1895964,5
dolphin,0.7,eigenvector,2,0.0036325,0.5088209,0.4447227,0.3539672,0.2435562,6
dolphin,0.7,eigenvector,3,0.0037322,0.5068035,0.3516468,0.4722517,0.1895964,5
dolphin,0.7,eigenvector,4,0.0037327,0.5068035,0.3516468,0.4722517,0.1895964,5
dolphin,0.8,eigenvector,0,0.0043805,0.5209248,0.4981502,0.5281046,0.3250803,5
dolphin,0.8,eigenvector,1,0.0041163,0.5061311,0.4419253,0.4272727,0.2726518,5
dolphin,0.8,eigenvector,2,0.0045893,0.5061311,0.4419253,0.4272727,0.2726518,5
dolphin,0.8,eigenvector,3,0.0038555,0.5179977,0.4950458,0.5064743,0.3158448,5
dolphin,0.8,eigenvector,4,0.0037315,0.5061311,0.4419253,0.4272727,0.2726518,5
dolphin,0.9,eigenvector,0,0.0044641,0.5155057,0.4928183,0.3231162,0.3176902,5
dolphin,0.9,eigenvector,1,0.0042574,0.5256517,0.5384297,0.332747,0.3604329,5
dolphin,0.9,eigenvector,2,0.0038407,0.5256517,0.5384297,0.332747,0.3604329,5
dolphin,0.9,eigenvector,3,0.0038991,0.5155057,0.4928183,0.3231162,0.3176902,5
dolphin,0.9,eigenvector,4,0.004204,0.5155057,0.4928183,0.3231162,0.3176902,5
dolphin,1.0,eigenvector,0,0.0006499,0.5277283,0.593211,0.3423077,0.3901613,5
dolphin,1.0,eigenvector,1,0.0004404,0.5195799,0.4742528,0.232084,0.2708499,6
dolphin,1.0,eigenvector,2,0.0004172,0.5267988,0.5714557,0.4301856,0.3939759,4
dolphin,1.0,eigenvector,3,0.0004983,0.5195799,0.4742528,0.232084,0.2708499,6
dolphin,1.0,eigenvector,4,0.0004187,0.5195799,0.4742528,0.232084,0.2708499,6
dolphin,0.0,betweenness,0,0.0005505,0.5129346,0.5458729,0.5662165,0.399713,4
dolphin,0.0,betweenness,1,0.0005388,0.4360389,0.6841146,0.9639954,0.6919762,3
dolphin,0.0,betweenness,2,0.0005662,0.4525731,0.7718091,0.6216216,0.6699105,3
dolphin,0.0,betweenness,3,0.0005481,0.5158617,0.4919353,0.3139596,0.3182539,6
dolphin,0.0,betweenness,4,0.0005364,0.4401131,0.6339431,0.5997131,0.6382246,4
dolphin,0.1,betweenness,0,0.0052083,0.4101697,0.5426009,0.7260101,0.5735365,4
dolphin,0.1,betweenness,1,0.0056603,0.5035204,0.519319,0.2501125,0.3295409,6
dolphin,0.1,betweenness,2,0.0053415,0.4951347,0.4755499,0.1952026,0.2495704,7
dolphin,0.1,betweenness,3,0.0048189,0.3354495,0.6982294,0.8064516,0.7897465,3
dolphin,0.1,betweenness,4,0.0049298,0.5035204,0.519319,0.2501125,0.3295409,6
dolphin,0.2,betweenness,0,0.005687,0.4268818,0.381673,0.2317949,0.2146961,7
dolphin,0.2,betweenness,1,0.0049808,0.4433764,0.358578,0.1931624,0.1717177,8
dolphin,0.2,betweenness,2,0.0052295,0.4281081,0.3810538,0.1673469,0.2147618,8
dolphin,0.2,betweenness,3,0.0047851,0.4064119,0.3646049,0.3442982,0.2555805,6
dolphin,0.2,betweenness,4,0.0049148,0.4433764,0.358578,0.1666667,0.1717177,8
dolphin,0.3,betweenness,0,0.005491,0.5042522,0.4838131,0.3524011,0.3290264,5
dolphin,0.3,betweenness,1,0.0050566,0.4860369,0.5311566,0.5069444,0.4081743,4
dolphin,0.3,betweenness,2,0.0052228,0.5051422,0.416574,0.3876448,0.2684135,5
dolphin,0.3,betweenness,3,0.0050678,0.5042522,0.4838131,0.3524011,0.3290264,5
dolphin,0.3,betweenness,4,0.0050926,0.4869269,0.4566695,0.5069444,0.3467452,4
dolphin,0.4,betweenness,0,0.0054929,0.5064475,0.466833,0.5756098,0.3189411,4
dolphin,0.4,betweenness,1,0.0056291,0.5064475,0.466833,0.4100065,0.3189411,4
dolphin,0.4,betweenness,2,0.0053127,0.5002373,0.4486276,0.4359327,0.3014083,5
dolphin,0.4,betweenness,3,0.0050261,0.503916,0.4799805,0.3538565,0.3149224,6
dolphin,0.4,betweenness,4,0.0050061,0.4630553,0.3989701,0.3922414,0.2341623,4
dolphin,0.5,betweenness,0,0.0055203,0.519659,0.6007808,0.3238866,0.3901613,5
dolphin,0.5,betweenness,1,0.0052667,0.519659,0.6007808,0.3238866,0.3901613,5
dolphin,0.5,betweenness,2,0.0051861,0.519659,0.6007808,0.3202582,0.3901613,5
dolphin,0.5,betweenness,3,0.005692,0.519659,0.6007808,0.3238866,0.3901613,5
dolphin,0.5,betweenness,4,0.005228,0.519659,0.6007808,0.3202582,0.3901613,5
dolphin,0.6,betweenness,0,0.0061257,0.5201535,0.6293432,0.4318489,0.4144163,4
dolphin,0.6,betweenness,1,0.0052454,0.517167,0.6442504,0.4457455,0.4482336,4
dolphin,0.6,betweenness,2,0.0054882,0.5201535,0.6293432,0.4318489,0.4144163,4
dolphin,0.6,betweenness,3,0.0053127,0.5201535,0.6293432,0.5942029,0.4144163,4
dolphin,0.6,betweenness,4,0.0054448,0.5201535,0.6293432,0.4318489,0.4144163,4
dolphin,0.7,betweenness,0,0.0059967,0.5132313,0.6007808,0.5124419,0.3901613,5
dolphin,0.7,betweenness,1,0.0056822,0.5211028,0.5829817,0.45,0.3669713,5
dolphin,0.7,betweenness,2,0.0055492,0.5211028,0.5829817,0.45,0.3669713,5
dolphin,0.7,betweenness,3,0.0056131,0.5128555,0.6292909,0.6056338,0.4144163,4
dolphin,0.7,betweenness,4,0.0054014,0.5211028,0.5829817,0.45,0.3669713,5
dolphin,0.8,betweenness,0,0.0064778,0.5247617,0.5839212,0.3302387,0.3697473,5
dolphin,0.8,betweenness,1,0.0060024,0.5247617,0.5839212,0.3302387,0.3697473,5
dolphin,0.8,betweenness,2,0.0056951,0.5247617,0.5839212,0.3302387,0.3697473,5
dolphin,0.8,betweenness,3,0.006067,0.5247617,0.5839212,0.3302387,0.3697473,5
dolphin,0.8,betweenness,4,0.0054758,0.5247617,0.5839212,0.3302387,0.3697473,5
dolphin,0.9,betweenness,0,0.006005,0.5195799,0.4742528,0.3247059,0.2708499,6
dolphin,0.9,betweenness,1,0.0055959,0.5277283,0.593211,0.3423077,0.3901613,5
dolphin,0.9,betweenness,2,0.0063376,0.5268581,0.5807615,0.3238866,0.3623488,5
dolphin,0.9,betweenness,3,0.0055547,0.5201139,0.4557962,0.4162162,0.2968695,5
dolphin,0.9,betweenness,4,0.0056095,0.5195799,0.4742528,0.3247059,0.2708499,6
dolphin,1.0,betweenness,0,0.0005488,0.5277283,0.593211,0.3423077,0.3901613,5
dolphin,1.0,betweenness,1,0.0004144,0.5195799,0.4742528,0.232084,0.2708499,6
dolphin,1.0,betweenness,2,0.0004165,0.5267988,0.5714557,0.4301856,0.3939759,4
dolphin,1.0,betweenness,3,0.0003898,0.5195799,0.4742528,0.232084,0.2708499,6
dolphin,1.0,betweenness,4,0.0004265,0.5195799,0.4742528,0.232084,0.2708499,6
dolphin,0.0,closeness,0,0.0004838,0.5129346,0.5458729,0.5662165,0.399713,4
dolphin,0.0,closeness,1,0.0005443,0.4360389,0.6841146,0.9639954,0.6919762,3
dolphin,0.0,closeness,2,0.0005643,0.4525731,0.7718091,0.6216216,0.6699105,3
dolphin,0.0,closeness,3,0.0005388,0.5158617,0.4919353,0.3139596,0.3182539,6
dolphin,0.0,closeness,4,0.000535,0.4401131,0.6339431,0.5997131,0.6382246,4
dolphin,0.1,closeness,0,0.0023773,0.4093588,0.5797109,0.4295666,0.587354,4
dolphin,0.1,closeness,1,0.0017254,0.4854436,0.444579,0.3492944,0.2905513,4
dolphin,0.1,closeness,2,0.0017262,0.5102844,0.42,0.2333001,0.2579541,6
dolphin,0.1,closeness,3,0.001703,0.5136466,0.4361059,0.2799601,0.2522618,5
dolphin,0.1,closeness,4,0.0016167,0.4920691,0.481596,0.3022059,0.3358201,5
dolphin,0.2,closeness,0,0.0020807,0.3772794,0.4899879,0.8784314,0.5470619,3
dolphin,0.2,closeness,1,0.0018392,0.3772794,0.4899879,0.8784314,0.5470619,3
dolphin,0.2,closeness,2,0.0018215,0.3772794,0.4899879,0.8784314,0.5470619,3
dolphin,0.2,closeness,3,0.0018742,0.3703374,0.4390638,0.8064516,0.5033299,3
dolphin,0.2,closeness,4,0.0019128,0.4777105,0.4091599,0.5309201,0.308763,4
dolphin,0.3,closeness,0,0.0024872,0.4861556,0.4175499,0.2744361,0.2606057,5
dolphin,0.3,closeness,1,0.0019045,0.4740121,0.4444075,0.6313514,0.3235709,4
dolphin,0.3,closeness,2,0.0019312,0.4818836,0.4448157,0.6457143,0.327128,4
dolphin,0.3,closeness,3,0.0019369,0.4014477,0.4587561,0.7785714,0.4182678,4
dolphin,0.3,closeness,4,0.0025773,0.4804003,0.4122263,0.2195489,0.2556466,6
dolphin,0.4,closeness,0,0.0022621,0.4937502,0.4224724,0.326087,0.2494639,6
dolphin,0.4,closeness,1,0.0020766,0.4856809,0.3558758,0.2635002,0.1869032,5
dolphin,0.4,closeness,2,0.0019028,0.4856809,0.3558758,0.383876,0.1869032,5
dolphin,0.4,closeness,3,0.0023682,0.4563308,0.3205333,0.3954802,0.1707353,4
dolphin,0.4,closeness,4,0.0020671,0.4563308,0.3205333,0.3954802,0.1707353,4
dolphin,0.5,closeness,0,0.0024569,0.5063091,0.4868594,0.4273392,0.2804719,5
dolphin,0.5,closeness,1,0.0020554,0.5121633,0.4971195,0.5897608,0.2950842,5
dolphin,0.5,closeness,2,0.0024815,0.5191646,0.5258666,0.7858092,0.3510497,4
dolphin,0.5,closeness,3,0.0020337,0.5063091,0.4868594,0.3604754,0.2804719,5
dolphin,0.5,closeness,4,0.0021737,0.4926031,0.5282298,0.3230378,0.275485,6
dolphin,0.6,closeness,0,0.0026076,0.5276097,0.5880272,0.4542254,0.379014,5
dolphin,0.6,closeness,1,0.002187,0.5147542,0.4963507,0.329253,0.3269299,5
dolphin,0.6,closeness,2,0.0021679,0.5276097,0.5880272,0.5621555,0.379014,5
dolphin,0.6,closeness,3,0.0022593,0.5128555,0.5323687,0.2967136,0.2872644,6
dolphin,0.6,closeness,4,0.0021966,0.5090977,0.4623848,0.2061633,0.2568729,6
dolphin,0.7,closeness,0,0.0026443,0.5128555,0.4963507,0.329253,0.3269299,5
dolphin,0.7,closeness,1,0.0022442,0.5128555,0.4963507,0.329253,0.3269299,5
dolphin,0.7,closeness,2,0.0021708,0.5128555,0.4963507,0.329253,0.3269299,5
dolphin,0.7,closeness,3,0.0023406,0.5128555,0.4963507,0.329253,0.3269299,5
dolphin,0.7,closeness,4,0.0023382,0.5128555,0.4963507,0.329253,0.3269299,5
dolphin,0.8,closeness,0,0.0026889,0.5273723,0.5864663,0.3302387,0.3734515,5
dolphin,0.8,closeness,1,0.0023286,0.5276097,0.5880272,0.3363755,0.379014,5
dolphin,0.8,closeness,2,0.0022705,0.5273723,0.5864663,0.3420127,0.3734515,5
dolphin,0.8,closeness,3,0.0022871,0.5155057,0.4928183,0.3231162,0.3176902,5
dolphin,0.8,closeness,4,0.0023713,0.5155057,0.4928183,0.3231162,0.3176902,5
dolphin,0.9,closeness,0,0.0029244,0.5211819,0.5326784,0.332747,0.3530155,5
dolphin,0.9,closeness,1,0.0023525,0.5273723,0.5864663,0.3302387,0.3734515,5
dolphin,0.9,closeness,2,0.0024197,0.5273723,0.5864663,0.3302387,0.3734515,5
dolphin,0.9,closeness,3,0.0023711,0.5155057,0.4928183,0.3231162,0.3176902,5
dolphin,0.9,closeness,4,0.0028038,0.5256517,0.5384297,0.332747,0.3604329,5
dolphin,1.0,closeness,0,0.0006151,0.5277283,0.593211,0.3423077,0.3901613,5
dolphin,1.0,closeness,1,0.0004168,0.5195799,0.4742528,0.232084,0.2708499,6
dolphin,1.0,closeness,2,0.000427,0.5267988,0.5714557,0.4301856,0.3939759,4
dolphin,1.0,closeness,3,0.000402,0.5195799,0.4742528,0.232084,0.2708499,6
dolphin,1.0,closeness,4,0.0004082,0.5195799,0.4742528,0.232084,0.2708499,6
football,0.0,pagerank,0,0.0014024,0.5612517,0.8170199,0.5896837,0.6270473,9
football,0.0,pagerank,1,0.0007408,0.5670132,0.8351636,0.5996479,0.6663092,10
football,0.0,pagerank,2,0.0007529,0.5972885,0.8795951,0.744293,0.7543705,10
football,0.0,pagerank,3,0.001328,0.6010514,0.8560827,0.671026,0.7070673,9
football,0.0,pagerank,4,0.0009475,0.4974958,0.6611325,0.29912,0.3332267,5
football,0.1,pagerank,0,0.0028069,0.5587848,0.8178346,0.5786758,0.6530647,9
football,0.1,pagerank,1,0.0020773,0.5706338,0.8182905,0.5665074,0.6181989,8
football,0.1,pagerank,2,0.0018961,0.5651225,0.8396971,0.5574421,0.6650338,9
football,0.1,pagerank,3,0.0018654,0.5715732,0.8500693,0.6551728,0.7163804,10
football,0.1,pagerank,4,0.0024393,0.5596177,0.8222922,0.6127092,0.6659078,9
football,0.2,pagerank,0,0.0025892,0.5511338,0.8140602,0.5286614,0.60706,9
football,0.2,pagerank,1,0.0019717,0.5569938,0.7675703,0.5156591,0.5309629,8
football,0.2,pagerank,2,0.0021687,0.558041,0.805448,0.5261933,0.5860784,9
football,0.2,pagerank,3,0.0020454,0.5517831,0.8186764,0.6030568,0.6170677,11
football,0.2,pagerank,4,0.0025041,0.5563884,0.8466105,0.7093614,0.7213664,11
football,0.3,pagerank,0,0.0024424,0.5722332,0.8092507,0.5576509,0.6471867,8
football,0.3,pagerank,1,0.0020828,0.5754386,0.8137113,0.552935,0.6622372,8
football,0.3,pagerank,2,0.0021052,0.5754386,0.8137113,0.552935,0.6622372,8
football,0.3,pagerank,3,0.002413,0.5722332,0.8092507,0.5576509,0.6471867,8
football,0.3,pagerank,4,0.0027008,0.5754386,0.8137113,0.552935,0.6622372,8
football,0.4,pagerank,0,0.0027804,0.5220694,0.7407533,0.3984668,0.4326852,6
football,0.4,pagerank,1,0.0022955,0.5238697,0.7429773,0.3954806,0.4360042,6
football,0.4,pagerank,2,0.0022743,0.5461294,0.784546,0.4783931,0.5539645,7
football,0.4,pagerank,3,0.0024085,0.5350202,0.7662079,0.4900266,0.4586255,7
football,0.4,pagerank,4,0.0024362,0.5238697,0.7429773,0.3954806,0.4360042,6
football,0.5,pagerank,0,0.0028329,0.5325373,0.727173,0.3894975,0.4211816,6
football,0.5,pagerank,1,0.0031633,0.5493947,0.777917,0.4833399,0.5056575,7
football,0.5,pagerank,2,0.0024924,0.5418342,0.7776069,0.4846718,0.4962568,7
football,0.5,pagerank,3,0.002584,0.5325373,0.727173,0.3894975,0.4211816,6
football,0.5,pagerank,4,0.0025489,0.5361379,0.7292634,0.3887005,0.4435883,6
football,0.6,pagerank,0,0.0031664,0.5759948,0.8259176,0.5816931,0.6526921,8
football,0.6,pagerank,1,0.0028756,0.5777299,0.8285488,0.5857135,0.6490388,8
football,0.6,pagerank,2,0.0030606,0.5759948,0.8259176,0.5816931,0.6526921,8
football,0.6,pagerank,3,0.0026889,0.5759948,0.8259176,0.5816931,0.6526921,8
football,0.6,pagerank,4,0.0028498,0.5827929,0.8248135,0.5703123,0.663237,8
football,0.7,pagerank,0,0.0039277,0.5912422,0.8699354,0.6730445,0.7281873,9
football,0.7,pagerank,1,0.0032809,0.5951609,0.8447214,0.6662134,0.7283928,9
football,0.7,pagerank,2,0.0032144,0.5924943,0.8477878,0.6640257,0.7335784,9
football,0.7,pagerank,3,0.0037377,0.59785,0.8735574,0.6772003,0.7502972,9
football,0.7,pagerank,4,0.0057535,0.5924943,0.8477878,0.6640257,0.7335784,9
football,0.8,pagerank,0,0.0056014,0.5892729,0.8374227,0.5823102,0.6496014,8
football,0.8,pagerank,1,0.004837,0.5891292,0.8374227,0.5797715,0.6496014,8
football,0.8,pagerank,2,0.0046709,0.5892729,0.8374227,0.5823102,0.6496014,8
football,0.8,pagerank,3,0.0041945,0.5892729,0.8374227,0.5823102,0.6496014,8
football,0.8,pagerank,4,0.0035889,0.5892729,0.8374227,0.5823102,0.6496014,8
football,0.9,pagerank,0,0.004288,0.5967895,0.8558329,0.6728605,0.7370068,9
football,0.9,pagerank,1,0.0037663,0.5967895,0.8558329,0.6728605,0.7370068,9
football,0.9,pagerank,2,0.0043623,0.5967895,0.8558329,0.6728605,0.7370068,9
football,0.9,pagerank,3,0.003967,0.5967895,0.8558329,0.6728605,0.7370068,9
football,0.9,pagerank,4,0.0037992,0.5967895,0.8558329,0.6728605,0.7370068,9
football,1.0,pagerank,0,0.0009418,0.6045696,0.8903166,0.7659458,0.8069409,10
football,1.0,pagerank,1,0.0007756,0.6045696,0.8903166,0.7659458,0.8069409,10
football,1.0,pagerank,2,0.0007327,0.6045696,0.8903166,0.7659458,0.8069409,10
football,1.0,pagerank,3,0.0007572,0.6045696,0.8903166,0.7659458,0.8069409,10
football,1.0,pagerank,4,0.0007286,0.6045696,0.8903166,0.7659458,0.8069409,10
football,0.0,degree,0,0.0013347,0.5612517,0.8170199,0.5896837,0.6270473,9
football,0.0,degree,1,0.0007455,0.5670132,0.8351636,0.5996479,0.6663092,10
football,0.0,degree,2,0.0007453,0.5972885,0.8795951,0.744293,0.7543705,10
football,0.0,degree,3,0.0011861,0.6010514,0.8560827,0.671026,0.7070673,9
football,0.0,degree,4,0.0009503,0.4974958,0.6611325,0.29912,0.3332267,5
football,0.1,degree,0,0.0017674,0.5621406,0.8178346,0.5786758,0.6530647,9
football,0.1,degree,1,0.0012145,0.5792322,0.8453787,0.6609449,0.6989416,9
football,0.1,degree,2,0.0010469,0.5651225,0.8396971,0.5574421,0.6650338,9
football,0.1,degree,3,0.0011165,0.5448267,0.8233594,0.5495056,0.6259509,10
football,0.1,degree,4,0.0012219,0.5522196,0.7868309,0.52313,0.5715767,8
football,0.2,degree,0,0.0017014,0.4616174,0.6840458,0.4009216,0.2932714,6
football,0.2,degree,1,0.0016761,0.5095351,0.7550389,0.4825446,0.4190564,8
football,0.2,degree,2,0.0013328,0.4836908,0.7093777,0.474578,0.3364979,7
football,0.2,degree,3,0.0011532,0.5341513,0.7318975,0.4418808,0.4563086,7
football,0.2,degree,4,0.0013082,0.512018,0.7843478,0.572657,0.4551753,9
football,0.3,degree,0,0.0019016,0.5606436,0.7131422,0.3575136,0.4875779,6
football,0.3,degree,1,0.001451,0.5627061,0.7913686,0.5657242,0.5659478,8
football,0.3,degree,2,0.0016756,0.5527611,0.7182104,0.362853,0.4743728,6
football,0.3,degree,3,0.0016425,0.545685,0.8212813,0.6538258,0.6005947,9
football,0.3,degree,4,0.0015292,0.5360833,0.7825306,0.5485068,0.5850649,8
football,0.4,degree,0,0.0020452,0.5107127,0.6900301,0.4516259,0.3618537,7
football,0.4,degree,1,0.001904,0.5095072,0.6968172,0.4008716,0.3807672,6
football,0.4,degree,2,0.0018227,0.5287291,0.6817588,0.3883124,0.3843493,6
football,0.4,degree,3,0.0017579,0.5671463,0.8324097,0.6500172,0.6958243,9
football,0.4,degree,4,0.0016203,0.5491259,0.8039006,0.6156728,0.6164385,9
football,0.5,degree,0,0.0024798,0.5635151,0.8143411,0.5744566,0.5923122,8
football,0.5,degree,1,0.0023785,0.5635151,0.8143411,0.5744566,0.5923122,8
football,0.5,degree,2,0.0019169,0.5470475,0.7458913,0.4913152,0.484823,7
football,0.5,degree,3,0.0019445,0.5635151,0.8143411,0.5744566,0.5923122,8
football,0.5,degree,4,0.0021641,0.5469983,0.7708557,0.4899721,0.5086144,7
football,0.6,degree,0,0.0025122,0.5752816,0.8115629,0.5856836,0.5835862,8
football,0.6,degree,1,0.0021729,0.572836,0.8020569,0.582224,0.5787424,8
football,0.6,degree,2,0.0021293,0.5653633,0.7894039,0.5876887,0.5424927,8
football,0.6,degree,3,0.002516,0.5751193,0.8316114,0.5894338,0.5855213,8
football,0.6,degree,4,0.0022569,0.5710703,0.8019184,0.5935088,0.5404681,8
football,0.7,degree,0,0.0028973,0.5707988,0.7987972,0.5793766,0.5820356,8
football,0.7,degree,1,0.0024493,0.5707988,0.7987972,0.5793766,0.5820356,8
football,0.7,degree,2,0.0024016,0.5707988,0.7987972,0.5793766,0.5820356,8
football,0.7,degree,3,0.0024118,0.5680631,0.7991459,0.5933333,0.5389716,8
football,0.7,degree,4,0.0023935,0.5736117,0.7957041,0.5813607,0.5786509,8
football,0.8,degree,0,0.0033755,0.5937158,0.8651914,0.6774567,0.7412759,9
football,0.8,degree,1,0.0026875,0.5937158,0.8651914,0.6774567,0.7412759,9
football,0.8,degree,2,0.0032566,0.5937158,0.8651914,0.6774567,0.7412759,9
football,0.8,degree,3,0.0027609,0.5937158,0.8651914,0.6774567,0.7412759,9
football,0.8,degree,4,0.0026424,0.5937158,0.8651914,0.6774567,0.7412759,9
football,0.9,degree,0,0.0035839,0.592839,0.8734214,0.6788776,0.7427874,9
football,0.9,degree,1,0.0034544,0.592839,0.8734214,0.6788776,0.7427874,9
football,0.9,degree,2,0.0030398,0.592839,0.8734214,0.6788776,0.7427874,9
football,0.9,degree,3,0.0032029,0.592839,0.8734214,0.6788776,0.7427874,9
football,0.9,degree,4,0.0031447,0.5916214,0.8588178,0.6712389,0.7508687,9
football,1.0,degree,0,0.0010862,0.6045696,0.8903166,0.7659458,0.8069409,10
football,1.0,degree,1,0.0007904,0.6045696,0.8903166,0.7659458,0.8069409,10
football,1.0,degree,2,0.0008199,0.6045696,0.8903166,0.7659458,0.8069409,10
football,1.0,degree,3,0.0009215,0.6045696,0.8903166,0.7659458,0.8069409,10
football,1.0,degree,4,0.0007584,0.6045696,0.8903166,0.7659458,0.8069409,10
football,0.0,eigenvector,0,0.0012686,0.5612517,0.8170199,0.5896837,0.6270473,9
football,0.0,eigenvector,1,0.0007436,0.5670132,0.8351636,0.5996479,0.6663092,10
football,0.0,eigenvector,2,0.0007517,0.5972885,0.8795951,0.744293,0.7543705,10
football,0.0,eigenvector,3,0.0011928,0.6010514,0.8560827,0.671026,0.7070673,9
football,0.0,eigenvector,4,0.0009546,0.4974958,0.6611325,0.29912,0.3332267,5
football,0.1,eigenvector,0,0.0086324,0.5506388,0.7850495,0.550371,0.5603626,8
football,0.1,eigenvector,1,0.0092247,0.5652582,0.8182627,0.5502081,0.6294199,8
football,0.1,eigenvector,2,0.0088675,0.563382,0.8013899,0.5445664,0.602684,8
football,0.1,eigenvector,3,0.0086174,0.5319545,0.773226,0.5758778,0.5289584,9
football,0.1,eigenvector,4,0.0088131,0.5518084,0.7960945,0.5487993,0.5846406,8
football,0.2,eigenvector,0,0.0089426,0.5822899,0.8283736,0.5695971,0.6802893,8
football,0.2,eigenvector,1,0.0089853,0.5711714,0.7992018,0.5593706,0.6120416,8
football,0.2,eigenvector,2,0.008918,0.574446,0.814041,0.6138674,0.6334385,9
football,0.2,eigenvector,3,0.0087287,0.5740694,0.7739028,0.4616896,0.5529002,7
football,0.2,eigenvector,4,0.0090756,0.5702825,0.7662604,0.478432,0.4992586,7
football,0.3,eigenvector,0,0.0098917,0.5514518,0.7561116,0.4718996,0.4600758,7
football,0.3,eigenvector,1,0.0086939,0.5236608,0.7515531,0.4423277,0.4302925,7
football,0.3,eigenvector,2,0.0089188,0.5390905,0.7365049,0.4574248,0.4622325,7
football,0.3,eigenvector,3,0.0090365,0.5549912,0.8233021,0.5450892,0.6144576,9
football,0.3,eigenvector,4,0.0093069,0.5172792,0.6759162,0.3697696,0.3743643,6
football,0.4,eigenvector,0,0.0100205,0.5568461,0.775396,0.4784654,0.4985722,7
football,0.4,eigenvector,1,0.0099339,0.5859025,0.8244828,0.5660981,0.6626556,8
football,0.4,eigenvector,2,0.0097046,0.5873928,0.8241433,0.5689169,0.6421625,8
football,0.4,eigenvector,3,0.0096717,0.5774665,0.7827409,0.4609393,0.5764786,7
football,0.4,eigenvector,4,0.0094824,0.5813492,0.779701,0.4600113,0.5667445,7
football,0.5,eigenvector,0,0.0101862,0.5686206,0.8196114,0.5800977,0.6209928,8
football,0.5,eigenvector,1,0.0094404,0.5733802,0.8001225,0.475296,0.5820722,7
football,0.5,eigenvector,2,0.0094273,0.5631558,0.8211817,0.6247928,0.6587474,9
football,0.5,eigenvector,3,0.0097935,0.5863123,0.8654239,0.6599206,0.7404993,9
football,0.5,eigenvector,4,0.009779,0.5604241,0.845525,0.6377689,0.6888332,10
football,0.6,eigenvector,0,0.0104618,0.5808462,0.8083906,0.5695088,0.6293683,8
football,0.6,eigenvector,1,0.0098372,0.5819147,0.8332069,0.5849155,0.6383071,8
football,0.6,eigenvector,2,0.0100176,0.5840583,0.808088,0.558867,0.6326251,8
football,0.6,eigenvector,3,0.0100589,0.5428894,0.7698027,0.5778485,0.5561006,9
football,0.6,eigenvector,4,0.0101273,0.5783673,0.8260897,0.5776332,0.6086792,8
football,0.7,eigenvector,0,0.0100865,0.5605252,0.7748551,0.4865755,0.5207723,7
football,0.7,eigenvector,1,0.0105839,0.5462585,0.7595845,0.4703024,0.4867177,7
football,0.7,eigenvector,2,0.0098639,0.5462585,0.7595845,0.4703024,0.4867177,7
football,0.7,eigenvector,3,0.009798,0.5555182,0.7878188,0.4948798,0.5068939,7
football,0.7,eigenvector,4,0.0102503,0.5545428,0.7622019,0.4965377,0.4807865,7
football,0.8,eigenvector,0,0.0107734,0.581747,0.8277328,0.5834101,0.5993141,8
football,0.8,eigenvector,1,0.0108221,0.581747,0.8277328,0.5834101,0.5993141,8
football,0.8,eigenvector,2,0.0098774,0.581747,0.8277328,0.5834101,0.5993141,8
football,0.8,eigenvector,3,0.010042,0.581747,0.8277328,0.5834101,0.5993141,8
football,0.8,eigenvector,4,0.0100238,0.581747,0.8277328,0.5834101,0.5993141,8
football,0.9,eigenvector,0,0.0106106,0.6021452,0.8961265,0.7729315,0.8247532,10
football,0.9,eigenvector,1,0.0113649,0.6021452,0.8961265,0.7729315,0.8247532,10
football,0.9,eigenvector,2,0.0102816,0.6021452,0.8961265,0.7729315,0.8247532,10
football,0.9,eigenvector,3,0.0103779,0.6021452,0.8961265,0.7729315,0.8247532,10
football,0.9,eigenvector,4,0.0106771,0.6021452,0.8961265,0.7729315,0.8247532,10
football,1.0,eigenvector,0,0.0007575,0.6045696,0.8903166,0.7659458,0.8069409,10
football,1.0,eigenvector,1,0.000761,0.6045696,0.8903166,0.7659458,0.8069409,10
football,1.0,eigenvector,2,0.0010059,0.6045696,0.8903166,0.7659458,0.8069409,10
football,1.0,eigenvector,3,0.0007586,0.6045696,0.8903166,0.7659458,0.8069409,10
football,1.0,eigenvector,4,0.0007331,0.6045696,0.8903166,0.7659458,0.8069409,10
football,0.0,betweenness,0,0.001359,0.5612517,0.8170199,0.5896837,0.6270473,9
football,0.0,betweenness,1,0.0007451,0.5670132,0.8351636,0.5996479,0.6663092,10
football,0.0,betweenness,2,0.0010474,0.5972885,0.8795951,0.744293,0.7543705,10
football,0.0,betweenness,3,0.0011919,0.6010514,0.8560827,0.671026,0.7070673,9
football,0.0,betweenness,4,0.0009613,0.4974958,0.6611325,0.29912,0.3332267,5
football,0.1,betweenness,0,0.022722,0.5392994,0.7947421,0.5888057,0.5896464,10
football,0.1,betweenness,1,0.0219588,0.5039279,0.8163261,0.6461591,0.6387405,15
football,0.1,betweenness,2,0.0218818,0.5372676,0.8336983,0.6546458,0.6616766,11
football,0.1,betweenness,3,0.0213959,0.4820209,0.7555721,0.4281554,0.5307839,13
football,0.1,betweenness,4,0.022398,0.5404051,0.8209925,0.6452989,0.6590015,12
football,0.2,betweenness,0,0.0221932,0.4647536,0.7105444,0.5307058,0.3756065,9
football,0.2,betweenness,1,0.0224159,0.4587113,0.6654479,0.3582059,0.3621006,7
football,0.2,betweenness,2,0.0222993,0.475924,0.7045545,0.450238,0.421878,8
football,0.2,betweenness,3,0.0215824,0.490759,0.7403528,0.4826779,0.5023388,9
football,0.2,betweenness,4,0.0216343,0.437399,0.6668112,0.4126258,0.3305884,8
football,0.3,betweenness,0,0.0222163,0.5097879,0.717671,0.3512345,0.4937158,6
football,0.3,betweenness,1,0.0220351,0.5057868,0.7395362,0.3939764,0.5096103,7
football,0.3,betweenness,2,0.0220819,0.5331068,0.747228,0.3614116,0.5163406,6
football,0.3,betweenness,3,0.0219913,0.5050031,0.7457364,0.4785095,0.5065304,8
football,0.3,betweenness,4,0.0219784,0.4949331,0.7302011,0.371677,0.4661527,6
football,0.4,betweenness,0,0.0224972,0.4971977,0.6623659,0.2753589,0.3997477,5
football,0.4,betweenness,1,0.0220697,0.50813,0.686396,0.2898147,0.415377,5
football,0.4,betweenness,2,0.0231564,0.50813,0.686396,0.2898147,0.415377,5
football,0.4,betweenness,3,0.0222321,0.5021875,0.6918114,0.3443775,0.4262354,6
football,0.4,betweenness,4,0.0221522,0.5096429,0.7217665,0.3660194,0.4775276,6
football,0.5,betweenness,0,0.0228629,0.5477887,0.7436404,0.3720779,0.4957364,6
football,0.5,betweenness,1,0.0218489,0.5477887,0.7436404,0.3720779,0.4957364,6
football,0.5,betweenness,2,0.0220604,0.5477887,0.7436404,0.3720779,0.4957364,6
football,0.5,betweenness,3,0.0223262,0.5631731,0.81399,0.5488003,0.5910349,8
football,0.5,betweenness,4,0.0220177,0.5477887,0.7436404,0.3720779,0.4957364,6
football,0.6,betweenness,0,0.0234549,0.559796,0.7855083,0.4657443,0.5530942,7
football,0.6,betweenness,1,0.0229881,0.559796,0.7855083,0.4657443,0.5530942,7
football,0.6,betweenness,2,0.0225046,0.559796,0.7855083,0.4657443,0.5530942,7
football,0.6,betweenness,3,0.0225971,0.559796,0.7855083,0.4657443,0.5530942,7
football,0.6,betweenness,4,0.0225408,0.559796,0.7855083,0.4657443,0.5530942,7
football,0.7,betweenness,0,0.0223391,0.5641391,0.7741423,0.4531924,0.5445343,7
football,0.7,betweenness,1,0.0225456,0.5641391,0.7741423,0.4531924,0.5445343,7
football,0.7,betweenness,2,0.0225606,0.5641391,0.7741423,0.4531924,0.5445343,7
football,0.7,betweenness,3,0.0227542,0.5641391,0.7741423,0.4531924,0.5445343,7
football,0.7,betweenness,4,0.0227435,0.5641391,0.7741423,0.4531924,0.5445343,7
football,0.8,betweenness,0,0.0232728,0.6045696,0.8903166,0.7659458,0.8069409,10
football,0.8,betweenness,1,0.024318,0.6045696,0.8903166,0.7659458,0.8069409,10
football,0.8,betweenness,2,0.0229857,0.6045696,0.8903166,0.7659458,0.8069409,10
football,0.8,betweenness,3,0.023309,0.6045696,0.8903166,0.7659458,0.8069409,10
football,0.8,betweenness,4,0.0230687,0.5883428,0.8514437,0.6607793,0.7098716,9
football,0.9,betweenness,0,0.0231686,0.5976557,0.8649554,0.6680831,0.7487134,9
football,0.9,betweenness,1,0.0236938,0.5976557,0.8649554,0.6680831,0.7487134,9
football,0.9,betweenness,2,0.0230687,0.5976557,0.8649554,0.6680831,0.7487134,9
football,0.9,betweenness,3,0.0231431,0.5976557,0.8649554,0.6680831,0.7487134,9
football,0.9,betweenness,4,0.0231564,0.5976557,0.8649554,0.6680831,0.7487134,9
football,1.0,betweenness,0,0.0009649,0.6045696,0.8903166,0.7659458,0.8069409,10
football,1.0,betweenness,1,0.000752,0.6045696,0.8903166,0.7659458,0.8069409,10
football,1.0,betweenness,2,0.0007312,0.6045696,0.8903166,0.7659458,0.8069409,10
football,1.0,betweenness,3,0.000829,0.6045696,0.8903166,0.7659458,0.8069409,10
football,1.0,betweenness,4,0.0007279,0.6045696,0.8903166,0.7659458,0.8069409,10
football,0.0,closeness,0,0.0013173,0.5612517,0.8170199,0.5896837,0.6270473,9
football,0.0,closeness,1,0.0007474,0.5670132,0.8351636,0.5996479,0.6663092,10
football,0.0,closeness,2,0.0007305,0.5972885,0.8795951,0.744293,0.7543705,10
football,0.0,closeness,3,0.0011966,0.6010514,0.8560827,0.671026,0.7070673,9
football,0.0,closeness,4,0.000952,0.4974958,0.6611325,0.29912,0.3332267,5
football,0.1,closeness,0,0.0051377,0.5345252,0.8744092,0.7452216,0.7860292,15
football,0.1,closeness,1,0.0053422,0.5093475,0.788017,0.5665438,0.5754575,12
football,0.1,closeness,2,0.0045338,0.5524724,0.8484009,0.7134875,0.7231588,12
football,0.1,closeness,3,0.0046849,0.5355152,0.8122537,0.6203958,0.602684,10
football,0.1,closeness,4,0.0047801,0.5480694,0.8092596,0.6133287,0.6445835,10
football,0.2,closeness,0,0.0052364,0.5427204,0.8549242,0.6235643,0.7302497,9
football,0.2,closeness,1,0.0048769,0.527006,0.7645975,0.4394383,0.5245733,7
football,0.2,closeness,2,0.0055392,0.4984405,0.6749104,0.3336364,0.4098883,6
football,0.2,closeness,3,0.0046327,0.5454135,0.8027245,0.5217925,0.6047435,8
football,0.2,closeness,4,0.0047719,0.4957221,0.7203746,0.4484196,0.4333956,8
football,0.3,closeness,0,0.0055504,0.5503581,0.7973275,0.4689437,0.5686875,7
football,0.3,closeness,1,0.0054049,0.5298614,0.7417531,0.3676738,0.4862317,6
football,0.3,closeness,2,0.0055711,0.4860047,0.6802037,0.3405454,0.3737831,6
football,0.3,closeness,3,0.0050054,0.5271151,0.7222802,0.3710525,0.4637085,6
football,0.3,closeness,4,0.0053766,0.5503581,0.7973275,0.4689437,0.5686875,7
football,0.4,closeness,0,0.0057015,0.5220162,0.7075683,0.3774655,0.4589477,6
football,0.4,closeness,1,0.0052657,0.5394311,0.77147,0.5172931,0.5590481,8
football,0.4,closeness,2,0.0052311,0.5353382,0.7516773,0.4694997,0.5310224,7
football,0.4,closeness,3,0.0053318,0.5137531,0.7138862,0.4414452,0.4596735,7
football,0.4,closeness,4,0.0053332,0.5353382,0.7516773,0.4694997,0.5310224,7
football,0.5,closeness,0,0.0063777,0.5058493,0.6954627,0.4231809,0.4676168,7
football,0.5,closeness,1,0.0057724,0.5374366,0.7469275,0.5069523,0.5638322,8
football,0.5,closeness,2,0.0058322,0.495798,0.6660851,0.3349091,0.4111881,6
football,0.5,closeness,3,0.0055389,0.5041036,0.6773771,0.2767285,0.4114921,5
football,0.5,closeness,4,0.0054166,0.5267491,0.7202129,0.3610635,0.4693296,6
football,0.6,closeness,0,0.0060561,0.581284,0.8245808,0.5638133,0.6482832,8
football,0.6,closeness,1,0.0057018,0.5433272,0.7806082,0.5204039,0.5579387,8
football,0.6,closeness,2,0.0057325,0.5406313,0.7756151,0.5251674,0.5349617,8
football,0.6,closeness,3,0.005934,0.581284,0.8245808,0.5638133,0.6482832,8
football,0.6,closeness,4,0.0059068,0.581284,0.8245808,0.5638133,0.6482832,8
football,0.7,closeness,0,0.007205,0.5856537,0.8395145,0.6289824,0.6861077,9
football,0.7,closeness,1,0.0057325,0.5920672,0.8760822,0.7385062,0.764077,10
football,0.7,closeness,2,0.0060639,0.5920672,0.8760822,0.7385062,0.764077,10
football,0.7,closeness,3,0.0057294,0.579509,0.8694661,0.665374,0.7385874,10
football,0.7,closeness,4,0.0057912,0.5920672,0.8760822,0.7385062,0.764077,10
football,0.8,closeness,0,0.0066254,0.5709532,0.8103105,0.5585356,0.5850577,8
football,0.8,closeness,1,0.0068798,0.5709532,0.8103105,0.5585356,0.5850577,8
football,0.8,closeness,2,0.0063155,0.5709532,0.8103105,0.5585356,0.5850577,8
football,0.8,closeness,3,0.0062268,0.5709532,0.8103105,0.5585356,0.5850577,8
football,0.8,closeness,4,0.0062909,0.5709532,0.8103105,0.5585356,0.5850577,8
football,0.9,closeness,0,0.0079679,0.5976557,0.8649554,0.6680831,0.7487134,9
football,0.9,closeness,1,0.0067716,0.5976557,0.8649554,0.6680831,0.7487134,9
football,0.9,closeness,2,0.006942,0.5977968,0.8628772,0.6699083,0.7403537,9
football,0.9,closeness,3,0.0067172,0.5976557,0.8649554,0.6680831,0.7487134,9
football,0.9,closeness,4,0.0067625,0.5976557,0.8649554,0.6680831,0.7487134,9
football,1.0,closeness,0,0.0009294,0.6045696,0.8903166,0.7659458,0.8069409,10
football,1.0,closeness,1,0.0007648,0.6045696,0.8903166,0.7659458,0.8069409,10
football,1.0,closeness,2,0.0007398,0.6045696,0.8903166,0.7659458,0.8069409,10
football,1.0,closeness,3,0.0007434,0.6045696,0.8903166,0.7659458,0.8069409,10
football,1.0,closeness,4,0.000721,0.6045696,0.8903166,0.7659458,0.8069409,10
mexican,0.0,pagerank,0,0.0003626,0.2633867,0.2367626,0.773358,0.3357711,2
mexican,0.0,pagerank,1,0.0003901,0.1551246,0.0831292,0.6260684,0.1336735,2
mexican,0.0,pagerank,2,0.0002661,0.2064431,0.1791649,0.72,0.2592849,2
mexican,0.0,pagerank,3,0.0002108,0.2064431,0.1791649,0.72,0.2592849,2
mexican,0.0,pagerank,4,0.0002689,0.2633867,0.2367626,0.773358,0.3357711,2
mexican,0.1,pagerank,0,0.0014198,0.1551246,0.0831292,0.6260684,0.1336735,2
mexican,0.1,pagerank,1,0.0009682,0.0,0.0,0.3965517,0.0,1
mexican,0.1,pagerank,2,0.0010815,0.2064431,0.1791649,0.72,0.2592849,2
mexican,0.1,pagerank,3,0.0009527,0.1551246,0.0831292,0.6260684,0.1336735,2
mexican,0.1,pagerank,4,0.00087,0.1551246,0.0831292,0.6260684,0.1336735,2
mexican,0.2,pagerank,0,0.0013444,0.2359194,0.1700079,0.4493007,0.0356348,3
mexican,0.2,pagerank,1,0.0010297,0.1981883,0.1824424,0.6195652,0.1282739,3
mexican,0.2,pagerank,2,0.0009887,0.1546862,0.1914016,0.5657568,-0.028771,2
mexican,0.2,pagerank,3,0.000952,0.2627292,0.2132161,0.5238095,0.1011086,3
mexican,0.2,pagerank,4,0.0010636,0.2359194,0.1700079,0.4493007,0.0356348,3
mexican,0.3,pagerank,0,0.0013196,0.3243115,0.1825893,0.5700246,0.1480902,3
mexican,0.3,pagerank,1,0.001013,0.3223391,0.2824919,0.6857143,0.1989981,3
mexican,0.3,pagerank,2,0.000994,0.2887355,0.2307778,0.40553,0.0973749,4
mexican,0.3,pagerank,3,0.0009897,0.3332968,0.1943181,0.4360784,0.1519692,3
mexican,0.3,pagerank,4,0.0010211,0.3203667,0.2572425,0.5424837,0.1503609,3
mexican,0.4,pagerank,0,0.0015149,0.3479801,0.2318253,0.8097826,0.2303653,3
mexican,0.4,pagerank,1,0.0011656,0.2890277,0.2572425,0.788975,0.1503609,3
mexican,0.4,pagerank,2,0.0010598,0.2890277,0.2572425,0.788975,0.1503609,3
mexican,0.4,pagerank,3,0.0010636,0.2890277,0.2572425,0.788975,0.1503609,3
mexican,0.4,pagerank,4,0.00104,0.2890277,0.2572425,0.788975,0.1503609,3
mexican,0.5,pagerank,0,0.0014906,0.3430857,0.1786628,0.6236559,0.1588062,3
mexican,0.5,pagerank,1,0.0012887,0.3430857,0.1786628,0.773358,0.1588062,3
mexican,0.5,pagerank,2,0.0011067,0.3430857,0.1786628,0.773358,0.1588062,3
mexican,0.5,pagerank,3,0.0011334,0.3166411,0.2813597,0.5716783,0.2059404,3
mexican,0.5,pagerank,4,0.0011368,0.3430857,0.1786628,0.6236559,0.1588062,3
mexican,0.6,pagerank,0,0.0015633,0.3430857,0.1786628,0.773358,0.1588062,3
mexican,0.6,pagerank,1,0.0014369,0.3430857,0.1786628,0.773358,0.1588062,3
mexican,0.6,pagerank,2,0.001195,0.3430857,0.1786628,0.773358,0.1588062,3
mexican,0.6,pagerank,3,0.0011864,0.3430857,0.1786628,0.773358,0.1588062,3
mexican,0.6,pagerank,4,0.0012095,0.3430857,0.1786628,0.773358,0.1588062,3
mexican,0.7,pagerank,0,0.0017071,0.3442545,0.2288401,0.8097826,0.2121292,3
mexican,0.7,pagerank,1,0.0012641,0.3430857,0.1786628,0.773358,0.1588062,3
mexican,0.7,pagerank,2,0.0012655,0.3442545,0.2288401,0.8097826,0.2121292,3
mexican,0.7,pagerank,3,0.001677,0.3181752,0.1770816,0.3596674,0.0578246,4
mexican,0.7,pagerank,4,0.0012579,0.3442545,0.2288401,0.8097826,0.2121292,3
mexican,0.8,pagerank,0,0.0019832,0.3430857,0.1786628,0.773358,0.1588062,3
mexican,0.8,pagerank,1,0.0013611,0.351304,0.2288401,0.8097826,0.2121292,3
mexican,0.8,pagerank,2,0.0019352,0.3430857,0.1786628,0.773358,0.1588062,3
mexican,0.8,pagerank,3,0.0013561,0.3430857,0.1786628,0.773358,0.1588062,3
mexican,0.8,pagerank,4,0.0014482,0.3430857,0.1786628,0.773358,0.1588062,3
mexican,0.9,pagerank,0,0.0018027,0.3575499,0.227582,0.8097826,0.2001366,3
mexican,0.9,pagerank,1,0.0013959,0.3575499,0.227582,0.8097826,0.2001366,3
mexican,0.9,pagerank,2,0.0016274,0.3432683,0.1573074,0.4652174,0.0967435,4
mexican,0.9,pagerank,3,0.0014305,0.3575499,0.227582,0.8097826,0.2001366,3
mexican,0.9,pagerank,4,0.001395,0.3411864,0.1846853,0.5017253,0.152639,4
mexican,1.0,pagerank,0,0.0004725,0.3595222,0.2601049,0.542351,0.2100614,4
mexican,1.0,pagerank,1,0.0003037,0.3536051,0.2220654,0.8011364,0.1986178,3
mexican,1.0,pagerank,2,0.0004766,0.3514135,0.2153116,0.5177866,0.1517059,4
mexican,1.0,pagerank,3,0.0002971,0.3595222,0.2601049,0.542351,0.2100614,4
mexican,1.0,pagerank,4,0.0002794,0.3422821,0.2342804,0.5108696,0.167968,4
mexican,0.0,degree,0,0.0003536,0.2633867,0.2367626,0.773358,0.3357711,2
mexican,0.0,degree,1,0.0003893,0.1551246,0.0831292,0.6260684,0.1336735,2
mexican,0.0,degree,2,0.0002649,0.2064431,0.1791649,0.72,0.2592849,2
mexican,0.0,degree,3,0.000211,0.2064431,0.1791649,0.72,0.2592849,2
mexican,0.0,degree,4,0.0002694,0.2633867,0.2367626,0.773358,0.3357711,2
mexican,0.1,degree,0,0.0006583,0.1551246,0.0831292,0.6260684,0.1336735,2
mexican,0.1,degree,1,0.000392,0.0,0.0,0.3965517,0.0,1
mexican,0.1,degree,2,0.0002897,0.2064431,0.1791649,0.72,0.2592849,2
mexican,0.1,degree,3,0.0003409,0.1551246,0.0831292,0.6260684,0.1336735,2
mexican,0.1,degree,4,0.000334,0.1551246,0.0831292,0.6260684,0.1336735,2
mexican,0.2,degree,0,0.0004191,0.2359194,0.1700079,0.4493007,0.0356348,3
mexican,0.2,degree,1,0.0004613,0.1981883,0.1824424,0.6195652,0.1282739,3
mexican,0.2,degree,2,0.0004108,0.1546862,0.1914016,0.5657568,-0.028771,2
mexican,0.2,degree,3,0.0004246,0.2627292,0.2132161,0.5238095,0.1011086,3
mexican,0.2,degree,4,0.0004594,0.2359194,0.1700079,0.4493007,0.0356348,3
mexican,0.3,degree,0,0.000649,0.3243115,0.1825893,0.5700246,0.1480902,3
mexican,0.3,degree,1,0.0004573,0.3223391,0.2824919,0.6857143,0.1989981,3
mexican,0.3,degree,2,0.0004532,0.2887355,0.2307778,0.40553,0.0973749,4
mexican,0.3,degree,3,0.0004542,0.3332968,0.1943181,0.4360784,0.1519692,3
mexican,0.3,degree,4,0.0004981,0.3203667,0.2572425,0.5424837,0.1503609,3
mexican,0.4,degree,0,0.0006721,0.3479801,0.2318253,0.8097826,0.2303653,3
mexican,0.4,degree,1,0.0005791,0.2890277,0.2572425,0.788975,0.1503609,3
mexican,0.4,degree,2,0.0005026,0.2890277,0.2572425,0.788975,0.1503609,3
mexican,0.4,degree,3,0.0007653,0.2890277,0.2572425,0.788975,0.1503609,3
mexican,0.4,degree,4,0.000495,0.2890277,0.2572425,0.788975,0.1503609,3
mexican,0.5,degree,0,0.0006843,0.3442545,0.1791082,0.773358,0.1734693,3
mexican,0.5,degree,1,0.0005577,0.3442545,0.1791082,0.773358,0.1734693,3
mexican,0.5,degree,2,0.0005491,0.3442545,0.1791082,0.773358,0.1734693,3
mexican,0.5,degree,3,0.0007064,0.3442545,0.1791082,0.773358,0.1734693,3
mexican,0.5,degree,4,0.0005903,0.3442545,0.1791082,0.773358,0.1734693,3
mexican,0.6,degree,0,0.0008957,0.3430857,0.1786628,0.773358,0.1588062,3
mexican,0.6,degree,1,0.0006316,0.3430857,0.1786628,0.773358,0.1588062,3
mexican,0.6,degree,2,0.0007501,0.3430857,0.1786628,0.773358,0.1588062,3
mexican,0.6,degree,3,0.0007427,0.3430857,0.1786628,0.773358,0.1588062,3
mexican,0.6,degree,4,0.0006347,0.3430857,0.1786628,0.773358,0.1588062,3
mexican,0.7,degree,0,0.0007818,0.3430857,0.1786628,0.773358,0.1588062,3
mexican,0.7,degree,1,0.0007262,0.3430857,0.1786628,0.773358,0.1588062,3
mexican,0.7,degree,2,0.0011091,0.3430857,0.1786628,0.773358,0.1588062,3
mexican,0.7,degree,3,0.0007086,0.3430857,0.1786628,0.773358,0.1588062,3
mexican,0.7,degree,4,0.0007021,0.3430857,0.1786628,0.773358,0.1588062,3
mexican,0.8,degree,0,0.0007968,0.3430857,0.1786628,0.773358,0.1588062,3
mexican,0.8,degree,1,0.0008492,0.351304,0.2288401,0.8097826,0.2121292,3
mexican,0.8,degree,2,0.0009584,0.3430857,0.1786628,0.773358,0.1588062,3
mexican,0.8,degree,3,0.0008028,0.3430857,0.1786628,0.773358,0.1588062,3
mexican,0.8,degree,4,0.0007925,0.3430857,0.1786628,0.773358,0.1588062,3
mexican,0.9,degree,0,0.0011854,0.3442545,0.1791082,0.773358,0.1734693,3
mexican,0.9,degree,1,0.0008616,0.3488567,0.1786628,0.773358,0.1588062,3
mexican,0.9,degree,2,0.0009294,0.3442545,0.1791082,0.773358,0.1734693,3
mexican,0.9,degree,3,0.0009081,0.3442545,0.1791082,0.773358,0.1734693,3
mexican,0.9,degree,4,0.0008337,0.3488567,0.1786628,0.773358,0.1588062,3
mexican,1.0,degree,0,0.0003843,0.3595222,0.2601049,0.542351,0.2100614,4
mexican,1.0,degree,1,0.0003204,0.3536051,0.2220654,0.8011364,0.1986178,3
mexican,1.0,degree,2,0.0003026,0.3514135,0.2153116,0.5177866,0.1517059,4
mexican,1.0,degree,3,0.0003946,0.3595222,0.2601049,0.542351,0.2100614,4
mexican,1.0,degree,4,0.0002825,0.3422821,0.2342804,0.5108696,0.167968,4
mexican,0.0,eigenvector,0,0.0003963,0.2633867,0.2367626,0.773358,0.3357711,2
mexican,0.0,eigenvector,1,0.0004096,0.1551246,0.0831292,0.6260684,0.1336735,2
mexican,0.0,eigenvector,2,0.000278,0.2064431,0.1791649,0.72,0.2592849,2
mexican,0.0,eigenvector,3,0.000211,0.2064431,0.1791649,0.72,0.2592849,2
mexican,0.0,eigenvector,4,0.0002706,0.2633867,0.2367626,0.773358,0.3357711,2
mexican,0.1,eigenvector,0,0.0017326,0.2064431,0.1791649,0.72,0.2592849,2
mexican,0.1,eigenvector,1,0.0012438,0.2633867,0.2367626,0.773358,0.3357711,2
mexican,0.1,eigenvector,2,0.0012932,0.2064431,0.1791649,0.72,0.2592849,2
mexican,0.1,eigenvector,3,0.0011611,0.2064431,0.1791649,0.72,0.2592849,2
mexican,0.1,eigenvector,4,0.0012164,0.2755497,0.1393777,0.702381,0.1609887,2
mexican,0.2,eigenvector,0,0.001622,0.3243115,0.1825893,0.5700246,0.1480902,3
mexican,0.2,eigenvector,1,0.0013397,0.3212433,0.263834,0.6273546,0.1604013,3
mexican,0.2,eigenvector,2,0.0016325,0.2627292,0.2132161,0.5238095,0.1011086,3
mexican,0.2,eigenvector,3,0.0012803,0.1738622,0.174475,0.6685606,0.1802821,3
mexican,0.2,eigenvector,4,0.0012188,0.2668931,0.1789099,0.4466667,0.1557208,4
mexican,0.3,eigenvector,0,0.0016067,0.3042954,0.2596488,0.6428571,0.1765663,3
mexican,0.3,eigenvector,1,0.001492,0.3166411,0.2813597,0.5716783,0.2059404,3
mexican,0.3,eigenvector,2,0.0013504,0.2717145,0.3221511,0.7140523,0.1573097,2
mexican,0.3,eigenvector,3,0.0012836,0.3166411,0.2813597,0.5716783,0.2059404,3
mexican,0.3,eigenvector,4,0.0013804,0.2717145,0.3221511,0.7140523,0.1573097,2
mexican,0.4,eigenvector,0,0.0014024,0.3098473,0.2359545,0.7394541,0.1451056,4
mexican,0.4,eigenvector,1,0.0016236,0.239718,0.184875,0.5394737,0.0516713,3
mexican,0.4,eigenvector,2,0.0013444,0.2094017,0.1606137,0.6568627,-0.0210067,3
mexican,0.4,eigenvector,3,0.0013278,0.2717145,0.3221511,0.7140523,0.1573097,2
mexican,0.4,eigenvector,4,0.0013371,0.2717145,0.3221511,0.7140523,0.1573097,2
mexican,0.5,eigenvector,0,0.0017715,0.2179487,0.1606137,0.6568627,-0.0210067,3
mexican,0.5,eigenvector,1,0.0014017,0.2464022,0.198713,0.1876923,0.0324467,5
mexican,0.5,eigenvector,2,0.0014052,0.2847907,0.2904656,0.4606888,0.1413105,4
mexican,0.5,eigenvector,3,0.0014198,0.2946161,0.2684389,0.4132171,0.1219208,5
mexican,0.5,eigenvector,4,0.0014267,0.2776682,0.2400141,0.7394541,0.0936333,3
mexican,0.6,eigenvector,0,0.0015914,0.3432683,0.1573074,0.3817204,0.0967435,4
mexican,0.6,eigenvector,1,0.0015132,0.3382278,0.2186675,0.3198529,0.1380347,4
mexican,0.6,eigenvector,2,0.0015299,0.2905618,0.2067499,0.7121711,0.0388686,3
mexican,0.6,eigenvector,3,0.0014951,0.2386223,0.0989802,0.6546053,-0.0080137,3
mexican,0.6,eigenvector,4,0.0016367,0.3346117,0.1878418,0.4839024,0.0924969,4
mexican,0.7,eigenvector,0,0.0018711,0.3394331,0.1971693,0.375,0.1313395,4
mexican,0.7,eigenvector,1,0.0015986,0.3118197,0.119916,0.4502924,0.0390985,4
mexican,0.7,eigenvector,2,0.0016258,0.3346117,0.1878418,0.4839024,0.0924969,4
mexican,0.7,eigenvector,3,0.0016301,0.3118197,0.119916,0.4502924,0.0390985,4
mexican,0.7,eigenvector,4,0.0016005,0.3404558,0.1903949,0.5996732,0.1511658,3
mexican,0.8,eigenvector,0,0.0016122,0.3394331,0.1971693,0.375,0.1313395,4
mexican,0.8,eigenvector,1,0.0017762,0.3403097,0.1971693,0.5,0.1313395,4
mexican,0.8,eigenvector,2,0.0016129,0.3394331,0.1971693,0.375,0.1313395,4
mexican,0.8,eigenvector,3,0.0016289,0.3403097,0.1971693,0.375,0.1313395,4
mexican,0.8,eigenvector,4,0.0016637,0.3403097,0.1971693,0.375,0.1313395,4
mexican,0.9,eigenvector,0,0.0021029,0.3440354,0.1798653,0.773358,0.1503609,3
mexican,0.9,eigenvector,1,0.0017231,0.351304,0.2288401,0.8097826,0.2121292,3
mexican,0.9,eigenvector,2,0.0016828,0.351304,0.2288401,0.8097826,0.2121292,3
mexican,0.9,eigenvector,3,0.0016453,0.351304,0.2288401,0.8097826,0.2121292,3
mexican,0.9,eigenvector,4,0.0018921,0.3432683,0.1573074,0.4652174,0.0967435,4
mexican,1.0,eigenvector,0,0.0003817,0.3595222,0.2601049,0.542351,0.2100614,4
mexican,1.0,eigenvector,1,0.0003011,0.3536051,0.2220654,0.8011364,0.1986178,3
mexican,1.0,eigenvector,2,0.0003176,0.3514135,0.2153116,0.5177866,0.1517059,4
mexican,1.0,eigenvector,3,0.0003047,0.3595222,0.2601049,0.542351,0.2100614,4
mexican,1.0,eigenvector,4,0.0002825,0.3422821,0.2342804,0.5108696,0.167968,4
mexican,0.0,betweenness,0,0.0004103,0.2633867,0.2367626,0.773358,0.3357711,2
mexican,0.0,betweenness,1,0.0003917,0.1551246,0.0831292,0.6260684,0.1336735,2
mexican,0.0,betweenness,2,0.0002744,0.2064431,0.1791649,0.72,0.2592849,2
mexican,0.0,betweenness,3,0.0002251,0.2064431,0.1791649,0.72,0.2592849,2
mexican,0.0,betweenness,4,0.0002759,0.2633867,0.2367626,0.773358,0.3357711,2
mexican,0.1,betweenness,0,0.0019877,0.1551246,0.0831292,0.6260684,0.1336735,2
mexican,0.1,betweenness,1,0.0019479,0.0,0.0,0.3965517,0.0,1
mexican,0.1,betweenness,2,0.0022705,0.2064431,0.1791649,0.72,0.2592849,2
mexican,0.1,betweenness,3,0.0018787,0.1551246,0.0831292,0.6260684,0.1336735,2
mexican,0.1,betweenness,4,0.0018864,0.1551246,0.0831292,0.6260684,0.1336735,2
mexican,0.2,betweenness,0,0.0023973,0.337899,0.166638,0.4327485,0.1503609,3
mexican,0.2,betweenness,1,0.0019367,0.337899,0.166638,0.4327485,0.1503609,3
mexican,0.2,betweenness,2,0.0020931,0.337899,0.166638,0.4327485,0.1503609,3
mexican,0.2,betweenness,3,0.0020342,0.337899,0.166638,0.4327485,0.1503609,3
mexican,0.2,betweenness,4,0.0019743,0.2958215,0.0695704,0.3432701,0.0359347,3
mexican,0.3,betweenness,0,0.0025463,0.3135729,0.2400727,0.7822222,0.1468781,3
mexican,0.3,betweenness,1,0.0019886,0.225473,0.104378,0.6683893,0.034398,3
mexican,0.3,betweenness,2,0.0020032,0.2942143,0.2197662,0.4839024,0.0978014,4
mexican,0.3,betweenness,3,0.0019414,0.1804734,0.051363,0.5359848,-0.0440475,3
mexican,0.3,betweenness,4,0.0020001,0.3203667,0.2572425,0.788975,0.1503609,3
mexican,0.4,betweenness,0,0.0024741,0.3442545,0.1791082,0.773358,0.1734693,3
mexican,0.4,betweenness,1,0.0020688,0.3442545,0.1791082,0.773358,0.1734693,3
mexican,0.4,betweenness,2,0.0020833,0.3442545,0.1791082,0.773358,0.1734693,3
mexican,0.4,betweenness,3,0.0020497,0.3442545,0.1791082,0.773358,0.1734693,3
mexican,0.4,betweenness,4,0.0020399,0.3442545,0.1791082,0.773358,0.1734693,3
mexican,0.5,betweenness,0,0.0025005,0.3243115,0.2544779,0.7822222,0.1615936,3
mexican,0.5,betweenness,1,0.0021563,0.3479801,0.2318253,0.8097826,0.2303653,3
mexican,0.5,betweenness,2,0.0021389,0.3479801,0.2318253,0.8097826,0.2303653,3
mexican,0.5,betweenness,3,0.0022357,0.3250055,0.2197776,0.3995726,0.1244468,4
mexican,0.5,betweenness,4,0.0021365,0.3479801,0.2318253,0.8097826,0.2303653,3
mexican,0.6,betweenness,0,0.0024476,0.3243115,0.2544779,0.4420202,0.1615936,3
mexican,0.6,betweenness,1,0.0025558,0.3243115,0.2544779,0.4420202,0.1615936,3
mexican,0.6,betweenness,2,0.0021825,0.3247498,0.2640424,0.6568627,0.1781632,3
mexican,0.6,betweenness,3,0.0022047,0.3212433,0.263834,0.4489338,0.1604013,3
mexican,0.6,betweenness,4,0.0022113,0.3247498,0.2640424,0.6568627,0.1781632,3
mexican,0.7,betweenness,0,0.0024464,0.3490028,0.1798653,0.773358,0.1503609,3
mexican,0.7,betweenness,1,0.0023243,0.3490028,0.1798653,0.773358,0.1503609,3
mexican,0.7,betweenness,2,0.0023973,0.3490028,0.1798653,0.773358,0.1503609,3
mexican,0.7,betweenness,3,0.0022435,0.3490028,0.1798653,0.773358,0.1503609,3
mexican,0.7,betweenness,4,0.0022736,0.3430857,0.1786628,0.773358,0.1588062,3
mexican,0.8,betweenness,0,0.0029216,0.3490028,0.1798653,0.773358,0.1503609,3
mexican,0.8,betweenness,1,0.0023742,0.3490028,0.1798653,0.773358,0.1503609,3
mexican,0.8,betweenness,2,0.0023458,0.3490028,0.1798653,0.773358,0.1503609,3
mexican,0.8,betweenness,3,0.0023913,0.3490028,0.1798653,0.773358,0.1503609,3
mexican,0.8,betweenness,4,0.0023301,0.3490028,0.1798653,0.773358,0.1503609,3
mexican,0.9,betweenness,0,0.0031288,0.3553218,0.2288401,0.8097826,0.2121292,3
mexican,0.9,betweenness,1,0.0026584,0.3553218,0.2288401,0.8097826,0.2121292,3
mexican,0.9,betweenness,2,0.0024557,0.3523632,0.1786628,0.773358,0.1588062,3
mexican,0.9,betweenness,3,0.0024018,0.3432683,0.1573074,0.4652174,0.0967435,4
mexican,0.9,betweenness,4,0.0024922,0.3553218,0.2288401,0.8097826,0.2121292,3
mexican,1.0,betweenness,0,0.0003726,0.3595222,0.2601049,0.542351,0.2100614,4
mexican,1.0,betweenness,1,0.0003214,0.3536051,0.2220654,0.8011364,0.1986178,3
mexican,1.0,betweenness,2,0.0003109,0.3514135,0.2153116,0.5177866,0.1517059,4
mexican,1.0,betweenness,3,0.0003107,0.3595222,0.2601049,0.542351,0.2100614,4
mexican,1.0,betweenness,4,0.0002806,0.3422821,0.2342804,0.5108696,0.167968,4
mexican,0.0,closeness,0,0.0003424,0.2633867,0.2367626,0.773358,0.3357711,2
mexican,0.0,closeness,1,0.0004346,0.1551246,0.0831292,0.6260684,0.1336735,2
mexican,0.0,closeness,2,0.0002751,0.2064431,0.1791649,0.72,0.2592849,2
mexican,0.0,closeness,3,0.0003829,0.2064431,0.1791649,0.72,0.2592849,2
mexican,0.0,closeness,4,0.0002689,0.2633867,0.2367626,0.773358,0.3357711,2
mexican,0.1,closeness,0,0.0010042,0.2064431,0.1791649,0.72,0.2592849,2
mexican,0.1,closeness,1,0.0006881,0.2064431,0.1791649,0.72,0.2592849,2
mexican,0.1,closeness,2,0.0006742,0.2064431,0.1791649,0.72,0.2592849,2
mexican,0.1,closeness,3,0.0006735,0.2064431,0.1791649,0.72,0.2592849,2
mexican,0.1,closeness,4,0.0006704,0.1551246,0.0831292,0.6260684,0.1336735,2
mexican,0.2,closeness,0,0.0010796,0.337899,0.166638,0.4327485,0.1503609,3
mexican,0.2,closeness,1,0.0007355,0.337899,0.166638,0.4327485,0.1503609,3
mexican,0.2,closeness,2,0.0007522,0.337899,0.166638,0.4327485,0.1503609,3
mexican,0.2,closeness,3,0.0007825,0.337899,0.166638,0.4327485,0.1503609,3
mexican,0.2,closeness,4,0.000885,0.2958215,0.0695704,0.3432701,0.0359347,3
mexican,0.3,closeness,0,0.000917,0.2983783,0.2846862,0.7939445,0.3538127,3
mexican,0.3,closeness,1,0.0007937,0.2958215,0.2634069,0.7086031,0.3330781,3
mexican,0.3,closeness,2,0.0008357,0.2839871,0.3252623,0.7939445,0.342534,2
mexican,0.3,closeness,3,0.0008008,0.2839871,0.3252623,0.7939445,0.342534,2
mexican,0.3,closeness,4,0.0010078,0.2839871,0.3252623,0.7939445,0.342534,2
mexican,0.4,closeness,0,0.0011506,0.2940682,0.2794727,0.7666667,0.1668056,3
mexican,0.4,closeness,1,0.0009127,0.2940682,0.2794727,0.7666667,0.1668056,3
mexican,0.4,closeness,2,0.0008464,0.2682811,0.1185872,0.5584525,0.066914,4
mexican,0.4,closeness,3,0.0008864,0.2940682,0.2794727,0.7666667,0.1668056,3
mexican,0.4,closeness,4,0.0009458,0.2940682,0.2794727,0.7666667,0.1668056,3
mexican,0.5,closeness,0,0.0013008,0.2782161,0.3720712,0.5066949,0.4130759,4
mexican,0.5,closeness,1,0.0009506,0.2941048,0.2689311,0.7666667,0.1415857,3
mexican,0.5,closeness,2,0.0013325,0.2941048,0.2689311,0.7666667,0.1415857,3
mexican,0.5,closeness,3,0.0009379,0.2059683,0.1454542,0.6285714,-0.0383593,3
mexican,0.5,closeness,4,0.0009305,0.2941048,0.2689311,0.7666667,0.1415857,3
mexican,0.6,closeness,0,0.0012469,0.2855212,0.3009656,0.5955556,0.2453153,3
mexican,0.6,closeness,1,0.0011334,0.2853021,0.2464837,0.6940559,0.1796905,3
mexican,0.6,closeness,2,0.0010436,0.2855212,0.3009656,0.5955556,0.2453153,3
mexican,0.6,closeness,3,0.0010386,0.2855212,0.3009656,0.5955556,0.2453153,3
mexican,0.6,closeness,4,0.0010152,0.2855212,0.3009656,0.5955556,0.2453153,3
mexican,0.7,closeness,0,0.0014219,0.3251881,0.2953983,0.788975,0.227627,3
mexican,0.7,closeness,1,0.0010571,0.3251881,0.2953983,0.788975,0.227627,3
mexican,0.7,closeness,2,0.0010502,0.3251881,0.2953983,0.788975,0.227627,3
mexican,0.7,closeness,3,0.0010593,0.3251881,0.2953983,0.788975,0.227627,3
mexican,0.7,closeness,4,0.0010729,0.3251881,0.2953983,0.788975,0.227627,3
mexican,0.8,closeness,0,0.0016465,0.3085689,0.2318253,0.8097826,0.2303653,3
mexican,0.8,closeness,1,0.0011895,0.3223391,0.2824919,0.788975,0.1989981,3
mexican,0.8,closeness,2,0.0012906,0.3251881,0.2953983,0.788975,0.227627,3
mexican,0.8,closeness,3,0.0011702,0.3223391,0.2824919,0.788975,0.1989981,3
mexican,0.8,closeness,4,0.0011668,0.337899,0.2020783,0.5,0.149592,4
mexican,0.9,closeness,0,0.0015569,0.3455694,0.2228942,0.4939024,0.1240362,4
mexican,0.9,closeness,1,0.0012619,0.3430857,0.1573074,0.298913,0.0967435,4
mexican,0.9,closeness,2,0.001174,0.3479801,0.2278808,0.5996732,0.1943438,3
mexican,0.9,closeness,3,0.0012565,0.3455694,0.2228942,0.4939024,0.1240362,4
mexican,0.9,closeness,4,0.0011759,0.3553218,0.2288401,0.8097826,0.2121292,3
mexican,1.0,closeness,0,0.0004671,0.3595222,0.2601049,0.542351,0.2100614,4
mexican,1.0,closeness,1,0.000366,0.3536051,0.2220654,0.8011364,0.1986178,3
mexican,1.0,closeness,2,0.0002999,0.3514135,0.2153116,0.5177866,0.1517059,4
mexican,1.0,closeness,3,0.0003755,0.3595222,0.2601049,0.542351,0.2100614,4
mexican,1.0,closeness,4,0.0002916,0.3422821,0.2342804,0.5108696,0.167968,4
pubmed,0.0,degree,0,0.3692856,0.6226407,0.1758507,0.0002427,0.0127334,1321
pubmed,0.0,degree,1,0.3814037,0.6357162,0.1789094,0.0004122,0.0292178,1255
pubmed,0.0,degree,2,0.3865163,0.6267774,0.1767086,0.000275,0.0138858,1303
pubmed,0.0,degree,3,0.3698561,0.640102,0.1823896,0.0004623,0.0394986,1225
pubmed,0.0,degree,4,0.3752666,0.6355395,0.1799043,0.000418,0.0329666,1258
pubmed,0.1,degree,0,0.5973196,0.7116435,0.1826601,0.0020074,0.0745404,551
pubmed,0.1,degree,1,0.5311496,0.7192776,0.2144468,0.0023719,0.1451454,568
pubmed,0.1,degree,2,0.5529783,0.7175391,0.2035872,0.0021408,0.1378289,569
pubmed,0.1,degree,3,0.4977715,0.7146527,0.2088001,0.0020878,0.1428237,558
pubmed,0.1,degree,4,0.5203693,0.7060732,0.1838801,0.0016284,0.0889173,570
pubmed,0.2,degree,0,0.750562,0.7540165,0.1938182,0.0040372,0.0958325,314
pubmed,0.2,degree,1,0.7745399,0.7529107,0.2119308,0.0042657,0.1109861,317
pubmed,0.2,degree,2,0.8410139,0.7536403,0.203255,0.004099,0.1047863,308
pubmed,0.2,degree,3,1.0019033,0.7525867,0.2198947,0.003997,0.1256944,310
pubmed,0.2,degree,4,0.8354084,0.7514063,0.1929253,0.0039396,0.0968183,313
pubmed,0.3,degree,0,1.1273069,0.7652476,0.1991427,0.008109,0.0984568,155
pubmed,0.3,degree,1,1.1960099,0.7680453,0.2069681,0.00829,0.0996474,156
pubmed,0.3,degree,2,1.2155528,0.7598643,0.2150176,0.0106565,0.1469429,153
pubmed,0.3,degree,3,1.1665912,0.7680956,0.2024089,0.0082897,0.1070936,157
pubmed,0.3,degree,4,1.1296866,0.7673203,0.2067935,0.0079956,0.1110319,157
pubmed,0.4,degree,0,1.4557414,0.7709787,0.2204512,0.0158538,0.1466317,94
pubmed,0.4,degree,1,1.5966935,0.7719299,0.2230778,0.0151582,0.1386817,96
pubmed,0.4,degree,2,1.4925618,0.7757823,0.2266562,0.0141146,0.125105,94
pubmed,0.4,degree,3,1.5142527,0.7746881,0.2014081,0.0144399,0.1000395,92
pubmed,0.4,degree,4,1.4665239,0.7720884,0.2273639,0.0179155,0.1528625,96
pubmed,0.5,degree,0,1.9117205,0.778443,0.2115081,0.0220955,0.1150408,51
pubmed,0.5,degree,1,1.9067822,0.7804986,0.2166491,0.02151,0.1138546,52
pubmed,0.5,degree,2,1.8935189,0.7809182,0.2245044,0.0242796,0.1179907,56
pubmed,0.5,degree,3,1.8258398,0.7797353,0.2146534,0.0223209,0.1113203,56
pubmed,0.5,degree,4,1.8142753,0.7793497,0.2131303,0.0249158,0.1194439,55
pubmed,0.6,degree,0,2.1721644,0.7789658,0.2054528,0.0604778,0.1260279,23
pubmed,0.6,degree,1,2.0691504,0.7828732,0.2087926,0.0572612,0.102771,23
pubmed,0.6,degree,2,2.1440659,0.7817632,0.2137885,0.0633883,0.114901,21
pubmed,0.6,degree,3,2.0982928,0.780353,0.2150335,0.0514218,0.1255391,26
pubmed,0.6,degree,4,2.1763268,0.7789304,0.2127188,0.0646665,0.1103602,24
pubmed,0.7,degree,0,2.2935965,0.7827711,0.2073948,0.042067,0.1037326,29
pubmed,0.7,degree,1,2.386543,0.7807842,0.2105646,0.0370004,0.1229718,29
pubmed,0.7,degree,2,2.3105199,0.7800684,0.2044829,0.0482352,0.1116367,26
pubmed,0.7,degree,3,2.4015014,0.7839407,0.2041579,0.0489328,0.1041682,26
pubmed,0.7,degree,4,2.2583361,0.7817087,0.2106948,0.0394454,0.1137884,33
pubmed,0.8,degree,0,2.5452688,0.7845198,0.212329,0.0361753,0.1013979,32
pubmed,0.8,degree,1,2.4575317,0.7801457,0.2015533,0.0367739,0.1066939,31
pubmed,0.8,degree,2,2.5204718,0.7813323,0.207008,0.0351248,0.1037274,30
pubmed,0.8,degree,3,2.4696889,0.7802185,0.2114236,0.0373591,0.1175126,31
pubmed,0.8,degree,4,2.5301888,0.7802244,0.2168173,0.0400217,0.1232321,33
pubmed,0.9,degree,0,2.6725223,0.7831801,0.2108903,0.0312172,0.1027235,39
pubmed,0.9,degree,1,2.5732305,0.7815437,0.2110099,0.0349284,0.10071,37
pubmed,0.9,degree,2,2.6811297,0.7847639,0.2136257,0.0308685,0.1008986,35
pubmed,0.9,degree,3,2.5511429,0.7830363,0.2094123,0.0371636,0.1043648,36
pubmed,0.9,degree,4,2.6411402,0.7821047,0.2031884,0.0268533,0.0952726,37
pubmed,1.0,degree,0,0.4087882,0.7834209,0.2103366,0.0281158,0.0957078,42
pubmed,1.0,degree,1,0.4036162,0.7834972,0.2092818,0.025048,0.0950818,41
pubmed,1.0,degree,2,0.4060068,0.7829,0.2007279,0.0278643,0.0925209,41
pubmed,1.0,degree,3,0.404191,0.7815611,0.205877,0.0234537,0.0963547,40
pubmed,1.0,degree,4,0.4072976,0.7816387,0.2019558,0.0267075,0.0984799,44
pubmed,0.0,pagerank,0,0.377614,0.6226407,0.1758507,0.0002427,0.0127334,1321
pubmed,0.0,pagerank,1,0.3721702,0.6357162,0.1789094,0.0004122,0.0292178,1255
pubmed,0.0,pagerank,2,0.3663309,0.6267774,0.1767086,0.000275,0.0138858,1303
pubmed,0.0,pagerank,3,0.3664296,0.640102,0.1823896,0.0004623,0.0394986,1225
pubmed,0.0,pagerank,4,0.3676109,0.6355395,0.1799043,0.000418,0.0329666,1258
pubmed,0.1,pagerank,0,0.5076087,0.7253599,0.201902,0.0023305,0.1389384,524
pubmed,0.1,pagerank,1,0.5802579,0.7274705,0.2011942,0.0026799,0.1353816,504
pubmed,0.1,pagerank,2,0.5338075,0.7253114,0.1927714,0.0023623,0.1015329,528
pubmed,0.1,pagerank,3,0.511271,0.7247149,0.1900301,0.002443,0.0998842,517
pubmed,0.1,pagerank,4,0.5639124,0.7257093,0.2004172,0.0022727,0.1319813,504
pubmed,0.2,pagerank,0,0.8366613,0.7501795,0.2128086,0.0053929,0.1439219,250
pubmed,0.2,pagerank,1,0.8703847,0.7557885,0.2014827,0.0051005,0.1135232,251
pubmed,0.2,pagerank,2,0.7852159,0.7516642,0.2019678,0.0052693,0.1164974,253
pubmed,0.2,pagerank,3,0.8146348,0.7501593,0.2123382,0.0050718,0.1467468,250
pubmed,0.2,pagerank,4,0.8363142,0.7528104,0.1996615,0.005728,0.1152534,249
pubmed,0.3,pagerank,0,1.1655002,0.7712354,0.2220733,0.0158455,0.1372181,84
pubmed,0.3,pagerank,1,1.2335448,0.7727639,0.2158773,0.0138202,0.1160821,86
pubmed,0.3,pagerank,2,1.1472933,0.773638,0.2147006,0.0123034,0.1109959,83
pubmed,0.3,pagerank,3,1.2567048,0.7695389,0.2156964,0.0126307,0.1121356,86
pubmed,0.3,pagerank,4,1.2069573,0.7703748,0.215489,0.0154576,0.123117,87
pubmed,0.4,pagerank,0,1.5636768,0.777305,0.2162141,0.0589259,0.1308666,21
pubmed,0.4,pagerank,1,1.6661487,0.7792668,0.2081711,0.0413851,0.1005915,25
pubmed,0.4,pagerank,2,1.5440018,0.7737287,0.2284967,0.0729238,0.1563129,22
pubmed,0.4,pagerank,3,1.6427777,0.7785194,0.2238224,0.0508605,0.1182492,22
pubmed,0.4,pagerank,4,1.6017599,0.7770756,0.2030316,0.0597665,0.1158482,20
pubmed,0.5,pagerank,0,1.9912403,0.781511,0.2005989,0.029203,0.0910167,36
pubmed,0.5,pagerank,1,1.8857162,0.7800837,0.2132294,0.041011,0.1282034,34
pubmed,0.5,pagerank,2,1.960851,0.7785263,0.2065455,0.033887,0.1179935,36
pubmed,0.5,pagerank,3,1.870131,0.7806745,0.2169516,0.0331536,0.1126811,34
pubmed,0.5,pagerank,4,1.9957528,0.7825599,0.2066606,0.0444016,0.1076545,29
pubmed,0.6,pagerank,0,2.1813247,0.7814093,0.2125762,0.0306284,0.1110768,44
pubmed,0.6,pagerank,1,2.3392653,0.7793198,0.2113438,0.0361022,0.1235786,38
pubmed,0.6,pagerank,2,2.2429717,0.7817538,0.2098651,0.0275627,0.1112778,47
pubmed,0.6,pagerank,3,2.2770438,0.7804616,0.2077675,0.0259115,0.1224741,47
pubmed,0.6,pagerank,4,2.3247497,0.781296,0.213149,0.028626,0.1144506,41
pubmed,0.7,pagerank,0,2.4087105,0.7834214,0.2086519,0.0259438,0.1099543,42
pubmed,0.7,pagerank,1,2.4735501,0.7796882,0.210983,0.0251916,0.1239997,44
pubmed,0.7,pagerank,2,2.4459817,0.7817671,0.2130095,0.0345267,0.1102554,38
pubmed,0.7,pagerank,3,2.4940486,0.7804782,0.2083132,0.0297831,0.1225225,46
pubmed,0.7,pagerank,4,2.5354493,0.779997,0.211954,0.0269534,0.119415,45
pubmed,0.8,pagerank,0,2.7287672,0.7828641,0.2137375,0.0241525,0.1052204,50
pubmed,0.8,pagerank,1,2.6451871,0.7847741,0.2067456,0.024314,0.1015019,45
pubmed,0.8,pagerank,2,2.6201911,0.7822026,0.2011824,0.0233325,0.1024933,43
pubmed,0.8,pagerank,3,2.6206868,0.7806826,0.2030254,0.0346052,0.1068281,37
pubmed,0.8,pagerank,4,2.7031453,0.7822926,0.2084463,0.0339411,0.1076906,42
pubmed,0.9,pagerank,0,2.7747619,0.7796707,0.2053272,0.027933,0.1119349,45
pubmed,0.9,pagerank,1,2.7779019,0.7821569,0.2096544,0.0229423,0.0987124,45
pubmed,0.9,pagerank,2,2.8285725,0.7845048,0.20606,0.0235258,0.0959068,43
pubmed,0.9,pagerank,3,2.8121815,0.7838166,0.2053494,0.0249621,0.092797,43
pubmed,0.9,pagerank,4,2.8338528,0.7842145,0.1977356,0.027494,0.0889437,42
pubmed,1.0,pagerank,0,0.4087067,0.7834209,0.2103366,0.0281158,0.0957078,42
pubmed,1.0,pagerank,1,0.4072676,0.7834972,0.2092818,0.025048,0.0950818,41
pubmed,1.0,pagerank,2,0.4047959,0.7829,0.2007279,0.0278643,0.0925209,41
pubmed,1.0,pagerank,3,0.4076111,0.7815611,0.205877,0.0234537,0.0963547,40
pubmed,1.0,pagerank,4,0.4045994,0.7816387,0.2019558,0.0267075,0.0984799,44
pubmed,0.0,eigenvector,0,0.3785858,0.6226407,0.1758507,0.0002427,0.0127334,1321
pubmed,0.0,eigenvector,1,0.3730481,0.6357162,0.1789094,0.0004122,0.0292178,1255
pubmed,0.0,eigenvector,2,0.374958,0.6267774,0.1767086,0.000275,0.0138858,1303
pubmed,0.0,eigenvector,3,0.3670542,0.640102,0.1823896,0.0004623,0.0394986,1225
pubmed,0.0,eigenvector,4,0.3667858,0.6355395,0.1799043,0.000418,0.0329666,1258
pubmed,0.1,eigenvector,0,1.4003761,0.6420153,0.1910087,0.0007766,0.0796138,1081
pubmed,0.1,eigenvector,1,1.3970358,0.6465911,0.1873542,0.0007971,0.0650134,1071
pubmed,0.1,eigenvector,2,1.413677,0.6492151,0.1922116,0.0008266,0.0796183,1051
pubmed,0.1,eigenvector,3,1.3833385,0.6485358,0.1875902,0.0006593,0.0600776,1086
pubmed,0.1,eigenvector,4,1.4792702,0.6493886,0.1868288,0.0007073,0.0580234,1107
pubmed,0.2,eigenvector,0,1.6965044,0.6798253,0.1880472,0.0010881,0.0894906,822
pubmed,0.2,eigenvector,1,1.6803119,0.6705592,0.1897703,0.0009841,0.1034327,827
pubmed,0.2,eigenvector,2,1.7091079,0.6761745,0.1911042,0.0010352,0.0906918,827
pubmed,0.2,eigenvector,3,1.682148,0.6700272,0.1904252,0.0010019,0.1013533,831
pubmed,0.2,eigenvector,4,1.6731973,0.6729029,0.1835782,0.0011427,0.087241,859
pubmed,0.3,eigenvector,0,1.957947,0.6872544,0.1828575,0.0014584,0.0881071,623
pubmed,0.3,eigenvector,1,1.9517198,0.6840598,0.1869093,0.0016137,0.1016825,635
pubmed,0.3,eigenvector,2,1.9073958,0.6819844,0.189076,0.0015638,0.1014331,633
pubmed,0.3,eigenvector,3,1.9706566,0.6858014,0.1865752,0.0015777,0.0987876,636
pubmed,0.3,eigenvector,4,1.9426134,0.6817336,0.1856347,0.0013401,0.0984618,633
pubmed,0.4,eigenvector,0,2.3440456,0.7229145,0.2013172,0.0022141,0.112159,492
pubmed,0.4,eigenvector,1,2.2510691,0.7239812,0.1913603,0.001565,0.0730783,517
pubmed,0.4,eigenvector,2,2.3186936,0.7249552,0.1988026,0.0020847,0.1036694,504
pubmed,0.4,eigenvector,3,2.3230064,0.7275919,0.198201,0.0018787,0.1073093,511
pubmed,0.4,eigenvector,4,2.2920239,0.7190575,0.1863937,0.0015138,0.0677473,510
pubmed,0.5,eigenvector,0,2.5552495,0.7467602,0.202564,0.0027518,0.0835197,406
pubmed,0.5,eigenvector,1,2.7269549,0.746557,0.2053569,0.002823,0.0903506,424
pubmed,0.5,eigenvector,2,2.5959191,0.748025,0.1988483,0.002328,0.0944347,419
pubmed,0.5,eigenvector,3,2.6487653,0.7470905,0.1983112,0.0021329,0.0872149,415
pubmed,0.5,eigenvector,4,2.5615425,0.7423376,0.1945568,0.0025374,0.0789407,412
pubmed,0.6,eigenvector,0,2.9506655,0.7641204,0.2177353,0.004453,0.1039123,306
pubmed,0.6,eigenvector,1,2.8381932,0.7648723,0.2048193,0.0032305,0.0847615,329
pubmed,0.6,eigenvector,2,2.8405011,0.762473,0.2117586,0.0038245,0.0999282,297
pubmed,0.6,eigenvector,3,2.9232862,0.7633908,0.2101123,0.0036877,0.098868,304
pubmed,0.6,eigenvector,4,2.8402524,0.7601715,0.2009423,0.0035648,0.0847249,310
pubmed,0.7,eigenvector,0,3.1557844,0.7719027,0.2134275,0.0055917,0.1015101,228
pubmed,0.7,eigenvector,1,3.0704064,0.7732949,0.2085295,0.0051072,0.089396,215
pubmed,0.7,eigenvector,2,3.1363242,0.7689228,0.2069683,0.0053532,0.0989613,221
pubmed,0.7,eigenvector,3,3.2154295,0.7702015,0.2108708,0.0057504,0.0989082,220
pubmed,0.7,eigenvector,4,3.2156899,0.7718275,0.203042,0.0055111,0.0895488,222
pubmed,0.8,eigenvector,0,3.4715025,0.7774473,0.2050082,0.0071409,0.0851066,159
pubmed,0.8,eigenvector,1,3.3676279,0.7767687,0.211498,0.0076952,0.0968948,157
pubmed,0.8,eigenvector,2,3.428616,0.7785546,0.204375,0.0073498,0.0892188,159
pubmed,0.8,eigenvector,3,3.4286475,0.775916,0.2038259,0.0073662,0.0991286,159
pubmed,0.8,eigenvector,4,3.3633299,0.7769985,0.2042519,0.0070451,0.0877516,164
pubmed,0.9,eigenvector,0,3.5871687,0.7784286,0.2049663,0.0095142,0.094143,101
pubmed,0.9,eigenvector,1,3.5564876,0.7797654,0.2023199,0.011364,0.0915341,103
pubmed,0.9,eigenvector,2,3.5553284,0.7797077,0.2004224,0.0130703,0.0945438,95
pubmed,0.9,eigenvector,3,3.5884545,0.7813516,0.2015087,0.0089008,0.0847821,98
pubmed,0.9,eigenvector,4,3.4902437,0.7795558,0.1968447,0.0118858,0.0933756,100
pubmed,1.0,eigenvector,0,0.4156351,0.7834209,0.2103366,0.0281158,0.0957078,42
pubmed,1.0,eigenvector,1,0.4056067,0.7834972,0.2092818,0.025048,0.0950818,41
pubmed,1.0,eigenvector,2,0.4070401,0.7829,0.2007279,0.0278643,0.0925209,41
pubmed,1.0,eigenvector,3,0.4048769,0.7815611,0.205877,0.0234537,0.0963547,40
pubmed,1.0,eigenvector,4,0.4064448,0.7816387,0.2019558,0.0267075,0.0984799,44
pubmed,0.0,closeness,0,0.3715065,0.6226407,0.1758507,0.0002427,0.0127334,1321
pubmed,0.0,closeness,1,0.3934376,0.6226407,0.1758507,0.0002427,0.0127334,1321
pubmed,0.0,closeness,2,0.3946037,0.6357162,0.1789094,0.0004122,0.0292178,1255
pubmed,0.0,closeness,3,0.3907633,0.6267774,0.1767086,0.000275,0.0138858,1303
pubmed,0.0,closeness,4,0.3931274,0.640102,0.1823896,0.0004623,0.0394986,1225
pubmed,0.1,closeness,0,152.4855738,0.700799,0.2085254,0.0019678,0.1392041,691
pubmed,0.1,closeness,1,147.0602524,0.6965372,0.1931317,0.0015489,0.1245807,708
pubmed,0.1,closeness,2,153.3729563,0.7035166,0.2033086,0.0019524,0.1306877,684
pubmed,0.1,closeness,3,156.4358318,0.6963195,0.2021501,0.0014803,0.1335627,690
pubmed,0.1,closeness,4,159.925142,0.6985409,0.1956371,0.001562,0.1213617,707
pubmed,0.2,closeness,0,154.6181068,0.7310227,0.2060211,0.0020599,0.1043293,536
pubmed,0.2,closeness,1,153.4591165,0.7326961,0.1961496,0.0018597,0.0944136,552
pubmed,0.2,closeness,2,153.0234208,0.7307064,0.1952624,0.0019377,0.0746196,557
pubmed,0.2,closeness,3,154.383415,0.7268765,0.1952778,0.0018481,0.0932009,578
pubmed,0.2,closeness,4,154.130038,0.7278245,0.2030644,0.0022931,0.1230945,538
pubmed,0.3,closeness,0,153.9533689,0.7471853,0.2058762,0.0026629,0.1007217,448
pubmed,0.3,closeness,1,155.0730023,0.7495842,0.2115418,0.0029878,0.0984465,445
pubmed,0.3,closeness,2,154.7340276,0.7476156,0.2069768,0.0029429,0.1111871,451
pubmed,0.3,closeness,3,154.565788,0.7483714,0.208261,0.0026597,0.0984778,439
pubmed,0.3,closeness,4,153.3456335,0.7515958,0.209164,0.002793,0.0898803,446
pubmed,0.4,closeness,0,155.1276801,0.7559397,0.2184248,0.0033354,0.1080743,366
pubmed,0.4,closeness,1,154.0777063,0.7568851,0.2112831,0.00302,0.0953379,370
pubmed,0.4,closeness,2,154.2993565,0.7575453,0.2120371,0.0027084,0.0914777,372
pubmed,0.4,closeness,3,159.9985178,0.7567116,0.2174117,0.0028901,0.0966357,375
pubmed,0.4,closeness,4,154.5488551,0.7564542,0.2189102,0.0037585,0.1069311,374
pubmed,0.5,closeness,0,155.336796,0.7658824,0.2119277,0.0045946,0.1005928,285
pubmed,0.5,closeness,1,156.0077245,0.7668329,0.2065655,0.0042883,0.0968216,283
pubmed,0.5,closeness,2,158.2617393,0.7635981,0.2038676,0.004297,0.0971513,291
pubmed,0.5,closeness,3,154.3244836,0.7622884,0.2057304,0.0042727,0.1001626,287
pubmed,0.5,closeness,4,153.7516499,0.7655077,0.2059296,0.0043409,0.0992769,298
pubmed,0.6,closeness,0,155.4808815,0.7709671,0.2048222,0.0048172,0.087913,238
pubmed,0.6,closeness,1,158.6048663,0.7709671,0.2048222,0.0048172,0.087913,238
pubmed,0.6,closeness,2,154.9715772,0.7702313,0.2029975,0.0057572,0.0996673,224
pubmed,0.6,closeness,3,154.3606193,0.7719417,0.2074678,0.0051009,0.0929428,235
pubmed,0.6,closeness,4,158.9221716,0.7692408,0.2044164,0.0044714,0.0944229,230
pubmed,0.7,closeness,0,155.2794178,0.7723778,0.2062336,0.0078231,0.0975816,181
pubmed,0.7,closeness,1,156.2239597,0.7723778,0.2062336,0.0078231,0.0975816,181
pubmed,0.7,closeness,2,155.1934097,0.7762147,0.2093653,0.0052127,0.0947603,200
pubmed,0.7,closeness,3,158.3348417,0.7738666,0.2159301,0.0070441,0.1030316,185
pubmed,0.7,closeness,4,155.6852832,0.7761958,0.2154988,0.0064382,0.1027403,199
pubmed,0.8,closeness,0,154.7010753,0.7790586,0.2067448,0.006291,0.0925356,152
pubmed,0.8,closeness,1,155.0473707,0.7790586,0.2067448,0.006291,0.0925356,152
pubmed,0.8,closeness,2,157.220818,0.7773293,0.2041075,0.0078809,0.0997016,150
pubmed,0.8,closeness,3,153.7428076,0.7770431,0.2016988,0.0076612,0.0951326,149
pubmed,0.8,closeness,4,153.549773,0.7779166,0.2050112,0.0065471,0.0993494,142
pubmed,0.9,closeness,0,155.3033843,0.7795579,0.2076839,0.0123083,0.1023575,104
pubmed,0.9,closeness,1,156.3617294,0.7795579,0.2076839,0.0123083,0.1023575,104
pubmed,0.9,closeness,2,153.8296247,0.7786823,0.1990799,0.011196,0.0954733,104
pubmed,0.9,closeness,3,153.4774461,0.7810148,0.2076588,0.0120915,0.0912338,100
pubmed,0.9,closeness,4,156.365643,0.7786839,0.2094588,0.0118358,0.0997802,102
pubmed,1.0,closeness,0,0.4089785,0.7834209,0.2103366,0.0281158,0.0957078,42
pubmed,1.0,closeness,1,0.4092917,0.7834209,0.2103366,0.0281158,0.0957078,42
pubmed,1.0,closeness,2,0.4082294,0.7834972,0.2092818,0.025048,0.0950818,41
pubmed,1.0,closeness,3,0.4094772,0.7829,0.2007279,0.0278643,0.0925209,41
pubmed,1.0,closeness,4,0.4072552,0.7815611,0.205877,0.0234537,0.0963547,40
pubmed,0.0,betweenness,0,0.3703861,0.6226407,0.1758507,0.0002427,0.0127334,1321
pubmed,0.0,betweenness,1,0.387831,0.6226407,0.1758507,0.0002427,0.0127334,1321
pubmed,0.0,betweenness,2,0.3895481,0.6357162,0.1789094,0.0004122,0.0292178,1255
pubmed,0.0,betweenness,3,0.3942649,0.6267774,0.1767086,0.000275,0.0138858,1303
pubmed,0.0,betweenness,4,0.3876193,0.640102,0.1823896,0.0004623,0.0394986,1225
pubmed,0.1,betweenness,0,679.0374954,0.730038,0.1900263,0.0027049,0.1080054,385
pubmed,0.1,betweenness,1,680.9186893,0.7330646,0.1887368,0.003345,0.1048704,380
pubmed,0.1,betweenness,2,682.5669925,0.7185544,0.1976168,0.0035668,0.1402755,378
pubmed,0.1,betweenness,3,711.2948315,0.7303874,0.1883748,0.0034698,0.1044638,397
pubmed,0.1,betweenness,4,680.8836932,0.7312526,0.2049144,0.003438,0.1225908,378
pubmed,0.2,betweenness,0,935.6837716,0.7563635,0.2148233,0.0139981,0.1360823,105
pubmed,0.2,betweenness,1,936.3115659,0.7560933,0.1979861,0.0141282,0.125683,97
pubmed,0.2,betweenness,2,1084.8147147,0.7592312,0.20333,0.0137189,0.1245095,99
pubmed,0.2,betweenness,3,1080.3261037,0.7532275,0.2191546,0.0144231,0.1662178,103
pubmed,0.2,betweenness,4,904.0675251,0.7570856,0.2048929,0.012478,0.1225258,105
pubmed,0.3,betweenness,0,892.2431238,0.7611118,0.2169037,0.0939802,0.1773079,18
pubmed,0.3,betweenness,1,929.7473238,0.7653018,0.2116014,0.0856079,0.1561157,18
pubmed,0.3,betweenness,2,978.3488715,0.7642268,0.2094808,0.0905446,0.1489218,21
pubmed,0.3,betweenness,3,908.8070364,0.7682847,0.1927572,0.054894,0.1088784,20
pubmed,0.3,betweenness,4,910.4346559,0.7664429,0.2116824,0.0699856,0.1360355,20
pubmed,0.4,betweenness,0,753.897944,0.7753977,0.1910394,0.0505409,0.0939075,20
pubmed,0.4,betweenness,1,743.2822297,0.7782061,0.2161246,0.0609168,0.1167706,20
pubmed,0.4,betweenness,2,751.5366371,0.772552,0.2017105,0.0505909,0.1022563,22
pubmed,0.4,betweenness,3,741.9378633,0.7723568,0.2192119,0.0791946,0.1500388,17
pubmed,0.4,betweenness,4,746.0899489,0.7755312,0.2140679,0.0568325,0.1223146,22
pubmed,0.5,betweenness,0,748.1170373,0.7828052,0.2191611,0.0628962,0.1160741,21
pubmed,0.5,betweenness,1,760.1326787,0.7777835,0.2187642,0.053689,0.1238264,24
pubmed,0.5,betweenness,2,757.0233662,0.7812615,0.2111739,0.0538235,0.1011337,21
pubmed,0.5,betweenness,3,763.3777244,0.7810262,0.2099903,0.0629891,0.102306,21
pubmed,0.5,betweenness,4,757.2966557,0.7826989,0.2226136,0.0543561,0.1171217,25
pubmed,0.6,betweenness,0,745.7605963,0.781918,0.2116719,0.0626027,0.106433,22
pubmed,0.6,betweenness,1,744.497952,0.7791591,0.216883,0.053923,0.129382,23
pubmed,0.6,betweenness,2,780.1470797,0.7818409,0.2051046,0.0496695,0.0982921,22
pubmed,0.6,betweenness,3,769.1892903,0.7756653,0.2176826,0.0513362,0.1324045,26
pubmed,0.6,betweenness,4,749.2938788,0.781918,0.2116719,0.0626027,0.106433,22
pubmed,0.7,betweenness,0,775.4230795,0.7814834,0.2143159,0.0539894,0.106057,24
pubmed,0.7,betweenness,1,815.2943199,0.7829885,0.2187846,0.0462168,0.1139706,28
pubmed,0.7,betweenness,2,757.6601849,0.782112,0.20721,0.0465115,0.1033284,26
pubmed,0.7,betweenness,3,800.2138846,0.7835551,0.2107298,0.0396886,0.1057432,26
pubmed,0.7,betweenness,4,782.4417961,0.7814834,0.2143159,0.0539894,0.106057,24
pubmed,0.8,betweenness,0,675.7923288,0.7812937,0.2080014,0.0384654,0.0984906,31
pubmed,0.8,betweenness,1,849.9778855,0.7812937,0.2080014,0.0384654,0.0984906,31
pubmed,0.8,betweenness,2,732.4883218,0.7853242,0.2112267,0.0345655,0.0965211,30
pubmed,0.8,betweenness,3,685.8703959,0.7817048,0.2094199,0.0400367,0.108041,29
pubmed,0.8,betweenness,4,689.6187942,0.7819558,0.2044663,0.0371473,0.0990298,33
pubmed,0.9,betweenness,0,680.9989436,0.7807091,0.2077336,0.0346818,0.111744,37
pubmed,0.9,betweenness,1,697.6641312,0.7807091,0.2077336,0.0346818,0.111744,37
pubmed,0.9,betweenness,2,680.6628177,0.782746,0.208958,0.0316962,0.0988255,39
pubmed,0.9,betweenness,3,676.5244365,0.7843861,0.2018507,0.0325743,0.0898534,34
pubmed,0.9,betweenness,4,681.1168587,0.7826275,0.2070716,0.0289807,0.0949477,41
pubmed,1.0,betweenness,0,0.4113796,0.7834209,0.2103366,0.0281158,0.0957078,42
pubmed,1.0,betweenness,1,0.4088466,0.7834209,0.2103366,0.0281158,0.0957078,42
pubmed,1.0,betweenness,2,0.4072716,0.7834972,0.2092818,0.025048,0.0950818,41
pubmed,1.0,betweenness,3,0.4065444,0.7829,0.2007279,0.0278643,0.0925209,41
pubmed,1.0,betweenness,4,0.4071028,0.7815611,0.205877,0.0234537,0.0963547,40
