1	409 
2	276 
3	68 
4	386 
5	411 
6	9 
7	202 
8	40 
9	411 
10	402 
11	421 
12	468 
13	77 
14	111 
15	357 
16	173 
17	233 
18	66 
19	217 
20	414 
21	161 
22	346 
23	417 
24	32 
25	388 
26	401 
27	148 
28	301 
29	94 
30	14 
31	411 
32	362 
33	30 
34	286 
35	90 
36	105 
37	334 
38	215 
39	7 
40	32 
41	451 
42	71 
43	209 
44	243 
45	72 
46	121 
47	127 
48	410 
49	31 
50	366 
51	353 
52	431 
53	39 
54	57 
55	157 
56	267 
57	51 
58	25 
59	205 
60	304 
61	359 
62	343 
63	204 
64	346 
65	67 
66	142 
67	401 
68	142 
69	342 
70	362 
71	142 
72	75 
73	17 
74	374 
75	184 
76	149 
77	427 
78	280 
79	357 
80	350 
81	166 
82	8 
83	82 
84	192 
85	106 
86	190 
87	151 
88	30 
89	111 
90	465 
91	238 
92	241 
93	352 
94	376 
95	13 
96	462 
97	344 
98	14 
99	9 
100	317 
101	429 
102	454 
103	252 
104	61 
105	161 
106	433 
107	18 
108	153 
109	7 
110	47 
111	143 
112	158 
113	97 
114	402 
115	303 
116	38 
117	21 
118	227 
119	33 
120	34 
121	85 
122	358 
123	444 
124	252 
125	433 
126	377 
127	374 
128	317 
129	52 
130	294 
131	316 
132	29 
133	228 
134	392 
135	375 
136	143 
137	377 
138	106 
139	126 
140	3 
141	429 
142	40 
143	427 
144	258 
145	329 
146	40 
147	212 
148	112 
149	11 
150	37 
151	203 
152	66 
153	192 
154	402 
155	264 
156	21 
157	400 
158	170 
159	279 
160	48 
161	122 
162	272 
163	163 
164	421 
165	427 
166	453 
167	416 
168	354 
169	292 
170	136 
171	460 
172	57 
173	61 
174	338 
175	249 
176	166 
177	117 
178	14 
179	436 
180	75 
181	50 
182	364 
183	81 
184	388 
185	425 
186	8 
187	220 
188	315 
189	415 
190	274 
191	44 
192	281 
193	429 
194	383 
195	46 
196	106 
197	316 
198	158 
199	106 
200	416 
201	68 
202	424 
203	117 
204	315 
205	92 
206	163 
207	388 
208	339 
209	280 
210	148 
211	427 
212	92 
213	397 
214	106 
215	82 
216	251 
217	355 
218	402 
219	280 
220	431 
221	423 
222	61 
223	9 
224	111 
225	18 
226	166 
227	410 
228	175 
229	324 
230	347 
231	202 
232	382 
233	438 
234	186 
235	328 
236	140 
237	397 
238	30 
239	274 
240	51 
241	27 
242	461 
243	111 
244	88 
245	385 
246	24 
247	444 
248	453 
249	377 
250	85 
251	370 
252	92 
253	332 
254	192 
255	308 
256	280 
257	184 
258	285 
259	255 
260	259 
261	212 
262	446 
263	245 
264	216 
265	138 
266	364 
267	265 
268	276 
269	37 
270	336 
271	6 
272	429 
273	57 
274	264 
275	150 
276	154 
277	389 
278	415 
279	362 
280	30 
281	289 
282	194 
283	431 
284	163 
285	375 
286	345 
287	93 
288	402 
289	115 
290	57 
291	218 
292	412 
293	358 
294	61 
295	148 
296	69 
297	18 
298	47 
299	458 
300	8 
301	18 
302	317 
303	38 
304	14 
305	228 
306	85 
307	40 
308	450 
309	333 
310	280 
311	416 
312	47 
313	209 
314	82 
315	359 
316	274 
317	153 
318	16 
319	393 
320	82 
321	333 
322	90 
323	174 
324	92 
325	13 
326	60 
327	256 
328	342 
329	172 
330	33 
331	7 
332	272 
333	439 
334	105 
335	55 
336	210 
337	46 
338	443 
339	374 
340	264 
341	184 
342	82 
343	39 
344	268 
345	14 
346	207 
347	311 
348	74 
349	300 
350	261 
351	89 
352	397 
353	40 
354	249 
355	411 
356	31 
357	9 
358	356 
359	263 
360	138 
361	185 
362	468 
363	59 
364	429 
365	433 
366	380 
367	425 
368	309 
369	1 
370	398 
371	52 
372	249 
373	114 
374	433 
375	301 
376	102 
377	54 
378	122 
379	211 
380	255 
381	3 
382	361 
383	367 
384	311 
385	157 
386	40 
387	245 
388	408 
389	243 
390	297 
391	75 
392	101 
393	362 
394	361 
395	367 
396	264 
397	348 
398	259 
399	244 
400	247 
401	61 
402	346 
403	345 
404	349 
405	121 
406	70 
407	386 
408	431 
409	278 
410	375 
411	408 
412	345 
413	421 
414	344 
415	57 
416	6 
417	327 
418	216 
419	286 
420	101 
421	216 
422	329 
423	386 
424	428 
425	392 
426	7 
427	67 
428	122 
429	181 
430	240 
431	90 
432	94 
433	99 
434	77 
435	344 
436	59 
437	411 
438	298 
439	264 
440	244 
441	211 
442	362 
443	153 
444	384 
445	129 
446	70 
447	110 
448	159 
449	4 
450	431 
451	386 
452	375 
453	308 
454	423 
455	265 
456	269 
457	386 
458	51 
459	59 
460	428 
461	75 
462	143 
463	246 
464	12 
465	351 
466	74 
467	243 
468	292 
469	247 
470	411 
471	282 
472	364 
473	7 
474	409 
475	82 
476	325 
477	90 
478	203 
479	53 
480	180 
481	136 
482	57 
483	158 
484	161 
485	142 
486	242 
487	210 
488	21 
489	253 
490	313 
491	429 
492	456 
493	312 
494	431 
495	347 
496	152 
497	8 
498	345 
499	355 
500	324 
501	259 
502	14 
503	215 
504	38 
505	76 
506	451 
507	425 
508	152 
509	29 
510	352 
511	385 
512	42 
513	329 
514	29 
515	40 
516	80 
517	75 
518	286 
519	66 
520	397 
521	54 
522	80 
523	129 
524	236 
525	465 
526	308 
527	92 
528	304 
529	287 
530	119 
531	58 
532	13 
533	94 
534	121 
535	16 
536	126 
537	20 
538	108 
539	97 
540	63 
541	246 
542	317 
543	374 
544	427 
545	57 
546	258 
547	260 
548	14 
549	368 
550	75 
551	188 
552	158 
553	292 
554	85 
555	417 
556	8 
557	122 
558	20 
559	438 
560	126 
561	308 
562	2 
563	126 
564	233 
565	45 
566	307 
567	57 
568	397 
569	386 
570	106 
571	429 
572	10 
573	101 
574	176 
575	186 
576	280 
577	360 
578	31 
579	116 
580	166 
581	51 
582	213 
583	368 
584	454 
585	280 
586	153 
587	54 
588	36 
589	64 
590	75 
591	106 
592	54 
593	101 
594	425 
595	279 
596	214 
597	133 
598	38 
599	20 
600	339 
601	37 
602	410 
603	377 
604	60 
605	150 
606	216 
607	85 
608	267 
609	437 
610	358 
611	55 
612	47 
613	303 
614	324 
615	340 
616	193 
617	374 
618	436 
619	458 
620	1 
621	102 
622	96 
623	351 
624	367 
625	346 
626	403 
627	231 
628	141 
629	30 
630	34 
631	143 
632	82 
633	21 
634	384 
635	296 
636	78 
637	427 
638	46 
639	152 
640	28 
641	373 
642	211 
643	319 
644	66 
645	55 
646	342 
647	143 
648	378 
649	76 
650	255 
651	458 
652	126 
653	128 
654	82 
655	7 
656	364 
657	405 
658	347 
659	233 
660	94 
661	6 
662	6 
663	182 
664	377 
665	315 
666	393 
667	386 
668	327 
669	191 
670	329 
671	431 
672	233 
673	148 
674	105 
675	437 
676	274 
677	326 
678	383 
679	30 
680	303 
681	52 
682	266 
683	363 
684	436 
685	216 
686	154 
687	66 
688	425 
689	121 
690	323 
691	7 
692	218 
693	374 
694	397 
695	353 
696	423 
697	160 
698	303 
699	6 
700	351 
701	431 
702	106 
703	325 
704	431 
705	329 
706	427 
707	95 
708	202 
709	286 
710	72 
711	225 
712	385 
713	197 
714	66 
715	167 
716	325 
717	168 
718	399 
719	327 
720	58 
721	163 
722	35 
723	426 
724	143 
725	185 
726	103 
727	335 
728	308 
729	362 
730	375 
731	444 
732	368 
733	223 
734	438 
735	264 
736	3 
737	16 
738	366 
739	356 
740	230 
741	231 
742	10 
743	463 
744	367 
745	350 
746	114 
747	162 
748	65 
749	432 
750	15 
751	324 
752	202 
753	427 
754	264 
755	316 
756	210 
757	314 
758	393 
759	129 
760	332 
761	185 
762	138 
763	158 
764	325 
765	410 
766	10 
767	85 
768	166 
769	384 
770	280 
771	26 
772	402 
773	7 
774	320 
775	144 
776	334 
777	316 
778	153 
779	376 
780	265 
781	166 
782	371 
783	98 
784	298 
785	364 
786	349 
787	195 
788	152 
789	101 
790	33 
791	361 
792	350 
793	416 
794	430 
795	17 
796	232 
797	112 
798	34 
799	344 
800	157 
801	157 
802	182 
803	33 
804	33 
805	333 
806	384 
807	193 
808	267 
809	153 
810	362 
811	289 
812	458 
813	167 
814	449 
815	415 
816	374 
817	394 
818	433 
819	451 
820	324 
821	21 
822	409 
823	259 
824	417 
825	316 
826	348 
827	292 
828	167 
829	156 
830	306 
831	265 
832	180 
833	376 
834	272 
835	33 
836	344 
837	379 
838	56 
839	411 
840	376 
841	153 
842	425 
843	112 
844	316 
845	429 
846	406 
847	138 
848	416 
849	75 
850	364 
851	392 
852	72 
853	350 
854	267 
855	390 
856	218 
857	83 
858	176 
859	373 
860	98 
861	402 
862	183 
863	223 
864	270 
865	436 
866	148 
867	440 
868	274 
869	365 
870	327 
871	13 
872	378 
873	411 
874	425 
875	427 
876	301 
877	143 
878	170 
879	154 
880	239 
881	316 
882	393 
883	57 
884	227 
885	206 
886	367 
887	85 
888	114 
889	35 
890	51 
891	205 
892	60 
893	344 
894	69 
895	274 
896	101 
897	99 
898	215 
899	327 
900	437 
901	412 
902	329 
903	189 
904	66 
905	392 
906	72 
907	7 
908	77 
909	110 
910	192 
911	372 
912	300 
913	54 
914	201 
915	221 
916	227 
917	359 
918	449 
919	61 
920	172 
921	192 
922	423 
923	20 
924	151 
925	125 
926	167 
927	90 
928	52 
929	452 
930	267 
931	292 
932	202 
933	428 
934	351 
935	30 
936	25 
937	268 
938	194 
939	105 
940	280 
941	409 
942	374 
943	97 
944	165 
945	34 
946	265 
947	304 
948	169 
949	71 
950	336 
951	157 
952	110 
953	197 
954	97 
955	325 
956	280 
957	346 
958	274 
959	368 
960	366 
961	193 
962	122 
963	268 
964	106 
965	106 
966	86 
967	107 
968	10 
969	327 
970	267 
971	349 
972	384 
973	106 
974	293 
975	122 
976	431 
977	238 
978	92 
979	427 
980	274 
981	208 
982	458 
983	345 
984	407 
985	122 
986	91 
987	345 
988	455 
989	30 
990	306 
991	148 
992	203 
993	14 
994	267 
995	92 
996	317 
997	452 
998	429 
999	324 
1000	308 
1001	52 
1002	47 
1003	173 
1004	340 
1005	300 
1006	350 
1007	336 
1008	320 
1009	411 
1010	392 
1011	342 
1012	74 
1013	267 
1014	109 
1015	411 
1016	335 
1017	386 
1018	127 
1019	361 
1020	236 
1021	220 
1022	388 
1023	410 
1024	217 
1025	47 
1026	161 
1027	148 
1028	329 
1029	90 
1030	192 
1031	331 
1032	433 
1033	409 
1034	336 
1035	241 
1036	84 
1037	126 
1038	41 
1039	57 
1040	82 
1041	255 
1042	361 
1043	223 
1044	444 
1045	29 
1046	381 
1047	216 
1048	359 
1049	408 
1050	301 
1051	110 
1052	421 
1053	285 
1054	242 
1055	410 
1056	85 
1057	362 
1058	344 
1059	108 
1060	462 
1061	245 
1062	343 
1063	167 
1064	319 
1065	365 
1066	184 
1067	360 
1068	75 
1069	228 
1070	436 
1071	211 
1072	263 
1073	41 
1074	12 
1075	412 
1076	260 
1077	217 
1078	132 
1079	187 
1080	179 
1081	310 
1082	193 
1083	400 
1084	34 
1085	361 
1086	225 
1087	218 
1088	220 
1089	408 
1090	364 
1091	30 
1092	324 
1093	394 
1094	89 
1095	33 
1096	223 
1097	411 
1098	215 
1099	345 
1100	345 
1101	316 
1102	52 
1103	200 
1104	248 
1105	236 
1106	411 
1107	105 
1108	30 
1109	31 
1110	413 
1111	168 
1112	363 
1113	47 
1114	185 
1115	143 
1116	391 
1117	150 
1118	92 
1119	409 
1120	146 
1121	372 
1122	188 
1123	22 
1124	263 
1125	419 
1126	437 
1127	81 
1128	24 
1129	386 
1130	4 
1131	20 
1132	140 
1133	394 
1134	369 
1135	457 
1136	332 
1137	127 
1138	57 
1139	107 
1140	4 
1141	16 
1142	399 
1143	72 
1144	351 
1145	118 
1146	220 
1147	241 
1148	89 
1149	54 
1150	327 
1151	283 
1152	429 
1153	276 
1154	330 
1155	344 
1156	376 
1157	120 
1158	430 
1159	236 
1160	81 
1161	310 
1162	184 
1163	409 
1164	142 
1165	342 
1166	367 
1167	259 
1168	14 
1169	97 
1170	90 
1171	393 
1172	444 
1173	166 
1174	406 
1175	383 
1176	350 
1177	366 
1178	153 
1179	448 
1180	39 
1181	325 
1182	403 
1183	263 
1184	46 
1185	148 
1186	33 
1187	267 
1188	356 
1189	289 
1190	150 
1191	404 
1192	410 
1193	57 
1194	90 
1195	466 
1196	174 
1197	52 
1198	332 
1199	465 
1200	58 
1201	34 
1202	440 
1203	93 
1204	72 
1205	187 
1206	356 
1207	90 
1208	81 
1209	16 
1210	179 
1211	85 
1212	238 
1213	52 
1214	352 
1215	123 
1216	374 
1217	127 
1218	440 
1219	362 
1220	411 
1221	245 
1222	403 
1223	121 
1224	14 
1225	197 
1226	29 
1227	47 
1228	14 
1229	40 
1230	338 
1231	85 
1232	28 
1233	62 
1234	433 
1235	339 
1236	110 
1237	72 
1238	306 
1239	122 
1240	7 
1241	339 
1242	7 
1243	160 
1244	107 
1245	53 
1246	284 
1247	33 
1248	392 
1249	219 
1250	438 
1251	319 
1252	98 
1253	220 
1254	27 
1255	43 
1256	385 
1257	152 
1258	162 
1259	264 
1260	193 
1261	202 
1262	158 
1263	139 
1264	319 
1265	42 
1266	46 
1267	356 
1268	200 
1269	85 
1270	98 
1271	263 
1272	328 
1273	105 
1274	192 
1275	354 
1276	95 
1277	30 
1278	122 
1279	122 
1280	216 
1281	18 
1282	202 
1283	84 
1284	239 
1285	327 
1286	284 
1287	409 
1288	9 
1289	77 
1290	10 
1291	388 
1292	410 
1293	427 
1294	283 
1295	308 
1296	215 
1297	2 
1298	82 
1299	85 
1300	173 
1301	203 
1302	265 
1303	423 
1304	20 
1305	256 
1306	89 
1307	119 
1308	444 
1309	281 
1310	210 
1311	80 
1312	89 
1313	416 
1314	430 
1315	308 
1316	13 
1317	223 
1318	193 
1319	143 
1320	429 
1321	170 
1322	107 
1323	72 
1324	208 
1325	433 
1326	341 
1327	66 
1328	392 
1329	47 
1330	330 
1331	61 
1332	104 
1333	387 
1334	246 
1335	22 
1336	362 
1337	325 
1338	423 
1339	83 
1340	166 
1341	72 
1342	94 
1343	184 
1344	19 
1345	211 
1346	265 
1347	464 
1348	5 
1349	48 
1350	30 
1351	459 
1352	327 
1353	30 
1354	265 
1355	274 
1356	24 
1357	361 
1358	13 
1359	259 
1360	272 
1361	125 
1362	166 
1363	164 
1364	276 
1365	103 
1366	386 
1367	371 
1368	13 
1369	71 
1370	143 
1371	52 
1372	184 
1373	123 
1374	342 
1375	255 
1376	193 
1377	79 
1378	152 
1379	291 
1380	51 
1381	251 
1382	362 
1383	369 
1384	193 
1385	171 
1386	370 
1387	323 
1388	54 
1389	326 
1390	92 
1391	283 
1392	326 
1393	384 
1394	303 
1395	7 
1396	8 
1397	439 
1398	53 
1399	352 
1400	458 
1401	429 
1402	329 
1403	259 
1404	466 
1405	330 
1406	241 
1407	363 
1408	299 
1409	327 
1410	151 
1411	281 
1412	378 
1413	427 
1414	58 
1415	377 
1416	377 
1417	282 
1418	127 
1419	52 
1420	264 
1421	30 
1422	365 
1423	411 
1424	98 
1425	311 
1426	420 
1427	270 
1428	360 
1429	374 
1430	193 
1431	408 
1432	30 
1433	209 
1434	428 
1435	220 
1436	223 
1437	55 
1438	330 
1439	429 
1440	281 
1441	207 
1442	392 
1443	57 
1444	257 
1445	245 
1446	28 
1447	375 
1448	231 
1449	152 
1450	432 
1451	7 
1452	384 
1453	450 
1454	354 
1455	36 
1456	352 
1457	278 
1458	388 
1459	22 
1460	409 
1461	420 
1462	173 
1463	362 
1464	244 
1465	75 
1466	7 
1467	344 
1468	236 
1469	314 
1470	358 
1471	404 
1472	211 
1473	416 
1474	185 
1475	72 
1476	13 
1477	370 
1478	192 
1479	46 
1480	238 
1481	402 
1482	90 
1483	160 
1484	196 
1485	40 
1486	57 
1487	392 
1488	143 
1489	182 
1490	267 
1491	280 
1492	312 
1493	249 
1494	368 
1495	465 
1496	94 
1497	386 
1498	386 
1499	341 
1500	106 
1501	108 
1502	449 
1503	311 
1504	333 
1505	289 
1506	427 
1507	444 
1508	314 
1509	51 
1510	428 
1511	267 
1512	400 
1513	399 
1514	75 
1515	92 
1516	72 
1517	171 
1518	33 
1519	129 
1520	37 
1521	55 
1522	308 
1523	255 
1524	52 
1525	148 
1526	132 
1527	119 
1528	329 
1529	21 
1530	336 
1531	117 
1532	58 
1533	332 
1534	268 
1535	362 
1536	57 
1537	386 
1538	379 
1539	166 
1540	207 
1541	312 
1542	92 
1543	18 
1544	249 
1545	41 
1546	401 
1547	409 
1548	449 
1549	467 
1550	361 
1551	245 
1552	293 
1553	363 
1554	311 
1555	159 
1556	441 
1557	80 
1558	393 
1559	33 
1560	72 
1561	243 
1562	123 
1563	422 
1564	362 
1565	85 
1566	416 
1567	425 
1568	381 
1569	157 
1570	384 
1571	113 
1572	336 
1573	176 
1574	66 
1575	115 
1576	359 
1577	80 
1578	53 
1579	441 
1580	392 
1581	23 
1582	335 
1583	276 
1584	351 
1585	230 
1586	84 
1587	400 
1588	438 
1589	308 
1590	106 
1591	444 
1592	57 
1593	33 
1594	57 
1595	75 
1596	440 
1597	226 
1598	327 
1599	35 
1600	149 
1601	7 
1602	449 
1603	151 
1604	416 
1605	308 
1606	444 
1607	456 
1608	400 
1609	30 
1610	411 
1611	30 
1612	85 
1613	14 
1614	95 
1615	270 
1616	241 
1617	158 
1618	81 
1619	211 
1620	241 
1621	204 
1622	51 
1623	423 
1624	14 
1625	147 
1626	47 
1627	203 
1628	419 
1629	393 
1630	101 
1631	265 
1632	59 
1633	416 
1634	324 
1635	120 
1636	82 
1637	327 
1638	51 
1639	333 
1640	142 
1641	183 
1642	308 
1643	265 
1644	404 
1645	297 
1646	259 
1647	130 
1648	383 
1649	394 
1650	152 
1651	129 
1652	107 
1653	182 
1654	365 
1655	453 
1656	14 
1657	329 
1658	164 
1659	90 
1660	249 
1661	431 
1662	157 
1663	332 
1664	289 
1665	44 
1666	370 
1667	267 
1668	434 
1669	292 
1670	183 
1671	392 
1672	294 
1673	316 
1674	6 
1675	75 
1676	265 
1677	30 
1678	403 
1679	151 
1680	398 
1681	456 
1682	302 
1683	80 
1684	324 
1685	110 
1686	300 
1687	241 
1688	90 
1689	111 
1690	368 
1691	192 
1692	416 
1693	447 
1694	272 
1695	84 
1696	46 
1697	106 
1698	146 
1699	185 
1700	426 
1701	25 
1702	92 
1703	198 
1704	53 
1705	53 
1706	54 
1707	421 
1708	233 
1709	344 
1710	158 
1711	449 
1712	122 
1713	307 
1714	47 
1715	282 
1716	306 
1717	126 
1718	64 
1719	27 
1720	289 
1721	92 
1722	90 
1723	392 
1724	89 
1725	156 
1726	115 
1727	324 
1728	203 
1729	89 
1730	88 
1731	344 
1732	439 
1733	73 
1734	154 
1735	3 
1736	410 
1737	203 
1738	201 
1739	265 
1740	140 
1741	194 
1742	275 
1743	285 
1744	308 
1745	148 
1746	456 
1747	229 
1748	163 
1749	39 
1750	342 
1751	271 
1752	440 
1753	110 
1754	33 
1755	4 
1756	143 
1757	289 
1758	420 
1759	281 
1760	80 
1761	431 
1762	280 
1763	148 
1764	227 
1765	223 
1766	191 
1767	374 
1768	203 
1769	60 
1770	357 
1771	165 
1772	126 
1773	2 
1774	278 
1775	438 
1776	86 
1777	425 
1778	311 
1779	180 
1780	18 
1781	61 
1782	331 
1783	33 
1784	306 
1785	117 
1786	408 
1787	406 
1788	2 
1789	445 
1790	336 
1791	176 
1792	89 
1793	105 
1794	107 
1795	413 
1796	138 
1797	57 
1798	98 
1799	324 
1800	263 
1801	54 
1802	304 
1803	324 
1804	265 
1805	281 
1806	357 
1807	423 
1808	46 
1809	421 
1810	91 
1811	193 
1812	204 
1813	429 
1814	131 
1815	46 
1816	346 
1817	106 
1818	72 
1819	235 
1820	316 
1821	198 
1822	84 
1823	85 
1824	57 
1825	241 
1826	39 
1827	392 
1828	57 
1829	333 
1830	335 
1831	234 
1832	184 
1833	377 
1834	265 
1835	110 
1836	143 
1837	428 
1838	386 
1839	145 
1840	53 
1841	158 
1842	2 
1843	96 
1844	55 
1845	220 
1846	410 
1847	216 
1848	143 
1849	59 
1850	281 
1851	259 
1852	44 
1853	88 
1854	6 
1855	239 
1856	136 
1857	280 
1858	99 
1859	191 
1860	385 
1861	47 
1862	167 
1863	429 
1864	211 
1865	143 
1866	6 
1867	328 
1868	20 
1869	255 
1870	306 
1871	75 
1872	30 
1873	367 
1874	303 
1875	368 
1876	287 
1877	292 
1878	442 
1879	188 
1880	17 
1881	346 
1882	106 
1883	332 
1884	148 
1885	327 
1886	90 
1887	23 
1888	80 
1889	197 
1890	106 
1891	440 
1892	216 
1893	14 
1894	371 
1895	127 
1896	280 
1897	459 
1898	335 
1899	390 
1900	86 
1901	438 
1902	427 
1903	82 
1904	206 
1905	249 
1906	105 
1907	285 
1908	153 
1909	181 
1910	330 
1911	333 
1912	350 
1913	324 
1914	339 
1915	367 
1916	448 
1917	444 
1918	82 
1919	144 
1920	402 
1921	176 
1922	418 
1923	236 
1924	211 
1925	252 
1926	384 
1927	2 
1928	301 
1929	376 
1930	311 
1931	100 
1932	393 
1933	301 
1934	375 
1935	276 
1936	459 
1937	193 
1938	246 
1939	325 
1940	184 
1941	168 
1942	237 
1943	24 
1944	406 
1945	286 
1946	366 
1947	47 
1948	165 
1949	13 
1950	171 
1951	344 
1952	259 
1953	262 
1954	78 
1955	13 
1956	252 
1957	153 
1958	401 
1959	47 
1960	327 
1961	408 
1962	265 
1963	98 
1964	415 
1965	177 
1966	286 
1967	195 
1968	386 
1969	13 
1970	311 
1971	91 
1972	385 
1973	209 
1974	246 
1975	356 
1976	401 
1977	462 
1978	354 
1979	211 
1980	94 
1981	332 
1982	435 
1983	8 
1984	254 
1985	339 
1986	47 
1987	113 
1988	65 
1989	272 
1990	265 
1991	347 
1992	253 
1993	247 
1994	386 
1995	467 
1996	161 
1997	265 
1998	8 
1999	348 
2000	150 
2001	87 
2002	311 
2003	80 
2004	258 
2005	255 
2006	88 
2007	312 
2008	416 
2009	127 
2010	14 
2011	264 
2012	5 
2013	243 
2014	85 
2015	97 
2016	374 
2017	190 
2018	10 
2019	354 
2020	9 
2021	324 
2022	300 
2023	433 
2024	300 
2025	157 
2026	324 
2027	439 
2028	202 
2029	311 
2030	189 
2031	401 
2032	391 
2033	20 
2034	458 
2035	342 
2036	193 
2037	452 
2038	431 
2039	297 
2040	340 
2041	319 
2042	82 
2043	416 
2044	105 
2045	345 
2046	33 
2047	356 
2048	375 
2049	411 
2050	261 
2051	85 
2052	7 
2053	431 
2054	22 
2055	266 
2056	330 
2057	167 
2058	425 
2059	220 
2060	167 
2061	438 
2062	214 
2063	440 
2064	466 
2065	191 
2066	242 
2067	266 
2068	102 
2069	218 
2070	249 
2071	308 
2072	158 
2073	92 
2074	49 
2075	333 
2076	433 
2077	150 
2078	148 
2079	176 
2080	194 
2081	215 
2082	44 
2083	438 
2084	376 
2085	140 
2086	408 
2087	438 
2088	219 
2089	435 
2090	344 
2091	127 
2092	442 
2093	207 
2094	386 
2095	13 
2096	245 
2097	63 
2098	402 
2099	409 
2100	91 
2101	118 
2102	408 
2103	217 
2104	451 
2105	327 
2106	143 
2107	32 
2108	345 
2109	143 
2110	106 
2111	191 
2112	255 
2113	392 
2114	370 
2115	94 
2116	371 
2117	281 
2118	459 
2119	1 
2120	173 
2121	412 
2122	13 
2123	193 
2124	42 
2125	43 
2126	128 
2127	111 
2128	249 
2129	111 
2130	231 
2131	325 
2132	219 
2133	240 
2134	94 
2135	411 
2136	416 
2137	54 
2138	392 
2139	324 
2140	362 
2141	239 
2142	160 
2143	90 
2144	386 
2145	455 
2146	33 
2147	238 
2148	417 
2149	410 
2150	126 
2151	82 
2152	309 
2153	82 
2154	384 
2155	221 
2156	170 
2157	166 
2158	453 
2159	432 
2160	193 
2161	3 
2162	344 
2163	393 
2164	33 
2165	339 
2166	255 
2167	43 
2168	262 
2169	183 
2170	264 
2171	30 
2172	37 
2173	195 
2174	433 
2175	209 
2176	33 
2177	303 
2178	291 
2179	182 
2180	1 
2181	440 
2182	317 
2183	213 
2184	167 
2185	273 
2186	429 
2187	24 
2188	17 
2189	82 
2190	303 
2191	80 
2192	223 
2193	125 
2194	316 
2195	394 
2196	298 
2197	358 
2198	213 
2199	40 
2200	420 
2201	283 
2202	97 
2203	308 
2204	386 
2205	61 
2206	443 
2207	55 
2208	317 
2209	323 
2210	225 
2211	352 
2212	60 
2213	395 
2214	168 
2215	281 
2216	215 
2217	93 
2218	233 
2219	345 
2220	345 
2221	46 
2222	257 
2223	60 
2224	70 
2225	125 
2226	406 
2227	395 
2228	280 
2229	109 
2230	229 
2231	437 
2232	228 
2233	387 
2234	280 
2235	250 
2236	184 
2237	286 
2238	333 
2239	127 
2240	46 
2241	222 
2242	165 
2243	75 
2244	95 
2245	332 
2246	154 
2247	68 
2248	364 
2249	82 
2250	429 
2251	15 
2252	142 
2253	132 
2254	106 
2255	278 
2256	142 
2257	145 
2258	415 
2259	286 
2260	459 
2261	53 
2262	199 
2263	97 
2264	14 
2265	85 
2266	97 
2267	397 
2268	312 
2269	33 
2270	410 
2271	422 
2272	385 
2273	376 
2274	75 
2275	333 
2276	279 
2277	143 
2278	249 
2279	262 
2280	315 
2281	308 
2282	405 
2283	212 
2284	332 
2285	260 
2286	85 
2287	74 
2288	441 
2289	243 
2290	444 
2291	410 
2292	144 
2293	153 
2294	464 
2295	292 
2296	370 
2297	191 
2298	336 
2299	216 
2300	52 
2301	135 
2302	401 
2303	349 
2304	413 
2305	384 
2306	157 
2307	69 
2308	457 
2309	5 
2310	98 
2311	301 
2312	142 
2313	415 
2314	252 
2315	418 
2316	305 
2317	410 
2318	336 
2319	420 
2320	256 
2321	59 
2322	106 
2323	128 
2324	301 
2325	87 
2326	259 
2327	160 
2328	167 
2329	327 
2330	180 
2331	279 
2332	128 
2333	438 
2334	54 
2335	246 
2336	464 
2337	330 
2338	166 
2339	441 
2340	184 
2341	324 
2342	438 
2343	221 
2344	325 
2345	148 
2346	106 
2347	377 
2348	1 
2349	85 
2350	75 
2351	236 
2352	50 
2353	358 
2354	168 
2355	30 
2356	55 
2357	87 
2358	143 
2359	310 
2360	57 
2361	74 
2362	194 
2363	318 
2364	249 
2365	306 
2366	11 
2367	354 
2368	239 
2369	364 
2370	366 
2371	311 
2372	269 
2373	4 
2374	272 
2375	406 
2376	350 
2377	91 
2378	453 
2379	151 
2380	409 
2381	425 
2382	377 
2383	40 
2384	372 
2385	13 
2386	440 
2387	122 
2388	81 
2389	13 
2390	297 
2391	60 
2392	271 
2393	249 
2394	3 
2395	361 
2396	372 
2397	154 
2398	109 
2399	157 
2400	394 
2401	348 
2402	71 
2403	14 
2404	329 
2405	125 
2406	92 
2407	167 
2408	311 
2409	35 
2410	126 
2411	81 
2412	405 
2413	370 
2414	317 
2415	357 
2416	280 
2417	383 
2418	216 
2419	59 
2420	18 
2421	170 
2422	92 
2423	21 
2424	402 
2425	66 
2426	434 
2427	462 
2428	341 
2429	337 
2430	349 
2431	449 
2432	273 
2433	162 
2434	406 
2435	51 
2436	92 
2437	167 
2438	429 
2439	217 
2440	122 
2441	308 
2442	281 
2443	401 
2444	265 
2445	162 
2446	356 
2447	406 
2448	258 
2449	340 
2450	291 
2451	187 
2452	110 
2453	80 
2454	342 
2455	315 
2456	202 
2457	306 
2458	8 
2459	367 
2460	33 
2461	265 
2462	234 
2463	106 
2464	346 
2465	335 
2466	441 
2467	431 
2468	431 
2469	152 
2470	311 
2471	193 
2472	102 
2473	314 
2474	164 
2475	377 
2476	376 
2477	305 
2478	51 
2479	30 
2480	220 
2481	416 
2482	350 
2483	249 
2484	158 
2485	350 
2486	409 
2487	348 
2488	319 
2489	328 
2490	249 
2491	47 
2492	211 
2493	391 
2494	197 
2495	357 
2496	427 
2497	303 
2498	449 
2499	48 
2500	425 
2501	330 
2502	366 
2503	362 
2504	4 
2505	14 
2506	395 
2507	148 
2508	90 
2509	184 
2510	249 
2511	416 
2512	213 
2513	296 
2514	249 
2515	402 
2516	356 
2517	202 
2518	126 
2519	448 
2520	13 
2521	243 
2522	431 
2523	307 
2524	76 
2525	150 
2526	372 
2527	394 
2528	243 
2529	404 
2530	377 
2531	127 
2532	134 
2533	142 
2534	385 
2535	363 
2536	220 
2537	2 
2538	116 
2539	107 
2540	393 
2541	41 
2542	39 
2543	293 
2544	202 
2545	350 
2546	66 
2547	92 
2548	60 
2549	169 
2550	167 
2551	57 
2552	281 
2553	154 
2554	356 
2555	13 
2556	233 
2557	54 
2558	17 
2559	402 
2560	383 
2561	364 
2562	24 
2563	453 
2564	444 
2565	346 
2566	375 
2567	346 
2568	77 
2569	344 
2570	446 
2571	24 
2572	412 
2573	163 
2574	415 
2575	134 
2576	353 
2577	204 
2578	268 
2579	55 
2580	213 
2581	6 
2582	377 
2583	144 
2584	255 
2585	354 
2586	20 
2587	91 
2588	90 
2589	85 
2590	439 
2591	5 
2592	286 
2593	47 
2594	85 
2595	308 
2596	395 
2597	97 
2598	77 
2599	437 
2600	367 
2601	271 
2602	438 
2603	272 
2604	15 
2605	101 
2606	61 
2607	140 
2608	462 
2609	271 
2610	75 
2611	457 
2612	8 
2613	23 
2614	311 
2615	152 
2616	329 
2617	318 
2618	85 
2619	366 
2620	139 
2621	248 
2622	122 
2623	143 
2624	202 
2625	2 
2626	381 
2627	155 
2628	202 
2629	179 
2630	388 
2631	33 
2632	351 
2633	52 
2634	95 
2635	82 
2636	10 
2637	274 
2638	425 
2639	152 
2640	395 
2641	20 
2642	118 
2643	422 
2644	210 
2645	153 
2646	81 
2647	173 
2648	417 
2649	34 
2650	326 
2651	196 
2652	302 
2653	164 
2654	403 
2655	202 
2656	315 
2657	377 
2658	377 
2659	440 
2660	30 
2661	351 
2662	413 
2663	171 
2664	444 
2665	324 
2666	202 
2667	34 
2668	34 
2669	330 
2670	315 
2671	349 
2672	14 
2673	280 
2674	423 
2675	47 
2676	438 
2677	64 
2678	239 
2679	72 
2680	446 
2681	401 
2682	222 
2683	33 
2684	414 
2685	289 
2686	138 
2687	150 
2688	217 
2689	411 
2690	111 
2691	336 
2692	457 
2693	440 
2694	243 
2695	105 
2696	429 
2697	53 
2698	401 
2699	147 
2700	93 
2701	325 
2702	314 
2703	327 
2704	252 
2705	442 
2706	311 
2707	13 
2708	259 
2709	267 
2710	458 
2711	383 
2712	209 
2713	240 
2714	327 
2715	281 
2716	157 
2717	429 
2718	151 
2719	120 
2720	57 
2721	448 
2722	20 
2723	327 
2724	97 
2725	214 
2726	21 
2727	58 
2728	116 
2729	332 
2730	139 
2731	409 
2732	133 
2733	200 
2734	449 
2735	362 
2736	346 
2737	106 
2738	19 
2739	161 
2740	99 
2741	167 
2742	250 
2743	49 
2744	308 
2745	403 
2746	268 
2747	137 
2748	8 
2749	325 
2750	367 
2751	302 
2752	277 
2753	18 
2754	330 
2755	394 
2756	36 
2757	33 
2758	289 
2759	336 
2760	431 
2761	367 
2762	241 
2763	440 
2764	327 
2765	432 
2766	82 
2767	407 
2768	35 
2769	103 
2770	280 
2771	13 
2772	350 
2773	213 
2774	91 
2775	92 
2776	444 
2777	217 
2778	148 
2779	308 
2780	75 
2781	388 
2782	360 
2783	96 
2784	230 
2785	425 
2786	371 
2787	23 
2788	354 
2789	374 
2790	377 
2791	220 
2792	324 
2793	122 
2794	39 
2795	66 
2796	249 
2797	260 
2798	57 
2799	114 
2800	50 
2801	10 
2802	140 
2803	327 
2804	166 
2805	227 
2806	238 
2807	65 
2808	351 
2809	2 
2810	253 
2811	363 
2812	424 
2813	375 
2814	316 
2815	425 
2816	97 
2817	43 
2818	202 
2819	223 
2820	357 
2821	399 
2822	264 
2823	122 
2824	72 
2825	106 
2826	344 
2827	427 
2828	404 
2829	8 
2830	209 
2831	195 
2832	91 
2833	46 
2834	308 
2835	143 
2836	364 
2837	222 
2838	7 
2839	336 
2840	199 
2841	7 
2842	377 
2843	458 
2844	122 
2845	59 
2846	308 
2847	157 
2848	304 
2849	339 
2850	334 
2851	280 
2852	377 
2853	367 
2854	322 
2855	252 
2856	306 
2857	52 
2858	329 
2859	157 
2860	55 
2861	167 
2862	280 
2863	384 
2864	241 
2865	246 
2866	70 
2867	326 
2868	403 
2869	280 
2870	138 
2871	217 
2872	75 
2873	325 
2874	143 
2875	206 
2876	45 
2877	311 
2878	166 
2879	245 
2880	93 
2881	193 
2882	110 
2883	87 
2884	19 
2885	356 
2886	225 
2887	399 
2888	58 
2889	416 
2890	57 
2891	407 
2892	268 
2893	165 
2894	357 
2895	206 
2896	416 
2897	412 
2898	202 
2899	239 
2900	51 
2901	410 
2902	353 
2903	451 
2904	60 
2905	364 
2906	373 
2907	362 
2908	352 
2909	33 
2910	313 
2911	154 
2912	264 
2913	150 
2914	153 
2915	239 
2916	425 
2917	30 
2918	57 
2919	313 
2920	51 
2921	148 
2922	51 
2923	354 
2924	126 
2925	318 
2926	110 
2927	370 
2928	377 
2929	334 
2930	415 
2931	59 
2932	26 
2933	127 
2934	280 
2935	403 
2936	274 
2937	52 
2938	281 
2939	85 
2940	213 
2941	301 
2942	255 
2943	51 
2944	7 
2945	465 
2946	416 
2947	137 
2948	193 
2949	31 
2950	365 
2951	182 
2952	249 
2953	152 
2954	409 
2955	292 
2956	154 
2957	84 
2958	233 
2959	265 
2960	74 
2961	192 
2962	57 
2963	65 
2964	416 
2965	392 
2966	66 
2967	65 
2968	346 
2969	82 
2970	394 
2971	398 
2972	218 
2973	375 
2974	428 
2975	402 
2976	150 
2977	428 
2978	88 
2979	361 
2980	416 
2981	122 
2982	425 
2983	429 
2984	435 
2985	186 
2986	419 
2987	439 
2988	156 
2989	417 
2990	72 
2991	63 
2992	202 
2993	308 
2994	429 
2995	46 
2996	276 
2997	57 
2998	202 
2999	90 
3000	106 
3001	227 
3002	14 
3003	347 
3004	92 
3005	352 
3006	422 
3007	30 
3008	377 
3009	273 
3010	408 
3011	419 
3012	234 
3013	401 
3014	356 
3015	27 
3016	106 
3017	384 
3018	97 
3019	14 
3020	246 
3021	408 
3022	390 
3023	53 
3024	91 
3025	308 
3026	437 
3027	45 
3028	411 
3029	391 
3030	113 
3031	325 
3032	13 
3033	436 
3034	326 
3035	163 
3036	195 
3037	398 
3038	13 
3039	303 
3040	282 
3041	193 
3042	191 
3043	151 
3044	427 
3045	402 
3046	394 
3047	211 
3048	229 
3049	129 
3050	265 
3051	126 
3052	423 
3053	289 
3054	324 
3055	321 
3056	161 
3057	105 
3058	333 
3059	403 
3060	51 
3061	33 
3062	386 
3063	186 
3064	63 
3065	216 
3066	85 
3067	362 
3068	336 
3069	61 
3070	353 
3071	285 
3072	149 
3073	385 
3074	272 
3075	461 
3076	156 
3077	315 
3078	8 
3079	92 
3080	160 
3081	37 
3082	218 
3083	221 
3084	267 
3085	30 
3086	85 
3087	215 
3088	236 
3089	462 
3090	197 
3091	79 
3092	344 
3093	319 
3094	346 
3095	111 
3096	172 
3097	278 
3098	135 
3099	230 
3100	276 
3101	21 
3102	146 
3103	177 
3104	84 
3105	209 
3106	292 
3107	259 
3108	366 
3109	138 
3110	138 
3111	14 
3112	236 
3113	101 
3114	123 
3115	448 
3116	106 
3117	58 
3118	426 
3119	155 
3120	54 
3121	264 
3122	176 
3123	379 
3124	429 
3125	408 
3126	217 
3127	308 
3128	457 
3129	1 
3130	340 
3131	429 
3132	98 
3133	53 
3134	159 
3135	69 
3136	434 
3137	197 
3138	202 
3139	57 
3140	388 
3141	80 
3142	323 
3143	299 
3144	7 
3145	404 
3146	31 
3147	323 
3148	74 
3149	122 
3150	267 
3151	377 
3152	339 
3153	165 
3154	150 
3155	174 
3156	74 
3157	167 
3158	52 
3159	111 
3160	102 
3161	148 
3162	427 
3163	356 
3164	239 
3165	83 
3166	428 
3167	66 
3168	332 
3169	357 
3170	408 
3171	80 
3172	289 
3173	215 
3174	371 
3175	411 
3176	267 
3177	440 
3178	80 
3179	403 
3180	291 
3181	13 
3182	333 
3183	50 
3184	346 
3185	465 
3186	283 
3187	1 
3188	153 
3189	301 
3190	94 
3191	424 
3192	140 
3193	13 
3194	236 
3195	82 
3196	46 
3197	162 
3198	33 
3199	153 
3200	152 
3201	30 
3202	344 
3203	23 
3204	427 
3205	316 
3206	123 
3207	276 
3208	106 
3209	455 
3210	62 
3211	101 
3212	158 
3213	453 
3214	55 
3215	391 
3216	455 
3217	347 
3218	405 
3219	218 
3220	106 
3221	444 
3222	150 
3223	118 
3224	184 
3225	58 
3226	315 
3227	132 
3228	216 
3229	403 
3230	100 
3231	274 
3232	102 
3233	396 
3234	416 
3235	193 
3236	324 
3237	270 
3238	51 
3239	429 
3240	249 
3241	99 
3242	386 
3243	333 
3244	124 
3245	216 
3246	238 
3247	440 
3248	32 
3249	98 
3250	431 
3251	54 
3252	358 
3253	158 
3254	107 
3255	268 
3256	416 
3257	366 
3258	14 
3259	258 
3260	184 
3261	355 
3262	354 
3263	366 
3264	47 
3265	329 
3266	219 
3267	111 
3268	219 
3269	121 
3270	424 
3271	151 
3272	80 
3273	87 
3274	425 
3275	216 
3276	344 
3277	2 
3278	223 
3279	410 
3280	54 
3281	318 
3282	345 
3283	138 
3284	1 
3285	198 
3286	146 
3287	249 
3288	122 
3289	215 
3290	383 
3291	193 
3292	59 
3293	330 
3294	177 
3295	179 
3296	389 
3297	312 
3298	79 
3299	268 
3300	7 
3301	90 
3302	112 
3303	153 
3304	415 
3305	90 
3306	3 
3307	235 
3308	39 
3309	351 
3310	163 
3311	323 
3312	127 
3313	124 
3314	79 
3315	54 
3316	311 
3317	91 
3318	60 
3319	357 
3320	382 
3321	252 
3322	105 
3323	89 
3324	249 
3325	357 
3326	98 
3327	272 
3328	57 
3329	403 
3330	439 
3331	209 
3332	191 
3333	374 
3334	1 
3335	406 
3336	465 
3337	281 
3338	442 
3339	41 
3340	393 
3341	262 
3342	138 
3343	265 
3344	92 
3345	362 
3346	327 
3347	238 
3348	363 
3349	124 
3350	326 
3351	311 
3352	10 
3353	308 
3354	308 
3355	205 
3356	71 
3357	422 
3358	424 
3359	100 
3360	105 
3361	371 
3362	30 
3363	151 
3364	160 
3365	97 
3366	399 
3367	152 
3368	261 
3369	265 
3370	414 
3371	153 
3372	2 
3373	288 
3374	280 
3375	32 
3376	402 
3377	390 
3378	202 
3379	344 
3380	51 
3381	429 
3382	272 
3383	265 
3384	301 
3385	202 
3386	171 
3387	325 
3388	72 
3389	201 
3390	30 
3391	265 
3392	61 
3393	327 
3394	17 
3395	105 
3396	332 
3397	30 
3398	227 
3399	73 
3400	9 
3401	154 
3402	61 
3403	395 
3404	427 
3405	184 
3406	184 
3407	77 
3408	107 
3409	213 
3410	398 
3411	33 
3412	232 
3413	178 
3414	62 
3415	166 
3416	427 
3417	400 
3418	335 
3419	390 
3420	401 
3421	404 
3422	72 
3423	289 
3424	392 
3425	165 
3426	393 
3427	54 
3428	20 
3429	90 
3430	257 
3431	134 
3432	164 
3433	440 
3434	3 
3435	265 
3436	1 
3437	458 
3438	327 
3439	5 
3440	463 
3441	49 
3442	192 
3443	285 
3444	401 
3445	465 
3446	54 
3447	9 
3448	336 
3449	150 
3450	299 
3451	85 
3452	103 
3453	36 
3454	219 
3455	385 
3456	385 
3457	401 
3458	46 
3459	392 
3460	332 
3461	220 
3462	250 
3463	1 
3464	46 
3465	180 
3466	463 
3467	327 
3468	451 
3469	366 
3470	146 
3471	220 
3472	163 
3473	52 
3474	122 
3475	93 
3476	101 
3477	365 
3478	231 
3479	59 
3480	50 
3481	285 
3482	109 
3483	358 
3484	215 
3485	96 
3486	162 
3487	409 
3488	306 
3489	224 
3490	444 
3491	263 
3492	232 
3493	51 
3494	362 
3495	8 
3496	330 
3497	7 
3498	150 
3499	431 
3500	45 
3501	238 
3502	319 
3503	436 
3504	289 
3505	276 
3506	103 
3507	429 
3508	7 
3509	280 
3510	247 
3511	46 
3512	13 
3513	106 
3514	281 
3515	222 
3516	35 
3517	416 
3518	110 
3519	326 
3520	25 
3521	259 
3522	263 
3523	92 
3524	285 
3525	401 
3526	267 
3527	158 
3528	325 
3529	20 
3530	292 
3531	397 
3532	51 
3533	410 
3534	429 
3535	105 
3536	56 
3537	428 
3538	83 
3539	218 
3540	446 
3541	91 
3542	116 
3543	416 
3544	24 
3545	97 
3546	193 
3547	26 
3548	359 
3549	182 
3550	202 
3551	181 
3552	423 
3553	291 
3554	157 
3555	110 
3556	320 
3557	21 
3558	427 
3559	139 
3560	409 
3561	370 
3562	128 
3563	10 
3564	91 
3565	216 
3566	167 
3567	190 
3568	23 
3569	1 
3570	356 
3571	168 
3572	319 
3573	143 
3574	157 
3575	187 
3576	235 
3577	58 
3578	339 
3579	34 
3580	361 
3581	322 
3582	391 
3583	273 
3584	255 
3585	371 
3586	208 
3587	158 
3588	38 
3589	377 
3590	127 
3591	234 
3592	443 
3593	85 
3594	460 
3595	184 
3596	342 
3597	324 
3598	203 
3599	281 
3600	114 
3601	327 
3602	57 
3603	8 
3604	345 
3605	298 
3606	246 
3607	461 
3608	294 
3609	33 
3610	403 
3611	375 
3612	427 
3613	415 
3614	312 
3615	272 
3616	356 
3617	89 
3618	3 
3619	83 
3620	35 
3621	362 
3622	57 
3623	216 
3624	92 
3625	427 
3626	438 
3627	183 
3628	13 
3629	319 
3630	279 
3631	314 
3632	246 
3633	370 
3634	255 
3635	426 
3636	242 
3637	128 
3638	243 
3639	423 
3640	95 
3641	142 
3642	255 
3643	362 
3644	301 
3645	355 
3646	33 
3647	444 
3648	110 
3649	308 
3650	416 
3651	103 
3652	317 
3653	370 
3654	350 
3655	203 
3656	133 
3657	197 
3658	339 
3659	421 
3660	184 
3661	179 
3662	287 
3663	253 
3664	329 
3665	396 
3666	282 
3667	174 
3668	339 
3669	449 
3670	336 
3671	184 
3672	246 
3673	383 
3674	192 
3675	203 
3676	231 
3677	294 
3678	197 
3679	308 
3680	270 
3681	82 
3682	23 
3683	440 
3684	461 
3685	25 
3686	385 
3687	322 
3688	157 
3689	257 
3690	111 
3691	209 
3692	82 
3693	156 
3694	221 
3695	72 
3696	14 
3697	273 
3698	18 
3699	369 
3700	324 
3701	80 
3702	74 
3703	136 
3704	157 
3705	72 
3706	401 
3707	298 
3708	328 
3709	434 
3710	159 
3711	184 
3712	178 
3713	286 
3714	7 
3715	303 
3716	444 
3717	465 
3718	279 
3719	438 
3720	422 
3721	150 
3722	184 
3723	342 
3724	33 
3725	412 
3726	333 
3727	372 
3728	347 
3729	31 
3730	115 
3731	162 
3732	60 
3733	286 
3734	179 
3735	122 
3736	311 
3737	419 
3738	304 
3739	21 
3740	452 
3741	437 
3742	182 
3743	140 
3744	118 
3745	438 
3746	427 
3747	386 
3748	362 
3749	371 
3750	180 
3751	117 
3752	351 
3753	452 
3754	93 
3755	30 
3756	411 
3757	438 
3758	290 
3759	17 
3760	172 
3761	393 
3762	33 
3763	261 
3764	94 
3765	160 
3766	327 
3767	170 
3768	410 
3769	244 
3770	174 
3771	56 
3772	274 
3773	210 
3774	53 
3775	33 
3776	200 
3777	54 
3778	282 
3779	344 
3780	194 
3781	30 
3782	277 
3783	236 
3784	82 
3785	444 
3786	120 
3787	88 
3788	411 
3789	154 
3790	236 
3791	436 
3792	429 
3793	350 
3794	60 
3795	274 
3796	393 
3797	289 
3798	215 
3799	133 
3800	90 
3801	110 
3802	365 
3803	371 
3804	41 
3805	421 
3806	66 
3807	110 
3808	346 
3809	403 
3810	213 
3811	109 
3812	366 
3813	54 
3814	298 
3815	175 
3816	319 
3817	2 
3818	376 
3819	30 
3820	21 
3821	211 
3822	126 
3823	339 
3824	202 
3825	163 
3826	303 
3827	439 
3828	368 
3829	148 
3830	462 
3831	351 
3832	340 
3833	112 
3834	187 
3835	374 
3836	68 
3837	245 
3838	401 
3839	35 
3840	52 
3841	354 
3842	166 
3843	273 
3844	311 
3845	21 
3846	20 
3847	41 
3848	309 
3849	350 
3850	69 
3851	109 
3852	367 
3853	281 
3854	57 
3855	286 
3856	25 
3857	376 
3858	238 
3859	133 
3860	292 
3861	417 
3862	357 
3863	368 
3864	62 
3865	216 
3866	442 
3867	149 
3868	248 
3869	85 
3870	60 
3871	329 
3872	274 
3873	410 
3874	148 
3875	374 
3876	154 
3877	25 
3878	293 
3879	303 
3880	268 
3881	434 
3882	243 
3883	52 
3884	241 
3885	66 
3886	289 
3887	24 
3888	308 
3889	285 
3890	216 
3891	118 
3892	445 
3893	325 
3894	151 
3895	194 
3896	385 
3897	466 
3898	75 
3899	75 
3900	343 
3901	98 
3902	303 
3903	194 
3904	390 
3905	61 
3906	464 
3907	403 
3908	423 
3909	182 
3910	157 
3911	216 
3912	374 
3913	346 
3914	168 
3915	197 
3916	148 
3917	280 
3918	237 
3919	436 
3920	326 
3921	255 
3922	58 
3923	451 
3924	210 
3925	323 
3926	264 
3927	265 
3928	46 
3929	132 
3930	94 
3931	367 
3932	356 
3933	207 
3934	440 
3935	93 
3936	93 
3937	197 
3938	118 
3939	23 
3940	210 
3941	351 
3942	90 
3943	55 
3944	26 
3945	458 
3946	351 
3947	149 
3948	299 
3949	220 
3950	7 
3951	270 
3952	253 
3953	292 
3954	313 
3955	290 
3956	437 
3957	266 
3958	362 
3959	427 
3960	124 
3961	163 
3962	184 
3963	348 
3964	431 
3965	309 
3966	177 
3967	93 
3968	423 
3969	101 
3970	47 
3971	419 
3972	72 
3973	31 
3974	26 
3975	135 
3976	452 
3977	339 
3978	157 
3979	325 
3980	142 
3981	385 
3982	157 
3983	401 
3984	30 
3985	265 
3986	118 
3987	152 
3988	50 
3989	127 
3990	153 
3991	386 
3992	415 
3993	209 
3994	383 
3995	82 
3996	337 
3997	375 
3998	106 
3999	127 
4000	34 
4001	154 
4002	89 
4003	237 
4004	286 
4005	336 
4006	15 
4007	210 
4008	440 
4009	157 
4010	251 
4011	216 
4012	53 
4013	445 
4014	232 
4015	265 
4016	327 
4017	385 
4018	393 
4019	98 
4020	375 
4021	127 
4022	163 
4023	372 
4024	85 
4025	59 
4026	6 
4027	365 
4028	264 
4029	39 
4030	281 
4031	74 
4032	162 
4033	105 
4034	402 
4035	209 
4036	354 
4037	349 
4038	306 
4039	346 
4040	142 
4041	148 
4042	277 
4043	148 
4044	55 
4045	121 
4046	403 
4047	150 
4048	309 
4049	386 
4050	3 
4051	451 
4052	220 
4053	154 
4054	346 
4055	56 
4056	296 
4057	327 
4058	279 
4059	183 
4060	49 
4061	315 
4062	57 
4063	344 
4064	140 
4065	92 
4066	54 
4067	433 
4068	367 
4069	411 
4070	427 
4071	192 
4072	8 
4073	240 
4074	32 
4075	157 
4076	89 
4077	146 
4078	403 
4079	32 
4080	358 
4081	394 
4082	78 
4083	72 
4084	105 
4085	427 
4086	346 
4087	91 
4088	51 
4089	6 
4090	295 
4091	46 
4092	33 
4093	400 
4094	374 
4095	216 
4096	335 
4097	327 
4098	60 
4099	127 
4100	390 
4101	420 
4102	151 
4103	425 
4104	269 
4105	339 
4106	167 
4107	419 
4108	158 
4109	372 
4110	424 
4111	264 
4112	18 
4113	262 
4114	153 
4115	387 
4116	386 
4117	233 
4118	168 
4119	146 
4120	72 
4121	150 
4122	433 
4123	119 
4124	265 
4125	106 
4126	304 
4127	157 
4128	356 
4129	106 
4130	434 
4131	106 
4132	81 
4133	438 
4134	468 
4135	122 
4136	57 
4137	218 
4138	73 
4139	166 
4140	285 
4141	81 
4142	52 
4143	142 
4144	333 
4145	163 
4146	66 
4147	33 
4148	417 
4149	167 
4150	131 
4151	274 
4152	94 
4153	66 
4154	51 
4155	138 
4156	292 
4157	163 
4158	276 
4159	211 
4160	220 
4161	47 
4162	164 
4163	410 
4164	141 
4165	209 
4166	367 
4167	425 
4168	357 
4169	217 
4170	367 
4171	328 
4172	398 
4173	278 
4174	315 
4175	138 
4176	286 
4177	111 
4178	308 
4179	249 
4180	53 
4181	118 
4182	317 
4183	402 
4184	197 
4185	383 
4186	177 
4187	381 
4188	197 
4189	106 
4190	10 
4191	162 
4192	223 
4193	339 
4194	77 
4195	82 
4196	329 
4197	113 
4198	403 
4199	342 
4200	289 
4201	72 
4202	159 
4203	249 
4204	155 
4205	157 
4206	327 
4207	428 
4208	214 
4209	249 
4210	326 
4211	392 
4212	122 
4213	28 
4214	372 
4215	347 
4216	280 
4217	431 
4218	410 
4219	444 
4220	344 
4221	409 
4222	353 
4223	63 
4224	252 
4225	46 
4226	91 
4227	58 
4228	217 
4229	158 
4230	217 
4231	241 
4232	271 
4233	306 
4234	232 
4235	85 
4236	358 
4237	419 
4238	139 
4239	265 
4240	297 
4241	249 
4242	158 
4243	184 
4244	236 
4245	236 
4246	1 
4247	30 
4248	348 
4249	47 
4250	279 
4251	383 
4252	89 
4253	273 
4254	116 
4255	415 
4256	325 
4257	101 
4258	89 
4259	47 
4260	429 
4261	203 
4262	57 
4263	415 
4264	458 
4265	444 
4266	14 
4267	424 
4268	434 
4269	51 
4270	261 
4271	13 
4272	451 
4273	53 
4274	39 
4275	112 
4276	69 
4277	95 
4278	213 
4279	319 
4280	256 
4281	313 
4282	384 
4283	150 
4284	84 
4285	241 
4286	157 
4287	407 
4288	217 
4289	385 
4290	427 
4291	377 
4292	66 
4293	373 
4294	235 
4295	130 
4296	66 
4297	275 
4298	251 
4299	127 
4300	393 
4301	356 
4302	32 
4303	46 
4304	218 
4305	71 
4306	236 
4307	324 
4308	38 
4309	371 
4310	281 
4311	311 
4312	75 
4313	203 
4314	43 
4315	296 
4316	197 
4317	23 
4318	429 
4319	429 
4320	332 
4321	52 
4322	164 
4323	94 
4324	50 
4325	300 
4326	23 
4327	235 
4328	388 
4329	351 
4330	354 
4331	136 
4332	211 
4333	41 
4334	148 
4335	137 
4336	82 
4337	157 
4338	420 
4339	132 
4340	211 
4341	138 
4342	172 
4343	28 
4344	94 
4345	30 
4346	249 
4347	66 
4348	111 
4349	13 
4350	413 
4351	85 
4352	375 
4353	167 
4354	10 
4355	100 
4356	308 
4357	388 
4358	249 
4359	58 
4360	209 
4361	431 
4362	411 
4363	374 
4364	200 
4365	403 
4366	81 
4367	58 
4368	82 
4369	311 
4370	157 
4371	14 
4372	409 
4373	97 
4374	51 
4375	155 
4376	300 
4377	102 
4378	401 
4379	127 
4380	193 
4381	195 
4382	61 
4383	1 
4384	106 
4385	355 
4386	366 
4387	197 
4388	31 
4389	152 
4390	185 
4391	371 
4392	101 
4393	350 
4394	33 
4395	9 
4396	297 
4397	143 
4398	224 
4399	390 
4400	209 
4401	127 
4402	202 
4403	158 
4404	447 
4405	265 
4406	377 
4407	401 
4408	383 
4409	256 
4410	245 
4411	385 
4412	150 
4413	170 
4414	374 
4415	66 
4416	227 
4417	326 
4418	217 
4419	373 
4420	442 
4421	265 
4422	166 
4423	138 
4424	111 
4425	289 
4426	59 
4427	306 
4428	30 
4429	335 
4430	370 
4431	255 
4432	403 
4433	153 
4434	306 
4435	46 
4436	318 
4437	138 
4438	317 
4439	339 
4440	90 
4441	127 
4442	283 
4443	181 
4444	41 
4445	148 
4446	380 
4447	252 
4448	170 
4449	280 
4450	106 
4451	47 
4452	325 
4453	309 
4454	263 
4455	437 
4456	197 
4457	7 
4458	53 
4459	184 
4460	289 
4461	202 
4462	267 
4463	457 
4464	407 
4465	358 
4466	152 
4467	44 
4468	127 
4469	311 
4470	351 
4471	165 
4472	98 
4473	374 
4474	388 
4475	90 
4476	257 
4477	175 
4478	280 
4479	7 
4480	265 
4481	89 
4482	332 
4483	402 
4484	332 
4485	219 
4486	440 
4487	451 
4488	316 
4489	72 
4490	238 
4491	259 
4492	327 
4493	7 
4494	462 
4495	46 
4496	71 
4497	92 
4498	211 
4499	439 
4500	447 
4501	263 
4502	350 
4503	375 
4504	58 
4505	453 
4506	196 
4507	396 
4508	316 
4509	398 
4510	143 
4511	53 
4512	15 
4513	130 
4514	97 
4515	82 
4516	458 
4517	393 
4518	213 
4519	13 
4520	375 
4521	89 
4522	409 
4523	386 
4524	297 
4525	303 
4526	118 
4527	44 
4528	424 
4529	153 
4530	342 
4531	13 
4532	239 
4533	395 
4534	403 
4535	75 
4536	168 
4537	127 
4538	106 
4539	166 
4540	131 
4541	197 
4542	314 
4543	327 
4544	401 
4545	327 
4546	97 
4547	267 
4548	221 
4549	243 
4550	192 
4551	146 
4552	85 
4553	176 
4554	182 
4555	138 
4556	197 
4557	1 
4558	93 
4559	127 
4560	116 
4561	64 
4562	179 
4563	466 
4564	98 
4565	407 
4566	142 
4567	57 
4568	27 
4569	448 
4570	438 
4571	186 
4572	51 
4573	272 
4574	153 
4575	164 
4576	434 
4577	47 
4578	314 
4579	351 
4580	401 
4581	217 
4582	355 
4583	138 
4584	402 
4585	249 
4586	8 
4587	219 
4588	98 
4589	158 
4590	125 
4591	446 
4592	20 
4593	34 
4594	40 
4595	208 
4596	380 
4597	55 
4598	386 
4599	351 
4600	273 
4601	445 
4602	267 
4603	235 
4604	411 
4605	216 
4606	467 
4607	62 
4608	16 
4609	436 
4610	110 
4611	351 
4612	47 
4613	294 
4614	52 
4615	242 
4616	33 
4617	252 
4618	107 
4619	427 
4620	346 
4621	376 
4622	105 
4623	263 
4624	436 
4625	425 
4626	446 
4627	26 
4628	8 
4629	9 
4630	433 
4631	367 
4632	193 
4633	193 
4634	82 
4635	204 
4636	31 
4637	191 
4638	410 
4639	164 
4640	433 
4641	285 
4642	46 
4643	58 
4644	2 
4645	325 
4646	174 
4647	217 
4648	432 
4649	55 
4650	72 
4651	135 
4652	387 
4653	377 
4654	458 
4655	100 
4656	161 
4657	101 
4658	1 
4659	157 
4660	367 
4661	377 
4662	133 
4663	462 
4664	91 
4665	148 
4666	66 
4667	34 
4668	26 
4669	327 
4670	82 
4671	380 
4672	96 
4673	246 
4674	94 
4675	30 
4676	56 
4677	42 
4678	292 
4679	144 
4680	424 
4681	346 
4682	429 
4683	401 
4684	72 
4685	258 
4686	421 
4687	112 
4688	77 
4689	151 
4690	122 
4691	39 
4692	422 
4693	148 
4694	189 
4695	11 
4696	214 
4697	18 
4698	383 
4699	330 
4700	217 
4701	238 
4702	388 
4703	262 
4704	346 
4705	127 
4706	203 
4707	360 
4708	325 
4709	352 
4710	33 
4711	431 
4712	4 
4713	229 
4714	427 
4715	52 
4716	197 
4717	202 
4718	289 
4719	364 
4720	350 
4721	93 
4722	82 
4723	371 
4724	8 
4725	344 
4726	118 
4727	180 
4728	327 
4729	376 
4730	150 
4731	354 
4732	52 
4733	90 
4734	158 
4735	311 
4736	86 
4737	59 
4738	191 
4739	366 
4740	205 
4741	403 
4742	219 
4743	3 
4744	184 
4745	84 
4746	375 
4747	249 
4748	288 
4749	272 
4750	151 
4751	85 
4752	209 
4753	451 
4754	356 
4755	186 
4756	47 
4757	223 
4758	34 
4759	208 
4760	264 
4761	245 
4762	351 
4763	241 
4764	458 
4765	126 
4766	351 
4767	453 
4768	311 
4769	153 
4770	430 
4771	7 
4772	459 
4773	346 
4774	428 
4775	308 
4776	60 
4777	211 
4778	374 
4779	216 
4780	85 
4781	57 
4782	444 
4783	242 
4784	358 
4785	463 
4786	465 
4787	438 
4788	297 
4789	14 
4790	330 
4791	458 
4792	458 
4793	439 
4794	455 
4795	224 
4796	246 
4797	82 
4798	126 
4799	298 
4800	412 
4801	13 
4802	234 
4803	236 
4804	391 
4805	375 
4806	216 
4807	409 
4808	204 
4809	441 
4810	8 
4811	150 
4812	219 
4813	311 
4814	217 
4815	465 
4816	339 
4817	308 
4818	339 
4819	51 
4820	423 
4821	182 
4822	151 
4823	31 
4824	94 
4825	202 
4826	33 
4827	321 
4828	359 
4829	416 
4830	302 
4831	216 
4832	174 
4833	52 
4834	433 
4835	265 
4836	191 
4837	227 
4838	180 
4839	180 
4840	431 
4841	201 
4842	403 
4843	111 
4844	161 
4845	440 
4846	110 
4847	209 
4848	9 
4849	353 
4850	84 
4851	76 
4852	308 
4853	357 
4854	339 
4855	344 
4856	333 
4857	433 
4858	437 
4859	46 
4860	90 
4861	230 
4862	90 
4863	87 
4864	188 
4865	384 
4866	82 
4867	267 
4868	184 
4869	180 
4870	393 
4871	51 
4872	167 
4873	237 
4874	308 
4875	72 
4876	275 
4877	90 
4878	57 
4879	394 
4880	245 
4881	298 
4882	329 
4883	59 
4884	427 
4885	326 
4886	43 
4887	253 
4888	90 
4889	143 
4890	166 
4891	106 
4892	406 
4893	192 
4894	73 
4895	237 
4896	33 
4897	336 
4898	10 
4899	466 
4900	209 
4901	41 
4902	432 
4903	336 
4904	90 
4905	52 
4906	417 
4907	265 
4908	93 
4909	19 
4910	306 
4911	249 
4912	453 
4913	82 
4914	106 
4915	47 
4916	245 
4917	82 
4918	292 
4919	130 
4920	324 
4921	249 
4922	316 
4923	138 
4924	329 
4925	67 
4926	202 
4927	404 
4928	157 
4929	439 
4930	182 
4931	370 
4932	433 
4933	434 
4934	110 
4935	393 
4936	164 
4937	403 
4938	77 
4939	437 
4940	392 
4941	259 
4942	65 
4943	458 
4944	376 
4945	203 
4946	192 
4947	323 
4948	280 
4949	461 
4950	365 
4951	220 
4952	77 
4953	157 
4954	405 
4955	346 
4956	224 
4957	118 
4958	325 
4959	109 
4960	220 
4961	51 
4962	142 
4963	217 
4964	371 
4965	339 
4966	400 
4967	455 
4968	37 
4969	460 
4970	297 
4971	46 
4972	324 
4973	393 
4974	101 
4975	304 
4976	289 
4977	57 
4978	186 
4979	204 
4980	362 
4981	259 
4982	313 
4983	210 
4984	65 
4985	392 
4986	52 
4987	163 
4988	285 
4989	58 
4990	316 
4991	416 
4992	152 
4993	147 
4994	417 
4995	181 
4996	226 
4997	363 
4998	166 
4999	57 
5000	155 
5001	94 
5002	366 
5003	411 
5004	327 
5005	116 
5006	142 
5007	247 
5008	339 
5009	427 
5010	458 
5011	79 
5012	91 
5013	292 
5014	65 
5015	197 
5016	431 
5017	127 
5018	301 
5019	392 
5020	46 
5021	184 
5022	236 
5023	411 
5024	166 
5025	370 
5026	463 
5027	24 
5028	230 
5029	347 
5030	285 
5031	333 
5032	171 
5033	377 
5034	14 
5035	215 
5036	246 
5037	223 
5038	84 
5039	217 
5040	143 
5041	451 
5042	273 
5043	162 
5044	403 
5045	319 
5046	292 
5047	14 
5048	55 
5049	392 
5050	98 
5051	15 
5052	453 
5053	220 
5054	258 
5055	376 
5056	350 
5057	204 
5058	421 
5059	61 
5060	83 
5061	458 
5062	164 
5063	154 
5064	122 
5065	173 
5066	97 
5067	199 
5068	10 
5069	93 
5070	350 
5071	80 
5072	89 
5073	211 
5074	101 
5075	290 
5076	13 
5077	415 
5078	423 
5079	57 
5080	153 
5081	265 
5082	173 
5083	66 
5084	343 
5085	158 
5086	429 
5087	267 
5088	379 
5089	306 
5090	382 
5091	14 
5092	107 
5093	202 
5094	102 
5095	192 
5096	118 
5097	319 
5098	286 
5099	444 
5100	10 
5101	54 
5102	431 
5103	47 
5104	138 
5105	449 
5106	78 
5107	34 
5108	353 
5109	362 
5110	393 
5111	105 
5112	51 
5113	263 
5114	315 
5115	263 
5116	237 
5117	280 
5118	134 
5119	4 
5120	14 
5121	258 
5122	159 
5123	404 
5124	465 
5125	46 
5126	444 
5127	402 
5128	345 
5129	427 
5130	339 
5131	12 
5132	342 
5133	429 
5134	317 
5135	22 
5136	122 
5137	241 
5138	77 
5139	92 
5140	408 
5141	275 
5142	52 
5143	450 
5144	79 
5145	274 
5146	230 
5147	116 
5148	292 
5149	223 
5150	416 
5151	7 
5152	13 
5153	467 
5154	162 
5155	350 
5156	352 
5157	127 
5158	356 
5159	184 
5160	385 
5161	53 
5162	431 
5163	426 
5164	311 
5165	52 
5166	281 
5167	241 
5168	97 
5169	97 
5170	356 
5171	286 
5172	152 
5173	451 
5174	26 
5175	9 
5176	52 
5177	339 
5178	82 
5179	206 
5180	281 
5181	134 
5182	301 
5183	86 
5184	106 
5185	416 
5186	362 
5187	78 
5188	34 
5189	210 
5190	279 
5191	322 
5192	85 
5193	401 
5194	388 
5195	329 
5196	70 
5197	30 
5198	154 
5199	302 
5200	211 
5201	361 
5202	316 
5203	236 
5204	348 
5205	416 
5206	199 
5207	107 
5208	393 
5209	259 
5210	268 
5211	384 
5212	232 
5213	203 
5214	82 
5215	107 
5216	49 
5217	66 
5218	329 
5219	138 
5220	147 
5221	280 
5222	418 
5223	438 
5224	410 
5225	97 
5226	98 
5227	379 
5228	327 
5229	449 
5230	391 
5231	23 
5232	154 
5233	14 
5234	153 
5235	344 
5236	438 
5237	359 
5238	202 
5239	30 
5240	344 
5241	380 
5242	13 
5243	18 
5244	193 
5245	433 
5246	364 
5247	33 
5248	127 
5249	429 
5250	401 
5251	173 
5252	152 
5253	217 
5254	343 
5255	239 
5256	124 
5257	385 
5258	86 
5259	79 
5260	220 
5261	72 
5262	376 
5263	433 
5264	329 
5265	158 
5266	138 
5267	270 
5268	38 
5269	362 
5270	97 
5271	127 
5272	387 
5273	150 
5274	336 
5275	280 
5276	2 
5277	274 
5278	225 
5279	47 
5280	46 
5281	249 
5282	236 
5283	168 
5284	18 
5285	264 
5286	143 
5287	214 
5288	47 
5289	106 
5290	11 
5291	434 
5292	263 
5293	50 
5294	264 
5295	126 
5296	238 
5297	352 
5298	90 
5299	22 
5300	374 
5301	405 
5302	336 
5303	333 
5304	409 
5305	157 
5306	362 
5307	23 
5308	323 
5309	206 
5310	130 
5311	403 
5312	297 
5313	90 
5314	220 
5315	163 
5316	193 
5317	208 
5318	431 
5319	107 
5320	365 
5321	105 
5322	51 
5323	417 
5324	377 
5325	244 
5326	209 
5327	356 
5328	352 
5329	27 
5330	274 
5331	394 
5332	92 
5333	148 
5334	54 
5335	311 
5336	289 
5337	292 
5338	375 
5339	256 
5340	107 
5341	190 
5342	39 
5343	57 
5344	75 
5345	154 
5346	258 
5347	8 
5348	158 
5349	357 
5350	351 
5351	46 
5352	350 
5353	122 
5354	189 
5355	107 
5356	448 
5357	329 
5358	217 
5359	9 
5360	245 
5361	350 
5362	429 
5363	77 
5364	249 
5365	384 
5366	163 
5367	112 
5368	84 
5369	14 
5370	423 
5371	47 
5372	245 
5373	350 
5374	13 
5375	327 
5376	97 
5377	86 
5378	325 
5379	33 
5380	75 
5381	440 
5382	403 
5383	39 
5384	217 
5385	126 
5386	3 
5387	429 
5388	120 
5389	319 
5390	322 
5391	14 
5392	301 
5393	184 
5394	450 
5395	291 
5396	417 
5397	388 
5398	1 
5399	357 
5400	142 
5401	377 
5402	259 
5403	228 
5404	403 
5405	409 
5406	438 
5407	258 
5408	329 
5409	184 
5410	353 
5411	59 
5412	325 
5413	326 
5414	265 
5415	331 
5416	82 
5417	104 
5418	51 
5419	46 
5420	111 
5421	364 
5422	342 
5423	73 
5424	7 
5425	444 
5426	311 
5427	210 
5428	180 
5429	7 
5430	6 
5431	391 
5432	118 
5433	313 
5434	59 
5435	48 
5436	1 
5437	434 
5438	224 
5439	301 
5440	68 
5441	289 
5442	370 
5443	111 
5444	319 
5445	77 
5446	416 
5447	342 
5448	358 
5449	150 
5450	60 
5451	276 
5452	184 
5453	241 
5454	46 
5455	53 
5456	142 
5457	272 
5458	435 
5459	152 
5460	220 
5461	354 
5462	255 
5463	151 
5464	18 
5465	402 
5466	198 
5467	249 
5468	424 
5469	91 
5470	304 
5471	440 
5472	175 
5473	408 
5474	429 
5475	107 
5476	346 
5477	204 
5478	228 
5479	301 
5480	351 
5481	76 
5482	52 
5483	231 
5484	426 
5485	204 
5486	241 
5487	279 
5488	191 
5489	39 
5490	356 
5491	72 
5492	131 
5493	215 
5494	303 
5495	427 
5496	321 
5497	202 
5498	410 
5499	276 
5500	382 
5501	166 
5502	281 
5503	66 
5504	276 
5505	258 
5506	33 
5507	75 
5508	438 
5509	106 
5510	327 
5511	283 
5512	367 
5513	57 
5514	34 
5515	163 
5516	289 
5517	430 
5518	157 
5519	311 
5520	422 
5521	89 
5522	66 
5523	313 
5524	4 
5525	223 
5526	420 
5527	86 
5528	244 
5529	266 
5530	431 
5531	258 
5532	301 
5533	11 
5534	401 
5535	101 
5536	463 
5537	31 
5538	383 
5539	417 
5540	416 
5541	293 
5542	424 
5543	3 
5544	40 
5545	269 
5546	274 
5547	124 
5548	215 
5549	157 
5550	265 
5551	158 
5552	82 
5553	374 
5554	220 
5555	453 
5556	19 
5557	346 
5558	276 
5559	279 
5560	337 
5561	238 
5562	67 
5563	446 
5564	280 
5565	374 
5566	46 
5567	274 
5568	385 
5569	3 
5570	54 
5571	158 
5572	97 
5573	220 
5574	54 
5575	453 
5576	344 
5577	61 
5578	148 
5579	385 
5580	18 
5581	61 
5582	180 
5583	443 
5584	177 
5585	7 
5586	47 
5587	116 
5588	106 
5589	27 
5590	427 
5591	306 
5592	207 
5593	54 
5594	390 
5595	41 
5596	345 
5597	332 
5598	223 
5599	377 
5600	381 
5601	431 
5602	281 
5603	416 
5604	356 
5605	212 
5606	392 
5607	403 
5608	437 
5609	249 
5610	305 
5611	152 
5612	263 
5613	85 
5614	356 
5615	47 
5616	305 
5617	279 
5618	6 
5619	42 
5620	111 
5621	186 
5622	63 
5623	104 
5624	444 
5625	371 
5626	324 
5627	236 
5628	412 
5629	413 
5630	346 
5631	464 
5632	346 
5633	288 
5634	447 
5635	459 
5636	150 
5637	367 
5638	356 
5639	176 
5640	142 
5641	393 
5642	402 
5643	85 
5644	96 
5645	241 
5646	370 
5647	245 
5648	302 
5649	143 
5650	7 
5651	187 
5652	267 
5653	111 
5654	416 
5655	93 
5656	98 
5657	82 
5658	152 
5659	329 
5660	53 
5661	410 
5662	367 
5663	167 
5664	377 
5665	92 
5666	152 
5667	107 
5668	245 
5669	316 
5670	202 
5671	55 
5672	181 
5673	33 
5674	71 
5675	258 
5676	463 
5677	182 
5678	366 
5679	386 
5680	265 
5681	106 
5682	401 
5683	122 
5684	375 
5685	370 
5686	403 
5687	161 
5688	332 
5689	416 
5690	353 
5691	110 
5692	142 
5693	401 
5694	91 
5695	110 
5696	280 
5697	451 
5698	149 
5699	429 
5700	239 
5701	266 
5702	236 
5703	306 
5704	149 
5705	167 
5706	390 
5707	79 
5708	122 
5709	106 
5710	238 
5711	276 
5712	366 
5713	80 
5714	61 
5715	184 
5716	196 
5717	53 
5718	122 
5719	259 
5720	30 
5721	394 
5722	10 
5723	327 
5724	175 
5725	383 
5726	35 
5727	427 
5728	293 
5729	394 
5730	364 
5731	184 
5732	417 
5733	423 
5734	242 
5735	327 
5736	390 
5737	356 
5738	365 
5739	194 
5740	77 
5741	91 
5742	427 
5743	285 
5744	80 
5745	158 
5746	424 
5747	125 
5748	55 
5749	400 
5750	83 
5751	309 
5752	23 
5753	94 
5754	328 
5755	99 
5756	80 
5757	421 
5758	423 
5759	245 
5760	166 
5761	415 
5762	17 
5763	10 
5764	402 
5765	324 
5766	51 
5767	179 
5768	220 
5769	356 
5770	165 
5771	13 
5772	39 
5773	193 
5774	8 
5775	30 
5776	348 
5777	123 
5778	440 
5779	14 
5780	162 
5781	281 
5782	372 
5783	377 
5784	324 
5785	19 
5786	72 
5787	29 
5788	113 
5789	429 
5790	4 
5791	150 
5792	202 
5793	274 
5794	75 
5795	3 
5796	352 
5797	90 
5798	215 
5799	462 
5800	219 
5801	429 
5802	446 
5803	268 
5804	401 
5805	431 
5806	33 
5807	134 
5808	204 
5809	241 
5810	150 
5811	214 
5812	36 
5813	7 
5814	362 
5815	80 
5816	80 
5817	259 
5818	390 
5819	429 
5820	94 
5821	246 
5822	389 
5823	323 
5824	339 
5825	173 
5826	127 
5827	82 
5828	438 
5829	281 
5830	148 
5831	72 
5832	106 
5833	202 
5834	367 
5835	35 
5836	139 
5837	393 
5838	154 
5839	289 
5840	215 
5841	309 
5842	158 
5843	215 
5844	229 
5845	271 
5846	240 
5847	46 
5848	311 
5849	348 
5850	274 
5851	158 
5852	421 
5853	311 
5854	423 
5855	409 
5856	426 
5857	301 
5858	289 
5859	249 
5860	57 
5861	31 
5862	98 
5863	63 
5864	223 
5865	402 
5866	408 
5867	319 
5868	213 
5869	311 
5870	461 
5871	422 
5872	140 
5873	330 
5874	207 
5875	431 
5876	409 
5877	454 
5878	57 
5879	327 
5880	344 
5881	138 
5882	301 
5883	293 
5884	191 
5885	60 
5886	25 
5887	287 
5888	97 
5889	126 
5890	51 
5891	263 
5892	324 
5893	90 
5894	148 
5895	128 
5896	223 
5897	196 
5898	55 
5899	31 
5900	105 
5901	137 
5902	249 
5903	265 
5904	7 
5905	96 
5906	81 
5907	57 
5908	28 
5909	33 
5910	265 
5911	207 
5912	74 
5913	353 
5914	425 
5915	104 
5916	393 
5917	281 
5918	82 
5919	362 
5920	241 
5921	440 
5922	158 
5923	61 
5924	141 
5925	281 
5926	451 
5927	96 
5928	138 
5929	166 
5930	106 
5931	357 
5932	191 
5933	259 
5934	126 
5935	116 
5936	467 
5937	150 
5938	57 
5939	378 
5940	377 
5941	106 
5942	329 
5943	105 
5944	351 
5945	317 
5946	59 
5947	169 
5948	174 
5949	316 
5950	142 
5951	80 
5952	269 
5953	8 
5954	198 
5955	427 
5956	298 
5957	143 
5958	154 
5959	152 
5960	308 
5961	243 
5962	264 
5963	61 
5964	167 
5965	276 
5966	460 
5967	162 
5968	54 
5969	51 
5970	47 
5971	393 
5972	309 
5973	73 
5974	30 
5975	167 
5976	356 
5977	445 
5978	352 
5979	94 
5980	274 
5981	196 
5982	57 
5983	257 
5984	293 
5985	397 
5986	417 
5987	221 
5988	416 
5989	270 
5990	442 
5991	211 
5992	10 
5993	142 
5994	97 
5995	137 
5996	320 
5997	248 
5998	386 
5999	383 
6000	176 
6001	57 
6002	20 
6003	47 
6004	417 
6005	462 
6006	444 
6007	297 
6008	409 
6009	98 
6010	201 
6011	68 
6012	344 
6013	446 
6014	443 
6015	161 
6016	404 
6017	255 
6018	224 
6019	213 
6020	142 
6021	422 
6022	351 
6023	3 
6024	20 
6025	7 
6026	170 
6027	332 
6028	301 
6029	103 
6030	453 
6031	154 
6032	24 
6033	157 
6034	110 
6035	61 
6036	452 
6037	359 
6038	30 
6039	374 
6040	249 
6041	59 
6042	52 
6043	431 
6044	327 
6045	82 
6046	346 
6047	54 
6048	198 
6049	243 
6050	90 
6051	452 
6052	230 
6053	106 
6054	141 
6055	429 
6056	174 
6057	216 
6058	164 
6059	47 
6060	167 
6061	393 
6062	314 
6063	354 
6064	138 
6065	149 
6066	90 
6067	70 
6068	61 
6069	151 
6070	113 
6071	275 
6072	52 
6073	216 
6074	351 
6075	45 
6076	399 
6077	216 
6078	138 
6079	55 
6080	92 
6081	152 
6082	337 
6083	58 
6084	324 
6085	94 
6086	374 
6087	303 
6088	366 
6089	430 
6090	344 
6091	217 
6092	403 
6093	357 
6094	295 
6095	205 
6096	231 
6097	316 
6098	351 
6099	276 
6100	289 
6101	458 
6102	326 
6103	252 
6104	149 
6105	18 
6106	307 
6107	121 
6108	257 
6109	305 
6110	357 
6111	25 
6112	309 
6113	342 
6114	271 
6115	403 
6116	438 
6117	330 
6118	245 
6119	226 
6120	157 
6121	157 
6122	20 
6123	388 
6124	136 
6125	209 
6126	245 
6127	80 
6128	350 
6129	357 
6130	197 
6131	67 
6132	110 
6133	77 
6134	38 
6135	375 
6136	403 
6137	267 
6138	50 
6139	296 
6140	157 
6141	422 
6142	52 
6143	81 
6144	213 
6145	197 
6146	180 
6147	332 
6148	429 
6149	400 
6150	159 
6151	80 
6152	9 
6153	90 
6154	268 
6155	289 
6156	351 
6157	243 
6158	167 
6159	1 
6160	370 
6161	258 
6162	55 
6163	210 
6164	166 
6165	148 
6166	39 
6167	437 
6168	171 
6169	83 
6170	443 
6171	61 
6172	41 
6173	285 
6174	166 
6175	229 
6176	15 
6177	152 
6178	90 
6179	345 
6180	94 
6181	245 
6182	370 
6183	144 
6184	350 
6185	308 
6186	51 
6187	264 
6188	465 
6189	33 
6190	211 
6191	381 
6192	423 
6193	13 
6194	243 
6195	161 
6196	122 
6197	30 
6198	334 
6199	434 
6200	434 
6201	12 
6202	351 
6203	222 
6204	425 
6205	153 
6206	35 
6207	132 
6208	468 
6209	348 
6210	85 
6211	346 
6212	267 
6213	60 
6214	381 
6215	383 
6216	101 
6217	36 
6218	455 
6219	2 
6220	161 
6221	349 
6222	170 
6223	393 
6224	459 
6225	311 
6226	118 
6227	90 
6228	3 
6229	384 
6230	85 
6231	172 
6232	118 
6233	275 
6234	217 
6235	382 
6236	184 
6237	243 
6238	369 
6239	57 
6240	105 
6241	356 
6242	427 
6243	428 
6244	143 
6245	344 
6246	35 
6247	272 
6248	431 
6249	145 
6250	329 
6251	59 
6252	2 
6253	85 
6254	169 
6255	51 
6256	162 
6257	250 
6258	346 
6259	252 
6260	449 
6261	268 
6262	401 
6263	58 
6264	196 
6265	353 
6266	433 
6267	349 
6268	116 
6269	274 
6270	7 
6271	148 
6272	140 
6273	272 
6274	126 
6275	5 
6276	98 
6277	316 
6278	157 
6279	384 
6280	258 
6281	138 
6282	144 
6283	150 
6284	297 
6285	280 
6286	168 
6287	332 
6288	327 
6289	440 
6290	213 
6291	14 
6292	270 
6293	176 
6294	160 
6295	265 
6296	336 
6297	144 
6298	81 
6299	433 
6300	308 
6301	386 
6302	292 
6303	217 
6304	308 
6305	13 
6306	354 
6307	73 
6308	127 
6309	13 
6310	363 
6311	358 
6312	93 
6313	367 
6314	351 
6315	264 
6316	248 
6317	1 
6318	146 
6319	403 
6320	303 
6321	180 
6322	345 
6323	54 
6324	17 
6325	401 
6326	463 
6327	382 
6328	306 
6329	447 
6330	245 
6331	15 
6332	144 
6333	285 
6334	270 
6335	156 
6336	331 
6337	342 
6338	345 
6339	86 
6340	202 
6341	376 
6342	177 
6343	460 
6344	143 
6345	13 
6346	55 
6347	236 
6348	75 
6349	116 
6350	29 
6351	423 
6352	51 
6353	393 
6354	376 
6355	453 
6356	242 
6357	242 
6358	209 
6359	223 
6360	282 
6361	459 
6362	303 
6363	211 
6364	381 
6365	394 
6366	180 
6367	458 
6368	281 
6369	57 
6370	47 
6371	311 
6372	439 
6373	117 
6374	202 
6375	386 
6376	427 
6377	301 
6378	393 
6379	20 
6380	143 
6381	47 
6382	153 
6383	53 
6384	110 
6385	75 
6386	289 
6387	411 
6388	170 
6389	152 
6390	8 
6391	143 
6392	327 
6393	366 
6394	115 
6395	257 
6396	30 
6397	453 
6398	350 
6399	381 
6400	347 
6401	180 
6402	258 
6403	314 
6404	238 
6405	122 
6406	329 
6407	444 
6408	386 
6409	8 
6410	104 
6411	220 
6412	301 
6413	249 
6414	58 
6415	342 
6416	225 
6417	98 
6418	217 
6419	218 
6420	245 
6421	193 
6422	362 
6423	51 
6424	126 
6425	402 
6426	53 
6427	307 
6428	64 
6429	215 
6430	280 
6431	310 
6432	102 
6433	193 
6434	377 
6435	91 
6436	166 
6437	174 
6438	51 
6439	106 
6440	307 
6441	59 
6442	176 
6443	366 
6444	462 
6445	302 
6446	409 
6447	397 
6448	429 
6449	20 
6450	61 
6451	138 
6452	459 
6453	432 
6454	247 
6455	240 
6456	152 
6457	202 
6458	109 
6459	363 
6460	39 
6461	254 
6462	342 
6463	392 
6464	266 
6465	219 
6466	335 
6467	426 
6468	338 
6469	53 
6470	381 
6471	20 
6472	226 
6473	308 
6474	116 
6475	223 
6476	230 
6477	288 
6478	243 
6479	344 
6480	177 
6481	330 
6482	187 
6483	244 
6484	433 
6485	90 
6486	423 
6487	451 
6488	420 
6489	438 
6490	425 
6491	351 
6492	15 
6493	431 
6494	308 
6495	356 
6496	83 
6497	292 
6498	311 
6499	384 
6500	203 
6501	211 
6502	398 
6503	35 
6504	346 
6505	162 
6506	383 
6507	276 
6508	27 
6509	285 
6510	193 
6511	99 
6512	345 
6513	18 
6514	126 
6515	313 
6516	435 
6517	86 
6518	406 
6519	268 
6520	460 
6521	403 
6522	325 
6523	13 
6524	356 
6525	444 
6526	13 
6527	444 
6528	308 
6529	440 
6530	344 
6531	356 
6532	218 
6533	126 
6534	80 
6535	27 
6536	192 
6537	450 
6538	377 
6539	46 
6540	462 
6541	245 
6542	97 
6543	385 
6544	336 
6545	284 
6546	242 
6547	151 
6548	92 
6549	411 
6550	211 
6551	459 
6552	92 
6553	429 
6554	411 
6555	326 
6556	361 
6557	293 
6558	57 
6559	362 
6560	126 
6561	316 
6562	367 
6563	66 
6564	145 
6565	94 
6566	160 
6567	132 
6568	249 
6569	18 
6570	55 
6571	229 
6572	351 
6573	371 
6574	109 
6575	173 
6576	104 
6577	456 
6578	375 
6579	289 
6580	311 
6581	272 
6582	8 
6583	239 
6584	342 
6585	216 
6586	153 
6587	393 
6588	362 
6589	14 
6590	350 
6591	202 
6592	409 
6593	424 
6594	401 
6595	171 
6596	419 
6597	306 
6598	423 
6599	46 
6600	90 
6601	362 
6602	9 
6603	292 
6604	465 
6605	54 
6606	376 
6607	57 
6608	433 
6609	166 
6610	213 
6611	65 
6612	301 
6613	356 
6614	154 
6615	344 
6616	9 
6617	1 
6618	139 
6619	393 
6620	148 
6621	154 
6622	333 
6623	320 
6624	211 
6625	344 
6626	428 
6627	277 
6628	162 
6629	329 
6630	362 
6631	308 
6632	216 
6633	220 
6634	344 
6635	219 
6636	79 
6637	106 
6638	332 
6639	310 
6640	364 
6641	345 
6642	324 
6643	218 
6644	240 
6645	21 
6646	166 
6647	423 
6648	238 
6649	275 
6650	172 
6651	272 
6652	118 
6653	362 
6654	152 
6655	5 
6656	60 
6657	147 
6658	126 
6659	53 
6660	429 
6661	47 
6662	366 
6663	169 
6664	369 
6665	133 
6666	163 
6667	384 
6668	280 
6669	464 
6670	308 
6671	347 
6672	363 
6673	215 
6674	138 
6675	364 
6676	334 
6677	400 
6678	259 
6679	387 
6680	118 
6681	383 
6682	265 
6683	58 
6684	151 
6685	415 
6686	208 
6687	72 
6688	98 
6689	95 
6690	377 
6691	308 
6692	174 
6693	406 
6694	430 
6695	18 
6696	35 
6697	422 
6698	92 
6699	205 
6700	438 
6701	97 
6702	218 
6703	438 
6704	431 
6705	421 
6706	336 
6707	361 
6708	23 
6709	80 
6710	366 
6711	105 
6712	347 
6713	197 
6714	325 
6715	130 
6716	110 
6717	344 
6718	120 
6719	219 
6720	211 
6721	358 
6722	18 
6723	105 
6724	408 
6725	138 
6726	2 
6727	391 
6728	106 
6729	386 
6730	459 
6731	40 
6732	304 
6733	386 
6734	143 
6735	14 
6736	11 
6737	269 
6738	137 
6739	127 
6740	120 
6741	34 
6742	426 
6743	238 
6744	460 
6745	385 
6746	381 
6747	39 
6748	412 
6749	238 
6750	375 
6751	48 
6752	82 
6753	138 
6754	143 
6755	157 
6756	54 
6757	272 
6758	430 
6759	272 
6760	410 
6761	381 
6762	383 
6763	53 
6764	327 
6765	173 
6766	462 
6767	347 
6768	330 
6769	315 
6770	64 
6771	265 
6772	344 
6773	409 
6774	399 
6775	385 
6776	292 
6777	60 
6778	408 
6779	12 
6780	339 
6781	427 
6782	150 
6783	90 
6784	101 
6785	283 
6786	95 
6787	157 
6788	409 
6789	440 
6790	341 
6791	327 
6792	245 
6793	56 
6794	217 
6795	425 
6796	57 
6797	323 
6798	359 
6799	52 
6800	416 
6801	30 
6802	266 
6803	13 
6804	47 
6805	380 
6806	241 
6807	190 
6808	95 
6809	371 
6810	55 
6811	215 
6812	152 
6813	98 
6814	140 
6815	151 
6816	383 
6817	52 
6818	126 
6819	362 
6820	127 
6821	93 
6822	23 
6823	458 
6824	416 
6825	293 
6826	364 
6827	39 
6828	96 
6829	173 
6830	51 
6831	427 
6832	229 
6833	233 
6834	371 
6835	242 
6836	126 
6837	39 
6838	138 
6839	170 
6840	156 
6841	439 
6842	55 
6843	418 
6844	249 
6845	301 
6846	193 
6847	442 
6848	273 
6849	7 
6850	267 
6851	169 
6852	325 
6853	414 
6854	224 
6855	409 
6856	126 
6857	222 
6858	100 
6859	277 
6860	157 
6861	441 
6862	346 
6863	422 
6864	362 
6865	2 
6866	164 
6867	313 
6868	396 
6869	311 
6870	339 
6871	48 
6872	420 
6873	289 
6874	154 
6875	144 
6876	122 
6877	89 
6878	20 
6879	25 
6880	150 
6881	5 
6882	380 
6883	13 
6884	110 
6885	365 
6886	336 
6887	306 
6888	153 
6889	375 
6890	416 
6891	274 
6892	259 
6893	461 
6894	14 
6895	241 
6896	166 
6897	52 
6898	327 
6899	147 
6900	113 
6901	81 
6902	47 
6903	316 
6904	188 
6905	337 
6906	218 
6907	204 
6908	81 
6909	444 
6910	193 
6911	39 
6912	393 
6913	329 
6914	174 
6915	11 
6916	326 
6917	49 
6918	8 
6919	77 
6920	406 
6921	381 
6922	220 
6923	427 
6924	329 
6925	401 
6926	127 
6927	364 
6928	459 
6929	59 
6930	96 
6931	420 
6932	373 
6933	465 
6934	427 
6935	194 
6936	353 
6937	293 
6938	64 
6939	33 
6940	90 
6941	317 
6942	458 
6943	158 
6944	94 
6945	160 
6946	22 
6947	348 
6948	90 
6949	249 
6950	185 
6951	90 
6952	249 
6953	343 
6954	377 
6955	308 
6956	34 
6957	289 
6958	197 
6959	384 
6960	339 
6961	32 
6962	234 
6963	184 
6964	342 
6965	105 
6966	137 
6967	402 
6968	82 
6969	197 
6970	74 
6971	336 
6972	35 
6973	3 
6974	46 
6975	370 
6976	39 
6977	396 
6978	411 
6979	131 
6980	274 
6981	369 
6982	304 
6983	110 
6984	8 
6985	423 
6986	333 
6987	429 
6988	254 
6989	81 
6990	344 
6991	58 
6992	30 
6993	406 
6994	280 
6995	318 
6996	396 
6997	250 
6998	17 
6999	202 
7000	86 
7001	194 
7002	378 
7003	344 
7004	33 
7005	217 
7006	290 
7007	66 
7008	265 
7009	288 
7010	367 
7011	452 
7012	34 
7013	72 
7014	148 
7015	418 
7016	265 
7017	402 
7018	426 
7019	7 
7020	126 
7021	427 
7022	135 
7023	396 
7024	276 
7025	265 
7026	158 
7027	281 
7028	93 
7029	14 
7030	318 
7031	416 
7032	431 
7033	374 
7034	385 
7035	122 
7036	138 
7037	305 
7038	57 
7039	327 
7040	49 
7041	348 
7042	106 
7043	143 
7044	151 
7045	346 
7046	34 
7047	405 
7048	52 
7049	77 
7050	46 
7051	316 
7052	292 
7053	122 
7054	427 
7055	468 
7056	193 
7057	416 
7058	86 
7059	354 
7060	72 
7061	281 
7062	115 
7063	263 
7064	298 
7065	81 
7066	105 
7067	53 
7068	403 
7069	376 
7070	146 
7071	14 
7072	216 
7073	105 
7074	255 
7075	318 
7076	362 
7077	410 
7078	177 
7079	128 
7080	398 
7081	415 
7082	85 
7083	34 
7084	29 
7085	14 
7086	449 
7087	238 
7088	346 
7089	290 
7090	303 
7091	47 
7092	167 
7093	61 
7094	141 
7095	426 
7096	429 
7097	386 
7098	303 
7099	429 
7100	73 
7101	131 
7102	135 
7103	444 
7104	250 
7105	58 
7106	15 
7107	404 
7108	180 
7109	246 
7110	261 
7111	288 
7112	415 
7113	167 
7114	428 
7115	225 
7116	310 
7117	54 
7118	446 
7119	163 
7120	7 
7121	253 
7122	327 
7123	376 
7124	189 
7125	415 
7126	265 
7127	144 
7128	431 
7129	362 
7130	46 
7131	440 
7132	252 
7133	71 
7134	242 
7135	272 
7136	429 
7137	199 
7138	47 
7139	111 
7140	123 
7141	397 
7142	265 
7143	305 
7144	7 
7145	431 
7146	82 
7147	81 
7148	241 
7149	101 
7150	346 
7151	268 
7152	46 
7153	361 
7154	127 
7155	203 
7156	157 
7157	402 
7158	42 
7159	212 
7160	381 
7161	258 
7162	409 
7163	374 
7164	297 
7165	333 
7166	187 
7167	328 
7168	364 
7169	14 
7170	153 
7171	202 
7172	281 
7173	218 
7174	226 
7175	166 
7176	57 
7177	22 
7178	54 
7179	128 
7180	33 
7181	265 
7182	212 
7183	7 
7184	55 
7185	344 
7186	98 
7187	46 
7188	358 
7189	292 
7190	423 
7191	438 
7192	126 
7193	324 
7194	391 
7195	322 
7196	127 
7197	57 
7198	57 
7199	305 
7200	106 
7201	280 
7202	427 
7203	446 
7204	105 
7205	331 
7206	13 
7207	152 
7208	24 
7209	66 
7210	109 
7211	459 
7212	329 
7213	252 
7214	431 
7215	136 
7216	332 
7217	292 
7218	31 
7219	437 
7220	163 
7221	36 
7222	247 
7223	451 
7224	181 
7225	13 
7226	197 
7227	193 
7228	388 
7229	433 
7230	180 
7231	197 
7232	46 
7233	166 
7234	191 
7235	170 
7236	362 
7237	331 
7238	150 
7239	110 
7240	194 
7241	290 
7242	47 
7243	142 
7244	57 
7245	184 
7246	114 
7247	190 
7248	249 
7249	162 
7250	215 
7251	75 
7252	314 
7253	347 
7254	333 
7255	356 
7256	57 
7257	80 
7258	376 
7259	226 
7260	81 
7261	453 
7262	126 
7263	395 
7264	330 
7265	324 
7266	109 
7267	7 
7268	10 
7269	85 
7270	151 
7271	233 
7272	49 
7273	119 
7274	397 
7275	46 
7276	333 
7277	455 
7278	342 
7279	184 
7280	334 
7281	32 
7282	433 
7283	402 
7284	112 
7285	154 
7286	78 
7287	66 
7288	46 
7289	8 
7290	102 
7291	199 
7292	284 
7293	332 
7294	467 
7295	333 
7296	377 
7297	55 
7298	92 
7299	21 
7300	323 
7301	348 
7302	366 
7303	217 
7304	371 
7305	451 
7306	60 
7307	426 
7308	364 
7309	158 
7310	106 
7311	334 
7312	187 
7313	90 
7314	164 
7315	52 
7316	47 
7317	13 
7318	33 
7319	82 
7320	429 
7321	260 
7322	305 
7323	429 
7324	377 
7325	164 
7326	215 
7327	350 
7328	238 
7329	459 
7330	344 
7331	391 
7332	60 
7333	157 
7334	429 
7335	74 
7336	46 
7337	427 
7338	383 
7339	240 
7340	184 
7341	334 
7342	66 
7343	445 
7344	383 
7345	249 
7346	73 
7347	281 
7348	67 
7349	106 
7350	241 
7351	203 
7352	326 
7353	217 
7354	171 
7355	246 
7356	174 
7357	91 
7358	374 
7359	286 
7360	452 
7361	107 
7362	301 
7363	439 
7364	299 
7365	122 
7366	180 
7367	215 
7368	375 
7369	258 
7370	374 
7371	238 
7372	444 
7373	51 
7374	184 
7375	417 
7376	127 
7377	327 
7378	389 
7379	436 
7380	236 
7381	312 
7382	122 
7383	337 
7384	346 
7385	7 
7386	142 
7387	157 
7388	158 
7389	367 
7390	98 
7391	75 
7392	89 
7393	24 
7394	18 
7395	334 
7396	223 
7397	375 
7398	255 
7399	246 
7400	430 
7401	164 
7402	230 
7403	356 
7404	152 
7405	5 
7406	158 
7407	32 
7408	104 
7409	458 
7410	332 
7411	301 
7412	11 
7413	454 
7414	193 
7415	65 
7416	377 
7417	289 
7418	238 
7419	161 
7420	91 
7421	125 
7422	60 
7423	193 
7424	66 
7425	85 
7426	52 
7427	33 
7428	279 
7429	392 
7430	415 
7431	444 
7432	376 
7433	429 
7434	152 
7435	220 
7436	336 
7437	197 
7438	401 
7439	458 
7440	236 
7441	52 
7442	366 
7443	282 
7444	423 
7445	60 
7446	268 
7447	35 
7448	101 
7449	238 
7450	90 
7451	359 
7452	111 
7453	362 
7454	138 
7455	260 
7456	385 
7457	20 
7458	377 
7459	240 
7460	402 
7461	204 
7462	276 
7463	467 
7464	202 
7465	1 
7466	69 
7467	184 
7468	220 
7469	425 
7470	59 
7471	351 
7472	333 
7473	157 
7474	431 
7475	86 
7476	421 
7477	134 
7478	57 
7479	361 
7480	358 
7481	366 
7482	324 
7483	319 
7484	319 
7485	8 
7486	238 
7487	88 
7488	399 
7489	421 
7490	361 
7491	105 
7492	105 
7493	403 
7494	176 
7495	21 
7496	345 
7497	416 
7498	381 
7499	365 
7500	86 
7501	422 
7502	460 
7503	158 
7504	34 
7505	376 
7506	74 
7507	440 
7508	102 
7509	50 
7510	126 
7511	283 
7512	105 
7513	327 
7514	429 
7515	280 
7516	216 
7517	364 
7518	9 
7519	82 
7520	90 
7521	197 
7522	97 
7523	289 
7524	277 
7525	8 
7526	61 
7527	212 
7528	22 
7529	121 
7530	8 
7531	458 
7532	309 
7533	254 
7534	276 
7535	327 
7536	61 
7537	287 
7538	280 
7539	66 
7540	445 
7541	166 
7542	362 
7543	361 
7544	216 
7545	116 
7546	210 
7547	324 
7548	376 
7549	333 
7550	255 
7551	30 
7552	236 
7553	169 
7554	54 
7555	429 
7556	367 
7557	356 
7558	295 
7559	202 
7560	243 
7561	429 
7562	325 
7563	293 
7564	13 
7565	249 
7566	263 
7567	1 
7568	94 
7569	290 
7570	202 
7571	326 
7572	455 
7573	82 
7574	239 
7575	238 
7576	211 
7577	152 
7578	2 
7579	98 
7580	246 
7581	249 
7582	248 
7583	166 
7584	453 
7585	67 
7586	278 
7587	375 
7588	360 
7589	47 
7590	410 
7591	365 
7592	88 
7593	1 
7594	336 
7595	361 
7596	80 
7597	440 
7598	459 
7599	327 
7600	7 
7601	59 
7602	13 
7603	308 
7604	432 
7605	303 
7606	311 
7607	98 
7608	328 
7609	444 
7610	154 
7611	3 
7612	106 
7613	409 
7614	388 
7615	148 
7616	391 
7617	45 
7618	92 
7619	429 
7620	216 
7621	344 
7622	286 
7623	245 
7624	46 
7625	327 
7626	301 
7627	421 
7628	35 
7629	382 
7630	14 
7631	72 
7632	392 
7633	72 
7634	217 
7635	193 
7636	47 
7637	246 
7638	403 
7639	92 
7640	207 
7641	193 
7642	327 
7643	385 
7644	186 
7645	203 
7646	135 
7647	33 
7648	384 
7649	77 
7650	431 
7651	397 
7652	161 
7653	259 
7654	305 
7655	249 
7656	185 
7657	297 
7658	98 
7659	216 
7660	427 
7661	409 
7662	429 
7663	393 
7664	157 
7665	1 
7666	88 
7667	425 
7668	8 
7669	71 
7670	188 
7671	85 
7672	220 
7673	122 
7674	101 
7675	155 
7676	73 
7677	346 
7678	50 
7679	138 
7680	356 
7681	178 
7682	440 
7683	441 
7684	438 
7685	440 
7686	39 
7687	324 
7688	127 
7689	196 
7690	374 
7691	428 
7692	230 
7693	311 
7694	86 
7695	31 
7696	226 
7697	444 
7698	215 
7699	2 
7700	310 
7701	279 
7702	425 
7703	304 
7704	231 
7705	9 
7706	126 
7707	1 
7708	39 
7709	14 
7710	319 
7711	95 
7712	464 
7713	308 
7714	458 
7715	362 
7716	126 
7717	339 
7718	351 
7719	57 
7720	191 
7721	265 
7722	432 
7723	336 
7724	462 
7725	380 
7726	177 
7727	401 
7728	319 
7729	102 
7730	369 
7731	101 
7732	374 
7733	197 
7734	10 
7735	427 
7736	131 
7737	230 
7738	236 
7739	4 
7740	345 
7741	5 
7742	288 
7743	196 
7744	185 
7745	436 
7746	94 
7747	444 
7748	51 
7749	157 
7750	157 
7751	426 
7752	423 
7753	7 
7754	51 
7755	127 
7756	276 
7757	126 
7758	310 
7759	258 
7760	158 
7761	427 
7762	390 
7763	163 
7764	265 
7765	238 
7766	1 
7767	189 
7768	267 
7769	167 
7770	436 
7771	51 
7772	325 
7773	108 
7774	280 
7775	166 
7776	101 
7777	135 
7778	357 
7779	406 
7780	325 
7781	81 
7782	80 
7783	166 
7784	65 
7785	230 
7786	91 
7787	210 
7788	125 
7789	23 
7790	92 
7791	90 
7792	311 
7793	46 
7794	383 
7795	238 
7796	292 
7797	198 
7798	202 
7799	377 
7800	126 
7801	10 
7802	274 
7803	97 
7804	304 
7805	116 
7806	281 
7807	98 
7808	9 
7809	58 
7810	311 
7811	438 
7812	150 
7813	289 
7814	326 
7815	196 
7816	388 
7817	371 
7818	314 
7819	371 
7820	61 
7821	318 
7822	63 
7823	66 
7824	293 
7825	126 
7826	145 
7827	90 
7828	252 
7829	433 
7830	326 
7831	86 
7832	410 
7833	357 
7834	343 
7835	196 
7836	117 
7837	88 
7838	465 
7839	301 
7840	57 
7841	406 
7842	404 
7843	455 
7844	459 
7845	324 
7846	290 
7847	431 
7848	19 
7849	14 
7850	128 
7851	377 
7852	414 
7853	55 
7854	385 
7855	336 
7856	151 
7857	287 
7858	90 
7859	166 
7860	16 
7861	246 
7862	324 
7863	295 
7864	184 
7865	14 
7866	447 
7867	465 
7868	158 
7869	191 
7870	444 
7871	332 
7872	222 
7873	86 
7874	415 
7875	82 
7876	123 
7877	14 
7878	344 
7879	365 
7880	191 
7881	78 
7882	91 
7883	356 
7884	279 
7885	54 
7886	305 
7887	61 
7888	1 
7889	308 
7890	333 
7891	238 
7892	419 
7893	187 
7894	212 
7895	427 
7896	427 
7897	344 
7898	65 
7899	193 
7900	133 
7901	276 
7902	308 
7903	33 
7904	429 
7905	46 
7906	317 
7907	177 
7908	416 
7909	51 
7910	246 
7911	61 
7912	372 
7913	459 
7914	95 
7915	178 
7916	122 
7917	107 
7918	61 
7919	148 
7920	357 
7921	47 
7922	316 
7923	456 
7924	438 
7925	326 
7926	207 
7927	394 
7928	218 
7929	33 
7930	20 
7931	181 
7932	38 
7933	150 
7934	62 
7935	18 
7936	23 
7937	157 
7938	70 
7939	451 
7940	408 
7941	106 
7942	47 
7943	346 
7944	435 
7945	205 
7946	361 
7947	21 
7948	14 
7949	376 
7950	129 
7951	357 
7952	265 
7953	282 
7954	330 
7955	308 
7956	335 
7957	100 
7958	441 
7959	236 
7960	163 
7961	389 
7962	135 
7963	403 
7964	193 
7965	127 
7966	239 
7967	412 
7968	344 
7969	291 
7970	8 
7971	351 
7972	71 
7973	327 
7974	142 
7975	59 
7976	385 
7977	423 
7978	98 
7979	216 
7980	111 
7981	360 
7982	61 
7983	285 
7984	423 
7985	51 
7986	280 
7987	374 
7988	464 
7989	137 
7990	393 
7991	375 
7992	422 
7993	86 
7994	153 
7995	98 
7996	10 
7997	150 
7998	184 
7999	127 
8000	122 
8001	350 
8002	166 
8003	415 
8004	308 
8005	357 
8006	220 
8007	167 
8008	423 
8009	265 
8010	39 
8011	406 
8012	162 
8013	115 
8014	366 
8015	231 
8016	13 
8017	330 
8018	385 
8019	46 
8020	66 
8021	298 
8022	350 
8023	344 
8024	128 
8025	25 
8026	252 
8027	234 
8028	432 
8029	336 
8030	400 
8031	90 
8032	202 
8033	289 
8034	242 
8035	58 
8036	397 
8037	320 
8038	410 
8039	163 
8040	273 
8041	59 
8042	92 
8043	194 
8044	166 
8045	15 
8046	316 
8047	110 
8048	144 
8049	157 
8050	25 
8051	165 
8052	106 
8053	138 
8054	394 
8055	216 
8056	232 
8057	403 
8058	308 
8059	286 
8060	179 
8061	409 
8062	402 
8063	54 
8064	370 
8065	171 
8066	122 
8067	106 
8068	59 
8069	243 
8070	155 
8071	192 
8072	32 
8073	137 
8074	280 
8075	394 
8076	444 
8077	415 
8078	458 
8079	345 
8080	169 
8081	265 
8082	66 
8083	280 
8084	148 
8085	348 
8086	374 
8087	267 
8088	341 
8089	122 
8090	144 
8091	286 
8092	16 
8093	265 
8094	52 
8095	259 
8096	198 
8097	308 
8098	276 
8099	384 
8100	359 
8101	157 
8102	46 
8103	176 
8104	389 
8105	327 
8106	187 
8107	62 
8108	223 
8109	34 
8110	61 
8111	46 
8112	386 
8113	364 
8114	92 
8115	465 
8116	431 
8117	367 
8118	144 
8119	369 
8120	166 
8121	303 
8122	311 
8123	460 
8124	249 
8125	348 
8126	84 
8127	254 
8128	167 
8129	122 
8130	180 
8131	142 
8132	81 
8133	213 
8134	123 
8135	356 
8136	265 
8137	154 
8138	126 
8139	116 
8140	47 
8141	66 
8142	176 
8143	74 
8144	465 
8145	191 
8146	409 
8147	283 
8148	204 
8149	19 
8150	23 
8151	135 
8152	133 
8153	163 
8154	452 
8155	356 
8156	339 
8157	245 
8158	72 
8159	449 
8160	321 
8161	183 
8162	59 
8163	325 
8164	444 
8165	297 
8166	353 
8167	77 
8168	392 
8169	455 
8170	348 
8171	30 
8172	263 
8173	367 
8174	325 
8175	371 
8176	122 
8177	32 
8178	207 
8179	351 
8180	21 
8181	97 
8182	25 
8183	305 
8184	264 
8185	47 
8186	220 
8187	433 
8188	446 
8189	270 
8190	423 
8191	13 
8192	401 
8193	126 
8194	52 
8195	241 
8196	403 
8197	7 
8198	223 
8199	223 
8200	63 
8201	111 
8202	437 
8203	197 
8204	403 
8205	107 
8206	6 
8207	346 
8208	213 
8209	46 
8210	427 
8211	281 
8212	82 
8213	378 
8214	152 
8215	71 
8216	447 
8217	210 
8218	113 
8219	138 
8220	215 
8221	329 
8222	46 
8223	145 
8224	35 
8225	10 
8226	185 
8227	47 
8228	163 
8229	148 
8230	402 
8231	209 
8232	198 
8233	422 
8234	162 
8235	390 
8236	386 
8237	47 
8238	411 
8239	220 
8240	419 
8241	91 
8242	411 
8243	263 
8244	341 
8245	165 
8246	175 
8247	144 
8248	445 
8249	251 
8250	308 
8251	440 
8252	45 
8253	446 
8254	25 
8255	255 
8256	89 
8257	267 
8258	203 
8259	411 
8260	179 
8261	426 
8262	40 
8263	8 
8264	319 
8265	333 
8266	151 
8267	367 
8268	276 
8269	210 
8270	190 
8271	444 
8272	55 
8273	327 
8274	149 
8275	142 
8276	323 
8277	223 
8278	211 
8279	318 
8280	153 
8281	12 
8282	390 
8283	94 
8284	143 
8285	431 
8286	225 
8287	431 
8288	59 
8289	270 
8290	374 
8291	364 
8292	313 
8293	377 
8294	58 
8295	49 
8296	98 
8297	338 
8298	344 
8299	68 
8300	194 
8301	54 
8302	400 
8303	298 
8304	350 
8305	40 
8306	46 
8307	136 
8308	59 
8309	223 
8310	212 
8311	280 
8312	366 
8313	52 
8314	433 
8315	105 
8316	33 
8317	92 
8318	175 
8319	8 
8320	276 
8321	79 
8322	278 
8323	211 
8324	30 
8325	269 
8326	419 
8327	325 
8328	249 
8329	236 
8330	315 
8331	8 
8332	1 
8333	459 
8334	1 
8335	153 
8336	48 
8337	167 
8338	116 
8339	246 
8340	402 
8341	2 
8342	306 
8343	122 
8344	96 
8345	157 
8346	437 
8347	154 
8348	85 
8349	367 
8350	65 
8351	61 
8352	152 
8353	72 
8354	151 
8355	391 
8356	85 
8357	433 
8358	93 
8359	347 
8360	323 
8361	345 
8362	185 
8363	72 
8364	289 
8365	24 
8366	35 
8367	184 
8368	157 
8369	447 
8370	315 
8371	290 
8372	289 
8373	276 
8374	327 
8375	410 
8376	399 
8377	60 
8378	281 
8379	419 
8380	344 
8381	401 
8382	5 
8383	374 
8384	408 
8385	52 
8386	444 
8387	66 
8388	204 
8389	376 
8390	261 
8391	348 
8392	35 
8393	446 
8394	448 
8395	402 
8396	122 
8397	81 
8398	82 
8399	175 
8400	71 
8401	25 
8402	14 
8403	409 
8404	301 
8405	8 
8406	357 
8407	458 
8408	9 
8409	215 
8410	77 
8411	346 
8412	301 
8413	356 
8414	125 
8415	164 
8416	108 
8417	212 
8418	304 
8419	53 
8420	53 
8421	451 
8422	390 
8423	429 
8424	383 
8425	458 
8426	415 
8427	433 
8428	366 
8429	122 
8430	298 
8431	308 
8432	51 
8433	433 
8434	221 
8435	418 
8436	350 
8437	251 
8438	160 
8439	46 
8440	308 
8441	153 
8442	90 
8443	199 
8444	35 
8445	141 
8446	116 
8447	92 
8448	134 
8449	367 
8450	410 
8451	185 
8452	265 
8453	34 
8454	146 
8455	40 
8456	53 
8457	152 
8458	135 
8459	259 
8460	371 
8461	282 
8462	437 
8463	350 
8464	329 
8465	363 
8466	238 
8467	416 
8468	31 
8469	402 
8470	304 
8471	330 
8472	82 
8473	101 
8474	189 
8475	63 
8476	453 
8477	156 
8478	192 
8479	194 
8480	157 
8481	133 
8482	409 
8483	372 
8484	454 
8485	343 
8486	92 
8487	274 
8488	157 
8489	390 
8490	127 
8491	93 
8492	344 
8493	349 
8494	409 
8495	184 
8496	311 
8497	182 
8498	47 
8499	100 
8500	331 
8501	165 
8502	181 
8503	249 
8504	365 
8505	449 
8506	437 
8507	82 
8508	157 
8509	57 
8510	138 
8511	28 
8512	1 
8513	250 
8514	252 
8515	176 
8516	453 
8517	100 
8518	423 
8519	375 
8520	163 
8521	220 
8522	308 
8523	454 
8524	2 
8525	364 
8526	127 
8527	245 
8528	316 
8529	409 
8530	52 
8531	122 
8532	333 
8533	325 
8534	217 
8535	379 
8536	174 
8537	419 
8538	197 
8539	437 
8540	276 
8541	344 
8542	431 
8543	46 
8544	330 
8545	83 
8546	285 
8547	144 
8548	465 
8549	232 
8550	92 
8551	429 
8552	51 
8553	59 
8554	316 
8555	20 
8556	110 
8557	285 
8558	261 
8559	25 
8560	265 
8561	442 
8562	33 
8563	411 
8564	292 
8565	366 
8566	214 
8567	30 
8568	23 
8569	241 
8570	1 
8571	14 
8572	55 
8573	143 
8574	183 
8575	72 
8576	321 
8577	428 
8578	343 
8579	408 
8580	281 
8581	102 
8582	366 
8583	297 
8584	167 
8585	85 
8586	359 
8587	8 
8588	362 
8589	432 
8590	400 
8591	14 
8592	276 
8593	311 
8594	361 
8595	378 
8596	276 
8597	383 
8598	451 
8599	127 
8600	409 
8601	264 
8602	249 
8603	246 
8604	325 
8605	50 
8606	371 
8607	57 
8608	437 
8609	377 
8610	303 
8611	369 
8612	454 
8613	459 
8614	300 
8615	75 
8616	356 
8617	388 
8618	410 
8619	193 
8620	246 
8621	437 
8622	37 
8623	276 
8624	98 
8625	444 
8626	163 
8627	244 
8628	260 
8629	412 
8630	197 
8631	8 
8632	219 
8633	329 
8634	377 
8635	446 
8636	18 
8637	100 
8638	258 
8639	295 
8640	384 
8641	356 
8642	66 
8643	153 
8644	295 
8645	301 
8646	57 
8647	458 
8648	202 
8649	347 
8650	193 
8651	92 
8652	330 
8653	197 
8654	292 
8655	255 
8656	210 
8657	215 
8658	46 
8659	152 
8660	219 
8661	357 
8662	393 
8663	401 
8664	344 
8665	106 
8666	464 
8667	54 
8668	157 
8669	127 
8670	334 
8671	246 
8672	80 
8673	165 
8674	150 
8675	173 
8676	344 
8677	157 
8678	189 
8679	346 
8680	58 
8681	458 
8682	46 
8683	184 
8684	328 
8685	249 
8686	56 
8687	439 
8688	324 
8689	192 
8690	162 
8691	409 
8692	127 
8693	239 
8694	254 
8695	377 
8696	192 
8697	324 
8698	386 
8699	334 
8700	390 
8701	424 
8702	212 
8703	451 
8704	24 
8705	178 
8706	444 
8707	280 
8708	437 
8709	329 
8710	293 
8711	236 
8712	296 
8713	286 
8714	440 
8715	369 
8716	220 
8717	208 
8718	138 
8719	241 
8720	364 
8721	90 
8722	324 
8723	135 
8724	429 
8725	180 
8726	51 
8727	361 
8728	66 
8729	409 
8730	433 
8731	157 
8732	276 
8733	170 
8734	263 
8735	427 
8736	338 
8737	344 
8738	154 
8739	306 
8740	330 
8741	350 
8742	270 
8743	366 
8744	147 
8745	380 
8746	46 
8747	218 
8748	329 
8749	308 
8750	75 
8751	51 
8752	72 
8753	73 
8754	416 
8755	10 
8756	316 
8757	287 
8758	393 
8759	402 
8760	342 
8761	92 
8762	395 
8763	289 
8764	122 
8765	430 
8766	249 
8767	241 
8768	316 
8769	202 
8770	208 
8771	264 
8772	431 
8773	122 
8774	8 
8775	179 
8776	267 
8777	139 
8778	82 
8779	392 
8780	341 
8781	361 
8782	146 
8783	411 
8784	179 
8785	464 
8786	9 
8787	243 
8788	245 
8789	35 
8790	280 
8791	111 
8792	324 
8793	351 
8794	351 
8795	150 
8796	458 
8797	180 
8798	410 
8799	402 
8800	356 
8801	342 
8802	277 
8803	409 
8804	281 
8805	311 
8806	276 
8807	384 
8808	211 
8809	132 
8810	247 
8811	411 
8812	449 
8813	143 
8814	204 
8815	106 
8816	153 
8817	265 
8818	110 
8819	90 
8820	323 
8821	192 
8822	444 
8823	361 
8824	269 
8825	394 
8826	315 
8827	330 
8828	47 
8829	30 
8830	157 
8831	61 
8832	384 
8833	114 
8834	39 
8835	409 
8836	5 
8837	330 
8838	325 
8839	303 
8840	361 
8841	409 
8842	391 
8843	324 
8844	259 
8845	203 
8846	216 
8847	267 
8848	417 
8849	459 
8850	397 
8851	236 
8852	94 
8853	333 
8854	286 
8855	403 
8856	329 
8857	406 
8858	249 
8859	141 
8860	138 
8861	428 
8862	333 
8863	216 
8864	7 
8865	72 
8866	447 
8867	215 
8868	5 
8869	308 
8870	236 
8871	209 
8872	19 
8873	127 
8874	335 
8875	150 
8876	3 
8877	293 
8878	162 
8879	350 
8880	414 
8881	74 
8882	223 
8883	267 
8884	267 
8885	300 
8886	313 
8887	238 
8888	444 
8889	218 
8890	134 
8891	162 
8892	128 
8893	356 
8894	294 
8895	335 
8896	106 
8897	367 
8898	191 
8899	376 
8900	54 
8901	468 
8902	376 
8903	2 
8904	86 
8905	24 
8906	167 
8907	150 
8908	383 
8909	431 
8910	173 
8911	122 
8912	319 
8913	90 
8914	66 
8915	366 
8916	66 
8917	193 
8918	403 
8919	148 
8920	132 
8921	82 
8922	229 
8923	276 
8924	384 
8925	430 
8926	349 
8927	437 
8928	382 
8929	219 
8930	72 
8931	138 
8932	166 
8933	51 
8934	417 
8935	375 
8936	425 
8937	320 
8938	61 
8939	416 
8940	110 
8941	329 
8942	229 
8943	13 
8944	122 
8945	34 
8946	153 
8947	252 
8948	191 
8949	215 
8950	323 
8951	162 
8952	334 
8953	54 
8954	225 
8955	85 
8956	144 
8957	357 
8958	308 
8959	384 
8960	453 
8961	211 
8962	106 
8963	332 
8964	381 
8965	23 
8966	266 
8967	202 
8968	266 
8969	209 
8970	310 
8971	333 
8972	34 
8973	438 
8974	364 
8975	246 
8976	406 
8977	52 
8978	336 
8979	451 
8980	57 
8981	421 
8982	58 
8983	22 
8984	184 
8985	167 
8986	224 
8987	167 
8988	348 
8989	365 
8990	318 
8991	440 
8992	410 
8993	14 
8994	247 
8995	211 
8996	156 
8997	379 
8998	402 
8999	245 
9000	268 
9001	346 
9002	309 
9003	461 
9004	72 
9005	321 
9006	183 
9007	18 
9008	176 
9009	61 
9010	90 
9011	58 
9012	109 
9013	265 
9014	190 
9015	94 
9016	270 
9017	265 
9018	94 
9019	409 
9020	311 
9021	351 
9022	301 
9023	98 
9024	416 
9025	276 
9026	381 
9027	114 
9028	122 
9029	39 
9030	358 
9031	9 
9032	280 
9033	126 
9034	377 
9035	138 
9036	395 
9037	447 
9038	136 
9039	367 
9040	343 
9041	408 
9042	166 
9043	269 
9044	51 
9045	346 
9046	350 
9047	26 
9048	449 
9049	401 
9050	81 
9051	40 
9052	101 
9053	23 
9054	89 
9055	75 
9056	297 
9057	362 
9058	53 
9059	166 
9060	414 
9061	127 
9062	1 
9063	402 
9064	321 
9065	162 
9066	305 
9067	210 
9068	216 
9069	327 
9070	397 
9071	458 
9072	184 
9073	397 
9074	246 
9075	150 
9076	24 
9077	168 
9078	51 
9079	374 
9080	377 
9081	268 
9082	52 
9083	402 
9084	358 
9085	52 
9086	7 
9087	164 
9088	428 
9089	273 
9090	106 
9091	184 
9092	391 
9093	434 
9094	410 
9095	203 
9096	28 
9097	31 
9098	389 
9099	427 
9100	446 
9101	122 
9102	209 
9103	263 
9104	374 
9105	383 
9106	167 
9107	10 
9108	377 
9109	197 
9110	431 
9111	30 
9112	362 
9113	51 
9114	274 
9115	221 
9116	203 
9117	119 
9118	358 
9119	149 
9120	30 
9121	81 
9122	116 
9123	57 
9124	226 
9125	101 
9126	8 
9127	290 
9128	267 
9129	417 
9130	167 
9131	157 
9132	288 
9133	265 
9134	440 
9135	227 
9136	404 
9137	450 
9138	220 
9139	30 
9140	196 
9141	315 
9142	393 
9143	351 
9144	398 
9145	163 
9146	350 
9147	446 
9148	418 
9149	261 
9150	409 
9151	440 
9152	252 
9153	187 
9154	449 
9155	127 
9156	362 
9157	94 
9158	51 
9159	349 
9160	53 
9161	227 
9162	403 
9163	303 
9164	187 
9165	239 
9166	412 
9167	272 
9168	259 
9169	283 
9170	381 
9171	437 
9172	58 
9173	420 
9174	242 
9175	18 
9176	1 
9177	62 
9178	61 
9179	286 
9180	336 
9181	249 
9182	127 
9183	66 
9184	427 
9185	35 
9186	325 
9187	104 
9188	60 
9189	142 
9190	410 
9191	116 
9192	153 
9193	72 
9194	116 
9195	108 
9196	332 
9197	374 
9198	98 
9199	94 
9200	289 
9201	258 
9202	94 
9203	66 
9204	325 
9205	85 
9206	61 
9207	10 
9208	239 
9209	103 
9210	168 
9211	427 
9212	221 
9213	152 
9214	92 
9215	221 
9216	358 
9217	336 
9218	246 
9219	265 
9220	176 
9221	388 
9222	82 
9223	306 
9224	447 
9225	321 
9226	316 
9227	351 
9228	304 
9229	331 
9230	221 
9231	390 
9232	356 
9233	97 
9234	416 
9235	295 
9236	435 
9237	377 
9238	189 
9239	265 
9240	94 
9241	30 
9242	162 
9243	95 
9244	365 
9245	326 
9246	438 
9247	361 
9248	127 
9249	347 
9250	140 
9251	362 
9252	409 
9253	287 
9254	224 
9255	61 
9256	427 
9257	106 
9258	92 
9259	408 
9260	379 
9261	239 
9262	409 
9263	122 
9264	427 
9265	329 
9266	338 
9267	267 
9268	350 
9269	92 
9270	386 
9271	39 
9272	202 
9273	280 
9274	53 
9275	292 
9276	5 
9277	205 
9278	402 
9279	301 
9280	110 
9281	403 
9282	280 
9283	170 
9284	311 
9285	54 
9286	315 
9287	439 
9288	239 
9289	255 
9290	385 
9291	126 
9292	377 
9293	345 
9294	325 
9295	431 
9296	345 
9297	33 
9298	408 
9299	419 
9300	188 
9301	249 
9302	325 
9303	282 
9304	202 
9305	410 
9306	289 
9307	437 
9308	35 
9309	377 
9310	75 
9311	299 
9312	356 
9313	277 
9314	267 
9315	425 
9316	241 
9317	315 
9318	437 
9319	51 
9320	153 
9321	241 
9322	54 
9323	23 
9324	418 
9325	57 
9326	342 
9327	431 
9328	46 
9329	322 
9330	23 
9331	166 
9332	449 
9333	336 
9334	82 
9335	162 
9336	434 
9337	18 
9338	289 
9339	383 
9340	146 
9341	238 
9342	289 
9343	119 
9344	322 
9345	82 
9346	127 
9347	162 
9348	98 
9349	429 
9350	357 
9351	425 
9352	193 
9353	67 
9354	401 
9355	72 
9356	111 
9357	143 
9358	30 
9359	354 
9360	317 
9361	50 
9362	416 
9363	451 
9364	184 
9365	247 
9366	247 
9367	89 
9368	82 
9369	280 
9370	201 
9371	180 
9372	392 
9373	29 
9374	274 
9375	148 
9376	81 
9377	289 
9378	374 
9379	156 
9380	303 
9381	402 
9382	202 
9383	363 
9384	46 
9385	210 
9386	352 
9387	106 
9388	416 
9389	47 
9390	258 
9391	47 
9392	388 
9393	126 
9394	412 
9395	1 
9396	444 
9397	428 
9398	292 
9399	440 
9400	1 
9401	444 
9402	439 
9403	202 
9404	53 
9405	35 
9406	184 
9407	152 
9408	85 
9409	336 
9410	276 
9411	190 
9412	315 
9413	252 
9414	447 
9415	308 
9416	85 
9417	339 
9418	183 
9419	3 
9420	184 
9421	209 
9422	376 
9423	157 
9424	286 
9425	139 
9426	270 
9427	30 
9428	138 
9429	230 
9430	363 
9431	261 
9432	148 
9433	350 
9434	410 
9435	388 
9436	35 
9437	303 
9438	356 
9439	39 
9440	66 
9441	57 
9442	92 
9443	444 
9444	315 
9445	311 
9446	47 
9447	46 
9448	46 
9449	346 
9450	388 
9451	289 
9452	327 
9453	351 
9454	217 
9455	157 
9456	362 
9457	416 
9458	311 
9459	409 
9460	409 
9461	174 
9462	54 
9463	327 
9464	432 
9465	122 
9466	246 
9467	380 
9468	92 
9469	233 
9470	182 
9471	428 
9472	20 
9473	213 
9474	202 
9475	47 
9476	434 
9477	402 
9478	175 
9479	151 
9480	102 
9481	375 
9482	81 
9483	65 
9484	106 
9485	30 
9486	429 
9487	173 
9488	202 
9489	437 
9490	46 
9491	142 
9492	264 
9493	432 
9494	406 
9495	344 
9496	409 
9497	218 
9498	132 
9499	422 
9500	25 
9501	20 
9502	98 
9503	239 
9504	450 
9505	380 
9506	12 
9507	429 
9508	383 
9509	57 
9510	57 
9511	230 
9512	423 
9513	7 
9514	94 
9515	425 
9516	239 
9517	267 
9518	311 
9519	374 
9520	384 
9521	8 
9522	164 
9523	451 
9524	75 
9525	431 
9526	339 
9527	356 
9528	444 
9529	411 
9530	458 
9531	166 
9532	406 
9533	384 
9534	1 
9535	367 
9536	167 
9537	249 
9538	317 
9539	204 
9540	73 
9541	269 
9542	165 
9543	357 
9544	97 
9545	356 
9546	227 
9547	182 
9548	76 
9549	263 
9550	386 
9551	245 
9552	92 
9553	267 
9554	157 
9555	415 
9556	167 
9557	30 
9558	53 
9559	390 
9560	59 
9561	159 
9562	142 
9563	178 
9564	306 
9565	33 
9566	105 
9567	205 
9568	59 
9569	55 
9570	401 
9571	451 
9572	85 
9573	314 
9574	157 
9575	444 
9576	165 
9577	271 
9578	357 
9579	306 
9580	153 
9581	252 
9582	283 
9583	357 
9584	425 
9585	350 
9586	138 
9587	383 
9588	310 
9589	279 
9590	187 
9591	411 
9592	271 
9593	304 
9594	138 
9595	376 
9596	324 
9597	35 
9598	202 
9599	429 
9600	265 
9601	13 
9602	297 
9603	111 
9604	86 
9605	45 
9606	215 
9607	163 
9608	366 
9609	281 
9610	308 
9611	255 
9612	330 
9613	309 
9614	341 
9615	176 
9616	122 
9617	166 
9618	31 
9619	280 
9620	409 
9621	83 
9622	33 
9623	327 
9624	13 
9625	59 
9626	85 
9627	111 
9628	127 
9629	297 
9630	320 
9631	421 
9632	429 
9633	205 
9634	2 
9635	18 
9636	143 
9637	221 
9638	411 
9639	218 
9640	325 
9641	465 
9642	20 
9643	285 
9644	112 
9645	327 
9646	30 
9647	31 
9648	293 
9649	14 
9650	436 
9651	126 
9652	52 
9653	140 
9654	46 
9655	227 
9656	252 
9657	245 
9658	115 
9659	261 
9660	258 
9661	386 
9662	330 
9663	164 
9664	270 
9665	413 
9666	465 
9667	438 
9668	47 
9669	454 
9670	254 
9671	157 
9672	141 
9673	377 
9674	223 
9675	433 
9676	367 
9677	162 
9678	184 
9679	454 
9680	261 
9681	75 
9682	423 
9683	203 
9684	408 
9685	282 
9686	416 
9687	173 
9688	383 
9689	402 
9690	53 
9691	122 
9692	329 
9693	362 
9694	440 
9695	180 
9696	344 
9697	342 
9698	110 
9699	13 
9700	143 
9701	265 
9702	312 
9703	259 
9704	193 
9705	416 
9706	410 
9707	122 
9708	154 
9709	126 
9710	126 
9711	276 
9712	449 
9713	242 
9714	427 
9715	53 
9716	306 
9717	58 
9718	104 
9719	101 
9720	335 
9721	397 
9722	252 
9723	280 
9724	438 
9725	428 
9726	342 
9727	458 
9728	401 
9729	311 
9730	182 
9731	438 
9732	282 
9733	30 
9734	409 
9735	440 
9736	308 
9737	12 
9738	261 
9739	106 
9740	1 
9741	431 
9742	327 
9743	106 
9744	254 
9745	122 
9746	285 
9747	220 
9748	450 
9749	308 
9750	423 
9751	82 
9752	89 
9753	184 
9754	122 
9755	193 
9756	185 
9757	278 
9758	375 
9759	129 
9760	46 
9761	375 
9762	237 
9763	423 
9764	375 
9765	47 
9766	435 
9767	148 
9768	3 
9769	161 
9770	166 
9771	357 
9772	215 
9773	311 
9774	356 
9775	51 
9776	82 
9777	200 
9778	122 
9779	85 
9780	240 
9781	151 
9782	20 
9783	89 
9784	57 
9785	274 
9786	345 
9787	187 
9788	111 
9789	440 
9790	391 
9791	200 
9792	81 
9793	244 
9794	393 
9795	431 
9796	388 
9797	315 
9798	239 
9799	419 
9800	238 
9801	30 
9802	153 
9803	285 
9804	366 
9805	410 
9806	306 
9807	285 
9808	54 
9809	111 
9810	462 
9811	255 
9812	309 
9813	326 
9814	421 
9815	437 
9816	35 
9817	187 
9818	129 
9819	381 
9820	289 
9821	296 
9822	204 
9823	23 
9824	286 
9825	204 
9826	384 
9827	394 
9828	114 
9829	102 
9830	452 
9831	247 
9832	7 
9833	344 
9834	153 
9835	401 
9836	89 
9837	442 
9838	185 
9839	136 
9840	433 
9841	237 
9842	439 
9843	296 
9844	61 
9845	252 
9846	167 
9847	52 
9848	255 
9849	284 
9850	65 
9851	326 
9852	127 
9853	285 
9854	284 
9855	81 
9856	1 
9857	289 
9858	261 
9859	10 
9860	61 
9861	52 
9862	213 
9863	148 
9864	280 
9865	415 
9866	437 
9867	35 
9868	149 
9869	392 
9870	376 
9871	276 
9872	311 
9873	35 
9874	10 
9875	385 
9876	122 
9877	362 
9878	293 
9879	77 
9880	258 
9881	34 
9882	194 
9883	141 
9884	429 
9885	371 
9886	127 
9887	307 
9888	51 
9889	202 
9890	289 
9891	1 
9892	427 
9893	252 
9894	153 
9895	313 
9896	415 
9897	12 
9898	150 
9899	311 
9900	71 
9901	93 
9902	386 
9903	292 
9904	392 
9905	362 
9906	201 
9907	306 
9908	247 
9909	79 
9910	329 
9911	1 
9912	163 
9913	142 
9914	255 
9915	72 
9916	76 
9917	249 
9918	357 
9919	272 
9920	455 
9921	391 
9922	282 
9923	102 
9924	444 
9925	428 
9926	72 
9927	356 
9928	166 
9929	153 
9930	153 
9931	51 
9932	182 
9933	389 
9934	463 
9935	336 
9936	55 
9937	304 
9938	314 
9939	326 
9940	301 
9941	292 
9942	431 
9943	163 
9944	353 
9945	299 
9946	1 
9947	454 
9948	280 
9949	51 
9950	409 
9951	330 
9952	285 
9953	316 
9954	7 
9955	424 
9956	374 
9957	162 
9958	433 
9959	321 
9960	453 
9961	8 
9962	90 
9963	216 
9964	128 
9965	265 
9966	229 
9967	386 
9968	393 
9969	259 
9970	362 
9971	156 
9972	14 
9973	216 
9974	86 
9975	143 
9976	249 
9977	151 
9978	263 
9979	283 
9980	151 
9981	350 
9982	105 
9983	449 
9984	46 
9985	415 
9986	406 
9987	431 
9988	325 
9989	88 
9990	330 
9991	111 
9992	397 
9993	178 
9994	157 
9995	335 
9996	7 
9997	370 
9998	326 
9999	330 
10000	339 
10001	468 
10002	62 
10003	282 
10004	289 
10005	348 
10006	30 
10007	273 
10008	308 
10009	245 
10010	273 
10011	358 
10012	94 
10013	406 
10014	423 
10015	154 
10016	47 
10017	200 
10018	332 
10019	49 
10020	414 
10021	459 
10022	401 
10023	400 
10024	134 
10025	394 
10026	308 
10027	423 
10028	220 
10029	89 
10030	399 
10031	90 
10032	342 
10033	139 
10034	13 
10035	62 
10036	1 
10037	385 
10038	378 
10039	421 
10040	98 
10041	301 
10042	422 
10043	255 
10044	402 
10045	217 
10046	96 
10047	24 
10048	31 
10049	154 
10050	327 
10051	276 
10052	388 
10053	126 
10054	7 
10055	181 
10056	83 
10057	419 
10058	215 
10059	342 
10060	152 
10061	413 
10062	173 
10063	282 
10064	248 
10065	220 
10066	220 
10067	74 
10068	57 
10069	215 
10070	388 
10071	347 
10072	52 
10073	46 
10074	34 
10075	111 
10076	386 
10077	127 
10078	257 
10079	270 
10080	18 
10081	8 
10082	119 
10083	431 
10084	427 
10085	140 
10086	66 
10087	217 
10088	139 
10089	295 
10090	60 
10091	317 
10092	327 
10093	227 
10094	54 
10095	376 
10096	406 
10097	202 
10098	451 
10099	272 
10100	334 
10101	127 
10102	224 
10103	385 
10104	285 
10105	258 
10106	143 
10107	264 
10108	111 
10109	82 
10110	417 
10111	411 
10112	243 
10113	440 
10114	46 
10115	151 
10116	431 
10117	263 
10118	41 
10119	398 
10120	82 
10121	433 
10122	150 
10123	279 
10124	227 
10125	81 
10126	193 
10127	51 
10128	402 
10129	16 
10130	33 
10131	388 
10132	2 
10133	427 
10134	60 
10135	128 
10136	251 
10137	227 
10138	285 
10139	180 
10140	421 
10141	7 
10142	229 
10143	190 
10144	182 
10145	327 
10146	410 
10147	84 
10148	94 
10149	3 
10150	106 
10151	57 
10152	173 
10153	317 
10154	274 
10155	154 
10156	212 
10157	409 
10158	364 
10159	371 
10160	193 
10161	425 
10162	80 
10163	249 
10164	54 
10165	311 
10166	383 
10167	246 
10168	66 
10169	402 
10170	311 
10171	3 
10172	453 
10173	313 
10174	171 
10175	110 
10176	258 
10177	336 
10178	306 
10179	59 
10180	47 
10181	75 
10182	138 
10183	258 
10184	233 
10185	166 
10186	425 
10187	394 
10188	264 
10189	265 
10190	385 
10191	23 
10192	35 
10193	429 
10194	446 
10195	239 
10196	14 
10197	335 
10198	450 
10199	248 
10200	61 
10201	241 
10202	467 
10203	102 
10204	286 
10205	146 
10206	73 
10207	346 
10208	382 
10209	80 
10210	131 
10211	153 
10212	339 
10213	33 
10214	73 
10215	110 
10216	346 
10217	247 
10218	356 
10219	434 
10220	316 
10221	283 
10222	50 
10223	366 
10224	18 
10225	61 
10226	281 
10227	270 
10228	362 
10229	309 
10230	150 
10231	362 
10232	46 
10233	154 
10234	181 
10235	142 
10236	39 
10237	61 
10238	267 
10239	384 
10240	329 
10241	151 
10242	249 
10243	223 
10244	106 
10245	346 
10246	410 
10247	437 
10248	158 
10249	119 
10250	410 
10251	346 
10252	292 
10253	238 
10254	453 
10255	10 
10256	258 
10257	182 
10258	427 
10259	336 
10260	207 
10261	175 
10262	286 
10263	311 
10264	276 
10265	410 
10266	333 
10267	347 
10268	264 
10269	142 
10270	25 
10271	211 
10272	153 
10273	280 
10274	416 
10275	116 
10276	273 
10277	162 
10278	409 
10279	403 
10280	92 
10281	90 
10282	107 
10283	427 
10284	113 
10285	7 
10286	303 
10287	285 
10288	92 
10289	402 
10290	198 
10291	217 
10292	241 
10293	430 
10294	207 
10295	261 
10296	24 
10297	152 
10298	197 
10299	336 
10300	272 
10301	153 
10302	433 
10303	366 
10304	300 
10305	162 
10306	332 
10307	410 
10308	227 
10309	297 
10310	280 
10311	255 
10312	416 
10313	7 
10314	92 
10315	364 
10316	8 
10317	394 
10318	344 
10319	401 
10320	274 
10321	392 
10322	308 
10323	264 
10324	284 
10325	376 
10326	356 
10327	106 
10328	456 
10329	277 
10330	269 
10331	211 
10332	156 
10333	364 
10334	370 
10335	112 
10336	393 
10337	249 
10338	394 
10339	376 
10340	401 
10341	187 
10342	376 
10343	411 
10344	53 
10345	72 
10346	325 
10347	353 
10348	210 
10349	138 
10350	157 
10351	47 
10352	451 
10353	402 
10354	351 
10355	51 
10356	336 
10357	421 
10358	417 
10359	150 
10360	81 
10361	280 
10362	454 
10363	327 
10364	297 
10365	85 
10366	226 
10367	297 
10368	5 
10369	89 
10370	18 
10371	324 
10372	280 
10373	423 
10374	39 
10375	334 
10376	326 
10377	215 
10378	356 
10379	1 
10380	127 
10381	440 
10382	52 
10383	208 
10384	135 
10385	52 
10386	3 
10387	367 
10388	255 
10389	62 
10390	286 
10391	138 
10392	342 
10393	82 
10394	408 
10395	66 
10396	45 
10397	145 
10398	440 
10399	280 
10400	249 
10401	217 
10402	270 
10403	107 
10404	459 
10405	386 
10406	323 
10407	296 
10408	402 
10409	192 
10410	429 
10411	326 
10412	2 
10413	216 
10414	429 
10415	376 
10416	292 
10417	97 
10418	218 
10419	127 
10420	73 
10421	437 
10422	72 
10423	40 
10424	32 
10425	170 
10426	449 
10427	427 
10428	391 
10429	422 
10430	60 
10431	157 
10432	157 
10433	118 
10434	84 
10435	362 
10436	308 
10437	146 
10438	312 
10439	380 
10440	176 
10441	330 
10442	138 
10443	180 
10444	54 
10445	34 
10446	160 
10447	316 
10448	364 
10449	53 
10450	294 
10451	144 
10452	269 
10453	52 
10454	325 
10455	401 
10456	299 
10457	265 
10458	456 
10459	434 
10460	299 
10461	46 
10462	9 
10463	10 
10464	26 
10465	82 
10466	51 
10467	415 
10468	416 
10469	444 
10470	374 
10471	81 
10472	88 
10473	444 
10474	194 
10475	55 
10476	1 
10477	174 
10478	367 
10479	116 
10480	316 
10481	227 
10482	423 
10483	106 
10484	295 
10485	176 
10486	125 
10487	14 
10488	152 
10489	375 
10490	125 
10491	2 
10492	456 
10493	184 
10494	264 
10495	238 
10496	411 
10497	326 
10498	421 
10499	182 
10500	368 
10501	364 
10502	408 
10503	164 
10504	374 
10505	10 
10506	425 
10507	385 
10508	59 
10509	59 
10510	327 
10511	375 
10512	203 
10513	166 
10514	319 
10515	403 
10516	148 
10517	243 
10518	142 
10519	394 
10520	46 
10521	237 
10522	357 
10523	224 
10524	89 
10525	30 
10526	175 
10527	110 
10528	265 
10529	75 
10530	107 
10531	47 
10532	54 
10533	53 
10534	419 
10535	74 
10536	367 
10537	54 
10538	356 
10539	92 
10540	282 
10541	280 
10542	8 
10543	9 
10544	263 
10545	312 
10546	13 
10547	295 
10548	110 
10549	338 
10550	356 
10551	189 
10552	61 
10553	459 
10554	402 
10555	343 
10556	384 
10557	269 
10558	410 
10559	429 
10560	122 
10561	157 
10562	409 
10563	345 
10564	376 
10565	200 
10566	178 
10567	251 
10568	252 
10569	74 
10570	434 
10571	202 
10572	47 
10573	47 
10574	126 
10575	174 
10576	210 
10577	95 
10578	148 
10579	110 
10580	423 
10581	55 
10582	47 
10583	30 
10584	401 
10585	431 
10586	281 
10587	142 
10588	107 
10589	442 
10590	311 
10591	7 
10592	346 
10593	455 
10594	46 
10595	246 
10596	332 
10597	75 
10598	238 
10599	321 
10600	181 
10601	212 
10602	251 
10603	66 
10604	84 
10605	122 
10606	285 
10607	83 
10608	367 
10609	285 
10610	274 
10611	314 
10612	374 
10613	309 
10614	327 
10615	358 
10616	178 
10617	303 
10618	1 
10619	381 
10620	122 
10621	405 
10622	180 
10623	342 
10624	276 
10625	144 
10626	75 
10627	184 
10628	285 
10629	362 
10630	319 
10631	14 
10632	46 
10633	245 
10634	384 
10635	423 
10636	21 
10637	45 
10638	138 
10639	127 
10640	210 
10641	245 
10642	193 
10643	416 
10644	157 
10645	54 
10646	366 
10647	171 
10648	207 
10649	345 
10650	325 
10651	429 
10652	174 
10653	223 
10654	194 
10655	152 
10656	207 
10657	243 
10658	159 
10659	386 
10660	391 
10661	236 
10662	440 
10663	128 
10664	154 
10665	265 
10666	53 
10667	144 
10668	221 
10669	81 
10670	14 
10671	94 
10672	431 
10673	146 
10674	172 
10675	307 
10676	218 
10677	372 
10678	150 
10679	292 
10680	142 
10681	263 
10682	105 
10683	181 
10684	418 
10685	339 
10686	301 
10687	116 
10688	402 
10689	140 
10690	122 
10691	122 
10692	51 
10693	409 
10694	115 
10695	224 
10696	121 
10697	324 
10698	92 
10699	220 
10700	123 
10701	288 
10702	418 
10703	381 
10704	25 
10705	143 
10706	1 
10707	431 
10708	182 
10709	201 
10710	249 
10711	300 
10712	78 
10713	47 
10714	165 
10715	389 
10716	375 
10717	150 
10718	209 
10719	88 
10720	303 
10721	423 
10722	77 
10723	289 
10724	293 
10725	276 
10726	356 
10727	216 
10728	284 
10729	425 
10730	392 
10731	47 
10732	376 
10733	317 
10734	47 
10735	166 
10736	312 
10737	433 
10738	444 
10739	347 
10740	311 
10741	131 
10742	265 
10743	138 
10744	335 
10745	393 
10746	45 
10747	385 
10748	264 
10749	416 
10750	45 
10751	308 
10752	190 
10753	280 
10754	431 
10755	63 
10756	324 
10757	386 
10758	285 
10759	427 
10760	118 
10761	96 
10762	143 
10763	444 
10764	81 
10765	17 
10766	129 
10767	421 
10768	93 
10769	356 
10770	105 
10771	402 
10772	369 
10773	298 
10774	157 
10775	94 
10776	362 
10777	192 
10778	465 
10779	94 
10780	309 
10781	458 
10782	30 
10783	148 
10784	377 
10785	266 
10786	276 
10787	158 
10788	376 
10789	317 
10790	167 
10791	276 
10792	153 
10793	23 
10794	380 
10795	395 
10796	259 
10797	333 
10798	238 
10799	39 
10800	167 
10801	37 
10802	76 
10803	280 
10804	51 
10805	54 
10806	152 
10807	285 
10808	249 
10809	40 
10810	25 
10811	304 
10812	232 
10813	423 
10814	220 
10815	311 
10816	211 
10817	330 
10818	17 
10819	213 
10820	14 
10821	40 
10822	298 
10823	362 
10824	303 
10825	456 
10826	263 
10827	391 
10828	10 
10829	363 
10830	176 
10831	339 
10832	408 
10833	353 
10834	158 
10835	72 
10836	49 
10837	81 
10838	51 
10839	79 
10840	402 
10841	300 
10842	444 
10843	438 
10844	10 
10845	89 
10846	392 
10847	247 
10848	281 
10849	108 
10850	132 
10851	423 
10852	281 
10853	267 
10854	178 
10855	294 
10856	185 
10857	255 
10858	126 
10859	105 
10860	440 
10861	438 
10862	423 
10863	286 
10864	177 
10865	1 
10866	289 
10867	444 
10868	386 
10869	215 
10870	219 
10871	46 
10872	324 
10873	392 
10874	143 
10875	419 
10876	366 
10877	141 
10878	282 
10879	441 
10880	88 
10881	252 
10882	77 
10883	468 
10884	58 
10885	353 
10886	422 
10887	58 
10888	78 
10889	326 
10890	346 
10891	345 
10892	364 
10893	249 
10894	405 
10895	207 
10896	393 
10897	126 
10898	423 
10899	421 
10900	98 
10901	202 
10902	152 
10903	423 
10904	349 
10905	255 
10906	259 
10907	94 
10908	54 
10909	163 
10910	258 
10911	69 
10912	410 
10913	35 
10914	81 
10915	401 
10916	453 
10917	111 
10918	280 
10919	46 
10920	66 
10921	151 
10922	430 
10923	456 
10924	388 
10925	367 
10926	152 
10927	362 
10928	216 
10929	423 
10930	23 
10931	6 
10932	332 
10933	46 
10934	346 
10935	179 
10936	346 
10937	468 
10938	306 
10939	279 
10940	7 
10941	263 
10942	92 
10943	416 
10944	111 
10945	362 
10946	91 
10947	105 
10948	432 
10949	51 
10950	217 
10951	108 
10952	252 
10953	332 
10954	276 
10955	451 
10956	321 
10957	125 
10958	106 
10959	409 
10960	375 
10961	7 
10962	371 
10963	247 
10964	440 
10965	430 
10966	57 
10967	223 
10968	439 
10969	112 
10970	456 
10971	357 
10972	333 
10973	238 
10974	408 
10975	304 
10976	9 
10977	245 
10978	274 
10979	61 
10980	51 
10981	409 
10982	433 
10983	285 
10984	171 
10985	28 
10986	286 
10987	429 
10988	327 
10989	61 
10990	47 
10991	122 
10992	451 
10993	98 
10994	308 
10995	51 
10996	463 
10997	330 
10998	392 
10999	89 
11000	367 
11001	215 
11002	362 
11003	148 
11004	107 
11005	66 
11006	192 
11007	69 
11008	202 
11009	377 
11010	82 
11011	435 
11012	184 
11013	54 
11014	315 
11015	272 
11016	224 
11017	278 
11018	154 
11019	327 
11020	351 
11021	325 
11022	122 
11023	105 
11024	316 
11025	142 
11026	98 
11027	348 
11028	401 
11029	122 
11030	236 
11031	231 
11032	319 
11033	173 
11034	60 
11035	344 
11036	437 
11037	3 
11038	217 
11039	57 
11040	47 
11041	330 
11042	304 
11043	369 
11044	107 
11045	267 
11046	430 
11047	398 
11048	375 
11049	7 
11050	35 
11051	366 
11052	425 
11053	274 
11054	297 
11055	418 
11056	14 
11057	425 
11058	409 
11059	403 
11060	406 
11061	327 
11062	385 
11063	16 
11064	429 
11065	138 
11066	374 
11067	295 
11068	4 
11069	417 
11070	392 
11071	22 
11072	377 
11073	350 
11074	15 
11075	182 
11076	286 
11077	249 
11078	72 
11079	116 
11080	329 
11081	339 
11082	211 
11083	263 
11084	455 
11085	127 
11086	186 
11087	371 
11088	153 
11089	51 
11090	324 
11091	136 
11092	1 
11093	161 
11094	127 
11095	269 
11096	281 
11097	53 
11098	90 
11099	299 
11100	127 
11101	77 
11102	364 
11103	276 
11104	462 
11105	106 
11106	416 
11107	194 
11108	370 
11109	153 
11110	216 
11111	402 
11112	23 
11113	145 
11114	210 
11115	409 
11116	82 
11117	363 
11118	196 
11119	10 
11120	184 
11121	125 
11122	284 
11123	238 
11124	198 
11125	14 
11126	101 
11127	346 
11128	157 
11129	345 
11130	441 
11131	165 
11132	321 
11133	265 
11134	241 
11135	417 
11136	14 
11137	82 
11138	72 
11139	265 
11140	191 
11141	49 
11142	174 
11143	255 
11144	423 
11145	364 
11146	379 
11147	122 
11148	209 
11149	433 
11150	217 
11151	410 
11152	406 
11153	410 
11154	427 
11155	319 
11156	59 
11157	30 
11158	122 
11159	327 
11160	461 
11161	439 
11162	465 
11163	421 
11164	86 
11165	431 
11166	265 
11167	404 
11168	122 
11169	157 
11170	289 
11171	243 
11172	267 
11173	171 
11174	288 
11175	442 
11176	30 
11177	362 
11178	260 
11179	259 
11180	411 
11181	293 
11182	98 
11183	209 
11184	410 
11185	116 
11186	427 
11187	143 
11188	447 
11189	264 
11190	460 
11191	314 
11192	1 
11193	157 
11194	453 
11195	179 
11196	209 
11197	434 
11198	331 
11199	317 
11200	285 
11201	60 
11202	348 
11203	218 
11204	320 
11205	201 
11206	359 
11207	322 
11208	59 
11209	281 
11210	274 
11211	10 
11212	15 
11213	47 
11214	223 
11215	438 
11216	59 
11217	13 
11218	216 
11219	8 
11220	402 
11221	345 
11222	438 
11223	261 
11224	427 
11225	428 
11226	416 
11227	216 
11228	422 
11229	452 
11230	72 
11231	53 
11232	461 
11233	276 
11234	42 
11235	346 
11236	319 
11237	326 
11238	145 
11239	367 
11240	416 
11241	153 
11242	215 
11243	158 
11244	52 
11245	223 
11246	406 
11247	384 
11248	280 
11249	433 
11250	258 
11251	168 
11252	217 
11253	274 
11254	321 
11255	58 
11256	75 
11257	52 
11258	384 
11259	17 
11260	465 
11261	359 
11262	184 
11263	184 
11264	282 
11265	280 
11266	238 
11267	209 
11268	152 
11269	221 
11270	410 
11271	217 
11272	326 
11273	162 
11274	344 
11275	150 
11276	344 
11277	66 
11278	79 
11279	416 
11280	63 
11281	98 
11282	47 
11283	14 
11284	156 
11285	47 
11286	324 
11287	423 
11288	395 
11289	154 
11290	351 
11291	26 
11292	65 
11293	459 
11294	105 
11295	412 
11296	336 
11297	301 
11298	381 
11299	437 
11300	231 
11301	410 
11302	440 
11303	54 
11304	423 
11305	152 
11306	399 
11307	402 
11308	78 
11309	380 
11310	69 
11311	151 
11312	216 
11313	364 
11314	423 
11315	62 
11316	126 
11317	24 
11318	237 
11319	216 
11320	422 
11321	178 
11322	154 
11323	46 
11324	386 
11325	401 
11326	79 
11327	309 
11328	177 
11329	164 
11330	105 
11331	216 
11332	450 
11333	114 
11334	458 
11335	247 
11336	61 
11337	202 
11338	405 
11339	39 
11340	350 
11341	122 
11342	311 
11343	451 
11344	286 
11345	283 
11346	106 
11347	167 
11348	192 
11349	211 
11350	427 
11351	391 
11352	47 
11353	77 
11354	248 
11355	386 
11356	281 
11357	45 
11358	27 
11359	33 
11360	463 
11361	85 
11362	397 
11363	357 
11364	354 
11365	144 
11366	311 
11367	167 
11368	88 
11369	42 
11370	274 
11371	165 
11372	80 
11373	98 
11374	104 
11375	85 
11376	416 
11377	402 
11378	316 
11379	51 
11380	410 
11381	324 
11382	293 
11383	123 
11384	267 
11385	366 
11386	127 
11387	289 
11388	68 
11389	324 
11390	85 
11391	364 
11392	366 
11393	193 
11394	166 
11395	162 
11396	336 
11397	393 
11398	446 
11399	245 
11400	171 
11401	61 
11402	175 
11403	41 
11404	82 
11405	386 
11406	246 
11407	71 
11408	94 
11409	122 
11410	81 
11411	401 
11412	71 
11413	148 
11414	126 
11415	431 
11416	72 
11417	449 
11418	92 
11419	34 
11420	330 
11421	271 
11422	246 
11423	249 
11424	152 
11425	431 
11426	424 
11427	181 
11428	198 
11429	397 
11430	126 
11431	304 
11432	324 
11433	271 
11434	259 
11435	258 
11436	327 
11437	272 
11438	416 
11439	437 
11440	209 
11441	13 
11442	392 
11443	309 
11444	241 
11445	301 
11446	126 
11447	316 
11448	94 
11449	423 
11450	66 
11451	15 
11452	207 
11453	427 
11454	52 
11455	93 
11456	370 
11457	265 
11458	226 
11459	17 
11460	422 
11461	317 
11462	241 
11463	122 
11464	106 
11465	219 
11466	425 
11467	268 
11468	365 
11469	431 
11470	98 
11471	46 
11472	462 
11473	41 
11474	69 
11475	270 
11476	54 
11477	213 
11478	14 
11479	162 
11480	370 
11481	90 
11482	463 
11483	336 
11484	108 
11485	268 
11486	390 
11487	362 
11488	198 
11489	84 
11490	106 
11491	30 
11492	308 
11493	289 
11494	326 
11495	440 
11496	318 
11497	437 
11498	14 
11499	434 
11500	18 
11501	129 
11502	58 
11503	126 
11504	174 
11505	339 
11506	289 
11507	344 
11508	2 
11509	325 
11510	160 
11511	151 
11512	350 
11513	31 
11514	249 
11515	51 
11516	218 
11517	80 
11518	383 
11519	357 
11520	377 
11521	388 
11522	59 
11523	279 
11524	431 
11525	122 
11526	146 
11527	383 
11528	193 
11529	7 
11530	40 
11531	425 
11532	386 
11533	142 
11534	81 
11535	81 
11536	325 
11537	150 
11538	131 
11539	42 
11540	229 
11541	122 
11542	451 
11543	133 
11544	81 
11545	346 
11546	351 
11547	122 
11548	452 
11549	13 
11550	418 
11551	164 
11552	356 
11553	171 
11554	13 
11555	142 
11556	72 
11557	51 
11558	286 
11559	321 
11560	153 
11561	350 
11562	1 
11563	249 
11564	423 
11565	403 
11566	346 
11567	1 
11568	161 
11569	367 
11570	327 
11571	33 
11572	455 
11573	211 
11574	327 
11575	72 
11576	12 
11577	432 
11578	80 
11579	255 
11580	317 
11581	465 
11582	420 
11583	286 
11584	416 
11585	25 
11586	267 
11587	230 
11588	362 
11589	13 
11590	255 
11591	33 
11592	151 
11593	57 
11594	259 
11595	30 
11596	47 
11597	319 
11598	297 
11599	456 
11600	39 
11601	51 
11602	57 
11603	13 
11604	188 
11605	401 
11606	21 
11607	352 
11608	242 
11609	106 
11610	217 
11611	21 
11612	29 
11613	33 
11614	24 
11615	216 
11616	276 
11617	50 
11618	303 
11619	280 
11620	194 
11621	216 
11622	421 
11623	65 
11624	333 
11625	260 
11626	51 
11627	431 
11628	362 
11629	378 
11630	230 
11631	163 
11632	277 
11633	81 
11634	274 
11635	303 
11636	319 
11637	309 
11638	301 
11639	316 
11640	152 
11641	82 
11642	39 
11643	311 
11644	259 
11645	446 
11646	93 
11647	75 
11648	447 
11649	247 
11650	321 
11651	166 
11652	402 
11653	308 
11654	334 
11655	410 
11656	138 
11657	354 
11658	307 
11659	27 
11660	198 
11661	41 
11662	299 
11663	148 
11664	249 
11665	276 
11666	440 
11667	75 
11668	85 
11669	288 
11670	284 
11671	216 
11672	259 
11673	45 
11674	344 
11675	189 
11676	384 
11677	356 
11678	197 
11679	393 
11680	154 
11681	240 
11682	203 
11683	345 
11684	357 
11685	230 
11686	410 
11687	24 
11688	233 
11689	152 
11690	423 
11691	427 
11692	378 
11693	338 
11694	77 
11695	365 
11696	178 
11697	252 
11698	401 
11699	367 
11700	79 
11701	91 
11702	107 
11703	223 
11704	342 
11705	127 
11706	5 
11707	107 
11708	289 
11709	66 
11710	285 
11711	154 
11712	244 
11713	356 
11714	202 
11715	285 
11716	125 
11717	356 
11718	42 
11719	267 
11720	429 
11721	158 
11722	402 
11723	126 
11724	434 
11725	347 
11726	51 
11727	246 
11728	460 
11729	237 
11730	135 
11731	193 
11732	411 
11733	290 
11734	338 
11735	303 
11736	308 
11737	306 
11738	219 
11739	177 
11740	366 
11741	52 
11742	324 
11743	328 
11744	242 
11745	187 
11746	325 
11747	428 
11748	344 
11749	121 
11750	434 
11751	75 
11752	66 
11753	151 
11754	404 
11755	393 
11756	47 
11757	416 
11758	264 
11759	423 
11760	294 
11761	329 
11762	247 
11763	453 
11764	310 
11765	321 
11766	431 
11767	377 
11768	7 
11769	207 
11770	458 
11771	30 
11772	13 
11773	215 
11774	143 
11775	18 
11776	215 
11777	353 
11778	294 
11779	288 
11780	329 
11781	46 
11782	274 
11783	264 
11784	180 
11785	317 
11786	385 
11787	339 
11788	401 
11789	127 
11790	362 
11791	339 
11792	158 
11793	372 
11794	283 
11795	350 
11796	425 
11797	367 
11798	444 
11799	223 
11800	313 
11801	427 
11802	122 
11803	308 
11804	249 
11805	159 
11806	330 
11807	425 
11808	52 
11809	77 
11810	282 
11811	286 
11812	176 
11813	167 
11814	364 
11815	1 
11816	1 
11817	123 
11818	268 
11819	5 
11820	330 
11821	118 
11822	45 
11823	249 
11824	437 
11825	142 
11826	59 
11827	158 
11828	286 
11829	14 
11830	127 
11831	94 
11832	101 
11833	324 
11834	370 
11835	217 
11836	143 
11837	333 
11838	245 
11839	13 
11840	30 
11841	152 
11842	280 
11843	281 
11844	463 
11845	143 
11846	327 
11847	421 
11848	444 
11849	33 
11850	374 
11851	383 
11852	307 
11853	20 
11854	393 
11855	14 
11856	468 
11857	211 
11858	448 
11859	185 
11860	339 
11861	271 
11862	9 
11863	236 
11864	58 
11865	55 
11866	374 
11867	30 
11868	148 
11869	432 
11870	385 
11871	462 
11872	68 
11873	53 
11874	325 
11875	329 
11876	53 
11877	217 
11878	444 
11879	85 
11880	55 
11881	128 
11882	429 
11883	22 
11884	388 
11885	118 
11886	238 
11887	431 
11888	85 
11889	221 
11890	363 
11891	111 
11892	410 
11893	433 
11894	433 
11895	327 
11896	366 
11897	154 
11898	318 
11899	266 
11900	91 
11901	139 
11902	367 
11903	158 
11904	289 
11905	335 
11906	357 
11907	50 
11908	306 
11909	138 
11910	82 
11911	110 
11912	410 
11913	406 
11914	218 
11915	433 
11916	143 
11917	219 
11918	425 
11919	105 
11920	463 
11921	143 
11922	309 
11923	285 
11924	444 
11925	54 
11926	121 
11927	59 
11928	33 
11929	157 
11930	202 
11931	202 
11932	263 
11933	422 
11934	458 
11935	423 
11936	344 
11937	444 
11938	14 
11939	458 
11940	82 
11941	219 
11942	311 
11943	394 
11944	166 
11945	157 
11946	286 
11947	431 
11948	289 
11949	448 
11950	94 
11951	113 
11952	431 
11953	448 
11954	98 
11955	69 
11956	89 
11957	265 
11958	241 
11959	18 
11960	383 
11961	249 
11962	143 
11963	176 
11964	330 
11965	184 
11966	371 
11967	57 
11968	114 
11969	93 
11970	252 
11971	292 
11972	270 
11973	135 
11974	92 
11975	196 
11976	286 
11977	101 
11978	261 
11979	433 
11980	293 
11981	211 
11982	92 
11983	371 
11984	437 
11985	47 
11986	26 
11987	176 
11988	455 
11989	72 
11990	238 
11991	107 
11992	255 
11993	150 
11994	425 
11995	386 
11996	456 
11997	202 
11998	227 
11999	94 
12000	168 
12001	72 
12002	395 
12003	431 
12004	210 
12005	209 
12006	286 
12007	321 
12008	344 
12009	281 
12010	321 
12011	319 
12012	417 
12013	311 
12014	192 
12015	339 
12016	196 
12017	227 
12018	33 
12019	362 
12020	327 
12021	317 
12022	202 
12023	232 
12024	353 
12025	401 
12026	294 
12027	438 
12028	52 
12029	377 
12030	314 
12031	401 
12032	107 
12033	374 
12034	401 
12035	161 
12036	297 
12037	183 
12038	62 
12039	122 
12040	143 
12041	132 
12042	14 
12043	10 
12044	315 
12045	344 
12046	176 
12047	94 
12048	106 
12049	311 
12050	30 
12051	23 
12052	92 
12053	335 
12054	423 
12055	383 
12056	422 
12057	111 
12058	395 
12059	401 
12060	296 
12061	419 
12062	3 
12063	329 
12064	404 
12065	320 
12066	241 
12067	347 
12068	310 
12069	311 
12070	416 
12071	51 
12072	415 
12073	402 
12074	154 
12075	316 
12076	78 
12077	14 
12078	126 
12079	183 
12080	151 
12081	444 
12082	458 
12083	345 
12084	458 
12085	388 
12086	311 
12087	459 
12088	30 
12089	364 
12090	24 
12091	204 
12092	315 
12093	427 
12094	339 
12095	236 
12096	329 
12097	289 
12098	427 
12099	18 
12100	392 
12101	239 
12102	202 
12103	247 
12104	71 
12105	350 
12106	301 
12107	7 
12108	362 
12109	129 
12110	374 
12111	370 
12112	305 
12113	105 
12114	33 
12115	59 
12116	131 
12117	374 
12118	163 
12119	357 
12120	362 
12121	184 
12122	47 
12123	463 
12124	167 
12125	251 
12126	313 
12127	184 
12128	182 
12129	383 
12130	432 
12131	279 
12132	211 
12133	25 
12134	261 
12135	219 
12136	282 
12137	458 
12138	202 
12139	51 
12140	27 
12141	135 
12142	451 
12143	409 
12144	69 
12145	94 
12146	220 
12147	344 
12148	214 
12149	20 
12150	289 
12151	342 
12152	402 
12153	308 
12154	219 
12155	148 
12156	35 
12157	153 
12158	430 
12159	59 
12160	369 
12161	49 
12162	276 
12163	72 
12164	125 
12165	426 
12166	361 
12167	434 
12168	406 
12169	267 
12170	431 
12171	68 
12172	255 
12173	9 
12174	367 
12175	165 
12176	157 
12177	214 
12178	363 
12179	329 
12180	348 
12181	402 
12182	327 
12183	325 
12184	165 
12185	126 
12186	346 
12187	246 
12188	127 
12189	156 
12190	422 
12191	436 
12192	1 
12193	166 
12194	92 
12195	33 
12196	53 
12197	245 
12198	436 
12199	21 
12200	336 
12201	163 
12202	66 
12203	458 
12204	232 
12205	15 
12206	308 
12207	51 
12208	152 
12209	151 
12210	105 
12211	281 
12212	263 
12213	429 
12214	409 
12215	460 
12216	325 
12217	77 
12218	209 
12219	8 
12220	136 
12221	132 
12222	89 
12223	112 
12224	52 
12225	286 
12226	329 
12227	238 
12228	181 
12229	201 
12230	246 
12231	197 
12232	272 
12233	47 
12234	282 
12235	180 
12236	323 
12237	90 
12238	62 
12239	86 
12240	72 
12241	362 
12242	323 
12243	401 
12244	347 
12245	106 
12246	167 
12247	93 
12248	46 
12249	453 
12250	411 
12251	60 
12252	18 
12253	409 
12254	241 
12255	141 
12256	270 
12257	116 
12258	158 
12259	91 
12260	438 
12261	200 
12262	265 
12263	198 
12264	133 
12265	82 
12266	57 
12267	135 
12268	221 
12269	394 
12270	80 
12271	85 
12272	324 
12273	277 
12274	203 
12275	8 
12276	401 
12277	292 
12278	430 
12279	427 
12280	94 
12281	148 
12282	186 
12283	208 
12284	153 
12285	409 
12286	394 
12287	325 
12288	107 
12289	184 
12290	329 
12291	339 
12292	53 
12293	98 
12294	187 
12295	85 
12296	395 
12297	384 
12298	236 
12299	141 
12300	29 
12301	409 
12302	366 
12303	211 
12304	431 
12305	231 
12306	433 
12307	153 
12308	347 
12309	140 
12310	118 
12311	46 
12312	143 
12313	393 
12314	338 
12315	371 
12316	112 
12317	324 
12318	437 
12319	186 
12320	449 
12321	393 
12322	274 
12323	229 
12324	251 
12325	45 
12326	225 
12327	346 
12328	238 
12329	439 
12330	321 
12331	376 
12332	122 
12333	90 
12334	357 
12335	380 
12336	96 
12337	416 
12338	129 
12339	429 
12340	423 
12341	7 
12342	312 
12343	330 
12344	280 
12345	365 
12346	219 
12347	138 
12348	92 
12349	242 
12350	216 
12351	249 
12352	444 
12353	439 
12354	417 
12355	409 
12356	385 
12357	166 
12358	75 
12359	85 
12360	81 
12361	39 
12362	427 
12363	319 
12364	267 
12365	54 
12366	432 
12367	65 
12368	158 
12369	461 
12370	327 
12371	54 
12372	10 
12373	170 
12374	410 
12375	39 
12376	321 
12377	219 
12378	143 
12379	460 
12380	311 
12381	219 
12382	163 
12383	66 
12384	90 
12385	303 
12386	425 
12387	409 
12388	220 
12389	163 
12390	309 
12391	371 
12392	118 
12393	437 
12394	409 
12395	371 
12396	158 
12397	217 
12398	362 
12399	30 
12400	215 
12401	102 
12402	429 
12403	333 
12404	258 
12405	236 
12406	57 
12407	370 
12408	9 
12409	422 
12410	261 
12411	33 
12412	281 
12413	77 
12414	81 
12415	273 
12416	86 
12417	308 
12418	18 
12419	60 
12420	106 
12421	459 
12422	289 
12423	47 
12424	94 
12425	419 
12426	358 
12427	184 
12428	376 
12429	417 
12430	401 
12431	246 
12432	7 
12433	423 
12434	377 
12435	127 
12436	143 
12437	215 
12438	444 
12439	215 
12440	334 
12441	465 
12442	313 
12443	429 
12444	241 
12445	286 
12446	351 
12447	33 
12448	249 
12449	416 
12450	8 
12451	80 
12452	151 
12453	367 
12454	151 
12455	461 
12456	365 
12457	91 
12458	191 
12459	1 
12460	429 
12461	351 
12462	386 
12463	363 
12464	51 
12465	61 
12466	150 
12467	202 
12468	79 
12469	315 
12470	45 
12471	402 
12472	98 
12473	331 
12474	276 
12475	339 
12476	375 
12477	266 
12478	325 
12479	204 
12480	58 
12481	202 
12482	173 
12483	406 
12484	13 
12485	374 
12486	125 
12487	429 
12488	243 
12489	7 
12490	267 
12491	366 
12492	61 
12493	238 
12494	152 
12495	203 
12496	325 
12497	412 
12498	333 
12499	47 
12500	50 
12501	263 
12502	212 
12503	265 
12504	8 
12505	279 
12506	301 
12507	92 
12508	61 
12509	215 
12510	142 
12511	251 
12512	93 
12513	94 
12514	184 
12515	51 
12516	346 
12517	425 
12518	458 
12519	167 
12520	39 
12521	69 
12522	236 
12523	249 
12524	308 
12525	356 
12526	405 
12527	311 
12528	184 
12529	268 
12530	321 
12531	82 
12532	418 
12533	211 
12534	203 
12535	35 
12536	394 
12537	393 
12538	272 
12539	313 
12540	209 
12541	10 
12542	82 
12543	31 
12544	406 
12545	376 
12546	127 
12547	279 
12548	270 
12549	45 
12550	259 
12551	110 
12552	388 
12553	68 
12554	171 
12555	393 
12556	122 
12557	375 
12558	356 
12559	327 
12560	153 
12561	249 
12562	138 
12563	385 
12564	381 
12565	361 
12566	241 
12567	458 
12568	388 
12569	378 
12570	320 
12571	265 
12572	361 
12573	280 
12574	15 
12575	21 
12576	245 
12577	263 
12578	143 
12579	358 
12580	82 
12581	356 
12582	281 
12583	150 
12584	406 
12585	216 
12586	411 
12587	122 
12588	246 
12589	46 
12590	54 
12591	450 
12592	210 
12593	154 
12594	362 
12595	53 
12596	386 
12597	386 
12598	319 
12599	111 
12600	440 
12601	224 
12602	362 
12603	378 
12604	248 
12605	93 
12606	251 
12607	221 
12608	202 
12609	45 
12610	57 
12611	366 
12612	342 
12613	292 
12614	149 
12615	241 
12616	53 
12617	97 
12618	367 
12619	46 
12620	377 
12621	180 
12622	90 
12623	465 
12624	220 
12625	209 
12626	198 
12627	357 
12628	423 
12629	440 
12630	289 
12631	110 
12632	75 
12633	350 
12634	330 
12635	289 
12636	446 
12637	61 
12638	281 
12639	98 
12640	311 
12641	415 
12642	325 
12643	308 
12644	296 
12645	364 
12646	220 
12647	14 
12648	187 
12649	7 
12650	139 
12651	324 
12652	101 
12653	46 
12654	374 
12655	404 
12656	401 
12657	444 
12658	315 
12659	308 
12660	8 
12661	94 
12662	140 
12663	419 
12664	261 
12665	429 
12666	75 
12667	258 
12668	127 
12669	72 
12670	280 
12671	85 
12672	339 
12673	392 
12674	84 
12675	325 
12676	386 
12677	91 
12678	197 
12679	425 
12680	401 
12681	286 
12682	182 
12683	217 
12684	236 
12685	187 
12686	54 
12687	178 
12688	81 
12689	184 
12690	126 
12691	25 
12692	66 
12693	280 
12694	324 
12695	127 
12696	394 
12697	51 
12698	303 
12699	164 
12700	131 
12701	92 
12702	223 
12703	366 
12704	338 
12705	281 
12706	399 
12707	193 
12708	161 
12709	394 
12710	377 
12711	128 
12712	333 
12713	437 
12714	344 
12715	358 
12716	160 
12717	402 
12718	415 
12719	269 
12720	193 
12721	416 
12722	346 
12723	152 
12724	51 
12725	123 
12726	364 
12727	243 
12728	101 
12729	33 
12730	18 
12731	317 
12732	437 
12733	265 
12734	9 
12735	429 
12736	170 
12737	402 
12738	154 
12739	385 
12740	408 
12741	321 
12742	30 
12743	378 
12744	118 
12745	216 
12746	176 
12747	82 
12748	313 
12749	13 
12750	356 
12751	267 
12752	77 
12753	356 
12754	185 
12755	63 
12756	431 
12757	252 
12758	185 
12759	33 
12760	368 
12761	317 
12762	215 
12763	211 
12764	223 
12765	383 
12766	393 
12767	401 
12768	7 
12769	293 
12770	8 
12771	127 
12772	352 
12773	54 
12774	409 
12775	80 
12776	57 
12777	57 
12778	336 
12779	65 
12780	211 
12781	192 
12782	215 
12783	132 
12784	308 
12785	269 
12786	40 
12787	1 
12788	94 
12789	66 
12790	184 
12791	220 
12792	153 
12793	197 
12794	249 
12795	152 
12796	13 
12797	212 
12798	141 
12799	131 
12800	458 
12801	410 
12802	386 
12803	245 
12804	416 
12805	403 
12806	453 
12807	47 
12808	26 
12809	425 
12810	111 
12811	82 
12812	289 
12813	166 
12814	116 
12815	153 
12816	193 
12817	406 
12818	353 
12819	420 
12820	241 
12821	339 
12822	59 
12823	310 
12824	451 
12825	255 
12826	292 
12827	29 
12828	240 
12829	388 
12830	164 
12831	374 
12832	265 
12833	285 
12834	408 
12835	444 
12836	311 
12837	241 
12838	315 
12839	192 
12840	219 
12841	330 
12842	247 
12843	51 
12844	13 
12845	315 
12846	427 
12847	303 
12848	267 
12849	385 
12850	271 
12851	143 
12852	423 
12853	211 
12854	444 
12855	85 
12856	7 
12857	245 
12858	174 
12859	126 
12860	336 
12861	80 
12862	55 
12863	245 
12864	134 
12865	415 
12866	242 
12867	410 
12868	40 
12869	113 
12870	204 
12871	324 
12872	311 
12873	57 
12874	5 
12875	439 
12876	83 
12877	431 
12878	18 
12879	292 
12880	282 
12881	410 
12882	425 
12883	342 
12884	308 
12885	59 
12886	308 
12887	286 
12888	381 
12889	421 
12890	30 
12891	58 
12892	82 
12893	358 
12894	75 
12895	122 
12896	345 
12897	151 
12898	217 
12899	374 
12900	213 
12901	357 
12902	237 
12903	143 
12904	458 
12905	351 
12906	127 
12907	444 
12908	182 
12909	218 
12910	35 
12911	344 
12912	30 
12913	6 
12914	167 
12915	431 
12916	362 
12917	276 
12918	35 
12919	268 
12920	127 
12921	249 
12922	336 
12923	362 
12924	22 
12925	357 
12926	286 
12927	59 
12928	383 
12929	365 
12930	352 
12931	436 
12932	39 
12933	429 
12934	51 
12935	139 
12936	34 
12937	82 
12938	202 
12939	439 
12940	384 
12941	458 
12942	142 
12943	233 
12944	215 
12945	182 
12946	440 
12947	366 
12948	410 
12949	14 
12950	249 
12951	72 
12952	357 
12953	268 
12954	357 
12955	282 
12956	367 
12957	23 
12958	325 
12959	288 
12960	375 
12961	7 
12962	401 
12963	60 
12964	376 
12965	101 
12966	392 
12967	202 
12968	122 
12969	268 
12970	72 
12971	157 
12972	325 
12973	429 
12974	325 
12975	249 
12976	107 
12977	317 
12978	444 
12979	334 
12980	427 
12981	149 
12982	428 
12983	353 
12984	431 
12985	292 
12986	350 
12987	13 
12988	167 
12989	47 
12990	197 
12991	39 
12992	280 
12993	146 
12994	265 
12995	386 
12996	125 
12997	203 
12998	106 
12999	127 
13000	90 
13001	245 
13002	391 
13003	9 
13004	143 
13005	356 
13006	94 
13007	321 
13008	140 
13009	344 
13010	335 
13011	35 
13012	342 
13013	372 
13014	142 
13015	125 
13016	173 
13017	184 
13018	329 
13019	464 
13020	4 
13021	209 
13022	329 
13023	211 
13024	176 
13025	427 
13026	131 
13027	393 
13028	284 
13029	25 
13030	319 
13031	127 
13032	289 
13033	465 
13034	409 
13035	116 
13036	285 
13037	450 
13038	301 
13039	437 
13040	59 
13041	23 
13042	177 
13043	207 
13044	31 
13045	346 
13046	10 
13047	281 
13048	158 
13049	425 
13050	276 
13051	75 
13052	163 
13053	148 
13054	458 
13055	72 
13056	440 
13057	422 
13058	388 
13059	251 
13060	241 
13061	444 
13062	433 
13063	384 
13064	217 
13065	274 
13066	105 
13067	30 
13068	187 
13069	419 
13070	308 
13071	135 
13072	31 
13073	148 
13074	377 
13075	267 
13076	311 
13077	156 
13078	53 
13079	122 
13080	25 
13081	4 
13082	160 
13083	456 
13084	366 
13085	308 
13086	357 
13087	451 
13088	143 
13089	158 
13090	106 
13091	423 
13092	327 
13093	465 
13094	82 
13095	33 
13096	425 
13097	202 
13098	326 
13099	110 
13100	319 
13101	39 
13102	284 
13103	105 
13104	338 
13105	429 
13106	388 
13107	453 
13108	369 
13109	126 
13110	197 
13111	242 
13112	332 
13113	86 
13114	52 
13115	381 
13116	72 
13117	118 
13118	416 
13119	429 
13120	350 
13121	58 
13122	92 
13123	306 
13124	13 
13125	403 
13126	34 
13127	82 
13128	40 
13129	82 
13130	240 
13131	292 
13132	424 
13133	80 
13134	217 
13135	168 
13136	315 
13137	346 
13138	334 
13139	383 
13140	91 
13141	324 
13142	348 
13143	209 
13144	9 
13145	34 
13146	437 
13147	1 
13148	126 
13149	194 
13150	7 
13151	207 
13152	220 
13153	324 
13154	89 
13155	8 
13156	353 
13157	85 
13158	91 
13159	216 
13160	157 
13161	217 
13162	349 
13163	381 
13164	384 
13165	30 
13166	14 
13167	165 
13168	90 
13169	248 
13170	293 
13171	449 
13172	209 
13173	369 
13174	203 
13175	192 
13176	252 
13177	32 
13178	213 
13179	97 
13180	249 
13181	238 
13182	344 
13183	252 
13184	361 
13185	33 
13186	301 
13187	336 
13188	143 
13189	81 
13190	39 
13191	325 
13192	333 
13193	7 
13194	276 
13195	349 
13196	80 
13197	293 
13198	318 
13199	127 
13200	265 
13201	440 
13202	150 
13203	184 
13204	306 
13205	148 
13206	91 
13207	89 
13208	449 
13209	153 
13210	391 
13211	30 
13212	356 
13213	319 
13214	218 
13215	356 
13216	193 
13217	153 
13218	31 
13219	393 
13220	408 
13221	106 
13222	386 
13223	221 
13224	85 
13225	362 
13226	194 
13227	129 
13228	57 
13229	142 
13230	226 
13231	54 
13232	422 
13233	202 
13234	127 
13235	150 
13236	411 
13237	189 
13238	401 
13239	31 
13240	92 
13241	326 
13242	122 
13243	268 
13244	116 
13245	367 
13246	386 
13247	276 
13248	34 
13249	239 
13250	433 
13251	438 
13252	116 
13253	248 
13254	280 
13255	339 
13256	215 
13257	198 
13258	102 
13259	423 
13260	347 
13261	126 
13262	193 
13263	236 
13264	327 
13265	6 
13266	412 
13267	33 
13268	223 
13269	459 
13270	408 
13271	370 
13272	153 
13273	410 
13274	211 
13275	346 
13276	431 
13277	290 
13278	276 
13279	332 
13280	52 
13281	429 
13282	148 
13283	188 
13284	249 
13285	142 
13286	427 
13287	237 
13288	261 
13289	311 
13290	40 
13291	362 
13292	427 
13293	157 
13294	315 
13295	158 
13296	329 
13297	442 
13298	376 
13299	184 
13300	71 
13301	366 
13302	209 
13303	202 
13304	315 
13305	428 
13306	132 
13307	362 
13308	143 
13309	265 
13310	249 
13311	265 
13312	241 
13313	122 
13314	304 
13315	289 
13316	425 
13317	311 
13318	301 
13319	93 
13320	149 
13321	249 
13322	388 
13323	331 
13324	274 
13325	308 
13326	292 
13327	423 
13328	174 
13329	216 
13330	356 
13331	468 
13332	394 
13333	151 
13334	296 
13335	238 
13336	107 
13337	126 
13338	342 
13339	26 
13340	7 
13341	163 
13342	176 
13343	167 
13344	7 
13345	211 
13346	324 
13347	40 
13348	367 
13349	91 
13350	292 
13351	408 
13352	315 
13353	339 
13354	440 
13355	402 
13356	173 
13357	416 
13358	416 
13359	328 
13360	59 
13361	94 
13362	217 
13363	410 
13364	14 
13365	392 
13366	79 
13367	153 
13368	418 
13369	283 
13370	148 
13371	173 
13372	40 
13373	14 
13374	350 
13375	178 
13376	376 
13377	324 
13378	7 
13379	401 
13380	10 
13381	98 
13382	411 
13383	442 
13384	374 
13385	54 
13386	32 
13387	289 
13388	123 
13389	20 
13390	408 
13391	362 
13392	444 
13393	34 
13394	220 
13395	243 
13396	202 
13397	327 
13398	91 
13399	209 
13400	364 
13401	411 
13402	344 
13403	422 
13404	429 
13405	2 
13406	110 
13407	298 
13408	164 
13409	122 
13410	444 
13411	324 
13412	267 
13413	449 
13414	178 
13415	437 
13416	33 
13417	311 
13418	90 
13419	51 
13420	166 
13421	157 
13422	65 
13423	374 
13424	324 
13425	433 
13426	415 
13427	136 
13428	72 
13429	81 
13430	453 
13431	154 
13432	157 
13433	276 
13434	354 
13435	165 
13436	217 
13437	452 
13438	98 
13439	318 
13440	441 
13441	280 
13442	122 
13443	329 
13444	332 
13445	47 
13446	125 
13447	98 
13448	25 
13449	325 
13450	458 
13451	264 
13452	236 
13453	251 
13454	1 
13455	94 
13456	350 
13457	274 
13458	462 
13459	149 
13460	444 
13461	188 
13462	138 
13463	463 
13464	267 
13465	423 
13466	14 
13467	90 
13468	393 
13469	410 
13470	431 
13471	344 
13472	8 
13473	31 
13474	164 
13475	55 
13476	209 
13477	9 
13478	152 
13479	432 
13480	63 
13481	281 
13482	173 
13483	367 
13484	325 
13485	10 
13486	336 
13487	290 
13488	106 
13489	432 
13490	238 
13491	393 
13492	52 
13493	157 
13494	316 
13495	213 
13496	7 
13497	89 
13498	55 
13499	442 
13500	16 
13501	277 
13502	385 
13503	33 
13504	218 
13505	81 
13506	404 
13507	440 
13508	52 
13509	429 
13510	451 
13511	417 
13512	236 
13513	215 
13514	272 
13515	306 
13516	8 
13517	202 
13518	111 
13519	264 
13520	143 
13521	128 
13522	294 
13523	424 
13524	440 
13525	401 
13526	33 
13527	370 
13528	303 
13529	90 
13530	179 
13531	358 
13532	281 
13533	401 
13534	362 
13535	434 
13536	462 
13537	46 
13538	326 
13539	197 
13540	138 
13541	215 
13542	127 
13543	384 
13544	280 
13545	89 
13546	46 
13547	185 
13548	325 
13549	210 
13550	280 
13551	61 
13552	465 
13553	52 
13554	409 
13555	216 
13556	4 
13557	346 
13558	241 
13559	280 
13560	110 
13561	255 
13562	157 
13563	57 
13564	167 
13565	81 
13566	231 
13567	453 
13568	329 
13569	290 
13570	128 
13571	367 
13572	1 
13573	3 
13574	311 
13575	126 
13576	267 
13577	388 
13578	375 
13579	397 
13580	153 
13581	346 
13582	306 
13583	30 
13584	53 
13585	236 
13586	464 
13587	15 
13588	157 
13589	151 
13590	127 
13591	342 
13592	362 
13593	315 
13594	264 
13595	111 
13596	376 
13597	14 
13598	196 
13599	57 
13600	81 
13601	202 
13602	326 
13603	34 
13604	94 
13605	381 
13606	54 
13607	458 
13608	150 
13609	363 
13610	252 
13611	416 
13612	358 
13613	51 
13614	422 
13615	51 
13616	75 
13617	33 
13618	429 
13619	88 
13620	74 
13621	54 
13622	140 
13623	357 
13624	211 
13625	252 
13626	127 
13627	129 
13628	356 
13629	82 
13630	154 
13631	243 
13632	89 
13633	385 
13634	54 
13635	75 
13636	284 
13637	66 
13638	89 
13639	118 
13640	82 
13641	126 
13642	316 
13643	33 
13644	122 
13645	427 
13646	32 
13647	127 
13648	325 
13649	82 
13650	217 
13651	25 
13652	125 
13653	361 
13654	433 
13655	16 
13656	223 
13657	90 
13658	184 
13659	88 
13660	93 
13661	351 
13662	276 
13663	96 
13664	342 
13665	122 
13666	289 
13667	422 
13668	444 
13669	324 
13670	236 
13671	35 
13672	411 
13673	21 
13674	13 
13675	231 
13676	13 
13677	265 
13678	416 
13679	311 
13680	77 
13681	51 
13682	279 
13683	285 
13684	143 
13685	429 
13686	142 
13687	158 
13688	410 
13689	315 
13690	306 
13691	157 
13692	404 
13693	422 
13694	270 
13695	440 
13696	249 
13697	66 
13698	377 
13699	153 
13700	58 
13701	8 
13702	138 
13703	434 
13704	47 
13705	58 
13706	51 
13707	1 
13708	123 
13709	342 
13710	89 
13711	290 
13712	126 
13713	82 
13714	330 
13715	215 
13716	356 
13717	348 
13718	236 
13719	179 
13720	324 
13721	301 
13722	276 
13723	327 
13724	300 
13725	182 
13726	126 
13727	426 
13728	255 
13729	30 
13730	242 
13731	269 
13732	390 
13733	47 
13734	163 
13735	412 
13736	351 
13737	354 
13738	245 
13739	152 
13740	69 
13741	4 
13742	371 
13743	131 
13744	51 
13745	163 
13746	367 
13747	163 
13748	8 
13749	90 
13750	393 
13751	344 
13752	55 
13753	213 
13754	289 
13755	89 
13756	30 
13757	430 
13758	101 
13759	58 
13760	61 
13761	182 
13762	92 
13763	409 
13764	39 
13765	324 
13766	409 
13767	128 
13768	162 
13769	271 
13770	416 
13771	459 
13772	193 
13773	154 
13774	218 
13775	106 
13776	92 
13777	230 
13778	357 
13779	267 
13780	401 
13781	417 
13782	122 
13783	140 
13784	456 
13785	258 
13786	143 
13787	265 
13788	54 
13789	7 
13790	329 
13791	219 
13792	316 
13793	30 
13794	280 
13795	356 
13796	458 
13797	65 
13798	34 
13799	245 
13800	152 
13801	164 
13802	346 
13803	98 
13804	388 
13805	33 
13806	57 
13807	345 
13808	429 
13809	453 
13810	367 
13811	161 
13812	459 
13813	97 
13814	18 
13815	90 
13816	95 
13817	308 
13818	420 
13819	454 
13820	184 
13821	90 
13822	446 
13823	403 
13824	73 
13825	140 
13826	153 
13827	45 
13828	188 
13829	336 
13830	281 
13831	458 
13832	402 
13833	30 
13834	84 
13835	105 
13836	346 
13837	448 
13838	152 
13839	138 
13840	377 
13841	324 
13842	324 
13843	356 
13844	81 
13845	408 
13846	142 
13847	362 
13848	75 
13849	393 
13850	107 
13851	328 
13852	152 
13853	110 
13854	9 
13855	266 
13856	86 
13857	243 
13858	94 
13859	252 
13860	427 
13861	318 
13862	59 
13863	236 
13864	188 
13865	58 
13866	133 
13867	102 
13868	447 
13869	226 
13870	304 
13871	226 
13872	143 
13873	26 
13874	465 
13875	431 
13876	462 
13877	83 
13878	217 
13879	242 
13880	330 
13881	388 
13882	72 
13883	168 
13884	202 
13885	209 
13886	438 
13887	127 
13888	211 
13889	430 
13890	8 
13891	356 
13892	90 
13893	245 
13894	226 
13895	383 
13896	384 
13897	59 
13898	177 
13899	391 
13900	348 
13901	280 
13902	54 
13903	14 
13904	410 
13905	135 
13906	7 
13907	69 
13908	52 
13909	192 
13910	165 
13911	327 
13912	58 
13913	283 
13914	265 
13915	163 
13916	401 
13917	33 
13918	24 
13919	204 
13920	417 
13921	241 
13922	327 
13923	444 
13924	150 
13925	74 
13926	54 
13927	293 
13928	118 
13929	444 
13930	93 
13931	47 
13932	237 
13933	177 
13934	351 
13935	112 
13936	431 
13937	40 
13938	231 
13939	141 
13940	233 
13941	410 
13942	20 
13943	157 
13944	267 
13945	329 
13946	330 
13947	164 
13948	361 
13949	393 
13950	346 
13951	350 
13952	321 
13953	80 
13954	321 
13955	281 
13956	81 
13957	394 
13958	156 
13959	7 
13960	394 
13961	102 
13962	236 
13963	292 
13964	303 
13965	332 
13966	223 
13967	88 
13968	285 
13969	162 
13970	332 
13971	238 
13972	163 
13973	153 
13974	285 
13975	35 
13976	110 
13977	223 
13978	427 
13979	72 
13980	33 
13981	245 
13982	317 
13983	367 
13984	411 
13985	330 
13986	361 
13987	1 
13988	308 
13989	297 
13990	30 
13991	238 
13992	246 
13993	358 
13994	350 
13995	279 
13996	321 
13997	97 
13998	335 
13999	386 
14000	204 
14001	125 
14002	325 
14003	90 
14004	361 
14005	140 
14006	158 
14007	126 
14008	209 
14009	346 
14010	40 
14011	317 
14012	377 
14013	465 
14014	211 
14015	165 
14016	245 
14017	350 
14018	204 
14019	300 
14020	61 
14021	106 
14022	402 
14023	219 
14024	274 
14025	449 
14026	317 
14027	143 
14028	50 
14029	176 
14030	14 
14031	217 
14032	315 
14033	144 
14034	296 
14035	52 
14036	252 
14037	94 
14038	196 
14039	252 
14040	350 
14041	421 
14042	273 
14043	383 
14044	106 
14045	157 
14046	186 
14047	62 
14048	358 
14049	144 
14050	8 
14051	51 
14052	25 
14053	384 
14054	386 
14055	221 
14056	390 
14057	1 
14058	452 
14059	353 
14060	58 
14061	451 
14062	399 
14063	249 
14064	367 
14065	122 
14066	236 
14067	30 
14068	106 
14069	430 
14070	306 
14071	274 
14072	106 
14073	419 
14074	122 
14075	392 
14076	21 
14077	345 
14078	432 
14079	329 
14080	417 
14081	434 
14082	98 
14083	265 
14084	58 
14085	167 
14086	135 
14087	236 
14088	408 
14089	219 
14090	30 
14091	179 
14092	276 
14093	356 
14094	315 
14095	403 
14096	356 
14097	1 
14098	97 
14099	280 
14100	167 
14101	319 
14102	384 
14103	430 
14104	451 
14105	346 
14106	370 
14107	308 
14108	146 
14109	24 
14110	409 
14111	427 
14112	189 
14113	152 
14114	245 
14115	162 
14116	305 
14117	148 
14118	405 
14119	54 
14120	210 
14121	429 
14122	311 
14123	178 
14124	193 
14125	346 
14126	21 
14127	22 
14128	59 
14129	421 
14130	367 
14131	10 
14132	351 
14133	245 
14134	321 
14135	249 
14136	415 
14137	345 
14138	362 
14139	301 
14140	383 
14141	151 
14142	121 
14143	367 
14144	102 
14145	84 
14146	54 
14147	25 
14148	421 
14149	421 
14150	94 
14151	141 
14152	395 
14153	409 
14154	384 
14155	54 
14156	9 
14157	274 
14158	431 
14159	173 
14160	55 
14161	247 
14162	122 
14163	265 
14164	423 
14165	210 
14166	297 
14167	174 
14168	276 
14169	150 
14170	264 
14171	106 
14172	114 
14173	52 
14174	57 
14175	286 
14176	83 
14177	58 
14178	433 
14179	381 
14180	246 
14181	433 
14182	286 
14183	125 
14184	54 
14185	192 
14186	346 
14187	223 
14188	267 
14189	348 
14190	437 
14191	106 
14192	350 
14193	437 
14194	310 
14195	98 
14196	152 
14197	456 
14198	406 
14199	280 
14200	371 
14201	55 
14202	156 
14203	421 
14204	366 
14205	423 
14206	282 
14207	335 
14208	83 
14209	216 
14210	400 
14211	163 
14212	345 
14213	286 
14214	178 
14215	305 
14216	47 
14217	116 
14218	7 
14219	292 
14220	276 
14221	105 
14222	60 
14223	384 
14224	297 
14225	175 
14226	53 
14227	408 
14228	350 
14229	85 
14230	394 
14231	298 
14232	245 
14233	94 
14234	327 
14235	404 
14236	444 
14237	127 
14238	392 
14239	157 
14240	347 
14241	402 
14242	329 
14243	298 
14244	357 
14245	10 
14246	60 
14247	393 
14248	127 
14249	60 
14250	7 
14251	336 
14252	410 
14253	143 
14254	425 
14255	346 
14256	364 
14257	429 
14258	350 
14259	94 
14260	239 
14261	8 
14262	90 
14263	385 
14264	292 
14265	193 
14266	126 
14267	425 
14268	71 
14269	425 
14270	317 
14271	326 
14272	294 
14273	311 
14274	46 
14275	220 
14276	127 
14277	416 
14278	433 
14279	427 
14280	180 
14281	313 
14282	185 
14283	10 
14284	192 
14285	46 
14286	53 
14287	148 
14288	112 
14289	135 
14290	148 
14291	386 
14292	390 
14293	377 
14294	401 
14295	157 
14296	349 
14297	9 
14298	151 
14299	51 
14300	187 
14301	216 
14302	198 
14303	315 
14304	432 
14305	26 
14306	242 
14307	72 
14308	344 
14309	410 
14310	415 
14311	9 
14312	110 
14313	1 
14314	265 
14315	239 
14316	55 
14317	403 
14318	245 
14319	359 
14320	356 
14321	249 
14322	301 
14323	79 
14324	369 
14325	165 
14326	380 
14327	105 
14328	345 
14329	166 
14330	152 
14331	210 
14332	92 
14333	45 
14334	122 
14335	280 
14336	211 
14337	249 
14338	127 
14339	173 
14340	54 
14341	204 
14342	9 
14343	427 
14344	311 
14345	288 
14346	316 
14347	55 
14348	106 
14349	3 
14350	40 
14351	306 
14352	283 
14353	356 
14354	219 
14355	110 
14356	85 
14357	265 
14358	377 
14359	342 
14360	442 
14361	20 
14362	324 
14363	245 
14364	347 
14365	265 
14366	419 
14367	152 
14368	465 
14369	249 
14370	362 
14371	26 
14372	336 
14373	47 
14374	85 
14375	424 
14376	274 
14377	336 
14378	33 
14379	377 
14380	315 
14381	354 
14382	267 
14383	85 
14384	179 
14385	351 
14386	1 
14387	347 
14388	266 
14389	431 
14390	193 
14391	61 
14392	296 
14393	178 
14394	94 
14395	133 
14396	438 
14397	351 
14398	459 
14399	408 
14400	18 
14401	406 
14402	238 
14403	13 
14404	179 
14405	187 
14406	342 
14407	180 
14408	392 
14409	77 
14410	431 
14411	2 
14412	408 
14413	45 
14414	142 
14415	311 
14416	61 
14417	34 
14418	344 
14419	14 
14420	296 
14421	187 
14422	77 
14423	317 
14424	33 
14425	380 
14426	427 
14427	324 
14428	215 
14429	448 
14430	394 
14431	437 
14432	410 
14433	118 
14434	72 
14435	170 
14436	378 
14437	270 
14438	277 
14439	197 
14440	166 
14441	116 
14442	429 
14443	409 
14444	431 
14445	465 
14446	280 
14447	303 
14448	152 
14449	417 
14450	9 
14451	90 
14452	401 
14453	72 
14454	71 
14455	264 
14456	415 
14457	98 
14458	425 
14459	126 
14460	451 
14461	264 
14462	215 
14463	118 
14464	409 
14465	270 
14466	416 
14467	210 
14468	150 
14469	98 
14470	438 
14471	51 
14472	347 
14473	315 
14474	210 
14475	207 
14476	174 
14477	178 
14478	444 
14479	384 
14480	344 
14481	55 
14482	402 
14483	419 
14484	1 
14485	132 
14486	158 
14487	111 
14488	140 
14489	265 
14490	243 
14491	112 
14492	280 
14493	427 
14494	51 
14495	385 
14496	276 
14497	444 
14498	210 
14499	152 
14500	380 
14501	446 
14502	192 
14503	429 
14504	162 
14505	122 
14506	166 
14507	127 
14508	160 
14509	350 
14510	465 
14511	401 
14512	218 
14513	15 
14514	342 
14515	7 
14516	276 
14517	431 
14518	59 
14519	154 
14520	21 
14521	223 
14522	192 
14523	374 
14524	97 
14525	327 
14526	2 
14527	329 
14528	350 
14529	272 
14530	45 
14531	452 
14532	152 
14533	286 
14534	416 
14535	91 
14536	203 
14537	459 
14538	93 
14539	150 
14540	245 
14541	361 
14542	40 
14543	187 
14544	245 
14545	333 
14546	342 
14547	444 
14548	2 
14549	361 
14550	224 
14551	423 
14552	153 
14553	429 
14554	324 
14555	92 
14556	325 
14557	361 
14558	417 
14559	53 
14560	49 
14561	176 
14562	20 
14563	412 
14564	97 
14565	259 
14566	193 
14567	410 
14568	57 
14569	409 
14570	361 
14571	263 
14572	216 
14573	192 
14574	142 
14575	138 
14576	217 
14577	348 
14578	186 
14579	293 
14580	303 
14581	58 
14582	152 
14583	68 
14584	424 
14585	7 
14586	88 
14587	3 
14588	106 
14589	440 
14590	375 
14591	75 
14592	216 
14593	167 
14594	79 
14595	463 
14596	380 
14597	282 
14598	286 
14599	148 
14600	20 
14601	386 
14602	31 
14603	366 
14604	179 
14605	166 
14606	184 
14607	202 
14608	14 
14609	204 
14610	173 
14611	184 
14612	54 
14613	116 
14614	184 
14615	196 
14616	220 
14617	354 
14618	377 
14619	252 
14620	53 
14621	438 
14622	329 
14623	430 
14624	332 
14625	277 
14626	9 
14627	402 
14628	264 
14629	285 
14630	138 
14631	417 
14632	209 
14633	436 
14634	106 
14635	66 
14636	315 
14637	273 
14638	58 
14639	249 
14640	249 
14641	107 
14642	319 
14643	144 
14644	1 
14645	342 
14646	255 
14647	427 
14648	245 
14649	290 
14650	164 
14651	356 
14652	30 
14653	350 
14654	152 
14655	303 
14656	339 
14657	79 
14658	371 
14659	98 
14660	386 
14661	342 
14662	75 
14663	392 
14664	377 
14665	63 
14666	423 
14667	252 
14668	20 
14669	332 
14670	68 
14671	33 
14672	51 
14673	126 
14674	431 
14675	65 
14676	157 
14677	383 
14678	364 
14679	258 
14680	154 
14681	363 
14682	173 
14683	203 
14684	327 
14685	419 
14686	347 
14687	211 
14688	436 
14689	308 
14690	352 
14691	151 
14692	39 
14693	421 
14694	144 
14695	166 
14696	82 
14697	66 
14698	375 
14699	411 
14700	427 
14701	66 
14702	371 
14703	393 
14704	458 
14705	316 
14706	149 
14707	317 
14708	151 
14709	202 
14710	367 
14711	8 
14712	31 
14713	184 
14714	74 
14715	241 
14716	122 
14717	236 
14718	138 
14719	353 
14720	156 
14721	55 
14722	411 
14723	75 
14724	446 
14725	72 
14726	437 
14727	392 
14728	415 
14729	24 
14730	86 
14731	157 
14732	54 
14733	52 
14734	54 
14735	31 
14736	167 
14737	215 
14738	403 
14739	276 
14740	401 
14741	197 
14742	280 
14743	90 
14744	7 
14745	384 
14746	377 
14747	316 
14748	327 
14749	69 
14750	13 
14751	422 
14752	202 
14753	209 
14754	73 
14755	327 
14756	449 
14757	449 
14758	281 
14759	207 
14760	384 
14761	346 
14762	311 
14763	31 
14764	215 
14765	101 
14766	316 
14767	447 
14768	279 
14769	451 
14770	308 
14771	150 
14772	265 
14773	158 
14774	333 
14775	193 
14776	218 
14777	75 
14778	52 
14779	326 
14780	344 
14781	375 
14782	292 
14783	47 
14784	220 
14785	221 
14786	33 
14787	356 
14788	193 
14789	308 
14790	438 
14791	364 
14792	276 
14793	90 
14794	342 
14795	231 
14796	54 
14797	202 
14798	93 
14799	465 
14800	411 
14801	252 
14802	217 
14803	316 
14804	458 
14805	197 
14806	151 
14807	449 
14808	325 
14809	281 
14810	102 
14811	308 
14812	453 
14813	423 
14814	375 
14815	25 
14816	66 
14817	192 
14818	220 
14819	157 
14820	161 
14821	203 
14822	207 
14823	153 
14824	164 
14825	439 
14826	436 
14827	422 
14828	211 
14829	85 
14830	18 
14831	31 
14832	462 
14833	362 
14834	152 
14835	75 
14836	47 
14837	82 
14838	219 
14839	361 
14840	265 
14841	459 
14842	230 
14843	14 
14844	125 
14845	112 
14846	297 
14847	142 
14848	20 
14849	438 
14850	7 
14851	245 
14852	81 
14853	356 
14854	425 
14855	18 
14856	236 
14857	176 
14858	438 
14859	39 
14860	409 
14861	84 
14862	442 
14863	92 
14864	30 
14865	361 
14866	40 
14867	202 
14868	211 
14869	154 
14870	18 
14871	381 
14872	440 
14873	444 
14874	264 
14875	324 
14876	409 
14877	241 
14878	431 
14879	458 
14880	30 
14881	354 
14882	93 
14883	241 
14884	90 
14885	9 
14886	8 
14887	410 
14888	46 
14889	453 
14890	33 
14891	417 
14892	409 
14893	97 
14894	135 
14895	276 
14896	238 
14897	209 
14898	97 
14899	319 
14900	430 
14901	342 
14902	426 
14903	57 
14904	184 
14905	85 
14906	344 
14907	179 
14908	440 
14909	106 
14910	431 
14911	261 
14912	184 
14913	198 
14914	212 
14915	417 
14916	92 
14917	285 
14918	274 
14919	327 
14920	268 
14921	280 
14922	46 
14923	401 
14924	102 
14925	157 
14926	150 
14927	68 
14928	85 
14929	126 
14930	127 
14931	40 
14932	166 
14933	264 
14934	428 
14935	66 
14936	444 
14937	352 
14938	167 
14939	152 
14940	167 
14941	30 
14942	380 
14943	245 
14944	274 
14945	211 
14946	276 
14947	327 
14948	431 
14949	400 
14950	1 
14951	153 
14952	425 
14953	213 
14954	46 
14955	193 
14956	8 
14957	385 
14958	213 
14959	330 
14960	238 
14961	82 
14962	111 
14963	40 
14964	223 
14965	442 
14966	265 
14967	406 
14968	327 
14969	24 
14970	315 
14971	143 
14972	401 
14973	77 
14974	433 
14975	300 
14976	423 
14977	353 
14978	385 
14979	193 
14980	13 
14981	20 
14982	185 
14983	14 
14984	350 
14985	241 
14986	150 
14987	167 
14988	116 
14989	209 
14990	180 
14991	21 
14992	81 
14993	118 
14994	301 
14995	81 
14996	423 
14997	14 
14998	186 
14999	423 
15000	429 
15001	431 
15002	336 
15003	326 
15004	455 
15005	267 
15006	422 
15007	319 
15008	68 
15009	324 
15010	326 
15011	308 
15012	107 
15013	30 
15014	316 
15015	209 
15016	57 
15017	158 
15018	348 
15019	288 
15020	142 
15021	312 
15022	165 
15023	416 
15024	209 
15025	403 
15026	242 
15027	423 
15028	376 
15029	430 
15030	305 
15031	111 
15032	66 
15033	152 
15034	403 
15035	186 
15036	106 
15037	177 
15038	202 
15039	5 
15040	194 
15041	125 
15042	393 
15043	198 
15044	91 
15045	280 
15046	94 
15047	417 
15048	403 
15049	116 
15050	14 
15051	300 
15052	90 
15053	336 
15054	152 
15055	157 
15056	92 
15057	415 
15058	77 
15059	375 
15060	14 
15061	9 
15062	148 
15063	345 
15064	77 
15065	311 
15066	21 
15067	371 
15068	362 
15069	285 
15070	366 
15071	26 
15072	223 
15073	72 
15074	259 
15075	366 
15076	416 
15077	416 
15078	148 
15079	306 
15080	430 
15081	138 
15082	317 
15083	440 
15084	89 
15085	354 
15086	346 
15087	57 
15088	350 
15089	110 
15090	386 
15091	431 
15092	330 
15093	243 
15094	46 
15095	203 
15096	347 
15097	123 
15098	433 
15099	5 
15100	187 
15101	451 
15102	456 
15103	10 
15104	125 
15105	438 
15106	46 
15107	72 
15108	436 
15109	425 
15110	229 
15111	336 
15112	303 
15113	62 
15114	421 
15115	46 
15116	362 
15117	152 
15118	60 
15119	5 
15120	384 
15121	55 
15122	444 
15123	332 
15124	280 
15125	49 
15126	409 
15127	258 
15128	363 
15129	142 
15130	265 
15131	46 
15132	116 
15133	60 
15134	209 
15135	303 
15136	417 
15137	150 
15138	403 
15139	156 
15140	409 
15141	297 
15142	184 
15143	213 
15144	202 
15145	166 
15146	1 
15147	303 
15148	85 
15149	33 
15150	272 
15151	265 
15152	184 
15153	449 
15154	213 
15155	152 
15156	308 
15157	41 
15158	152 
15159	347 
15160	388 
15161	245 
15162	46 
15163	94 
15164	181 
15165	310 
15166	164 
15167	217 
15168	174 
15169	324 
15170	2 
15171	430 
15172	249 
15173	321 
15174	359 
15175	95 
15176	239 
15177	68 
15178	423 
15179	82 
15180	18 
15181	143 
15182	431 
15183	167 
15184	211 
15185	26 
15186	127 
15187	462 
15188	166 
15189	312 
15190	127 
15191	193 
15192	342 
15193	412 
15194	330 
15195	66 
15196	339 
15197	383 
15198	308 
15199	460 
15200	125 
15201	8 
15202	59 
15203	333 
15204	444 
15205	429 
15206	47 
15207	280 
15208	333 
15209	308 
15210	204 
15211	419 
15212	249 
15213	221 
15214	77 
15215	47 
15216	316 
15217	418 
15218	8 
15219	74 
15220	59 
15221	186 
15222	68 
15223	297 
15224	444 
15225	47 
15226	150 
15227	157 
15228	289 
15229	327 
15230	57 
15231	346 
15232	375 
15233	153 
15234	280 
15235	460 
15236	336 
15237	247 
15238	366 
15239	46 
15240	392 
15241	426 
15242	267 
15243	30 
15244	221 
15245	429 
15246	399 
15247	85 
15248	301 
15249	101 
15250	127 
15251	362 
15252	68 
15253	357 
15254	92 
15255	455 
15256	281 
15257	267 
15258	266 
15259	226 
15260	386 
15261	34 
15262	245 
15263	258 
15264	51 
15265	217 
15266	213 
15267	245 
15268	157 
15269	153 
15270	157 
15271	192 
15272	403 
15273	377 
15274	66 
15275	211 
15276	152 
15277	158 
15278	346 
15279	216 
15280	409 
15281	345 
15282	158 
15283	440 
15284	431 
15285	286 
15286	14 
15287	301 
15288	397 
15289	452 
15290	209 
15291	411 
15292	149 
15293	409 
15294	94 
15295	57 
15296	80 
15297	194 
15298	128 
15299	342 
15300	440 
15301	51 
15302	319 
15303	444 
15304	220 
15305	292 
15306	66 
15307	384 
15308	444 
15309	92 
15310	167 
15311	204 
15312	46 
15313	329 
15314	231 
15315	345 
15316	135 
15317	297 
15318	393 
15319	376 
15320	397 
15321	157 
15322	273 
15323	204 
15324	14 
15325	150 
15326	393 
15327	98 
15328	7 
15329	30 
15330	310 
15331	233 
15332	431 
15333	280 
15334	92 
15335	221 
15336	384 
15337	157 
15338	106 
15339	207 
15340	350 
15341	249 
15342	32 
15343	59 
15344	402 
15345	89 
15346	7 
15347	138 
15348	144 
15349	339 
15350	85 
15351	416 
15352	376 
15353	239 
15354	7 
15355	444 
15356	293 
15357	111 
15358	111 
15359	408 
15360	416 
15361	438 
15362	46 
15363	330 
15364	440 
15365	236 
15366	39 
15367	315 
15368	416 
15369	123 
15370	211 
15371	23 
15372	242 
15373	74 
15374	285 
15375	325 
15376	82 
15377	177 
15378	98 
15379	210 
15380	366 
15381	336 
15382	313 
15383	459 
15384	184 
15385	346 
15386	176 
15387	148 
15388	223 
15389	436 
15390	347 
15391	236 
15392	324 
15393	411 
15394	352 
15395	110 
15396	384 
15397	160 
15398	273 
15399	376 
15400	81 
15401	416 
15402	122 
15403	80 
15404	252 
15405	309 
15406	46 
15407	330 
15408	453 
15409	433 
15410	321 
15411	66 
15412	88 
15413	325 
15414	419 
15415	179 
15416	344 
15417	268 
15418	75 
15419	96 
15420	143 
15421	187 
15422	210 
15423	157 
15424	236 
15425	339 
15426	167 
15427	126 
15428	280 
15429	330 
15430	273 
15431	267 
15432	221 
15433	325 
15434	238 
15435	92 
15436	265 
15437	267 
15438	285 
15439	122 
15440	111 
15441	186 
15442	316 
15443	80 
15444	51 
15445	351 
15446	52 
15447	98 
15448	23 
15449	403 
15450	394 
15451	47 
15452	30 
15453	444 
15454	184 
15455	191 
15456	324 
15457	167 
15458	270 
15459	241 
15460	218 
15461	429 
15462	178 
15463	184 
15464	259 
15465	329 
15466	375 
15467	223 
15468	193 
15469	150 
15470	326 
15471	429 
15472	82 
15473	332 
15474	246 
15475	393 
15476	125 
15477	192 
15478	439 
15479	54 
15480	327 
15481	356 
15482	85 
15483	148 
15484	344 
15485	53 
15486	356 
15487	21 
15488	415 
15489	375 
15490	98 
15491	434 
15492	317 
15493	46 
15494	193 
15495	415 
15496	138 
15497	326 
15498	444 
15499	143 
15500	330 
15501	85 
15502	403 
15503	354 
15504	125 
15505	94 
15506	213 
15507	216 
15508	116 
15509	440 
15510	13 
15511	98 
15512	80 
15513	362 
15514	216 
15515	252 
15516	75 
15517	8 
15518	94 
15519	111 
15520	158 
15521	144 
15522	163 
15523	18 
15524	356 
15525	458 
15526	8 
15527	362 
15528	444 
15529	417 
15530	129 
15531	285 
15532	401 
15533	236 
15534	13 
15535	218 
15536	243 
15537	125 
15538	347 
15539	451 
15540	296 
15541	106 
15542	106 
15543	350 
15544	138 
15545	444 
15546	438 
15547	329 
15548	96 
15549	40 
15550	7 
15551	374 
15552	241 
15553	75 
15554	286 
15555	75 
15556	267 
15557	211 
15558	92 
15559	92 
15560	261 
15561	184 
15562	424 
15563	276 
15564	54 
15565	263 
15566	245 
15567	60 
15568	211 
15569	351 
15570	92 
15571	449 
15572	344 
15573	427 
15574	392 
15575	344 
15576	376 
15577	54 
15578	81 
15579	311 
15580	55 
15581	281 
15582	440 
15583	218 
15584	444 
15585	14 
15586	238 
15587	4 
15588	366 
15589	385 
15590	238 
15591	212 
15592	264 
15593	318 
15594	420 
15595	270 
15596	9 
15597	163 
15598	1 
15599	220 
15600	416 
15601	170 
15602	8 
15603	187 
15604	46 
15605	381 
15606	281 
15607	33 
15608	227 
15609	311 
15610	431 
15611	344 
15612	167 
15613	143 
15614	18 
15615	85 
15616	215 
15617	220 
15618	249 
15619	34 
15620	89 
15621	59 
15622	213 
15623	170 
15624	311 
15625	327 
15626	90 
15627	334 
15628	152 
15629	459 
15630	243 
15631	209 
15632	203 
15633	394 
15634	274 
15635	376 
15636	82 
15637	85 
15638	73 
15639	77 
15640	166 
15641	66 
15642	54 
15643	72 
15644	431 
15645	401 
15646	125 
15647	144 
15648	451 
15649	344 
15650	427 
15651	118 
15652	177 
15653	363 
15654	85 
15655	173 
15656	301 
15657	158 
15658	171 
15659	388 
15660	150 
15661	212 
15662	332 
15663	153 
15664	150 
15665	217 
15666	8 
15667	356 
15668	427 
15669	273 
15670	409 
15671	276 
15672	442 
15673	357 
15674	363 
15675	311 
15676	35 
15677	30 
15678	444 
15679	215 
15680	276 
15681	303 
15682	85 
15683	111 
15684	276 
15685	85 
15686	39 
15687	35 
15688	88 
15689	430 
15690	128 
15691	153 
15692	377 
15693	125 
15694	281 
15695	65 
15696	326 
15697	403 
15698	74 
15699	184 
15700	126 
15701	241 
15702	356 
15703	336 
15704	459 
15705	82 
15706	33 
15707	213 
15708	286 
15709	152 
15710	202 
15711	53 
15712	1 
15713	116 
15714	365 
15715	308 
15716	105 
15717	242 
15718	180 
15719	97 
15720	258 
15721	215 
15722	46 
15723	176 
15724	221 
15725	377 
15726	157 
15727	377 
15728	202 
15729	238 
15730	451 
15731	323 
15732	286 
15733	4 
15734	47 
15735	369 
15736	221 
15737	434 
15738	289 
15739	153 
15740	152 
15741	157 
15742	216 
15743	110 
15744	429 
15745	416 
15746	356 
15747	179 
15748	344 
15749	210 
15750	246 
15751	383 
15752	366 
15753	267 
15754	401 
15755	327 
15756	429 
15757	361 
15758	419 
15759	358 
15760	54 
15761	167 
15762	300 
15763	126 
15764	392 
15765	425 
15766	202 
15767	429 
15768	150 
15769	227 
15770	301 
15771	80 
15772	150 
15773	351 
15774	150 
15775	167 
15776	270 
15777	335 
15778	215 
15779	163 
15780	55 
15781	152 
15782	412 
15783	465 
15784	258 
15785	390 
15786	356 
15787	122 
15788	176 
15789	308 
15790	433 
15791	265 
15792	327 
15793	91 
15794	245 
15795	406 
15796	77 
15797	71 
15798	85 
15799	444 
15800	332 
15801	458 
15802	289 
15803	23 
15804	53 
15805	353 
15806	245 
15807	57 
15808	122 
15809	143 
15810	428 
15811	437 
15812	415 
15813	242 
15814	30 
15815	98 
15816	406 
15817	356 
15818	81 
15819	142 
15820	73 
15821	116 
15822	246 
15823	148 
15824	447 
15825	392 
15826	184 
15827	239 
15828	52 
15829	23 
15830	34 
15831	325 
15832	13 
15833	153 
15834	75 
15835	33 
15836	358 
15837	306 
15838	57 
15839	59 
15840	216 
15841	14 
15842	280 
15843	151 
15844	52 
15845	303 
15846	207 
15847	415 
15848	301 
15849	415 
15850	142 
15851	357 
15852	270 
15853	384 
15854	402 
15855	404 
15856	301 
15857	408 
15858	346 
15859	166 
15860	47 
15861	193 
15862	417 
15863	462 
15864	269 
15865	276 
15866	346 
15867	333 
15868	386 
15869	339 
15870	3 
15871	91 
15872	332 
15873	357 
15874	394 
15875	324 
15876	267 
15877	336 
15878	241 
15879	93 
15880	10 
15881	90 
15882	50 
15883	444 
15884	217 
15885	92 
15886	55 
15887	427 
15888	293 
15889	351 
15890	122 
15891	166 
15892	354 
15893	8 
15894	241 
15895	280 
15896	14 
15897	10 
15898	150 
15899	406 
15900	184 
15901	166 
15902	105 
15903	353 
15904	357 
15905	313 
15906	142 
15907	433 
15908	216 
15909	403 
15910	392 
15911	423 
15912	138 
15913	252 
15914	4 
15915	110 
15916	345 
15917	252 
15918	91 
15919	386 
15920	422 
15921	75 
15922	125 
15923	72 
15924	327 
15925	390 
15926	211 
15927	357 
15928	7 
15929	221 
15930	303 
15931	47 
15932	276 
15933	404 
15934	324 
15935	346 
15936	356 
15937	110 
15938	465 
15939	92 
15940	428 
15941	346 
15942	386 
15943	82 
15944	431 
15945	191 
15946	431 
15947	376 
15948	376 
15949	236 
15950	459 
15951	419 
15952	92 
15953	98 
15954	394 
15955	184 
15956	311 
15957	411 
15958	202 
15959	93 
15960	301 
15961	267 
15962	92 
15963	279 
15964	327 
15965	51 
15966	135 
15967	1 
15968	431 
15969	30 
15970	82 
15971	463 
15972	356 
15973	402 
15974	270 
15975	66 
15976	152 
15977	367 
15978	126 
15979	377 
15980	217 
15981	82 
15982	184 
15983	86 
15984	352 
15985	204 
15986	77 
15987	75 
15988	90 
15989	439 
15990	179 
15991	334 
15992	346 
15993	236 
15994	146 
15995	177 
15996	428 
15997	390 
15998	285 
15999	301 
16000	61 
16001	449 
16002	150 
16003	346 
16004	57 
16005	122 
16006	227 
16007	356 
16008	259 
16009	241 
16010	392 
16011	324 
16012	281 
16013	350 
16014	55 
16015	57 
16016	423 
16017	204 
16018	167 
16019	230 
16020	143 
16021	362 
16022	161 
16023	326 
16024	157 
16025	281 
16026	138 
16027	221 
16028	462 
16029	342 
16030	110 
16031	90 
16032	268 
16033	438 
16034	402 
16035	127 
16036	375 
16037	367 
16038	184 
16039	176 
16040	166 
16041	463 
16042	96 
16043	281 
16044	94 
16045	249 
16046	219 
16047	310 
16048	324 
16049	68 
16050	239 
16051	377 
16052	216 
16053	26 
16054	344 
16055	459 
16056	357 
16057	375 
16058	344 
16059	176 
16060	430 
16061	90 
16062	305 
16063	106 
16064	249 
16065	182 
16066	106 
16067	433 
16068	239 
16069	192 
16070	77 
16071	40 
16072	286 
16073	20 
16074	86 
16075	361 
16076	280 
16077	20 
16078	309 
16079	238 
16080	438 
16081	415 
16082	346 
16083	402 
16084	286 
16085	431 
16086	356 
16087	127 
16088	332 
16089	54 
16090	213 
16091	127 
16092	440 
16093	319 
16094	451 
16095	447 
16096	403 
16097	423 
16098	66 
16099	85 
16100	213 
16101	13 
16102	308 
16103	193 
16104	40 
16105	193 
16106	174 
16107	180 
16108	57 
16109	374 
16110	92 
16111	154 
16112	24 
16113	356 
16114	403 
16115	91 
16116	25 
16117	91 
16118	57 
16119	116 
16120	111 
16121	346 
16122	122 
16123	85 
16124	118 
16125	8 
16126	362 
16127	82 
16128	326 
16129	308 
16130	316 
16131	408 
16132	245 
16133	252 
16134	218 
16135	305 
16136	180 
16137	154 
16138	158 
16139	54 
16140	280 
16141	427 
16142	82 
16143	35 
16144	186 
16145	45 
16146	357 
16147	285 
16148	403 
16149	356 
16150	255 
16151	404 
16152	9 
16153	215 
16154	280 
16155	281 
16156	408 
16157	148 
16158	66 
16159	142 
16160	433 
16161	13 
16162	197 
16163	306 
16164	59 
16165	25 
16166	106 
16167	122 
16168	116 
16169	428 
16170	303 
16171	280 
16172	13 
16173	211 
16174	394 
16175	203 
16176	90 
16177	365 
16178	246 
16179	437 
16180	342 
16181	125 
16182	329 
16183	442 
16184	24 
16185	313 
16186	383 
16187	319 
16188	406 
16189	239 
16190	91 
16191	274 
16192	13 
16193	313 
16194	236 
16195	243 
16196	66 
16197	377 
16198	92 
16199	122 
16200	268 
16201	68 
16202	1 
16203	281 
16204	59 
16205	7 
16206	216 
16207	390 
16208	356 
16209	318 
16210	82 
16211	61 
16212	403 
16213	401 
16214	118 
16215	344 
16216	356 
16217	411 
16218	265 
16219	436 
16220	157 
16221	154 
16222	192 
16223	18 
16224	268 
16225	308 
16226	33 
16227	34 
16228	377 
16229	33 
16230	281 
16231	280 
16232	143 
16233	282 
16234	390 
16235	215 
16236	92 
16237	61 
16238	427 
16239	366 
16240	21 
16241	375 
16242	51 
16243	377 
16244	33 
16245	281 
16246	8 
16247	47 
16248	397 
16249	317 
16250	339 
16251	106 
16252	280 
16253	374 
16254	82 
16255	66 
16256	297 
16257	444 
16258	380 
16259	157 
16260	4 
16261	138 
16262	384 
16263	281 
16264	25 
16265	311 
16266	105 
16267	24 
16268	357 
16269	85 
16270	408 
16271	412 
16272	279 
16273	446 
16274	311 
16275	179 
16276	45 
16277	285 
16278	61 
16279	259 
16280	213 
16281	325 
16282	148 
16283	98 
16284	3 
16285	422 
16286	80 
16287	350 
16288	210 
16289	357 
16290	7 
16291	259 
16292	220 
16293	305 
16294	110 
16295	33 
16296	350 
16297	198 
16298	264 
16299	362 
16300	366 
16301	53 
16302	385 
16303	202 
16304	384 
16305	46 
16306	202 
16307	388 
16308	377 
16309	170 
16310	319 
16311	403 
16312	182 
16313	209 
16314	236 
16315	417 
16316	329 
16317	13 
16318	311 
16319	350 
16320	241 
16321	39 
16322	102 
16323	59 
16324	197 
16325	334 
16326	59 
16327	14 
16328	346 
16329	310 
16330	90 
16331	371 
16332	433 
16333	51 
16334	75 
16335	94 
16336	410 
16337	57 
16338	92 
16339	408 
16340	106 
16341	47 
16342	166 
16343	187 
16344	204 
16345	411 
16346	242 
16347	84 
16348	221 
16349	107 
16350	98 
16351	135 
16352	451 
16353	210 
16354	273 
16355	437 
16356	458 
16357	57 
16358	332 
16359	47 
16360	127 
16361	403 
16362	73 
16363	138 
16364	23 
16365	421 
16366	323 
16367	209 
16368	423 
16369	144 
16370	252 
16371	35 
16372	249 
16373	327 
16374	20 
16375	142 
16376	209 
16377	427 
16378	211 
16379	403 
16380	276 
16381	324 
16382	215 
16383	423 
16384	116 
16385	106 
16386	13 
16387	408 
16388	217 
16389	57 
16390	60 
16391	61 
16392	93 
16393	182 
16394	415 
16395	422 
16396	446 
16397	153 
16398	326 
16399	430 
16400	289 
16401	184 
16402	90 
16403	249 
16404	238 
16405	196 
16406	8 
16407	370 
16408	289 
16409	386 
16410	433 
16411	363 
16412	35 
16413	170 
16414	204 
16415	327 
16416	152 
16417	306 
16418	74 
16419	91 
16420	281 
16421	9 
16422	421 
16423	392 
16424	52 
16425	427 
16426	255 
16427	327 
16428	438 
16429	91 
16430	264 
16431	184 
16432	66 
16433	306 
16434	140 
16435	26 
16436	39 
16437	236 
16438	52 
16439	194 
16440	427 
16441	7 
16442	60 
16443	106 
16444	30 
16445	153 
16446	270 
16447	52 
16448	246 
16449	241 
16450	350 
16451	153 
16452	311 
16453	335 
16454	276 
16455	276 
16456	309 
16457	81 
16458	41 
16459	270 
16460	125 
16461	393 
16462	216 
16463	58 
16464	122 
16465	327 
16466	135 
16467	403 
16468	192 
16469	217 
16470	66 
16471	162 
16472	122 
16473	249 
16474	458 
16475	356 
16476	193 
16477	427 
16478	437 
16479	249 
16480	90 
16481	344 
16482	392 
16483	46 
16484	138 
16485	105 
16486	367 
16487	310 
16488	45 
16489	339 
16490	33 
16491	182 
16492	1 
16493	92 
16494	370 
16495	286 
16496	34 
16497	57 
16498	285 
16499	127 
16500	122 
16501	325 
16502	348 
16503	91 
16504	184 
16505	47 
16506	158 
16507	363 
16508	446 
16509	258 
16510	59 
16511	330 
16512	444 
16513	348 
16514	270 
16515	110 
16516	52 
16517	437 
16518	377 
16519	7 
16520	261 
16521	166 
16522	142 
16523	458 
16524	34 
16525	79 
16526	176 
16527	301 
16528	55 
16529	276 
16530	374 
16531	459 
16532	13 
16533	7 
16534	358 
16535	301 
16536	344 
16537	327 
16538	309 
16539	351 
16540	345 
16541	238 
16542	7 
16543	286 
16544	280 
16545	409 
16546	301 
16547	81 
16548	333 
16549	57 
16550	366 
16551	90 
16552	148 
16553	239 
16554	440 
16555	51 
16556	326 
16557	1 
16558	388 
16559	273 
16560	218 
16561	439 
16562	426 
16563	351 
16564	385 
16565	41 
16566	363 
16567	449 
16568	122 
16569	408 
16570	107 
16571	247 
16572	258 
16573	402 
16574	30 
16575	202 
16576	81 
16577	47 
16578	356 
16579	143 
16580	184 
16581	217 
16582	66 
16583	386 
16584	427 
16585	72 
16586	422 
16587	456 
16588	80 
16589	308 
16590	31 
16591	166 
16592	444 
16593	106 
16594	157 
16595	65 
16596	143 
16597	280 
16598	167 
16599	401 
16600	431 
16601	177 
16602	166 
16603	166 
16604	380 
16605	66 
16606	356 
16607	33 
16608	438 
16609	13 
16610	401 
16611	92 
16612	211 
16613	329 
16614	325 
16615	444 
16616	82 
16617	431 
16618	384 
16619	427 
16620	41 
16621	101 
16622	367 
16623	354 
16624	102 
16625	327 
16626	241 
16627	153 
16628	31 
16629	280 
16630	9 
16631	346 
16632	156 
16633	163 
16634	75 
16635	186 
16636	128 
16637	239 
16638	353 
16639	403 
16640	311 
16641	138 
16642	427 
16643	178 
16644	367 
16645	21 
16646	419 
16647	241 
16648	45 
16649	58 
16650	403 
16651	273 
16652	376 
16653	98 
16654	209 
16655	153 
16656	51 
16657	173 
16658	422 
16659	401 
16660	59 
16661	440 
16662	293 
16663	427 
16664	55 
16665	106 
16666	177 
16667	402 
16668	431 
16669	217 
16670	85 
16671	315 
16672	429 
16673	158 
16674	105 
16675	427 
16676	456 
16677	416 
16678	158 
16679	51 
16680	426 
16681	142 
16682	110 
16683	101 
16684	308 
16685	252 
16686	53 
16687	216 
16688	122 
16689	46 
16690	281 
16691	444 
16692	9 
16693	416 
16694	279 
16695	366 
16696	417 
16697	356 
16698	437 
16699	458 
16700	52 
16701	138 
16702	174 
16703	332 
16704	437 
16705	46 
16706	408 
16707	403 
16708	304 
16709	150 
16710	458 
16711	66 
16712	30 
16713	286 
16714	152 
16715	423 
16716	45 
16717	46 
16718	258 
16719	326 
16720	438 
16721	111 
16722	219 
16723	94 
16724	265 
16725	167 
16726	13 
16727	249 
16728	184 
16729	8 
16730	417 
16731	242 
16732	319 
16733	383 
16734	215 
16735	209 
16736	458 
16737	215 
16738	329 
16739	192 
16740	416 
16741	180 
16742	52 
16743	46 
16744	10 
16745	156 
16746	33 
16747	410 
16748	94 
16749	311 
16750	453 
16751	66 
16752	138 
16753	433 
16754	422 
16755	345 
16756	241 
16757	216 
16758	46 
16759	82 
16760	388 
16761	138 
16762	101 
16763	402 
16764	362 
16765	122 
16766	433 
16767	380 
16768	394 
16769	285 
16770	377 
16771	193 
16772	7 
16773	163 
16774	374 
16775	425 
16776	59 
16777	440 
16778	207 
16779	283 
16780	391 
16781	176 
16782	356 
16783	259 
16784	14 
16785	180 
16786	238 
16787	308 
16788	110 
16789	242 
16790	319 
16791	285 
16792	267 
16793	221 
16794	280 
16795	265 
16796	192 
16797	242 
16798	152 
16799	1 
16800	285 
16801	423 
16802	289 
16803	292 
16804	409 
16805	47 
16806	317 
16807	427 
16808	377 
16809	157 
16810	375 
16811	185 
16812	386 
16813	402 
16814	51 
16815	274 
16816	3 
16817	61 
16818	216 
16819	311 
16820	111 
16821	311 
16822	82 
16823	9 
16824	388 
16825	167 
16826	111 
16827	166 
16828	80 
16829	30 
16830	358 
16831	210 
16832	416 
16833	102 
16834	72 
16835	106 
16836	247 
16837	40 
16838	82 
16839	362 
16840	204 
16841	5 
16842	127 
16843	357 
16844	430 
16845	143 
16846	71 
16847	106 
16848	292 
16849	438 
16850	176 
16851	241 
16852	375 
16853	348 
16854	385 
16855	74 
16856	177 
16857	386 
16858	91 
16859	309 
16860	61 
16861	397 
16862	346 
16863	65 
16864	323 
16865	397 
16866	25 
16867	289 
16868	255 
16869	444 
16870	92 
16871	465 
16872	431 
16873	324 
16874	335 
16875	60 
16876	158 
16877	10 
16878	9 
16879	436 
16880	60 
16881	105 
16882	152 
16883	388 
16884	415 
16885	377 
16886	333 
16887	385 
16888	255 
16889	424 
16890	167 
16891	111 
16892	274 
16893	54 
16894	98 
16895	249 
16896	46 
16897	276 
16898	236 
16899	177 
16900	317 
16901	366 
16902	423 
16903	26 
16904	150 
16905	97 
16906	429 
16907	292 
16908	111 
16909	348 
16910	209 
16911	246 
16912	127 
16913	333 
16914	429 
16915	202 
16916	444 
16917	68 
16918	217 
16919	458 
16920	421 
16921	122 
16922	393 
16923	13 
16924	184 
16925	366 
16926	301 
16927	325 
16928	336 
16929	411 
16930	80 
16931	431 
16932	249 
16933	424 
16934	177 
16935	24 
16936	25 
16937	427 
16938	81 
16939	249 
16940	377 
16941	416 
16942	174 
16943	427 
16944	311 
16945	51 
16946	246 
16947	150 
16948	374 
16949	157 
16950	356 
16951	53 
16952	345 
16953	82 
16954	59 
16955	286 
16956	361 
16957	142 
16958	57 
16959	34 
16960	333 
16961	440 
16962	151 
16963	279 
16964	315 
16965	33 
16966	158 
16967	439 
16968	106 
16969	386 
16970	52 
16971	58 
16972	75 
16973	406 
16974	21 
16975	91 
16976	339 
16977	408 
16978	433 
16979	166 
16980	431 
16981	144 
16982	304 
16983	431 
16984	82 
16985	23 
16986	392 
16987	385 
16988	421 
16989	26 
16990	367 
16991	273 
16992	258 
16993	185 
16994	204 
16995	436 
16996	444 
16997	357 
16998	163 
16999	336 
17000	403 
17001	324 
17002	26 
17003	403 
17004	377 
17005	203 
17006	265 
17007	46 
17008	52 
17009	356 
17010	128 
17011	158 
17012	33 
17013	380 
17014	39 
17015	297 
17016	432 
17017	13 
17018	94 
17019	265 
17020	353 
17021	89 
17022	241 
17023	292 
17024	259 
17025	52 
17026	68 
17027	437 
17028	409 
17029	286 
17030	311 
17031	370 
17032	177 
17033	198 
17034	138 
17035	423 
17036	440 
17037	308 
17038	354 
17039	444 
17040	30 
17041	303 
17042	417 
17043	265 
17044	259 
17045	458 
17046	280 
17047	350 
17048	126 
17049	392 
17050	336 
17051	227 
17052	386 
17053	362 
17054	327 
17055	336 
17056	66 
17057	272 
17058	356 
17059	51 
17060	202 
17061	311 
17062	416 
17063	410 
17064	280 
17065	93 
17066	217 
17067	351 
17068	10 
17069	377 
17070	350 
17071	152 
17072	152 
17073	425 
17074	193 
17075	158 
17076	433 
17077	249 
17078	209 
17079	363 
17080	344 
17081	157 
17082	423 
17083	7 
17084	127 
17085	192 
17086	157 
17087	25 
17088	197 
17089	367 
17090	327 
17091	118 
17092	282 
17093	417 
17094	54 
17095	249 
17096	75 
17097	46 
17098	344 
17099	370 
17100	267 
17101	126 
17102	154 
17103	21 
17104	140 
17105	392 
17106	451 
17107	14 
17108	285 
17109	176 
17110	90 
17111	152 
17112	193 
17113	403 
17114	440 
17115	263 
17116	259 
17117	8 
17118	97 
17119	61 
17120	357 
17121	176 
17122	409 
17123	52 
17124	327 
17125	311 
17126	339 
17127	8 
17128	75 
17129	346 
17130	135 
17131	126 
17132	207 
17133	75 
17134	92 
17135	82 
17136	176 
17137	152 
17138	66 
17139	330 
17140	35 
17141	247 
17142	303 
17143	61 
17144	33 
17145	80 
17146	285 
17147	354 
17148	308 
17149	86 
17150	90 
17151	364 
17152	157 
17153	106 
17154	451 
17155	239 
17156	306 
17157	126 
17158	93 
17159	9 
17160	217 
17161	285 
17162	327 
17163	75 
17164	363 
17165	324 
17166	381 
17167	336 
17168	267 
17169	216 
17170	51 
17171	367 
17172	157 
17173	459 
17174	74 
17175	313 
17176	357 
17177	220 
17178	264 
17179	417 
17180	220 
17181	68 
17182	61 
17183	72 
17184	127 
17185	417 
17186	72 
17187	303 
17188	85 
17189	324 
17190	344 
17191	98 
17192	267 
17193	436 
17194	1 
17195	90 
17196	326 
17197	170 
17198	105 
17199	127 
17200	350 
17201	61 
17202	221 
17203	45 
17204	386 
17205	377 
17206	90 
17207	326 
17208	276 
17209	325 
17210	18 
17211	376 
17212	204 
17213	249 
17214	259 
17215	329 
17216	53 
17217	60 
17218	97 
17219	18 
17220	449 
17221	150 
17222	408 
17223	393 
17224	449 
17225	344 
17226	202 
17227	148 
17228	1 
17229	111 
17230	30 
17231	357 
17232	39 
17233	127 
17234	158 
17235	9 
17236	308 
17237	52 
17238	74 
17239	401 
17240	142 
17241	408 
17242	427 
17243	176 
17244	416 
17245	459 
17246	437 
17247	30 
17248	356 
17249	356 
17250	265 
17251	329 
17252	267 
17253	429 
17254	384 
17255	51 
17256	7 
17257	438 
17258	433 
17259	391 
17260	1 
17261	192 
17262	364 
17263	72 
17264	72 
17265	403 
17266	143 
17267	329 
17268	444 
17269	427 
17270	213 
17271	18 
17272	285 
17273	154 
17274	281 
17275	411 
17276	388 
17277	333 
17278	345 
17279	161 
17280	245 
17281	94 
17282	57 
17283	127 
17284	386 
17285	215 
17286	425 
17287	408 
17288	289 
17289	270 
17290	209 
17291	140 
17292	182 
17293	153 
17294	273 
17295	81 
17296	90 
17297	153 
17298	184 
17299	55 
17300	122 
17301	151 
17302	249 
17303	72 
17304	245 
17305	85 
17306	374 
17307	293 
17308	7 
17309	68 
17310	444 
17311	39 
17312	438 
17313	315 
17314	126 
17315	216 
17316	362 
17317	80 
17318	51 
17319	51 
17320	163 
17321	364 
17322	422 
17323	220 
17324	384 
17325	204 
17326	211 
17327	327 
17328	157 
17329	311 
17330	339 
17331	158 
17332	192 
17333	111 
17334	177 
17335	213 
17336	118 
17337	138 
17338	344 
17339	193 
17340	35 
17341	106 
17342	303 
17343	152 
17344	166 
17345	329 
17346	167 
17347	57 
17348	191 
17349	14 
17350	154 
17351	252 
17352	459 
17353	285 
17354	166 
17355	451 
17356	264 
17357	431 
17358	311 
17359	215 
17360	122 
17361	106 
17362	311 
17363	101 
17364	325 
17365	423 
17366	416 
17367	409 
17368	68 
17369	7 
17370	327 
17371	292 
17372	54 
17373	9 
17374	46 
17375	1 
17376	80 
17377	236 
17378	422 
17379	57 
17380	411 
17381	279 
17382	245 
17383	158 
17384	82 
17385	289 
17386	85 
17387	431 
17388	72 
17389	184 
17390	55 
17391	165 
17392	311 
17393	423 
17394	384 
17395	60 
17396	408 
17397	221 
17398	436 
17399	197 
17400	333 
17401	401 
17402	245 
17403	93 
17404	157 
17405	51 
17406	272 
17407	14 
17408	164 
17409	444 
17410	127 
17411	58 
17412	380 
17413	92 
17414	197 
17415	428 
17416	122 
17417	375 
17418	268 
17419	316 
17420	362 
17421	61 
17422	59 
17423	92 
17424	7 
17425	258 
17426	77 
17427	25 
17428	166 
17429	207 
17430	33 
17431	385 
17432	392 
17433	264 
17434	308 
17435	185 
17436	440 
17437	336 
17438	40 
17439	176 
17440	301 
17441	433 
17442	444 
17443	20 
17444	77 
17445	91 
17446	429 
17447	351 
17448	308 
17449	91 
17450	324 
17451	404 
17452	158 
17453	218 
17454	402 
17455	425 
17456	433 
17457	75 
17458	46 
17459	361 
17460	363 
17461	421 
17462	202 
17463	110 
17464	209 
17465	363 
17466	30 
17467	425 
17468	436 
17469	289 
17470	215 
17471	152 
17472	374 
17473	82 
17474	66 
17475	135 
17476	122 
17477	236 
17478	243 
17479	55 
17480	13 
17481	220 
17482	2 
17483	384 
17484	344 
17485	221 
17486	370 
17487	13 
17488	25 
17489	33 
17490	143 
17491	444 
17492	333 
17493	54 
17494	213 
17495	158 
17496	344 
17497	356 
17498	267 
17499	241 
17500	409 
17501	327 
17502	268 
17503	329 
17504	59 
17505	209 
17506	402 
17507	21 
17508	273 
17509	166 
17510	409 
17511	98 
17512	423 
17513	151 
17514	327 
17515	81 
17516	292 
17517	246 
17518	374 
17519	94 
17520	154 
17521	140 
17522	215 
17523	176 
17524	184 
17525	449 
17526	425 
17527	173 
17528	444 
17529	59 
17530	325 
17531	157 
17532	85 
17533	315 
17534	358 
17535	332 
17536	279 
17537	13 
17538	33 
17539	409 
17540	217 
17541	202 
17542	90 
17543	362 
17544	409 
17545	46 
17546	361 
17547	215 
17548	306 
17549	385 
17550	176 
17551	348 
17552	53 
17553	351 
17554	449 
17555	174 
17556	219 
17557	59 
17558	143 
17559	404 
17560	177 
17561	34 
17562	173 
17563	410 
17564	263 
17565	2 
17566	194 
17567	92 
17568	347 
17569	381 
17570	126 
17571	239 
17572	51 
17573	249 
17574	409 
17575	406 
17576	47 
17577	20 
17578	246 
17579	166 
17580	265 
17581	246 
17582	393 
17583	249 
17584	157 
17585	419 
17586	362 
17587	138 
17588	163 
17589	18 
17590	7 
17591	75 
17592	167 
17593	118 
17594	8 
17595	152 
17596	217 
17597	392 
17598	180 
17599	142 
17600	279 
17601	127 
17602	215 
17603	80 
17604	127 
17605	211 
17606	167 
17607	268 
17608	54 
17609	401 
17610	72 
17611	8 
17612	440 
17613	425 
17614	431 
17615	311 
17616	102 
17617	258 
17618	429 
17619	241 
17620	366 
17621	210 
17622	390 
17623	345 
17624	57 
17625	408 
17626	301 
17627	8 
17628	158 
17629	346 
17630	249 
17631	90 
17632	217 
17633	319 
17634	179 
17635	371 
17636	351 
17637	174 
17638	46 
17639	54 
17640	388 
17641	2 
17642	236 
17643	75 
17644	211 
17645	357 
17646	241 
17647	311 
17648	150 
17649	459 
17650	451 
17651	308 
17652	202 
17653	66 
17654	280 
17655	13 
17656	57 
17657	80 
17658	431 
17659	362 
17660	356 
17661	187 
17662	239 
17663	142 
17664	236 
17665	157 
17666	444 
17667	152 
17668	415 
17669	377 
17670	325 
17671	324 
17672	383 
17673	386 
17674	388 
17675	409 
17676	106 
17677	356 
17678	217 
17679	327 
17680	366 
17681	10 
17682	255 
17683	431 
17684	51 
17685	191 
17686	126 
17687	309 
17688	107 
17689	143 
17690	74 
17691	375 
17692	242 
17693	81 
17694	46 
17695	259 
17696	61 
17697	98 
17698	242 
17699	75 
17700	154 
17701	39 
17702	392 
17703	39 
17704	97 
17705	31 
17706	265 
17707	311 
17708	182 
17709	51 
17710	324 
17711	217 
17712	135 
17713	184 
17714	182 
17715	80 
17716	437 
17717	409 
17718	329 
17719	303 
17720	416 
17721	242 
17722	362 
17723	197 
17724	344 
17725	429 
17726	263 
17727	409 
17728	392 
17729	351 
17730	154 
17731	380 
17732	394 
17733	143 
17734	1 
17735	374 
17736	163 
17737	429 
17738	58 
17739	380 
17740	143 
17741	143 
17742	427 
17743	380 
17744	105 
17745	401 
17746	306 
17747	213 
17748	350 
17749	91 
17750	333 
17751	94 
17752	25 
17753	292 
17754	336 
17755	361 
17756	143 
17757	336 
17758	176 
17759	239 
17760	220 
17761	164 
17762	392 
17763	80 
17764	143 
17765	384 
17766	241 
17767	402 
17768	383 
17769	451 
17770	438 
17771	72 
17772	274 
17773	280 
17774	91 
17775	106 
17776	24 
17777	433 
17778	122 
17779	209 
17780	402 
17781	203 
17782	13 
17783	292 
17784	301 
17785	75 
17786	192 
17787	301 
17788	61 
17789	371 
17790	308 
17791	236 
17792	440 
17793	357 
17794	34 
17795	158 
17796	329 
17797	449 
17798	319 
17799	204 
17800	286 
17801	259 
17802	213 
17803	217 
17804	246 
17805	433 
17806	143 
17807	409 
17808	192 
17809	330 
17810	217 
17811	245 
17812	52 
17813	33 
17814	446 
17815	427 
17816	274 
17817	259 
17818	192 
17819	377 
17820	157 
17821	245 
17822	273 
17823	180 
17824	381 
17825	216 
17826	116 
17827	177 
17828	72 
17829	111 
17830	14 
17831	3 
17832	429 
17833	197 
17834	402 
17835	61 
17836	422 
17837	415 
17838	59 
17839	263 
17840	403 
17841	9 
17842	177 
17843	315 
17844	388 
17845	144 
17846	326 
17847	7 
17848	35 
17849	357 
17850	66 
17851	10 
17852	367 
17853	30 
17854	350 
17855	148 
17856	58 
17857	258 
17858	75 
17859	265 
17860	324 
17861	410 
17862	309 
17863	440 
17864	177 
17865	451 
17866	85 
17867	219 
17868	216 
17869	402 
17870	274 
17871	7 
17872	317 
17873	440 
17874	402 
17875	332 
17876	18 
17877	403 
17878	384 
17879	82 
17880	384 
17881	213 
17882	428 
17883	444 
17884	371 
17885	356 
17886	422 
17887	40 
17888	94 
17889	431 
17890	444 
17891	217 
17892	150 
17893	106 
17894	142 
17895	429 
17896	276 
17897	209 
17898	375 
17899	7 
17900	356 
17901	102 
17902	265 
17903	66 
17904	151 
17905	417 
17906	24 
17907	392 
17908	30 
17909	152 
17910	98 
17911	425 
17912	152 
17913	202 
17914	55 
17915	111 
17916	143 
17917	18 
17918	92 
17919	437 
17920	72 
17921	249 
17922	162 
17923	385 
17924	370 
17925	102 
17926	163 
17927	332 
17928	57 
17929	218 
17930	371 
17931	30 
17932	401 
17933	89 
17934	239 
17935	357 
17936	80 
17937	301 
17938	433 
17939	423 
17940	348 
17941	409 
17942	164 
17943	446 
17944	23 
17945	72 
17946	211 
17947	427 
17948	80 
17949	33 
17950	439 
17951	425 
17952	440 
17953	157 
17954	163 
17955	126 
17956	330 
17957	459 
17958	173 
17959	459 
17960	31 
17961	439 
17962	180 
17963	258 
17964	39 
17965	367 
17966	282 
17967	255 
17968	342 
17969	325 
17970	408 
17971	403 
17972	346 
17973	249 
17974	90 
17975	427 
17976	274 
17977	303 
17978	273 
17979	440 
17980	351 
17981	40 
17982	458 
17983	402 
17984	362 
17985	285 
17986	327 
17987	184 
17988	385 
17989	258 
17990	371 
17991	80 
17992	13 
17993	107 
17994	98 
17995	193 
17996	431 
17997	75 
17998	279 
17999	268 
18000	107 
18001	402 
18002	427 
18003	14 
18004	7 
18005	157 
18006	289 
18007	21 
18008	333 
18009	289 
18010	106 
18011	327 
18012	429 
18013	91 
18014	46 
18015	429 
18016	377 
18017	353 
18018	51 
18019	329 
18020	423 
18021	14 
18022	18 
18023	246 
18024	289 
18025	344 
18026	333 
18027	46 
18028	392 
18029	61 
18030	423 
18031	184 
18032	193 
18033	276 
18034	218 
18035	276 
18036	52 
18037	347 
18038	386 
18039	409 
18040	402 
18041	367 
18042	440 
18043	81 
18044	408 
18045	89 
18046	202 
18047	425 
18048	434 
18049	157 
18050	93 
18051	54 
18052	245 
18053	61 
18054	429 
18055	402 
18056	324 
18057	357 
18058	184 
18059	409 
18060	309 
18061	386 
18062	55 
18063	7 
18064	158 
18065	324 
18066	116 
18067	33 
18068	61 
18069	409 
18070	297 
18071	18 
18072	276 
18073	362 
18074	330 
18075	241 
18076	402 
18077	263 
18078	193 
18079	401 
18080	152 
18081	265 
18082	51 
18083	236 
18084	403 
18085	281 
18086	289 
18087	202 
18088	376 
18089	30 
18090	54 
18091	152 
18092	72 
18093	61 
18094	82 
18095	308 
18096	259 
18097	236 
18098	203 
18099	444 
18100	101 
18101	386 
18102	61 
18103	40 
18104	21 
18105	34 
18106	1 
18107	58 
18108	339 
18109	94 
18110	152 
18111	24 
18112	311 
18113	47 
18114	336 
18115	385 
18116	279 
18117	306 
18118	215 
18119	142 
18120	375 
18121	336 
18122	85 
18123	167 
18124	433 
18125	415 
18126	280 
18127	82 
18128	127 
18129	220 
18130	1 
18131	286 
18132	85 
18133	333 
18134	276 
18135	357 
18136	265 
18137	57 
18138	437 
18139	173 
18140	416 
18141	94 
18142	356 
18143	267 
18144	401 
18145	82 
18146	440 
18147	217 
18148	377 
18149	265 
18150	203 
18151	223 
18152	14 
18153	13 
18154	392 
18155	344 
18156	308 
18157	423 
18158	440 
18159	327 
18160	51 
18161	217 
18162	403 
18163	356 
18164	54 
18165	152 
18166	264 
18167	92 
18168	325 
18169	280 
18170	46 
18171	444 
18172	59 
18173	14 
18174	385 
18175	411 
18176	357 
18177	101 
18178	93 
18179	30 
18180	55 
18181	459 
18182	219 
18183	265 
18184	344 
18185	85 
18186	392 
18187	106 
18188	138 
18189	20 
18190	246 
18191	167 
18192	265 
18193	80 
18194	52 
18195	280 
18196	289 
18197	8 
18198	157 
18199	164 
18200	111 
18201	82 
18202	419 
18203	85 
18204	437 
18205	440 
18206	316 
18207	176 
18208	384 
18209	440 
18210	101 
18211	309 
18212	315 
18213	403 
18214	106 
18215	151 
18216	327 
18217	366 
18218	153 
18219	347 
18220	52 
18221	148 
18222	90 
18223	301 
18224	317 
18225	209 
18226	51 
18227	14 
18228	438 
18229	301 
18230	180 
18231	153 
18232	167 
18233	370 
18234	60 
18235	7 
18236	51 
18237	311 
18238	89 
18239	249 
18240	286 
18241	211 
18242	401 
18243	351 
18244	218 
18245	394 
18246	386 
18247	85 
18248	90 
18249	339 
18250	311 
18251	410 
18252	245 
18253	122 
18254	259 
18255	367 
18256	111 
18257	33 
18258	106 
18259	111 
18260	193 
18261	81 
18262	403 
18263	138 
18264	402 
18265	217 
18266	8 
18267	329 
18268	406 
18269	444 
18270	449 
18271	265 
18272	34 
18273	362 
18274	152 
18275	301 
18276	364 
18277	46 
18278	23 
18279	330 
18280	18 
18281	417 
18282	458 
18283	268 
18284	81 
18285	215 
18286	333 
18287	423 
18288	122 
18289	31 
18290	249 
18291	21 
18292	127 
18293	367 
18294	410 
18295	276 
18296	311 
18297	33 
18298	85 
18299	122 
18300	249 
18301	51 
18302	7 
18303	94 
18304	366 
18305	252 
18306	344 
18307	143 
18308	427 
18309	54 
18310	267 
18311	33 
18312	30 
18313	203 
18314	58 
18315	106 
18316	427 
18317	449 
18318	10 
18319	176 
18320	433 
18321	458 
18322	377 
18323	8 
18324	325 
18325	72 
18326	366 
18327	51 
18328	332 
18329	10 
18330	122 
18331	306 
18332	192 
18333	57 
18334	39 
18335	410 
18336	319 
18337	258 
18338	221 
18339	13 
18340	243 
18341	94 
18342	55 
18343	325 
18344	143 
18345	61 
18346	110 
18347	66 
18348	9 
18349	85 
18350	385 
18351	75 
18352	153 
18353	311 
18354	358 
18355	81 
18356	388 
18357	110 
18358	327 
18359	325 
18360	324 
18361	410 
18362	30 
18363	89 
18364	286 
18365	143 
18366	217 
18367	406 
18368	66 
18369	127 
18370	1 
18371	431 
18372	122 
18373	92 
18374	105 
18375	249 
18376	416 
18377	403 
18378	150 
18379	57 
18380	184 
18381	366 
18382	77 
18383	362 
18384	285 
18385	433 
18386	162 
18387	94 
18388	358 
18389	220 
18390	52 
18391	221 
18392	280 
18393	409 
18394	157 
18395	218 
18396	20 
18397	46 
18398	46 
18399	356 
18400	202 
18401	410 
18402	326 
18403	265 
18404	152 
18405	431 
18406	241 
18407	193 
18408	431 
18409	148 
18410	204 
18411	150 
18412	118 
18413	98 
18414	82 
18415	143 
18416	264 
18417	431 
18418	57 
18419	101 
18420	409 
18421	356 
18422	280 
18423	315 
18424	92 
18425	180 
18426	315 
18427	30 
18428	342 
18429	1 
18430	94 
18431	221 
18432	138 
18433	75 
18434	357 
18435	57 
18436	385 
18437	276 
18438	423 
18439	52 
18440	46 
18441	329 
18442	2 
18443	34 
18444	8 
18445	429 
18446	85 
18447	40 
18448	327 
18449	419 
18450	411 
18451	173 
18452	265 
18453	94 
18454	367 
18455	54 
18456	143 
18457	403 
18458	367 
18459	218 
18460	241 
18461	333 
18462	356 
18463	319 
18464	336 
18465	1 
18466	202 
18467	308 
18468	211 
18469	330 
18470	197 
18471	429 
18472	31 
18473	30 
18474	427 
18475	173 
18476	192 
18477	127 
18478	245 
18479	101 
18480	39 
18481	216 
18482	106 
18483	350 
18484	345 
18485	451 
18486	106 
18487	213 
18488	279 
18489	59 
18490	167 
18491	366 
18492	92 
18493	213 
18494	72 
18495	216 
18496	346 
18497	377 
18498	344 
18499	152 
18500	267 
18501	216 
18502	374 
18503	122 
18504	324 
18505	51 
18506	216 
18507	9 
18508	77 
18509	444 
18510	162 
18511	345 
18512	375 
18513	342 
18514	184 
18515	249 
18516	364 
18517	245 
18518	327 
18519	297 
18520	280 
18521	57 
18522	182 
18523	371 
18524	142 
18525	34 
18526	350 
18527	422 
18528	346 
18529	92 
18530	72 
18531	23 
18532	127 
18533	377 
18534	280 
18535	315 
18536	423 
18537	57 
18538	215 
18539	164 
18540	376 
18541	276 
18542	276 
18543	18 
18544	451 
18545	97 
18546	91 
18547	127 
18548	33 
18549	150 
18550	142 
18551	285 
18552	383 
18553	311 
18554	7 
18555	82 
18556	148 
18557	197 
18558	82 
18559	217 
18560	47 
18561	13 
18562	106 
18563	9 
18564	344 
18565	75 
18566	81 
18567	138 
18568	345 
18569	7 
18570	89 
18571	326 
18572	423 
18573	39 
18574	153 
18575	236 
18576	431 
18577	153 
18578	324 
18579	143 
18580	324 
18581	280 
18582	220 
18583	339 
18584	383 
18585	90 
18586	176 
18587	437 
18588	315 
18589	376 
18590	356 
18591	332 
18592	217 
18593	383 
18594	410 
18595	375 
18596	46 
18597	152 
18598	93 
18599	182 
18600	106 
18601	394 
18602	59 
18603	126 
18604	245 
18605	311 
18606	366 
18607	427 
18608	13 
18609	53 
18610	358 
18611	427 
18612	216 
18613	356 
18614	375 
18615	357 
18616	80 
18617	116 
18618	33 
18619	451 
18620	217 
18621	163 
18622	54 
18623	427 
18624	411 
18625	375 
18626	255 
18627	1 
18628	94 
18629	285 
18630	46 
18631	216 
18632	241 
18633	377 
18634	10 
18635	116 
18636	151 
18637	255 
18638	376 
18639	209 
18640	85 
18641	440 
18642	153 
18643	241 
18644	7 
18645	158 
18646	138 
18647	148 
18648	210 
18649	383 
18650	366 
18651	215 
18652	53 
18653	306 
18654	154 
18655	105 
18656	94 
18657	216 
18658	216 
18659	162 
18660	440 
18661	409 
18662	249 
18663	118 
18664	157 
18665	236 
18666	249 
18667	202 
18668	61 
18669	154 
18670	427 
18671	2 
18672	166 
18673	31 
18674	339 
18675	90 
18676	21 
18677	180 
18678	336 
18679	238 
18680	204 
18681	10 
18682	367 
18683	23 
18684	409 
18685	81 
18686	148 
18687	280 
18688	158 
18689	427 
18690	151 
18691	285 
18692	101 
18693	94 
18694	345 
18695	51 
18696	350 
18697	438 
18698	393 
18699	52 
18700	152 
18701	54 
18702	166 
18703	192 
18704	211 
18705	276 
18706	122 
18707	30 
18708	406 
18709	280 
18710	416 
18711	118 
18712	193 
18713	444 
18714	410 
18715	393 
18716	52 
18717	163 
18718	367 
18719	336 
18720	107 
18721	143 
18722	55 
18723	60 
18724	210 
18725	223 
18726	327 
18727	58 
18728	30 
18729	7 
18730	303 
18731	246 
18732	192 
18733	431 
18734	315 
18735	154 
18736	367 
18737	444 
18738	72 
18739	57 
18740	319 
18741	422 
18742	336 
18743	7 
18744	154 
18745	333 
18746	406 
18747	158 
18748	142 
18749	184 
18750	184 
18751	344 
18752	433 
18753	423 
18754	53 
18755	204 
18756	127 
18757	59 
18758	392 
18759	8 
18760	57 
18761	315 
18762	59 
18763	241 
18764	107 
18765	82 
18766	217 
18767	216 
18768	367 
18769	59 
18770	90 
18771	213 
18772	47 
18773	47 
18774	150 
18775	408 
18776	23 
18777	81 
18778	85 
18779	311 
18780	157 
18781	402 
18782	82 
18783	356 
18784	216 
18785	258 
18786	94 
18787	388 
18788	51 
18789	421 
18790	346 
18791	53 
18792	23 
18793	122 
18794	308 
18795	255 
18796	308 
18797	433 
18798	411 
18799	402 
18800	23 
18801	292 
18802	339 
18803	1 
18804	107 
18805	384 
18806	249 
18807	142 
18808	203 
18809	197 
18810	239 
18811	289 
18812	333 
18813	332 
18814	30 
18815	167 
18816	319 
18817	166 
18818	345 
18819	85 
18820	308 
18821	143 
18822	46 
18823	30 
18824	267 
18825	421 
18826	265 
18827	1 
18828	336 
18829	281 
18830	75 
18831	218 
18832	315 
18833	406 
18834	306 
18835	101 
18836	30 
18837	23 
18838	339 
18839	184 
18840	408 
18841	440 
18842	301 
18843	40 
18844	72 
18845	345 
18846	308 
18847	440 
18848	336 
18849	20 
18850	429 
18851	401 
18852	362 
18853	152 
18854	281 
18855	267 
18856	204 
18857	157 
18858	33 
18859	90 
18860	51 
18861	150 
18862	327 
18863	106 
18864	422 
18865	241 
18866	394 
18867	203 
18868	52 
18869	249 
18870	423 
18871	142 
18872	280 
18873	47 
18874	311 
18875	383 
18876	249 
18877	433 
18878	308 
18879	153 
18880	421 
18881	110 
18882	239 
18883	1 
18884	10 
18885	326 
18886	52 
18887	193 
18888	80 
18889	371 
18890	46 
18891	255 
18892	344 
18893	264 
18894	210 
18895	39 
18896	13 
18897	97 
18898	350 
18899	458 
18900	346 
18901	402 
18902	98 
18903	209 
18904	1 
18905	209 
18906	366 
18907	427 
18908	105 
18909	166 
18910	204 
18911	211 
18912	437 
18913	213 
18914	47 
18915	393 
18916	105 
18917	142 
18918	152 
18919	362 
18920	60 
18921	166 
18922	383 
18923	82 
18924	220 
18925	60 
18926	377 
18927	94 
18928	94 
18929	59 
18930	416 
18931	451 
18932	66 
18933	374 
18934	438 
18935	392 
18936	61 
18937	362 
18938	425 
18939	47 
18940	285 
18941	157 
18942	7 
18943	317 
18944	80 
18945	246 
18946	158 
18947	303 
18948	292 
18949	72 
18950	433 
18951	265 
18952	327 
18953	285 
18954	386 
18955	356 
18956	451 
18957	364 
18958	85 
18959	163 
18960	285 
18961	377 
18962	344 
18963	98 
18964	167 
18965	422 
18966	157 
18967	209 
18968	143 
18969	303 
18970	423 
18971	267 
18972	241 
18973	409 
18974	431 
18975	393 
18976	216 
18977	75 
18978	438 
18979	66 
18980	197 
18981	423 
18982	14 
18983	216 
18984	33 
18985	18 
18986	366 
18987	85 
18988	58 
18989	148 
18990	458 
18991	350 
18992	57 
18993	122 
18994	150 
18995	82 
18996	444 
18997	361 
18998	423 
18999	75 
19000	40 
19001	423 
19002	54 
19003	101 
19004	18 
19005	150 
19006	107 
19007	142 
19008	8 
19009	249 
19010	423 
19011	333 
19012	197 
19013	325 
19014	1 
19015	417 
19016	311 
19017	423 
19018	325 
19019	416 
19020	92 
19021	332 
19022	362 
19023	92 
19024	13 
19025	9 
19026	386 
19027	259 
19028	18 
19029	281 
19030	75 
19031	46 
19032	440 
19033	94 
19034	241 
19035	122 
19036	105 
19037	14 
19038	193 
19039	158 
19040	192 
19041	409 
19042	94 
19043	377 
19044	444 
19045	415 
19046	249 
19047	52 
19048	376 
19049	403 
19050	157 
19051	440 
19052	52 
19053	153 
19054	366 
19055	9 
19056	357 
19057	429 
19058	77 
19059	423 
19060	138 
19061	345 
19062	409 
19063	66 
19064	23 
19065	138 
19066	308 
19067	301 
19068	14 
19069	425 
19070	409 
19071	30 
19072	122 
19073	138 
19074	356 
19075	158 
19076	57 
19077	89 
19078	401 
19079	306 
19080	138 
19081	281 
19082	264 
19083	350 
19084	184 
19085	33 
19086	61 
19087	202 
19088	106 
19089	417 
19090	75 
19091	411 
19092	393 
19093	437 
19094	431 
19095	351 
19096	289 
19097	106 
19098	40 
19099	289 
19100	92 
19101	184 
19102	7 
19103	366 
19104	431 
19105	417 
19106	72 
19107	116 
19108	106 
19109	33 
19110	281 
19111	367 
19112	375 
19113	215 
19114	385 
19115	427 
19116	53 
19117	77 
19118	157 
19119	258 
19120	184 
19121	274 
19122	1 
19123	377 
19124	157 
19125	20 
19126	246 
19127	324 
19128	385 
19129	249 
19130	184 
19131	217 
19132	375 
19133	444 
19134	91 
19135	47 
19136	1 
19137	94 
19138	246 
19139	92 
19140	401 
19141	111 
19142	238 
19143	265 
19144	163 
19145	89 
19146	142 
19147	388 
19148	433 
19149	433 
19150	148 
19151	157 
19152	66 
19153	66 
19154	344 
19155	392 
19156	7 
19157	127 
19158	388 
19159	245 
19160	367 
19161	402 
19162	30 
19163	72 
19164	384 
19165	33 
19166	72 
19167	356 
19168	30 
19169	401 
19170	427 
19171	60 
19172	217 
19173	383 
19174	150 
19175	238 
19176	61 
19177	30 
19178	289 
19179	344 
19180	458 
19181	90 
19182	249 
19183	336 
19184	259 
19185	325 
19186	82 
19187	384 
19188	51 
19189	276 
19190	339 
19191	241 
19192	89 
19193	458 
19194	425 
19195	105 
19196	217 
19197	364 
19198	281 
19199	98 
19200	386 
19201	280 
19202	301 
19203	346 
19204	402 
19205	241 
19206	375 
19207	122 
19208	80 
19209	158 
19210	429 
19211	138 
19212	154 
19213	216 
19214	303 
19215	57 
19216	246 
19217	106 
19218	220 
19219	246 
19220	30 
19221	52 
19222	51 
19223	72 
19224	9 
19225	402 
19226	81 
19227	392 
19228	386 
19229	58 
19230	267 
19231	375 
19232	393 
19233	157 
19234	47 
19235	377 
19236	9 
19237	238 
19238	344 
19239	265 
19240	34 
19241	311 
19242	258 
19243	362 
19244	357 
19245	339 
19246	1 
19247	57 
19248	241 
19249	440 
19250	13 
19251	30 
19252	60 
19253	377 
19254	152 
19255	60 
19256	158 
19257	90 
19258	249 
19259	85 
19260	91 
19261	339 
19262	308 
19263	327 
19264	357 
19265	14 
19266	416 
19267	332 
19268	52 
19269	7 
19270	184 
19271	92 
19272	52 
19273	92 
19274	72 
19275	416 
19276	66 
19277	106 
19278	106 
19279	423 
19280	431 
19281	39 
19282	89 
19283	58 
19284	94 
19285	98 
19286	289 
19287	72 
19288	345 
19289	152 
19290	329 
19291	30 
19292	444 
19293	416 
19294	143 
19295	346 
19296	106 
19297	276 
19298	386 
19299	440 
19300	409 
19301	402 
19302	192 
19303	451 
19304	417 
19305	417 
19306	81 
19307	61 
19308	94 
19309	46 
19310	437 
19311	346 
19312	274 
19313	438 
19314	332 
19315	329 
19316	344 
19317	106 
19318	151 
19319	374 
19320	152 
19321	89 
19322	1 
19323	246 
19324	364 
19325	423 
19326	215 
19327	143 
19328	267 
19329	339 
19330	143 
19331	30 
19332	211 
19333	249 
19334	52 
19335	85 
19336	1 
19337	342 
19338	327 
19339	150 
19340	427 
19341	458 
19342	106 
19343	325 
19344	245 
19345	47 
19346	383 
19347	14 
19348	385 
19349	285 
19350	184 
19351	301 
19352	153 
19353	166 
19354	280 
19355	308 
19356	57 
19357	148 
19358	241 
19359	427 
19360	401 
19361	85 
19362	427 
19363	7 
19364	427 
19365	402 
19366	385 
19367	66 
19368	142 
19369	54 
19370	249 
19371	57 
19372	393 
19373	246 
19374	429 
19375	411 
19376	106 
19377	59 
19378	51 
19379	47 
19380	152 
19381	10 
19382	122 
19383	7 
19384	303 
19385	142 
19386	351 
19387	209 
19388	403 
19389	166 
19390	106 
19391	315 
19392	265 
19393	14 
19394	33 
19395	142 
19396	82 
19397	267 
19398	57 
19399	409 
19400	143 
19401	94 
19402	47 
19403	403 
19404	163 
19405	329 
19406	238 
19407	356 
19408	154 
19409	429 
19410	98 
19411	403 
19412	75 
19413	425 
19414	383 
19415	327 
19416	425 
19417	143 
19418	265 
19419	192 
19420	202 
19421	111 
19422	166 
19423	458 
19424	362 
19425	61 
19426	342 
19427	438 
19428	332 
19429	339 
19430	429 
19431	72 
19432	336 
19433	308 
19434	246 
19435	327 
19436	410 
19437	303 
19438	440 
19439	92 
19440	376 
19441	265 
19442	66 
19443	411 
19444	153 
19445	127 
19446	249 
19447	438 
19448	246 
19449	245 
19450	82 
19451	285 
19452	311 
19453	94 
19454	167 
19455	427 
19456	18 
19457	346 
19458	72 
19459	336 
19460	301 
19461	329 
19462	425 
19463	386 
19464	202 
19465	33 
19466	92 
19467	94 
19468	357 
19469	410 
19470	423 
19471	46 
19472	377 
19473	357 
19474	8 
19475	57 
19476	416 
19477	427 
19478	61 
19479	127 
19480	236 
19481	416 
19482	72 
19483	376 
19484	81 
19485	410 
19486	85 
19487	1 
19488	324 
19489	51 
19490	333 
19491	458 
19492	245 
19493	311 
19494	92 
19495	265 
19496	111 
19497	166 
19498	33 
19499	285 
19500	392 
19501	106 
19502	410 
19503	444 
19504	157 
19505	33 
19506	90 
19507	350 
19508	75 
19509	280 
19510	423 
19511	51 
19512	85 
19513	215 
19514	241 
19515	122 
19516	193 
19517	1 
19518	92 
19519	377 
19520	241 
19521	281 
19522	57 
19523	13 
19524	105 
19525	367 
19526	357 
19527	46 
19528	385 
19529	157 
19530	433 
19531	167 
19532	59 
19533	30 
19534	82 
19535	122 
19536	46 
19537	440 
19538	327 
19539	81 
19540	356 
19541	423 
19542	367 
19543	82 
19544	384 
19545	216 
19546	276 
19547	409 
19548	202 
19549	376 
19550	286 
19551	402 
19552	327 
19553	106 
19554	308 
19555	346 
19556	54 
19557	346 
19558	458 
19559	54 
19560	416 
19561	127 
19562	281 
19563	150 
19564	410 
19565	356 
19566	376 
19567	46 
19568	7 
19569	336 
19570	409 
19571	142 
19572	324 
19573	167 
19574	281 
19575	150 
19576	167 
19577	157 
19578	325 
19579	61 
19580	325 
19581	281 
19582	376 
19583	458 
19584	66 
19585	153 
19586	1 
19587	14 
19588	157 
19589	429 
19590	402 
19591	126 
19592	202 
19593	220 
19594	166 
19595	217 
19596	7 
19597	220 
19598	127 
19599	236 
19600	311 
19601	377 
19602	344 
19603	167 
19604	127 
19605	7 
19606	209 
19607	53 
19608	217 
19609	152 
19610	153 
19611	423 
19612	46 
19613	158 
19614	236 
19615	82 
19616	416 
19617	66 
19618	236 
19619	351 
19620	184 
19621	92 
19622	301 
19623	72 
19624	344 
19625	444 
19626	444 
19627	85 
19628	375 
19629	375 
19630	82 
19631	403 
19632	13 
19633	440 
19634	127 
19635	357 
19636	377 
19637	193 
19638	216 
19639	7 
19640	167 
19641	166 
19642	61 
19643	410 
19644	148 
19645	52 
19646	429 
19647	184 
19648	150 
19649	440 
19650	281 
19651	217 
19652	431 
19653	92 
19654	66 
19655	202 
19656	127 
19657	249 
19658	425 
19659	127 
19660	94 
19661	193 
19662	57 
19663	366 
19664	148 
19665	153 
19666	458 
19667	153 
19668	85 
19669	245 
19670	193 
19671	143 
19672	166 
19673	329 
19674	324 
19675	402 
19676	8 
19677	285 
19678	152 
19679	236 
19680	157 
19681	150 
19682	216 
19683	324 
19684	289 
19685	85 
19686	127 
19687	265 
19688	356 
19689	346 
19690	106 
19691	184 
19692	30 
19693	265 
19694	216 
19695	217 
19696	184 
19697	357 
19698	66 
19699	267 
19700	14 
19701	216 
19702	138 
19703	249 
19704	367 
19705	72 
19706	143 
19707	329 
19708	281 
19709	280 
19710	152 
19711	184 
19712	245 
19713	350 
19714	142 
19715	61 
19716	431 
19717	1 
19718	51 
19719	311 
19720	72 
19721	344 
19722	13 
19723	153 
19724	127 
19725	7 
19726	57 
19727	33 
19728	265 
19729	393 
19730	90 
19731	90 
19732	148 
19733	216 
19734	92 
19735	94 
19736	311 
19737	327 
19738	157 
19739	336 
19740	265 
19741	431 
19742	46 
19743	458 
19744	444 
19745	403 
19746	166 
19747	85 
19748	289 
19749	61 
19750	416 
19751	72 
19752	311 
19753	92 
19754	329 
19755	158 
19756	427 
19757	98 
19758	346 
19759	33 
19760	216 
19761	94 
19762	217 
19763	85 
19764	386 
19765	66 
19766	82 
19767	47 
19768	431 
19769	127 
19770	367 
19771	127 
19772	356 
19773	98 
19774	327 
19775	217 
19776	402 
19777	329 
19778	13 
19779	66 
19780	167 
19781	440 
19782	423 
19783	444 
19784	152 
19785	427 
19786	281 
19787	377 
19788	409 
19789	329 
19790	98 
19791	265 
19792	327 
19793	346 
19794	8 
19795	153 
19796	47 
19797	427 
19798	202 
19799	289 
19800	57 
19801	402 
19802	311 
19803	429 
19804	357 
19805	403 
19806	184 
19807	106 
19808	276 
19809	325 
19810	157 
19811	429 
19812	14 
19813	75 
19814	444 
19815	51 
19816	289 
19817	357 
19818	329 
19819	72 
19820	367 
19821	166 
19822	265 
19823	85 
19824	362 
19825	429 
19826	51 
19827	401 
19828	92 
19829	325 
19830	431 
19831	346 
19832	85 
19833	127 
19834	82 
19835	122 
19836	444 
19837	325 
19838	346 
19839	367 
19840	72 
19841	30 
19842	47 
19843	57 
19844	90 
19845	7 
19846	311 
19847	427 
19848	362 
19849	122 
19850	427 
19851	127 
19852	82 
19853	281 
19854	403 
19855	30 
19856	106 
19857	72 
19858	410 
19859	61 
19860	30 
19861	311 
19862	409 
19863	30 
19864	152 
19865	325 
19866	54 
19867	327 
19868	416 
19869	90 
19870	85 
19871	14 
19872	249 
19873	46 
19874	431 
19875	377 
19876	356 
19877	216 
19878	157 
19879	150 
19880	82 
19881	281 
19882	152 
19883	281 
19884	167 
19885	61 
19886	85 
19887	7 
19888	7 
19889	325 
19890	416 
19891	57 
19892	308 
19893	216 
19894	152 
19895	401 
19896	52 
19897	82 
19898	54 
19899	46 
19900	30 
19901	431 
19902	276 
19903	327 
19904	46 
19905	346 
19906	106 
19907	423 
19908	14 
19909	440 
19910	280 
19911	61 
19912	33 
19913	444 
19914	94 
19915	51 
19916	410 
19917	280 
19918	94 
19919	249 
19920	444 
19921	308 
19922	153 
19923	416 
19924	356 
19925	47 
19926	184 
19927	82 
19928	249 
19929	92 
19930	403 
19931	92 
19932	423 
19933	409 
19934	280 
19935	327 
19936	7 
19937	106 
19938	33 
19939	327 
19940	1 
19941	82 
19942	202 
19943	94 
19944	152 
19945	106 
19946	152 
19947	94 
19948	311 
19949	52 
19950	51 
19951	13 
19952	216 
19953	143 
19954	66 
19955	311 
19956	427 
19957	127 
19958	362 
19959	431 
19960	14 
19961	46 
19962	1 
19963	356 
19964	202 
19965	1 
19966	152 
19967	308 
19968	202 
19969	1 
19970	356 
19971	346 
19972	402 
19973	184 
19974	82 
19975	249 
19976	402 
19977	30 
19978	82 
19979	184 
19980	416 
19981	429 
19982	427 
19983	57 
19984	249 
19985	429 
19986	127 
19987	427 
19988	377 
19989	202 
19990	184 
19991	184 
19992	346 
19993	92 
19994	311 
19995	94 
19996	377 
19997	308 
19998	402 
19999	423 
20000	431 
