1	237 
2	584 
3	159 
4	754 
5	319 
6	821 
7	657 
8	676 
9	99 
10	21 
11	729 
12	576 
13	266 
14	10 
15	506 
16	159 
17	542 
18	211 
19	169 
20	312 
21	145 
22	843 
23	392 
24	892 
25	861 
26	804 
27	786 
28	13 
29	30 
30	865 
31	920 
32	213 
33	529 
34	469 
35	206 
36	914 
37	249 
38	221 
39	812 
40	224 
41	696 
42	262 
43	125 
44	33 
45	345 
46	342 
47	899 
48	157 
49	1 
50	208 
51	871 
52	63 
53	916 
54	7 
55	745 
56	878 
57	730 
58	729 
59	85 
60	839 
61	787 
62	875 
63	475 
64	100 
65	304 
66	93 
67	921 
68	658 
69	448 
70	119 
71	132 
72	767 
73	135 
74	449 
75	134 
76	156 
77	763 
78	252 
79	532 
80	717 
81	184 
82	100 
83	558 
84	77 
85	780 
86	437 
87	708 
88	315 
89	15 
90	32 
91	227 
92	157 
93	615 
94	99 
95	616 
96	70 
97	227 
98	80 
99	123 
100	551 
101	342 
102	372 
103	541 
104	53 
105	596 
106	460 
107	820 
108	886 
109	385 
110	401 
111	459 
112	111 
113	599 
114	602 
115	193 
116	506 
117	925 
118	495 
119	740 
120	488 
121	769 
122	96 
123	194 
124	72 
125	840 
126	649 
127	111 
128	482 
129	865 
130	213 
131	171 
132	108 
133	811 
134	190 
135	127 
136	571 
137	69 
138	448 
139	318 
140	225 
141	129 
142	68 
143	667 
144	783 
145	599 
146	122 
147	646 
148	930 
149	285 
150	914 
151	473 
152	576 
153	359 
154	67 
155	449 
156	38 
157	201 
158	787 
159	441 
160	63 
161	639 
162	155 
163	812 
164	775 
165	677 
166	454 
167	24 
168	820 
169	762 
170	219 
171	848 
172	26 
173	835 
174	755 
175	820 
176	878 
177	760 
178	504 
179	205 
180	779 
181	926 
182	549 
183	832 
184	346 
185	812 
186	208 
187	527 
188	856 
189	596 
190	832 
191	202 
192	732 
193	102 
194	628 
195	379 
196	78 
197	577 
198	449 
199	923 
200	599 
201	374 
202	354 
203	54 
204	16 
205	176 
206	719 
207	341 
208	543 
209	892 
210	59 
211	731 
212	535 
213	402 
214	842 
215	247 
216	642 
217	588 
218	717 
219	528 
220	900 
221	419 
222	719 
223	857 
224	683 
225	430 
226	63 
227	832 
228	932 
229	904 
230	587 
231	788 
232	356 
233	36 
234	50 
235	730 
236	191 
237	564 
238	587 
239	328 
240	815 
241	779 
242	221 
243	914 
244	430 
245	20 
246	751 
247	529 
248	899 
249	212 
250	166 
251	353 
252	786 
253	667 
254	580 
255	459 
256	938 
257	901 
258	219 
259	420 
260	911 
261	512 
262	582 
263	477 
264	221 
265	467 
266	702 
267	856 
268	696 
269	541 
270	217 
271	191 
272	693 
273	482 
274	718 
275	685 
276	632 
277	386 
278	171 
279	441 
280	347 
281	662 
282	494 
283	526 
284	731 
285	459 
286	138 
287	945 
288	158 
289	67 
290	199 
291	739 
292	356 
293	888 
294	221 
295	504 
296	903 
297	303 
298	71 
299	76 
300	3 
301	169 
302	236 
303	437 
304	931 
305	255 
306	268 
307	475 
308	116 
309	127 
310	45 
311	117 
312	769 
313	317 
314	51 
315	11 
316	49 
317	449 
318	579 
319	1 
320	158 
321	440 
322	229 
323	851 
324	837 
325	875 
326	2 
327	595 
328	841 
329	561 
330	67 
331	867 
332	763 
333	913 
334	248 
335	678 
336	108 
337	729 
338	878 
339	459 
340	735 
341	43 
342	607 
343	665 
344	297 
345	177 
346	617 
347	402 
348	262 
349	392 
350	552 
351	763 
352	277 
353	566 
354	211 
355	143 
356	812 
357	536 
358	323 
359	514 
360	730 
361	116 
362	117 
363	395 
364	49 
365	143 
366	128 
367	68 
368	342 
369	692 
370	213 
371	3 
372	735 
373	932 
374	879 
375	693 
376	542 
377	100 
378	481 
379	287 
380	296 
381	345 
382	446 
383	340 
384	658 
385	150 
386	550 
387	739 
388	640 
389	802 
390	194 
391	28 
392	864 
393	410 
394	279 
395	759 
396	185 
397	743 
398	67 
399	892 
400	578 
401	45 
402	121 
403	924 
404	396 
405	772 
406	133 
407	486 
408	829 
409	463 
410	459 
411	154 
412	304 
413	129 
414	34 
415	676 
416	848 
417	610 
418	266 
419	482 
420	921 
421	542 
422	454 
423	543 
424	472 
425	826 
426	83 
427	668 
428	600 
429	633 
430	548 
431	912 
432	463 
433	780 
434	112 
435	836 
436	441 
437	524 
438	893 
439	842 
440	736 
441	630 
442	374 
443	944 
444	771 
445	53 
446	409 
447	157 
448	359 
449	889 
450	268 
451	99 
452	621 
453	659 
454	701 
455	596 
456	586 
457	527 
458	596 
459	294 
460	64 
461	450 
462	715 
463	202 
464	748 
465	194 
466	938 
467	45 
468	713 
469	159 
470	831 
471	651 
472	946 
473	147 
474	165 
475	763 
476	872 
477	603 
478	696 
479	900 
480	174 
481	511 
482	114 
483	437 
484	898 
485	661 
486	28 
487	449 
488	690 
489	944 
490	783 
491	937 
492	911 
493	811 
494	266 
495	78 
496	767 
497	163 
498	71 
499	813 
500	863 
501	692 
502	659 
503	59 
504	16 
505	430 
506	246 
507	82 
508	387 
509	897 
510	623 
511	452 
512	826 
513	83 
514	307 
515	819 
516	888 
517	754 
518	754 
519	344 
520	337 
521	571 
522	57 
523	503 
524	221 
525	445 
526	364 
527	819 
528	566 
529	508 
530	205 
531	425 
532	473 
533	204 
534	12 
535	677 
536	616 
537	471 
538	341 
539	359 
540	482 
541	654 
542	925 
543	412 
544	799 
545	826 
546	582 
547	276 
548	199 
549	99 
550	305 
551	91 
552	402 
553	780 
554	387 
555	693 
556	482 
557	284 
558	664 
559	346 
560	596 
561	919 
562	279 
563	96 
564	780 
565	226 
566	542 
567	914 
568	486 
569	552 
570	3 
571	764 
572	234 
573	77 
574	10 
575	88 
576	936 
577	799 
578	577 
579	371 
580	669 
581	745 
582	292 
583	535 
584	117 
585	825 
586	944 
587	346 
588	432 
589	893 
590	467 
591	455 
592	492 
593	602 
594	154 
595	568 
596	409 
597	754 
598	427 
599	663 
600	511 
601	628 
602	439 
603	236 
604	41 
605	175 
606	494 
607	745 
608	319 
609	121 
610	124 
611	549 
612	458 
613	163 
614	835 
615	688 
616	556 
617	77 
618	475 
619	528 
620	572 
621	202 
622	835 
623	450 
624	510 
625	397 
626	18 
627	740 
628	887 
629	263 
630	636 
631	390 
632	875 
633	377 
634	472 
635	477 
636	603 
637	805 
638	398 
639	224 
640	467 
641	565 
642	8 
643	138 
644	62 
645	794 
646	745 
647	239 
648	123 
649	924 
650	152 
651	358 
652	814 
653	882 
654	731 
655	579 
656	835 
657	191 
658	93 
659	935 
660	865 
661	924 
662	52 
663	763 
664	652 
665	94 
666	628 
667	826 
668	13 
669	304 
670	596 
671	143 
672	474 
673	702 
674	410 
675	762 
676	646 
677	925 
678	178 
679	477 
680	227 
681	356 
682	132 
683	645 
684	331 
685	225 
686	212 
687	783 
688	359 
689	856 
690	918 
691	159 
692	608 
693	596 
694	855 
695	285 
696	460 
697	37 
698	277 
699	275 
700	666 
701	701 
702	356 
703	262 
704	635 
705	96 
706	742 
707	887 
708	387 
709	802 
710	409 
711	768 
712	552 
713	287 
714	543 
715	292 
716	756 
717	16 
718	135 
719	790 
720	37 
721	52 
722	865 
723	623 
724	184 
725	342 
726	11 
727	832 
728	263 
729	777 
730	562 
731	630 
732	336 
733	813 
734	181 
735	180 
736	159 
737	346 
738	491 
739	529 
740	315 
741	157 
742	737 
743	339 
744	563 
745	600 
746	528 
747	892 
748	76 
749	226 
750	789 
751	339 
752	243 
753	575 
754	867 
755	247 
756	304 
757	433 
758	34 
759	199 
760	277 
761	67 
762	459 
763	519 
764	866 
765	921 
766	743 
767	33 
768	596 
769	553 
770	463 
771	763 
772	682 
773	1 
774	415 
775	925 
776	688 
777	475 
778	203 
779	163 
780	290 
781	844 
782	518 
783	238 
784	343 
785	262 
786	139 
787	600 
788	463 
789	67 
790	142 
791	117 
792	504 
793	111 
794	219 
795	50 
796	194 
797	509 
798	909 
799	552 
800	709 
801	38 
802	48 
803	813 
804	485 
805	718 
806	882 
807	547 
808	56 
809	916 
810	511 
811	864 
812	353 
813	746 
814	1 
815	874 
816	618 
817	731 
818	859 
819	290 
820	155 
821	820 
822	286 
823	139 
824	154 
825	437 
826	290 
827	540 
828	84 
829	767 
830	16 
831	384 
832	636 
833	557 
834	457 
835	262 
836	528 
837	701 
838	409 
839	378 
840	687 
841	812 
842	537 
843	134 
844	31 
845	501 
846	391 
847	864 
848	748 
849	488 
850	775 
851	836 
852	783 
853	328 
854	500 
855	83 
856	34 
857	155 
858	553 
859	847 
860	772 
861	106 
862	205 
863	578 
864	560 
865	80 
866	411 
867	475 
868	479 
869	150 
870	886 
871	544 
872	345 
873	194 
874	731 
875	157 
876	89 
877	31 
878	933 
879	872 
880	135 
881	872 
882	699 
883	596 
884	480 
885	488 
886	615 
887	234 
888	134 
889	21 
890	717 
891	927 
892	924 
893	888 
894	656 
895	24 
896	815 
897	510 
898	507 
899	710 
900	208 
901	51 
902	210 
903	72 
904	466 
905	471 
906	328 
907	24 
908	324 
909	315 
910	124 
911	12 
912	540 
913	123 
914	743 
915	506 
916	667 
917	630 
918	528 
919	111 
920	580 
921	745 
922	648 
923	246 
924	452 
925	938 
926	444 
927	392 
928	696 
929	752 
930	704 
931	506 
932	352 
933	475 
934	286 
935	279 
936	591 
937	262 
938	25 
939	221 
940	116 
941	310 
942	492 
943	346 
944	248 
945	58 
946	266 
947	906 
948	266 
949	726 
950	922 
951	104 
952	569 
953	531 
954	837 
955	882 
956	792 
957	377 
958	616 
959	722 
960	454 
961	659 
962	877 
963	2 
964	391 
965	887 
966	238 
967	88 
968	411 
969	491 
970	183 
971	124 
972	232 
973	549 
974	501 
975	618 
976	595 
977	43 
978	186 
979	368 
980	692 
981	445 
982	343 
983	542 
984	837 
985	315 
986	780 
987	696 
988	775 
989	450 
990	299 
991	285 
992	550 
993	207 
994	512 
995	5 
996	854 
997	786 
998	334 
999	586 
1000	914 
1001	251 
1002	426 
1003	838 
1004	623 
1005	754 
1006	190 
1007	58 
1008	378 
1009	70 
1010	485 
1011	790 
1012	33 
1013	15 
1014	449 
1015	575 
1016	95 
1017	388 
1018	496 
1019	191 
1020	331 
1021	745 
1022	14 
1023	281 
1024	908 
1025	631 
1026	302 
1027	159 
1028	25 
1029	546 
1030	911 
1031	829 
1032	678 
1033	347 
1034	862 
1035	797 
1036	782 
1037	296 
1038	702 
1039	909 
1040	504 
1041	610 
1042	589 
1043	633 
1044	475 
1045	391 
1046	643 
1047	900 
1048	723 
1049	255 
1050	522 
1051	746 
1052	476 
1053	376 
1054	839 
1055	551 
1056	343 
1057	154 
1058	285 
1059	825 
1060	281 
1061	287 
1062	688 
1063	558 
1064	640 
1065	159 
1066	621 
1067	607 
1068	820 
1069	692 
1070	204 
1071	218 
1072	67 
1073	944 
1074	346 
1075	336 
1076	625 
1077	350 
1078	342 
1079	886 
1080	607 
1081	67 
1082	691 
1083	164 
1084	353 
1085	13 
1086	114 
1087	500 
1088	372 
1089	80 
1090	31 
1091	115 
1092	14 
1093	74 
1094	162 
1095	99 
1096	283 
1097	656 
1098	354 
1099	363 
1100	705 
1101	127 
1102	321 
1103	748 
1104	463 
1105	232 
1106	304 
1107	764 
1108	856 
1109	666 
1110	67 
1111	636 
1112	890 
1113	893 
1114	690 
1115	713 
1116	681 
1117	798 
1118	884 
1119	77 
1120	229 
1121	938 
1122	387 
1123	884 
1124	603 
1125	578 
1126	812 
1127	5 
1128	119 
1129	886 
1130	632 
1131	498 
1132	147 
1133	852 
1134	681 
1135	811 
1136	914 
1137	387 
1138	640 
1139	12 
1140	681 
1141	503 
1142	278 
1143	392 
1144	784 
1145	246 
1146	546 
1147	87 
1148	745 
1149	681 
1150	227 
1151	775 
1152	855 
1153	732 
1154	661 
1155	813 
1156	467 
1157	475 
1158	128 
1159	51 
1160	520 
1161	814 
1162	340 
1163	83 
1164	836 
1165	924 
1166	675 
1167	868 
1168	825 
1169	441 
1170	126 
1171	194 
1172	693 
1173	738 
1174	516 
1175	580 
1176	34 
1177	715 
1178	286 
1179	286 
1180	520 
1181	96 
1182	926 
1183	741 
1184	870 
1185	64 
1186	676 
1187	692 
1188	406 
1189	659 
1190	837 
1191	304 
1192	696 
1193	51 
1194	60 
1195	482 
1196	568 
1197	635 
1198	880 
1199	379 
1200	70 
1201	623 
1202	692 
1203	16 
1204	163 
1205	155 
1206	270 
1207	320 
1208	635 
1209	599 
1210	731 
1211	640 
1212	820 
1213	644 
1214	944 
1215	745 
1216	925 
1217	134 
1218	356 
1219	227 
1220	154 
1221	837 
1222	827 
1223	668 
1224	258 
1225	811 
1226	459 
1227	628 
1228	552 
1229	789 
1230	481 
1231	555 
1232	34 
1233	56 
1234	797 
1235	636 
1236	829 
1237	25 
1238	199 
1239	835 
1240	665 
1241	280 
1242	211 
1243	465 
1244	749 
1245	895 
1246	754 
1247	304 
1248	663 
1249	511 
1250	834 
1251	150 
1252	440 
1253	363 
1254	261 
1255	389 
1256	277 
1257	292 
1258	757 
1259	356 
1260	764 
1261	363 
1262	742 
1263	151 
1264	206 
1265	133 
1266	753 
1267	579 
1268	714 
1269	792 
1270	527 
1271	181 
1272	475 
1273	279 
1274	802 
1275	115 
1276	343 
1277	645 
1278	417 
1279	358 
1280	345 
1281	595 
1282	839 
1283	248 
1284	34 
1285	526 
1286	535 
1287	68 
1288	31 
1289	789 
1290	646 
1291	68 
1292	668 
1293	344 
1294	224 
1295	704 
1296	106 
1297	331 
1298	266 
1299	912 
1300	123 
1301	407 
1302	557 
1303	860 
1304	747 
1305	653 
1306	225 
1307	497 
1308	361 
1309	542 
1310	396 
1311	31 
1312	49 
1313	264 
1314	467 
1315	571 
1316	509 
1317	691 
1318	112 
1319	736 
1320	434 
1321	70 
1322	164 
1323	100 
1324	580 
1325	666 
1326	504 
1327	689 
1328	477 
1329	784 
1330	681 
1331	572 
1332	35 
1333	636 
1334	1 
1335	441 
1336	832 
1337	748 
1338	709 
1339	285 
1340	806 
1341	343 
1342	943 
1343	15 
1344	936 
1345	850 
1346	263 
1347	201 
1348	356 
1349	575 
1350	73 
1351	568 
1352	848 
1353	267 
1354	591 
1355	731 
1356	60 
1357	840 
1358	75 
1359	614 
1360	549 
1361	137 
1362	363 
1363	21 
1364	372 
1365	526 
1366	684 
1367	623 
1368	190 
1369	529 
1370	148 
1371	841 
1372	920 
1373	609 
1374	304 
1375	585 
1376	50 
1377	77 
1378	550 
1379	331 
1380	291 
1381	290 
1382	426 
1383	370 
1384	857 
1385	290 
1386	121 
1387	280 
1388	86 
1389	871 
1390	718 
1391	315 
1392	763 
1393	906 
1394	938 
1395	645 
1396	662 
1397	81 
1398	528 
1399	811 
1400	89 
1401	161 
1402	181 
1403	646 
1404	98 
1405	757 
1406	74 
1407	642 
1408	912 
1409	925 
1410	924 
1411	675 
1412	701 
1413	139 
1414	384 
1415	721 
1416	864 
1417	644 
1418	839 
1419	555 
1420	591 
1421	621 
1422	338 
1423	805 
1424	75 
1425	932 
1426	191 
1427	668 
1428	3 
1429	424 
1430	889 
1431	42 
1432	224 
1433	792 
1434	464 
1435	194 
1436	402 
1437	643 
1438	527 
1439	652 
1440	459 
1441	879 
1442	448 
1443	618 
1444	622 
1445	594 
1446	545 
1447	262 
1448	328 
1449	173 
1450	256 
1451	691 
1452	363 
1453	63 
1454	562 
1455	451 
1456	170 
1457	106 
1458	532 
1459	913 
1460	865 
1461	550 
1462	225 
1463	417 
1464	13 
1465	238 
1466	549 
1467	64 
1468	49 
1469	106 
1470	604 
1471	549 
1472	763 
1473	322 
1474	417 
1475	610 
1476	213 
1477	759 
1478	720 
1479	387 
1480	361 
1481	462 
1482	431 
1483	256 
1484	636 
1485	147 
1486	192 
1487	454 
1488	817 
1489	889 
1490	832 
1491	522 
1492	483 
1493	783 
1494	402 
1495	67 
1496	193 
1497	882 
1498	281 
1499	23 
1500	248 
1501	775 
1502	909 
1503	695 
1504	704 
1505	720 
1506	598 
1507	34 
1508	617 
1509	457 
1510	557 
1511	483 
1512	822 
1513	251 
1514	1 
1515	699 
1516	663 
1517	563 
1518	224 
1519	784 
1520	510 
1521	878 
1522	652 
1523	493 
1524	924 
1525	568 
1526	749 
1527	886 
1528	328 
1529	229 
1530	304 
1531	363 
1532	889 
1533	612 
1534	492 
1535	469 
1536	909 
1537	99 
1538	513 
1539	189 
1540	221 
1541	676 
1542	92 
1543	745 
1544	557 
1545	834 
1546	427 
1547	167 
1548	945 
1549	887 
1550	154 
1551	496 
1552	446 
1553	248 
1554	911 
1555	859 
1556	257 
1557	943 
1558	218 
1559	224 
1560	692 
1561	91 
1562	668 
1563	24 
1564	102 
1565	718 
1566	731 
1567	127 
1568	623 
1569	277 
1570	875 
1571	367 
1572	486 
1573	696 
1574	368 
1575	743 
1576	610 
1577	928 
1578	213 
1579	184 
1580	835 
1581	777 
1582	67 
1583	300 
1584	603 
1585	292 
1586	331 
1587	372 
1588	356 
1589	387 
1590	56 
1591	848 
1592	13 
1593	290 
1594	336 
1595	294 
1596	318 
1597	349 
1598	558 
1599	388 
1600	181 
1601	848 
1602	353 
1603	328 
1604	472 
1605	797 
1606	283 
1607	269 
1608	243 
1609	19 
1610	691 
1611	341 
1612	550 
1613	660 
1614	52 
1615	852 
1616	820 
1617	857 
1618	812 
1619	34 
1620	411 
1621	115 
1622	437 
1623	683 
1624	544 
1625	944 
1626	568 
1627	610 
1628	379 
1629	25 
1630	518 
1631	105 
1632	549 
1633	884 
1634	410 
1635	834 
1636	42 
1637	536 
1638	851 
1639	845 
1640	747 
1641	290 
1642	363 
1643	514 
1644	191 
1645	905 
1646	459 
1647	199 
1648	134 
1649	332 
1650	807 
1651	330 
1652	505 
1653	811 
1654	28 
1655	399 
1656	851 
1657	372 
1658	24 
1659	807 
1660	412 
1661	399 
1662	359 
1663	913 
1664	304 
1665	117 
1666	328 
1667	911 
1668	767 
1669	775 
1670	166 
1671	72 
1672	837 
1673	821 
1674	944 
1675	256 
1676	73 
1677	190 
1678	129 
1679	472 
1680	160 
1681	489 
1682	234 
1683	840 
1684	933 
1685	652 
1686	696 
1687	710 
1688	398 
1689	396 
1690	839 
1691	196 
1692	731 
1693	141 
1694	304 
1695	848 
1696	353 
1697	636 
1698	405 
1699	745 
1700	453 
1701	886 
1702	74 
1703	221 
1704	691 
1705	51 
1706	148 
1707	802 
1708	868 
1709	494 
1710	266 
1711	14 
1712	820 
1713	898 
1714	528 
1715	650 
1716	459 
1717	114 
1718	470 
1719	835 
1720	228 
1721	614 
1722	190 
1723	478 
1724	569 
1725	531 
1726	642 
1727	631 
1728	875 
1729	229 
1730	691 
1731	78 
1732	668 
1733	683 
1734	242 
1735	859 
1736	754 
1737	558 
1738	24 
1739	48 
1740	52 
1741	931 
1742	752 
1743	654 
1744	172 
1745	175 
1746	600 
1747	263 
1748	678 
1749	763 
1750	725 
1751	83 
1752	258 
1753	283 
1754	450 
1755	90 
1756	941 
1757	17 
1758	618 
1759	282 
1760	494 
1761	752 
1762	278 
1763	558 
1764	174 
1765	573 
1766	213 
1767	474 
1768	924 
1769	904 
1770	783 
1771	251 
1772	175 
1773	909 
1774	811 
1775	810 
1776	779 
1777	151 
1778	10 
1779	485 
1780	79 
1781	584 
1782	114 
1783	836 
1784	269 
1785	392 
1786	562 
1787	596 
1788	817 
1789	561 
1790	396 
1791	597 
1792	427 
1793	123 
1794	630 
1795	52 
1796	581 
1797	669 
1798	772 
1799	531 
1800	236 
1801	911 
1802	499 
1803	766 
1804	185 
1805	377 
1806	481 
1807	695 
1808	109 
1809	692 
1810	567 
1811	920 
1812	367 
1813	551 
1814	717 
1815	581 
1816	811 
1817	820 
1818	427 
1819	750 
1820	849 
1821	186 
1822	892 
1823	286 
1824	343 
1825	70 
1826	718 
1827	597 
1828	106 
1829	896 
1830	839 
1831	842 
1832	656 
1833	849 
1834	751 
1835	434 
1836	475 
1837	623 
1838	544 
1839	37 
1840	122 
1841	229 
1842	56 
1843	685 
1844	699 
1845	441 
1846	449 
1847	887 
1848	944 
1849	234 
1850	337 
1851	181 
1852	494 
1853	739 
1854	820 
1855	169 
1856	839 
1857	587 
1858	609 
1859	676 
1860	668 
1861	315 
1862	194 
1863	732 
1864	935 
1865	133 
1866	269 
1867	139 
1868	355 
1869	281 
1870	704 
1871	936 
1872	923 
1873	780 
1874	882 
1875	87 
1876	132 
1877	15 
1878	824 
1879	207 
1880	164 
1881	937 
1882	60 
1883	169 
1884	610 
1885	194 
1886	359 
1887	701 
1888	635 
1889	206 
1890	754 
1891	914 
1892	803 
1893	331 
1894	77 
1895	45 
1896	128 
1897	330 
1898	693 
1899	766 
1900	825 
1901	377 
1902	334 
1903	901 
1904	1 
1905	678 
1906	11 
1907	549 
1908	37 
1909	551 
1910	542 
1911	256 
1912	76 
1913	549 
1914	457 
1915	859 
1916	740 
1917	512 
1918	560 
1919	550 
1920	691 
1921	158 
1922	238 
1923	529 
1924	16 
1925	592 
1926	24 
1927	853 
1928	75 
1929	943 
1930	461 
1931	745 
1932	282 
1933	361 
1934	483 
1935	315 
1936	387 
1937	937 
1938	911 
1939	817 
1940	277 
1941	14 
1942	754 
1943	463 
1944	420 
1945	156 
1946	523 
1947	745 
1948	345 
1949	125 
1950	117 
1951	577 
1952	527 
1953	285 
1954	796 
1955	53 
1956	860 
1957	755 
1958	729 
1959	474 
1960	102 
1961	660 
1962	236 
1963	832 
1964	51 
1965	779 
1966	373 
1967	494 
1968	247 
1969	421 
1970	68 
1971	74 
1972	64 
1973	410 
1974	11 
1975	811 
1976	3 
1977	811 
1978	550 
1979	124 
1980	521 
1981	819 
1982	368 
1983	356 
1984	58 
1985	70 
1986	945 
1987	875 
1988	353 
1989	282 
1990	625 
1991	586 
1992	667 
1993	116 
1994	34 
1995	138 
1996	740 
1997	587 
1998	35 
1999	630 
2000	232 
2001	225 
2002	563 
2003	441 
2004	704 
2005	3 
2006	230 
2007	889 
2008	174 
2009	770 
2010	494 
2011	744 
2012	893 
2013	820 
2014	932 
2015	355 
2016	846 
2017	366 
2018	146 
2019	138 
2020	758 
2021	763 
2022	422 
2023	226 
2024	135 
2025	331 
2026	829 
2027	466 
2028	472 
2029	471 
2030	542 
2031	379 
2032	913 
2033	13 
2034	419 
2035	363 
2036	7 
2037	57 
2038	312 
2039	342 
2040	743 
2041	89 
2042	886 
2043	647 
2044	146 
2045	290 
2046	837 
2047	703 
2048	725 
2049	888 
2050	317 
2051	558 
2052	456 
2053	279 
2054	181 
2055	562 
2056	902 
2057	453 
2058	375 
2059	618 
2060	319 
2061	641 
2062	308 
2063	795 
2064	35 
2065	370 
2066	590 
2067	87 
2068	701 
2069	568 
2070	926 
2071	392 
2072	854 
2073	52 
2074	663 
2075	514 
2076	911 
2077	735 
2078	345 
2079	374 
2080	18 
2081	483 
2082	208 
2083	912 
2084	536 
2085	286 
2086	531 
2087	544 
2088	498 
2089	844 
2090	599 
2091	10 
2092	262 
2093	820 
2094	773 
2095	227 
2096	276 
2097	882 
2098	463 
2099	660 
2100	236 
2101	603 
2102	509 
2103	327 
2104	387 
2105	112 
2106	742 
2107	477 
2108	520 
2109	106 
2110	78 
2111	597 
2112	444 
2113	922 
2114	377 
2115	799 
2116	489 
2117	834 
2118	351 
2119	620 
2120	128 
2121	679 
2122	560 
2123	429 
2124	527 
2125	636 
2126	747 
2127	159 
2128	549 
2129	441 
2130	599 
2131	849 
2132	844 
2133	56 
2134	328 
2135	224 
2136	266 
2137	709 
2138	48 
2139	864 
2140	60 
2141	767 
2142	34 
2143	111 
2144	555 
2145	290 
2146	15 
2147	436 
2148	743 
2149	32 
2150	407 
2151	676 
2152	850 
2153	562 
2154	340 
2155	344 
2156	24 
2157	137 
2158	528 
2159	576 
2160	208 
2161	285 
2162	633 
2163	693 
2164	932 
2165	636 
2166	396 
2167	503 
2168	304 
2169	512 
2170	475 
2171	467 
2172	820 
2173	200 
2174	180 
2175	163 
2176	154 
2177	627 
2178	628 
2179	816 
2180	331 
2181	229 
2182	67 
2183	68 
2184	797 
2185	154 
2186	159 
2187	782 
2188	353 
2189	385 
2190	749 
2191	13 
2192	163 
2193	67 
2194	157 
2195	247 
2196	171 
2197	72 
2198	763 
2199	623 
2200	247 
2201	865 
2202	820 
2203	859 
2204	415 
2205	59 
2206	112 
2207	84 
2208	33 
2209	601 
2210	763 
2211	201 
2212	362 
2213	277 
2214	659 
2215	224 
2216	510 
2217	341 
2218	344 
2219	902 
2220	688 
2221	31 
2222	16 
2223	928 
2224	660 
2225	867 
2226	844 
2227	531 
2228	391 
2229	102 
2230	134 
2231	21 
2232	169 
2233	762 
2234	110 
2235	691 
2236	717 
2237	63 
2238	210 
2239	892 
2240	762 
2241	13 
2242	353 
2243	392 
2244	833 
2245	526 
2246	653 
2247	89 
2248	635 
2249	344 
2250	720 
2251	861 
2252	580 
2253	878 
2254	133 
2255	680 
2256	259 
2257	909 
2258	576 
2259	210 
2260	480 
2261	719 
2262	725 
2263	588 
2264	126 
2265	242 
2266	889 
2267	134 
2268	690 
2269	861 
2270	630 
2271	745 
2272	328 
2273	84 
2274	780 
2275	491 
2276	302 
2277	252 
2278	97 
2279	748 
2280	607 
2281	581 
2282	248 
2283	263 
2284	909 
2285	53 
2286	506 
2287	745 
2288	835 
2289	702 
2290	893 
2291	43 
2292	181 
2293	3 
2294	63 
2295	835 
2296	13 
2297	158 
2298	900 
2299	317 
2300	451 
2301	867 
2302	163 
2303	629 
2304	74 
2305	232 
2306	37 
2307	83 
2308	75 
2309	486 
2310	528 
2311	172 
2312	588 
2313	777 
2314	745 
2315	911 
2316	343 
2317	77 
2318	221 
2319	681 
2320	114 
2321	561 
2322	488 
2323	789 
2324	121 
2325	253 
2326	161 
2327	93 
2328	748 
2329	483 
2330	787 
2331	202 
2332	387 
2333	779 
2334	132 
2335	457 
2336	599 
2337	562 
2338	578 
2339	42 
2340	458 
2341	237 
2342	552 
2343	187 
2344	89 
2345	644 
2346	575 
2347	488 
2348	847 
2349	87 
2350	102 
2351	688 
2352	285 
2353	92 
2354	717 
2355	509 
2356	789 
2357	244 
2358	375 
2359	513 
2360	248 
2361	166 
2362	693 
2363	344 
2364	696 
2365	583 
2366	380 
2367	279 
2368	780 
2369	875 
2370	449 
2371	247 
2372	679 
2373	59 
2374	424 
2375	541 
2376	224 
2377	315 
2378	231 
2379	895 
2380	127 
2381	183 
2382	630 
2383	625 
2384	475 
2385	34 
2386	628 
2387	758 
2388	595 
2389	643 
2390	450 
2391	933 
2392	355 
2393	531 
2394	837 
2395	482 
2396	507 
2397	626 
2398	337 
2399	596 
2400	483 
2401	127 
2402	410 
2403	430 
2404	425 
2405	483 
2406	900 
2407	59 
2408	883 
2409	587 
2410	831 
2411	171 
2412	717 
2413	292 
2414	10 
2415	676 
2416	911 
2417	610 
2418	706 
2419	410 
2420	132 
2421	373 
2422	398 
2423	482 
2424	946 
2425	742 
2426	816 
2427	145 
2428	820 
2429	173 
2430	886 
2431	841 
2432	812 
2433	596 
2434	673 
2435	887 
2436	463 
2437	72 
2438	229 
2439	815 
2440	139 
2441	536 
2442	779 
2443	211 
2444	330 
2445	494 
2446	389 
2447	227 
2448	789 
2449	124 
2450	233 
2451	51 
2452	835 
2453	511 
2454	485 
2455	372 
2456	692 
2457	898 
2458	129 
2459	675 
2460	99 
2461	506 
2462	922 
2463	666 
2464	248 
2465	290 
2466	5 
2467	75 
2468	449 
2469	207 
2470	199 
2471	96 
2472	536 
2473	127 
2474	453 
2475	924 
2476	772 
2477	669 
2478	575 
2479	230 
2480	597 
2481	407 
2482	910 
2483	766 
2484	402 
2485	481 
2486	70 
2487	590 
2488	248 
2489	566 
2490	644 
2491	740 
2492	127 
2493	86 
2494	343 
2495	611 
2496	219 
2497	387 
2498	74 
2499	741 
2500	744 
2501	884 
2502	496 
2503	282 
2504	467 
2505	374 
2506	717 
2507	467 
2508	42 
2509	120 
2510	224 
2511	320 
2512	488 
2513	331 
2514	330 
2515	208 
2516	136 
2517	635 
2518	334 
2519	138 
2520	911 
2521	197 
2522	865 
2523	379 
2524	25 
2525	598 
2526	888 
2527	865 
2528	463 
2529	856 
2530	925 
2531	915 
2532	186 
2533	152 
2534	413 
2535	194 
2536	596 
2537	572 
2538	100 
2539	770 
2540	62 
2541	440 
2542	247 
2543	149 
2544	731 
2545	396 
2546	208 
2547	364 
2548	257 
2549	875 
2550	426 
2551	924 
2552	713 
2553	450 
2554	222 
2555	541 
2556	121 
2557	710 
2558	623 
2559	135 
2560	878 
2561	844 
2562	610 
2563	418 
2564	279 
2565	453 
2566	581 
2567	644 
2568	196 
2569	835 
2570	749 
2571	390 
2572	811 
2573	635 
2574	383 
2575	587 
2576	844 
2577	812 
2578	212 
2579	812 
2580	722 
2581	1 
2582	748 
2583	287 
2584	410 
2585	466 
2586	248 
2587	585 
2588	122 
2589	407 
2590	127 
2591	372 
2592	18 
2593	420 
2594	675 
2595	400 
2596	760 
2597	164 
2598	162 
2599	773 
2600	920 
2601	89 
2602	888 
2603	869 
2604	534 
2605	658 
2606	331 
2607	179 
2608	173 
2609	15 
2610	455 
2611	563 
2612	892 
2613	880 
2614	531 
2615	353 
2616	381 
2617	757 
2618	811 
2619	663 
2620	171 
2621	925 
2622	293 
2623	645 
2624	23 
2625	938 
2626	577 
2627	700 
2628	647 
2629	232 
2630	483 
2631	159 
2632	597 
2633	646 
2634	227 
2635	396 
2636	178 
2637	52 
2638	777 
2639	875 
2640	570 
2641	440 
2642	536 
2643	79 
2644	69 
2645	792 
2646	593 
2647	782 
2648	402 
2649	932 
2650	731 
2651	172 
2652	549 
2653	640 
2654	181 
2655	457 
2656	331 
2657	227 
2658	575 
2659	396 
2660	208 
2661	698 
2662	97 
2663	430 
2664	675 
2665	378 
2666	938 
2667	880 
2668	835 
2669	696 
2670	335 
2671	231 
2672	759 
2673	149 
2674	508 
2675	34 
2676	932 
2677	51 
2678	715 
2679	780 
2680	169 
2681	227 
2682	175 
2683	688 
2684	811 
2685	127 
2686	737 
2687	820 
2688	163 
2689	188 
2690	213 
2691	169 
2692	475 
2693	244 
2694	937 
2695	343 
2696	878 
2697	220 
2698	852 
2699	374 
2700	819 
2701	631 
2702	426 
2703	390 
2704	770 
2705	693 
2706	437 
2707	97 
2708	847 
2709	771 
2710	775 
2711	316 
2712	87 
2713	587 
2714	924 
2715	360 
2716	37 
2717	234 
2718	154 
2719	667 
2720	373 
2721	159 
2722	542 
2723	108 
2724	651 
2725	138 
2726	199 
2727	286 
2728	692 
2729	760 
2730	345 
2731	104 
2732	583 
2733	892 
2734	745 
2735	910 
2736	531 
2737	877 
2738	23 
2739	923 
2740	877 
2741	826 
2742	449 
2743	219 
2744	560 
2745	77 
2746	96 
2747	714 
2748	286 
2749	111 
2750	745 
2751	437 
2752	881 
2753	667 
2754	402 
2755	730 
2756	162 
2757	30 
2758	596 
2759	262 
2760	431 
2761	111 
2762	243 
2763	396 
2764	603 
2765	353 
2766	159 
2767	325 
2768	45 
2769	725 
2770	649 
2771	594 
2772	410 
2773	113 
2774	657 
2775	886 
2776	327 
2777	863 
2778	739 
2779	456 
2780	792 
2781	353 
2782	683 
2783	478 
2784	850 
2785	782 
2786	141 
2787	232 
2788	440 
2789	568 
2790	312 
2791	628 
2792	278 
2793	840 
2794	369 
2795	379 
2796	681 
2797	719 
2798	239 
2799	616 
2800	353 
2801	18 
2802	277 
2803	152 
2804	547 
2805	939 
2806	299 
2807	754 
2808	330 
2809	552 
2810	475 
2811	524 
2812	578 
2813	361 
2814	799 
2815	354 
2816	534 
2817	489 
2818	23 
2819	498 
2820	739 
2821	209 
2822	606 
2823	851 
2824	99 
2825	419 
2826	938 
2827	453 
2828	426 
2829	79 
2830	676 
2831	50 
2832	494 
2833	287 
2834	862 
2835	122 
2836	453 
2837	936 
2838	925 
2839	825 
2840	504 
2841	233 
2842	911 
2843	675 
2844	589 
2845	937 
2846	476 
2847	868 
2848	361 
2849	306 
2850	857 
2851	886 
2852	527 
2853	153 
2854	707 
2855	368 
2856	240 
2857	851 
2858	823 
2859	875 
2860	238 
2861	410 
2862	143 
2863	929 
2864	14 
2865	64 
2866	171 
2867	161 
2868	475 
2869	623 
2870	154 
2871	279 
2872	344 
2873	762 
2874	29 
2875	268 
2876	247 
2877	520 
2878	844 
2879	62 
2880	501 
2881	319 
2882	265 
2883	592 
2884	750 
2885	48 
2886	715 
2887	265 
2888	603 
2889	285 
2890	938 
2891	936 
2892	541 
2893	436 
2894	240 
2895	824 
2896	488 
2897	662 
2898	562 
2899	542 
2900	151 
2901	227 
2902	748 
2903	631 
2904	453 
2905	773 
2906	404 
2907	345 
2908	699 
2909	510 
2910	482 
2911	471 
2912	776 
2913	796 
2914	57 
2915	311 
2916	939 
2917	461 
2918	835 
2919	666 
2920	244 
2921	283 
2922	316 
2923	712 
2924	262 
2925	229 
2926	234 
2927	372 
2928	237 
2929	477 
2930	250 
2931	719 
2932	77 
2933	842 
2934	599 
2935	226 
2936	384 
2937	745 
2938	546 
2939	945 
2940	698 
2941	221 
2942	835 
2943	390 
2944	186 
2945	353 
2946	912 
2947	92 
2948	197 
2949	69 
2950	117 
2951	571 
2952	677 
2953	138 
2954	891 
2955	640 
2956	603 
2957	692 
2958	558 
2959	315 
2960	34 
2961	529 
2962	944 
2963	754 
2964	667 
2965	123 
2966	917 
2967	789 
2968	390 
2969	56 
2970	296 
2971	450 
2972	471 
2973	104 
2974	764 
2975	503 
2976	159 
2977	659 
2978	867 
2979	560 
2980	148 
2981	650 
2982	661 
2983	503 
2984	704 
2985	348 
2986	911 
2987	134 
2988	599 
2989	552 
2990	635 
2991	808 
2992	573 
2993	34 
2994	731 
2995	481 
2996	236 
2997	246 
2998	646 
2999	154 
3000	60 
3001	811 
3002	377 
3003	30 
3004	361 
3005	844 
3006	99 
3007	49 
3008	483 
3009	279 
3010	775 
3011	356 
3012	819 
3013	42 
3014	43 
3015	704 
3016	630 
3017	718 
3018	80 
3019	704 
3020	354 
3021	488 
3022	945 
3023	578 
3024	440 
3025	183 
3026	536 
3027	636 
3028	141 
3029	199 
3030	742 
3031	819 
3032	575 
3033	621 
3034	343 
3035	753 
3036	287 
3037	911 
3038	189 
3039	593 
3040	463 
3041	83 
3042	67 
3043	411 
3044	228 
3045	941 
3046	765 
3047	264 
3048	55 
3049	659 
3050	364 
3051	359 
3052	32 
3053	221 
3054	632 
3055	500 
3056	227 
3057	825 
3058	506 
3059	784 
3060	867 
3061	130 
3062	845 
3063	314 
3064	470 
3065	99 
3066	123 
3067	149 
3068	64 
3069	343 
3070	757 
3071	773 
3072	180 
3073	459 
3074	793 
3075	494 
3076	878 
3077	629 
3078	603 
3079	878 
3080	663 
3081	834 
3082	229 
3083	668 
3084	379 
3085	157 
3086	231 
3087	225 
3088	24 
3089	882 
3090	455 
3091	772 
3092	236 
3093	832 
3094	887 
3095	168 
3096	163 
3097	691 
3098	64 
3099	557 
3100	461 
3101	91 
3102	403 
3103	775 
3104	759 
3105	550 
3106	363 
3107	755 
3108	917 
3109	642 
3110	290 
3111	511 
3112	717 
3113	668 
3114	864 
3115	111 
3116	184 
3117	417 
3118	163 
3119	367 
3120	483 
3121	381 
3122	748 
3123	748 
3124	238 
3125	872 
3126	80 
3127	188 
3128	457 
3129	935 
3130	623 
3131	731 
3132	520 
3133	282 
3134	584 
3135	621 
3136	893 
3137	834 
3138	667 
3139	478 
3140	216 
3141	124 
3142	147 
3143	555 
3144	259 
3145	441 
3146	164 
3147	50 
3148	475 
3149	504 
3150	356 
3151	227 
3152	67 
3153	247 
3154	742 
3155	599 
3156	221 
3157	577 
3158	681 
3159	837 
3160	164 
3161	181 
3162	399 
3163	867 
3164	375 
3165	128 
3166	743 
3167	932 
3168	359 
3169	903 
3170	164 
3171	402 
3172	597 
3173	128 
3174	164 
3175	790 
3176	171 
3177	659 
3178	375 
3179	70 
3180	369 
3181	893 
3182	449 
3183	35 
3184	522 
3185	615 
3186	624 
3187	128 
3188	761 
3189	96 
3190	261 
3191	71 
3192	290 
3193	89 
3194	533 
3195	463 
3196	925 
3197	79 
3198	286 
3199	86 
3200	792 
3201	575 
3202	763 
3203	613 
3204	164 
3205	10 
3206	92 
3207	865 
3208	610 
3209	815 
3210	494 
3211	404 
3212	763 
3213	106 
3214	153 
3215	885 
3216	251 
3217	569 
3218	236 
3219	890 
3220	813 
3221	306 
3222	320 
3223	158 
3224	259 
3225	343 
3226	426 
3227	506 
3228	159 
3229	263 
3230	379 
3231	543 
3232	944 
3233	849 
3234	400 
3235	285 
3236	330 
3237	696 
3238	739 
3239	822 
3240	676 
3241	575 
3242	123 
3243	563 
3244	878 
3245	906 
3246	420 
3247	177 
3248	134 
3249	856 
3250	512 
3251	453 
3252	825 
3253	801 
3254	743 
3255	436 
3256	350 
3257	67 
3258	518 
3259	285 
3260	569 
3261	828 
3262	840 
3263	841 
3264	407 
3265	19 
3266	783 
3267	332 
3268	755 
3269	364 
3270	37 
3271	141 
3272	676 
3273	270 
3274	617 
3275	636 
3276	464 
3277	184 
3278	869 
3279	230 
3280	780 
3281	135 
3282	676 
3283	826 
3284	384 
3285	186 
3286	113 
3287	619 
3288	238 
3289	255 
3290	641 
3291	457 
3292	851 
3293	46 
3294	343 
3295	695 
3296	368 
3297	16 
3298	162 
3299	637 
3300	598 
3301	824 
3302	657 
3303	250 
3304	614 
3305	315 
3306	30 
3307	132 
3308	287 
3309	582 
3310	913 
3311	38 
3312	430 
3313	442 
3314	19 
3315	718 
3316	129 
3317	471 
3318	892 
3319	488 
3320	525 
3321	230 
3322	520 
3323	602 
3324	936 
3325	163 
3326	751 
3327	16 
3328	22 
3329	186 
3330	390 
3331	408 
3332	535 
3333	1 
3334	557 
3335	621 
3336	55 
3337	306 
3338	419 
3339	430 
3340	938 
3341	623 
3342	223 
3343	837 
3344	886 
3345	543 
3346	251 
3347	832 
3348	56 
3349	189 
3350	879 
3351	196 
3352	430 
3353	224 
3354	324 
3355	900 
3356	408 
3357	835 
3358	507 
3359	931 
3360	745 
3361	60 
3362	561 
3363	392 
3364	563 
3365	730 
3366	262 
3367	130 
3368	400 
3369	865 
3370	684 
3371	286 
3372	17 
3373	597 
3374	244 
3375	922 
3376	505 
3377	730 
3378	597 
3379	152 
3380	157 
3381	75 
3382	236 
3383	124 
3384	9 
3385	269 
3386	938 
3387	127 
3388	813 
3389	890 
3390	575 
3391	356 
3392	667 
3393	849 
3394	34 
3395	578 
3396	472 
3397	234 
3398	328 
3399	344 
3400	837 
3401	67 
3402	901 
3403	229 
3404	206 
3405	475 
3406	408 
3407	936 
3408	169 
3409	717 
3410	344 
3411	156 
3412	206 
3413	363 
3414	257 
3415	578 
3416	614 
3417	247 
3418	759 
3419	692 
3420	18 
3421	301 
3422	47 
3423	819 
3424	100 
3425	889 
3426	925 
3427	717 
3428	472 
3429	783 
3430	164 
3431	87 
3432	865 
3433	430 
3434	848 
3435	788 
3436	107 
3437	67 
3438	763 
3439	906 
3440	36 
3441	185 
3442	922 
3443	499 
3444	882 
3445	865 
3446	207 
3447	315 
3448	915 
3449	544 
3450	311 
3451	547 
3452	417 
3453	164 
3454	32 
3455	298 
3456	646 
3457	234 
3458	527 
3459	881 
3460	454 
3461	537 
3462	301 
3463	407 
3464	54 
3465	545 
3466	562 
3467	206 
3468	674 
3469	509 
3470	543 
3471	239 
3472	587 
3473	131 
3474	676 
3475	170 
3476	765 
3477	469 
3478	692 
3479	825 
3480	410 
3481	932 
3482	8 
3483	476 
3484	259 
3485	5 
3486	391 
3487	607 
3488	588 
3489	506 
3490	96 
3491	824 
3492	544 
3493	560 
3494	310 
3495	636 
3496	851 
3497	449 
3498	172 
3499	18 
3500	121 
3501	842 
3502	341 
3503	96 
3504	270 
3505	847 
3506	336 
3507	224 
3508	838 
3509	63 
3510	907 
3511	417 
3512	754 
3513	126 
3514	917 
3515	193 
3516	932 
3517	441 
3518	909 
3519	284 
3520	654 
3521	416 
3522	502 
3523	780 
3524	80 
3525	225 
3526	596 
3527	15 
3528	466 
3529	315 
3530	596 
3531	932 
3532	843 
3533	669 
3534	792 
3535	95 
3536	344 
3537	238 
3538	24 
3539	922 
3540	62 
3541	636 
3542	561 
3543	735 
3544	211 
3545	820 
3546	294 
3547	1 
3548	506 
3549	127 
3550	493 
3551	603 
3552	382 
3553	652 
3554	836 
3555	646 
3556	536 
3557	193 
3558	134 
3559	122 
3560	512 
3561	892 
3562	15 
3563	691 
3564	166 
3565	148 
3566	370 
3567	181 
3568	506 
3569	384 
3570	810 
3571	877 
3572	411 
3573	558 
3574	483 
3575	391 
3576	125 
3577	803 
3578	936 
3579	820 
3580	587 
3581	581 
3582	821 
3583	20 
3584	518 
3585	67 
3586	792 
3587	593 
3588	679 
3589	757 
3590	177 
3591	673 
3592	471 
3593	328 
3594	915 
3595	328 
3596	859 
3597	1 
3598	940 
3599	65 
3600	766 
3601	718 
3602	509 
3603	213 
3604	515 
3605	211 
3606	475 
3607	8 
3608	89 
3609	439 
3610	748 
3611	340 
3612	354 
3613	14 
3614	277 
3615	780 
3616	804 
3617	236 
3618	58 
3619	80 
3620	820 
3621	187 
3622	409 
3623	108 
3624	258 
3625	599 
3626	834 
3627	175 
3628	321 
3629	157 
3630	372 
3631	913 
3632	701 
3633	676 
3634	144 
3635	539 
3636	717 
3637	63 
3638	355 
3639	611 
3640	865 
3641	193 
3642	418 
3643	886 
3644	776 
3645	911 
3646	16 
3647	746 
3648	163 
3649	423 
3650	275 
3651	181 
3652	529 
3653	827 
3654	279 
3655	52 
3656	80 
3657	805 
3658	91 
3659	351 
3660	803 
3661	780 
3662	663 
3663	639 
3664	402 
3665	48 
3666	219 
3667	911 
3668	419 
3669	796 
3670	155 
3671	603 
3672	65 
3673	861 
3674	118 
3675	635 
3676	489 
3677	218 
3678	82 
3679	704 
3680	157 
3681	799 
3682	17 
3683	462 
3684	921 
3685	412 
3686	812 
3687	663 
3688	887 
3689	502 
3690	407 
3691	550 
3692	208 
3693	905 
3694	793 
3695	599 
3696	822 
3697	271 
3698	183 
3699	781 
3700	636 
3701	77 
3702	470 
3703	59 
3704	819 
3705	886 
3706	450 
3707	259 
3708	819 
3709	207 
3710	656 
3711	301 
3712	450 
3713	813 
3714	287 
3715	538 
3716	392 
3717	875 
3718	99 
3719	200 
3720	884 
3721	298 
3722	357 
3723	477 
3724	390 
3725	285 
3726	743 
3727	519 
3728	159 
3729	374 
3730	340 
3731	499 
3732	803 
3733	827 
3734	283 
3735	440 
3736	53 
3737	640 
3738	786 
3739	281 
3740	396 
3741	748 
3742	134 
3743	618 
3744	402 
3745	598 
3746	836 
3747	210 
3748	528 
3749	808 
3750	911 
3751	917 
3752	765 
3753	455 
3754	499 
3755	822 
3756	176 
3757	285 
3758	597 
3759	747 
3760	621 
3761	658 
3762	607 
3763	754 
3764	263 
3765	71 
3766	836 
3767	660 
3768	15 
3769	904 
3770	27 
3771	829 
3772	138 
3773	463 
3774	600 
3775	933 
3776	861 
3777	16 
3778	379 
3779	196 
3780	89 
3781	408 
3782	603 
3783	839 
3784	304 
3785	51 
3786	812 
3787	113 
3788	281 
3789	402 
3790	864 
3791	221 
3792	44 
3793	407 
3794	119 
3795	804 
3796	127 
3797	493 
3798	229 
3799	704 
3800	788 
3801	286 
3802	262 
3803	135 
3804	94 
3805	931 
3806	568 
3807	549 
3808	494 
3809	486 
3810	745 
3811	287 
3812	265 
3813	158 
3814	50 
3815	291 
3816	491 
3817	794 
3818	476 
3819	422 
3820	326 
3821	94 
3822	578 
3823	762 
3824	202 
3825	387 
3826	50 
3827	244 
3828	561 
3829	525 
3830	932 
3831	217 
3832	159 
3833	372 
3834	718 
3835	603 
3836	50 
3837	34 
3838	535 
3839	636 
3840	157 
3841	402 
3842	92 
3843	687 
3844	558 
3845	441 
3846	35 
3847	740 
3848	825 
3849	455 
3850	224 
3851	731 
3852	371 
3853	50 
3854	51 
3855	181 
3856	226 
3857	541 
3858	138 
3859	458 
3860	301 
3861	913 
3862	702 
3863	449 
3864	77 
3865	477 
3866	882 
3867	226 
3868	786 
3869	534 
3870	372 
3871	780 
3872	812 
3873	392 
3874	466 
3875	587 
3876	293 
3877	936 
3878	434 
3879	534 
3880	328 
3881	159 
3882	488 
3883	391 
3884	50 
3885	458 
3886	224 
3887	825 
3888	640 
3889	690 
3890	748 
3891	629 
3892	199 
3893	875 
3894	932 
3895	861 
3896	24 
3897	286 
3898	879 
3899	834 
3900	469 
3901	359 
3902	429 
3903	382 
3904	567 
3905	411 
3906	242 
3907	763 
3908	659 
3909	352 
3910	626 
3911	118 
3912	277 
3913	859 
3914	596 
3915	382 
3916	886 
3917	354 
3918	583 
3919	385 
3920	475 
3921	335 
3922	677 
3923	230 
3924	753 
3925	19 
3926	290 
3927	641 
3928	911 
3929	257 
3930	827 
3931	703 
3932	556 
3933	72 
3934	522 
3935	736 
3936	536 
3937	909 
3938	519 
3939	847 
3940	372 
3941	63 
3942	134 
3943	265 
3944	7 
3945	181 
3946	31 
3947	661 
3948	426 
3949	812 
3950	397 
3951	917 
3952	459 
3953	792 
3954	1 
3955	938 
3956	405 
3957	447 
3958	512 
3959	432 
3960	191 
3961	754 
3962	74 
3963	522 
3964	357 
3965	695 
3966	886 
3967	913 
3968	285 
3969	225 
3970	250 
3971	207 
3972	241 
3973	127 
3974	84 
3975	520 
3976	415 
3977	34 
3978	455 
3979	124 
3980	941 
3981	520 
3982	328 
3983	792 
3984	911 
3985	668 
3986	643 
3987	180 
3988	812 
3989	328 
3990	483 
3991	211 
3992	221 
3993	783 
3994	869 
3995	654 
3996	819 
3997	3 
3998	159 
3999	890 
4000	248 
4001	854 
4002	730 
4003	290 
4004	243 
4005	127 
4006	206 
4007	195 
4008	300 
4009	733 
4010	792 
4011	83 
4012	283 
4013	250 
4014	158 
4015	636 
4016	824 
4017	125 
4018	562 
4019	42 
4020	206 
4021	860 
4022	552 
4023	267 
4024	244 
4025	549 
4026	224 
4027	915 
4028	10 
4029	832 
4030	811 
4031	512 
4032	873 
4033	263 
4034	99 
4035	621 
4036	440 
4037	795 
4038	402 
4039	629 
4040	561 
4041	470 
4042	337 
4043	356 
4044	846 
4045	426 
4046	745 
4047	737 
4048	276 
4049	137 
4050	402 
4051	657 
4052	748 
4053	767 
4054	124 
4055	697 
4056	494 
4057	124 
4058	543 
4059	183 
4060	885 
4061	16 
4062	12 
4063	122 
4064	200 
4065	225 
4066	475 
4067	612 
4068	244 
4069	430 
4070	124 
4071	700 
4072	295 
4073	227 
4074	5 
4075	528 
4076	466 
4077	184 
4078	602 
4079	900 
4080	394 
4081	227 
4082	361 
4083	526 
4084	526 
4085	759 
4086	115 
4087	40 
4088	67 
4089	353 
4090	80 
4091	451 
4092	31 
4093	180 
4094	680 
4095	227 
4096	785 
4097	471 
4098	891 
4099	684 
4100	193 
4101	8 
4102	690 
4103	836 
4104	851 
4105	836 
4106	377 
4107	943 
4108	798 
4109	166 
4110	866 
4111	612 
4112	762 
4113	532 
4114	79 
4115	777 
4116	506 
4117	834 
4118	538 
4119	725 
4120	494 
4121	792 
4122	262 
4123	529 
4124	298 
4125	789 
4126	762 
4127	99 
4128	486 
4129	494 
4130	457 
4131	359 
4132	638 
4133	89 
4134	476 
4135	575 
4136	416 
4137	373 
4138	410 
4139	623 
4140	506 
4141	365 
4142	740 
4143	497 
4144	816 
4145	944 
4146	224 
4147	771 
4148	743 
4149	154 
4150	677 
4151	700 
4152	346 
4153	483 
4154	226 
4155	820 
4156	636 
4157	372 
4158	692 
4159	541 
4160	678 
4161	124 
4162	189 
4163	824 
4164	135 
4165	907 
4166	830 
4167	155 
4168	408 
4169	521 
4170	704 
4171	376 
4172	563 
4173	187 
4174	849 
4175	475 
4176	180 
4177	164 
4178	494 
4179	99 
4180	163 
4181	862 
4182	668 
4183	664 
4184	77 
4185	651 
4186	577 
4187	941 
4188	384 
4189	152 
4190	391 
4191	836 
4192	825 
4193	867 
4194	640 
4195	249 
4196	811 
4197	660 
4198	312 
4199	894 
4200	392 
4201	867 
4202	242 
4203	438 
4204	756 
4205	543 
4206	519 
4207	304 
4208	550 
4209	86 
4210	415 
4211	181 
4212	640 
4213	304 
4214	670 
4215	835 
4216	50 
4217	649 
4218	625 
4219	285 
4220	690 
4221	787 
4222	117 
4223	459 
4224	835 
4225	678 
4226	591 
4227	1 
4228	859 
4229	61 
4230	640 
4231	631 
4232	348 
4233	922 
4234	621 
4235	682 
4236	822 
4237	285 
4238	885 
4239	834 
4240	820 
4241	885 
4242	239 
4243	242 
4244	130 
4245	10 
4246	182 
4247	469 
4248	797 
4249	597 
4250	263 
4251	391 
4252	172 
4253	909 
4254	122 
4255	878 
4256	596 
4257	702 
4258	642 
4259	304 
4260	387 
4261	39 
4262	701 
4263	228 
4264	106 
4265	562 
4266	290 
4267	640 
4268	199 
4269	900 
4270	812 
4271	754 
4272	319 
4273	549 
4274	660 
4275	636 
4276	780 
4277	263 
4278	151 
4279	38 
4280	55 
4281	390 
4282	104 
4283	221 
4284	859 
4285	48 
4286	708 
4287	420 
4288	832 
4289	532 
4290	561 
4291	236 
4292	251 
4293	99 
4294	886 
4295	193 
4296	126 
4297	470 
4298	166 
4299	262 
4300	96 
4301	277 
4302	521 
4303	442 
4304	445 
4305	825 
4306	77 
4307	227 
4308	518 
4309	495 
4310	208 
4311	410 
4312	840 
4313	824 
4314	180 
4315	701 
4316	277 
4317	620 
4318	872 
4319	944 
4320	920 
4321	227 
4322	64 
4323	290 
4324	913 
4325	898 
4326	98 
4327	229 
4328	599 
4329	763 
4330	295 
4331	353 
4332	869 
4333	812 
4334	474 
4335	116 
4336	557 
4337	644 
4338	418 
4339	836 
4340	856 
4341	161 
4342	109 
4343	614 
4344	628 
4345	938 
4346	754 
4347	859 
4348	99 
4349	834 
4350	224 
4351	356 
4352	559 
4353	922 
4354	145 
4355	471 
4356	621 
4357	555 
4358	175 
4359	615 
4360	283 
4361	891 
4362	304 
4363	771 
4364	39 
4365	918 
4366	70 
4367	67 
4368	262 
4369	41 
4370	504 
4371	479 
4372	541 
4373	158 
4374	449 
4375	204 
4376	528 
4377	543 
4378	792 
4379	848 
4380	498 
4381	331 
4382	124 
4383	763 
4384	754 
4385	83 
4386	459 
4387	552 
4388	875 
4389	402 
4390	311 
4391	214 
4392	577 
4393	757 
4394	213 
4395	199 
4396	229 
4397	475 
4398	449 
4399	215 
4400	173 
4401	209 
4402	628 
4403	867 
4404	266 
4405	172 
4406	409 
4407	597 
4408	286 
4409	199 
4410	377 
4411	306 
4412	929 
4413	925 
4414	937 
4415	373 
4416	138 
4417	347 
4418	652 
4419	77 
4420	717 
4421	596 
4422	340 
4423	213 
4424	699 
4425	704 
4426	541 
4427	792 
4428	805 
4429	579 
4430	745 
4431	696 
4432	32 
4433	154 
4434	434 
4435	539 
4436	132 
4437	62 
4438	266 
4439	783 
4440	410 
4441	256 
4442	379 
4443	877 
4444	5 
4445	199 
4446	119 
4447	169 
4448	859 
4449	488 
4450	213 
4451	372 
4452	607 
4453	301 
4454	660 
4455	937 
4456	192 
4457	678 
4458	544 
4459	532 
4460	263 
4461	181 
4462	810 
4463	644 
4464	911 
4465	483 
4466	676 
4467	37 
4468	541 
4469	84 
4470	430 
4471	621 
4472	833 
4473	83 
4474	340 
4475	111 
4476	861 
4477	159 
4478	845 
4479	174 
4480	390 
4481	559 
4482	220 
4483	242 
4484	543 
4485	147 
4486	11 
4487	713 
4488	437 
4489	641 
4490	878 
4491	692 
4492	24 
4493	408 
4494	943 
4495	475 
4496	402 
4497	293 
4498	880 
4499	862 
4500	37 
4501	60 
4502	507 
4503	186 
4504	760 
4505	628 
4506	848 
4507	767 
4508	533 
4509	777 
4510	141 
4511	183 
4512	285 
4513	213 
4514	659 
4515	669 
4516	710 
4517	479 
4518	944 
4519	509 
4520	725 
4521	909 
4522	829 
4523	577 
4524	531 
4525	373 
4526	462 
4527	48 
4528	605 
4529	327 
4530	170 
4531	285 
4532	133 
4533	7 
4534	406 
4535	342 
4536	779 
4537	872 
4538	509 
4539	70 
4540	922 
4541	256 
4542	656 
4543	44 
4544	450 
4545	396 
4546	587 
4547	548 
4548	19 
4549	891 
4550	88 
4551	531 
4552	68 
4553	748 
4554	921 
4555	849 
4556	380 
4557	364 
4558	453 
4559	518 
4560	319 
4561	56 
4562	168 
4563	520 
4564	53 
4565	799 
4566	739 
4567	92 
4568	358 
4569	356 
4570	792 
4571	341 
4572	3 
4573	524 
4574	350 
4575	856 
4576	25 
4577	461 
4578	695 
4579	285 
4580	181 
4581	233 
4582	238 
4583	743 
4584	763 
4585	13 
4586	148 
4587	938 
4588	675 
4589	352 
4590	3 
4591	587 
4592	743 
4593	349 
4594	89 
4595	77 
4596	375 
4597	421 
4598	914 
4599	496 
4600	944 
4601	352 
4602	597 
4603	220 
4604	281 
4605	229 
4606	787 
4607	10 
4608	770 
4609	504 
4610	612 
4611	619 
4612	830 
4613	659 
4614	442 
4615	396 
4616	200 
4617	488 
4618	546 
4619	213 
4620	889 
4621	159 
4622	25 
4623	577 
4624	792 
4625	1 
4626	213 
4627	70 
4628	605 
4629	786 
4630	241 
4631	938 
4632	737 
4633	860 
4634	639 
4635	668 
4636	897 
4637	855 
4638	125 
4639	320 
4640	48 
4641	535 
4642	824 
4643	285 
4644	67 
4645	450 
4646	184 
4647	29 
4648	607 
4649	366 
4650	210 
4651	452 
4652	287 
4653	193 
4654	450 
4655	308 
4656	379 
4657	351 
4658	92 
4659	307 
4660	13 
4661	423 
4662	252 
4663	196 
4664	844 
4665	33 
4666	294 
4667	26 
4668	128 
4669	730 
4670	914 
4671	12 
4672	886 
4673	667 
4674	307 
4675	118 
4676	141 
4677	651 
4678	59 
4679	527 
4680	266 
4681	229 
4682	285 
4683	113 
4684	239 
4685	636 
4686	380 
4687	644 
4688	943 
4689	856 
4690	859 
4691	922 
4692	924 
4693	922 
4694	927 
4695	178 
4696	920 
4697	257 
4698	704 
4699	488 
4700	341 
4701	941 
4702	837 
4703	10 
4704	588 
4705	142 
4706	17 
4707	320 
4708	147 
4709	800 
4710	354 
4711	527 
4712	279 
4713	323 
4714	338 
4715	194 
4716	219 
4717	738 
4718	164 
4719	858 
4720	544 
4721	640 
4722	107 
4723	800 
4724	213 
4725	63 
4726	387 
4727	879 
4728	274 
4729	246 
4730	734 
4731	558 
4732	229 
4733	902 
4734	944 
4735	676 
4736	52 
4737	64 
4738	120 
4739	541 
4740	668 
4741	225 
4742	643 
4743	111 
4744	759 
4745	852 
4746	233 
4747	892 
4748	614 
4749	161 
4750	503 
4751	544 
4752	661 
4753	748 
4754	551 
4755	487 
4756	111 
4757	64 
4758	535 
4759	920 
4760	822 
4761	164 
4762	408 
4763	343 
4764	568 
4765	623 
4766	15 
4767	696 
4768	823 
4769	20 
4770	391 
4771	285 
4772	869 
4773	254 
4774	449 
4775	512 
4776	287 
4777	55 
4778	801 
4779	193 
4780	810 
4781	320 
4782	269 
4783	815 
4784	229 
4785	245 
4786	175 
4787	553 
4788	415 
4789	743 
4790	309 
4791	352 
4792	127 
4793	754 
4794	523 
4795	77 
4796	603 
4797	243 
4798	331 
4799	476 
4800	890 
4801	331 
4802	107 
4803	323 
4804	154 
4805	775 
4806	858 
4807	721 
4808	560 
4809	943 
4810	365 
4811	648 
4812	152 
4813	471 
4814	820 
4815	565 
4816	516 
4817	437 
4818	60 
4819	228 
4820	211 
4821	635 
4822	847 
4823	124 
4824	712 
4825	562 
4826	437 
4827	124 
4828	353 
4829	661 
4830	266 
4831	295 
4832	255 
4833	552 
4834	900 
4835	519 
4836	339 
4837	701 
4838	596 
4839	759 
4840	878 
4841	598 
4842	278 
4843	692 
4844	452 
4845	695 
4846	713 
4847	390 
4848	847 
4849	115 
4850	589 
4851	676 
4852	909 
4853	122 
4854	783 
4855	865 
4856	99 
4857	528 
4858	164 
4859	24 
4860	419 
4861	844 
4862	915 
4863	374 
4864	541 
4865	19 
4866	696 
4867	354 
4868	628 
4869	694 
4870	328 
4871	281 
4872	775 
4873	247 
4874	764 
4875	884 
4876	343 
4877	269 
4878	80 
4879	449 
4880	915 
4881	221 
4882	142 
4883	941 
4884	911 
4885	338 
4886	215 
4887	547 
4888	16 
4889	730 
4890	911 
4891	642 
4892	182 
4893	743 
4894	603 
4895	251 
4896	766 
4897	456 
4898	419 
4899	847 
4900	311 
4901	780 
4902	820 
4903	787 
4904	863 
4905	234 
4906	17 
4907	678 
4908	10 
4909	58 
4910	736 
4911	560 
4912	181 
4913	813 
4914	675 
4915	898 
4916	891 
4917	923 
4918	659 
4919	505 
4920	528 
4921	190 
4922	154 
4923	383 
4924	813 
4925	915 
4926	924 
4927	876 
4928	37 
4929	544 
4930	878 
4931	191 
4932	488 
4933	772 
4934	560 
4935	911 
4936	271 
4937	513 
4938	486 
4939	793 
4940	50 
4941	18 
4942	482 
4943	580 
4944	745 
4945	384 
4946	775 
4947	455 
4948	836 
4949	536 
4950	233 
4951	763 
4952	162 
4953	676 
4954	587 
4955	668 
4956	610 
4957	696 
4958	213 
4959	798 
4960	719 
4961	597 
4962	227 
4963	628 
4964	262 
4965	646 
4966	506 
4967	529 
4968	266 
4969	583 
4970	455 
4971	832 
4972	868 
4973	488 
4974	860 
4975	285 
4976	411 
4977	832 
4978	356 
4979	292 
4980	624 
4981	554 
4982	264 
4983	243 
4984	199 
4985	853 
4986	718 
4987	437 
4988	287 
4989	869 
4990	224 
4991	529 
4992	560 
4993	903 
4994	494 
4995	173 
4996	789 
4997	270 
4998	747 
4999	410 
5000	74 
5001	864 
5002	279 
5003	714 
5004	449 
5005	471 
5006	536 
5007	571 
5008	379 
5009	430 
5010	921 
5011	387 
5012	656 
5013	361 
5014	76 
5015	743 
5016	536 
5017	183 
5018	379 
5019	184 
5020	695 
5021	735 
5022	259 
5023	88 
5024	873 
5025	331 
5026	557 
5027	156 
5028	529 
5029	913 
5030	804 
5031	154 
5032	59 
5033	100 
5034	84 
5035	832 
5036	69 
5037	167 
5038	321 
5039	835 
5040	147 
5041	636 
5042	667 
5043	331 
5044	692 
5045	618 
5046	128 
5047	752 
5048	281 
5049	327 
5050	884 
5051	939 
5052	649 
5053	430 
5054	938 
5055	483 
5056	221 
5057	470 
5058	282 
5059	584 
5060	353 
5061	80 
5062	356 
5063	208 
5064	85 
5065	16 
5066	849 
5067	627 
5068	77 
5069	281 
5070	16 
5071	242 
5072	83 
5073	208 
5074	405 
5075	857 
5076	519 
5077	391 
5078	424 
5079	229 
5080	754 
5081	672 
5082	696 
5083	457 
5084	285 
5085	384 
5086	866 
5087	24 
5088	97 
5089	769 
5090	33 
5091	746 
5092	476 
5093	471 
5094	923 
5095	478 
5096	32 
5097	730 
5098	483 
5099	735 
5100	528 
5101	748 
5102	759 
5103	163 
5104	939 
5105	212 
5106	737 
5107	819 
5108	463 
5109	85 
5110	80 
5111	883 
5112	24 
5113	404 
5114	117 
5115	674 
5116	889 
5117	29 
5118	542 
5119	819 
5120	835 
5121	48 
5122	100 
5123	365 
5124	317 
5125	16 
5126	808 
5127	848 
5128	234 
5129	471 
5130	938 
5131	234 
5132	210 
5133	134 
5134	789 
5135	922 
5136	543 
5137	225 
5138	747 
5139	510 
5140	946 
5141	499 
5142	211 
5143	285 
5144	134 
5145	224 
5146	94 
5147	822 
5148	202 
5149	111 
5150	387 
5151	892 
5152	293 
5153	614 
5154	453 
5155	277 
5156	331 
5157	934 
5158	666 
5159	504 
5160	13 
5161	760 
5162	99 
5163	636 
5164	199 
5165	701 
5166	271 
5167	34 
5168	89 
5169	697 
5170	810 
5171	825 
5172	638 
5173	827 
5174	221 
5175	652 
5176	236 
5177	562 
5178	27 
5179	210 
5180	60 
5181	142 
5182	50 
5183	359 
5184	902 
5185	441 
5186	227 
5187	387 
5188	377 
5189	932 
5190	671 
5191	597 
5192	207 
5193	193 
5194	670 
5195	374 
5196	75 
5197	736 
5198	409 
5199	18 
5200	242 
5201	732 
5202	230 
5203	265 
5204	924 
5205	569 
5206	832 
5207	121 
5208	359 
5209	643 
5210	835 
5211	484 
5212	147 
5213	884 
5214	768 
5215	869 
5216	676 
5217	226 
5218	16 
5219	80 
5220	719 
5221	504 
5222	98 
5223	884 
5224	557 
5225	383 
5226	758 
5227	69 
5228	788 
5229	159 
5230	912 
5231	911 
5232	18 
5233	158 
5234	67 
5235	740 
5236	938 
5237	742 
5238	363 
5239	616 
5240	932 
5241	504 
5242	935 
5243	696 
5244	370 
5245	701 
5246	306 
5247	59 
5248	290 
5249	529 
5250	163 
5251	840 
5252	759 
5253	220 
5254	597 
5255	266 
5256	649 
5257	516 
5258	101 
5259	136 
5260	508 
5261	366 
5262	185 
5263	549 
5264	213 
5265	659 
5266	391 
5267	449 
5268	471 
5269	544 
5270	550 
5271	742 
5272	875 
5273	529 
5274	16 
5275	819 
5276	236 
5277	919 
5278	912 
5279	274 
5280	423 
5281	206 
5282	518 
5283	449 
5284	211 
5285	542 
5286	211 
5287	624 
5288	20 
5289	903 
5290	808 
5291	767 
5292	740 
5293	676 
5294	754 
5295	820 
5296	11 
5297	254 
5298	693 
5299	599 
5300	430 
5301	607 
5302	2 
5303	676 
5304	819 
5305	63 
5306	745 
5307	503 
5308	1 
5309	782 
5310	743 
5311	59 
5312	875 
5313	57 
5314	697 
5315	831 
5316	475 
5317	116 
5318	652 
5319	214 
5320	541 
5321	364 
5322	847 
5323	569 
5324	324 
5325	225 
5326	735 
5327	778 
5328	924 
5329	448 
5330	39 
5331	824 
5332	19 
5333	213 
5334	159 
5335	381 
5336	92 
5337	328 
5338	764 
5339	757 
5340	795 
5341	561 
5342	598 
5343	829 
5344	359 
5345	824 
5346	69 
5347	287 
5348	811 
5349	451 
5350	598 
5351	297 
5352	169 
5353	938 
5354	171 
5355	164 
5356	224 
5357	704 
5358	207 
5359	678 
5360	206 
5361	677 
5362	327 
5363	666 
5364	132 
5365	111 
5366	206 
5367	762 
5368	292 
5369	392 
5370	450 
5371	441 
5372	226 
5373	944 
5374	680 
5375	366 
5376	457 
5377	936 
5378	315 
5379	491 
5380	704 
5381	725 
5382	691 
5383	667 
5384	762 
5385	455 
5386	5 
5387	506 
5388	878 
5389	642 
5390	619 
5391	116 
5392	374 
5393	932 
5394	475 
5395	227 
5396	943 
5397	492 
5398	480 
5399	619 
5400	190 
5401	437 
5402	161 
5403	865 
5404	813 
5405	399 
5406	54 
5407	95 
5408	397 
5409	808 
5410	262 
5411	471 
5412	433 
5413	945 
5414	199 
5415	425 
5416	764 
5417	934 
5418	780 
5419	451 
5420	239 
5421	17 
5422	239 
5423	255 
5424	229 
5425	754 
5426	750 
5427	430 
5428	696 
5429	268 
5430	884 
5431	233 
5432	719 
5433	886 
5434	659 
5435	32 
5436	326 
5437	208 
5438	257 
5439	695 
5440	628 
5441	424 
5442	474 
5443	238 
5444	290 
5445	264 
5446	122 
5447	483 
5448	341 
5449	90 
5450	869 
5451	718 
5452	562 
5453	12 
5454	581 
5455	198 
5456	563 
5457	902 
5458	103 
5459	266 
5460	410 
5461	524 
5462	385 
5463	475 
5464	825 
5465	684 
5466	277 
5467	217 
5468	34 
5469	756 
5470	164 
5471	175 
5472	843 
5473	34 
5474	610 
5475	649 
5476	527 
5477	453 
5478	603 
5479	681 
5480	64 
5481	913 
5482	909 
5483	737 
5484	529 
5485	310 
5486	738 
5487	884 
5488	541 
5489	696 
5490	913 
5491	741 
5492	603 
5493	3 
5494	696 
5495	812 
5496	730 
5497	92 
5498	183 
5499	387 
5500	131 
5501	624 
5502	274 
5503	286 
5504	638 
5505	167 
5506	628 
5507	76 
5508	720 
5509	913 
5510	283 
5511	456 
5512	471 
5513	450 
5514	603 
5515	142 
5516	887 
5517	463 
5518	564 
5519	837 
5520	709 
5521	889 
5522	547 
5523	16 
5524	266 
5525	730 
5526	510 
5527	558 
5528	213 
5529	251 
5530	872 
5531	121 
5532	711 
5533	283 
5534	515 
5535	628 
5536	426 
5537	482 
5538	675 
5539	780 
5540	675 
5541	699 
5542	435 
5543	635 
5544	345 
5545	762 
5546	929 
5547	224 
5548	68 
5549	598 
5550	745 
5551	595 
5552	474 
5553	361 
5554	192 
5555	655 
5556	297 
5557	935 
5558	430 
5559	219 
5560	717 
5561	882 
5562	77 
5563	695 
5564	882 
5565	938 
5566	673 
5567	120 
5568	857 
5569	813 
5570	908 
5571	155 
5572	938 
5573	451 
5574	312 
5575	141 
5576	848 
5577	266 
5578	922 
5579	67 
5580	64 
5581	692 
5582	632 
5583	100 
5584	53 
5585	3 
5586	804 
5587	219 
5588	390 
5589	585 
5590	405 
5591	187 
5592	555 
5593	635 
5594	147 
5595	281 
5596	506 
5597	343 
5598	596 
5599	865 
5600	16 
5601	667 
5602	126 
5603	527 
5604	217 
5605	705 
5606	924 
5607	398 
5608	624 
5609	912 
5610	3 
5611	314 
5612	163 
5613	53 
5614	707 
5615	741 
5616	760 
5617	474 
5618	368 
5619	880 
5620	366 
5621	211 
5622	872 
5623	474 
5624	572 
5625	922 
5626	837 
5627	364 
5628	171 
5629	231 
5630	671 
5631	274 
5632	446 
5633	901 
5634	534 
5635	161 
5636	48 
5637	909 
5638	667 
5639	769 
5640	763 
5641	937 
5642	828 
5643	614 
5644	25 
5645	418 
5646	35 
5647	431 
5648	847 
5649	154 
5650	691 
5651	538 
5652	26 
5653	844 
5654	459 
5655	486 
5656	738 
5657	112 
5658	912 
5659	25 
5660	514 
5661	194 
5662	509 
5663	550 
5664	914 
5665	266 
5666	537 
5667	748 
5668	560 
5669	528 
5670	788 
5671	780 
5672	67 
5673	898 
5674	671 
5675	397 
5676	263 
5677	555 
5678	219 
5679	518 
5680	648 
5681	680 
5682	597 
5683	361 
5684	35 
5685	340 
5686	696 
5687	159 
5688	291 
5689	913 
5690	411 
5691	436 
5692	77 
5693	593 
5694	226 
5695	279 
5696	733 
5697	549 
5698	133 
5699	15 
5700	536 
5701	199 
5702	799 
5703	164 
5704	430 
5705	685 
5706	697 
5707	266 
5708	536 
5709	427 
5710	876 
5711	811 
5712	304 
5713	13 
5714	450 
5715	231 
5716	471 
5717	484 
5718	792 
5719	415 
5720	14 
5721	391 
5722	342 
5723	623 
5724	900 
5725	864 
5726	34 
5727	331 
5728	570 
5729	154 
5730	245 
5731	24 
5732	887 
5733	694 
5734	11 
5735	282 
5736	408 
5737	97 
5738	98 
5739	344 
5740	307 
5741	643 
5742	887 
5743	287 
5744	22 
5745	597 
5746	124 
5747	535 
5748	127 
5749	631 
5750	830 
5751	425 
5752	562 
5753	790 
5754	556 
5755	166 
5756	284 
5757	227 
5758	675 
5759	529 
5760	518 
5761	846 
5762	242 
5763	224 
5764	175 
5765	279 
5766	646 
5767	699 
5768	702 
5769	285 
5770	876 
5771	494 
5772	675 
5773	64 
5774	676 
5775	742 
5776	221 
5777	803 
5778	932 
5779	432 
5780	183 
5781	366 
5782	304 
5783	496 
5784	629 
5785	449 
5786	506 
5787	56 
5788	889 
5789	13 
5790	300 
5791	324 
5792	865 
5793	511 
5794	754 
5795	225 
5796	667 
5797	813 
5798	272 
5799	569 
5800	544 
5801	607 
5802	126 
5803	287 
5804	134 
5805	643 
5806	730 
5807	283 
5808	424 
5809	944 
5810	558 
5811	832 
5812	936 
5813	134 
5814	431 
5815	504 
5816	867 
5817	388 
5818	618 
5819	636 
5820	127 
5821	789 
5822	579 
5823	381 
5824	215 
5825	282 
5826	164 
5827	577 
5828	181 
5829	923 
5830	287 
5831	759 
5832	608 
5833	96 
5834	539 
5835	476 
5836	450 
5837	353 
5838	841 
5839	4 
5840	660 
5841	358 
5842	145 
5843	339 
5844	128 
5845	166 
5846	130 
5847	50 
5848	725 
5849	400 
5850	390 
5851	213 
5852	596 
5853	203 
5854	429 
5855	811 
5856	50 
5857	77 
5858	878 
5859	155 
5860	541 
5861	718 
5862	797 
5863	232 
5864	596 
5865	832 
5866	67 
5867	488 
5868	640 
5869	156 
5870	541 
5871	285 
5872	99 
5873	283 
5874	59 
5875	827 
5876	164 
5877	123 
5878	504 
5879	277 
5880	340 
5881	448 
5882	825 
5883	893 
5884	828 
5885	181 
5886	667 
5887	266 
5888	26 
5889	859 
5890	328 
5891	811 
5892	745 
5893	692 
5894	391 
5895	628 
5896	813 
5897	121 
5898	822 
5899	152 
5900	829 
5901	543 
5902	229 
5903	56 
5904	886 
5905	804 
5906	37 
5907	21 
5908	306 
5909	767 
5910	603 
5911	112 
5912	319 
5913	144 
5914	668 
5915	909 
5916	83 
5917	528 
5918	516 
5919	157 
5920	77 
5921	364 
5922	483 
5923	849 
5924	692 
5925	108 
5926	718 
5927	475 
5928	938 
5929	1 
5930	714 
5931	138 
5932	854 
5933	331 
5934	858 
5935	473 
5936	770 
5937	506 
5938	798 
5939	203 
5940	171 
5941	909 
5942	315 
5943	60 
5944	718 
5945	719 
5946	445 
5947	141 
5948	236 
5949	437 
5950	155 
5951	16 
5952	303 
5953	205 
5954	154 
5955	675 
5956	502 
5957	855 
5958	71 
5959	236 
5960	832 
5961	354 
5962	890 
5963	453 
5964	356 
5965	832 
5966	164 
5967	345 
5968	667 
5969	550 
5970	140 
5971	300 
5972	748 
5973	549 
5974	841 
5975	691 
5976	124 
5977	520 
5978	135 
5979	581 
5980	338 
5981	676 
5982	77 
5983	285 
5984	345 
5985	477 
5986	287 
5987	530 
5988	550 
5989	96 
5990	875 
5991	583 
5992	569 
5993	884 
5994	194 
5995	739 
5996	248 
5997	9 
5998	909 
5999	189 
6000	546 
6001	735 
6002	259 
6003	620 
6004	170 
6005	797 
6006	263 
6007	157 
6008	542 
6009	427 
6010	651 
6011	704 
6012	290 
6013	291 
6014	98 
6015	679 
6016	137 
6017	248 
6018	835 
6019	343 
6020	51 
6021	343 
6022	162 
6023	359 
6024	825 
6025	345 
6026	872 
6027	95 
6028	163 
6029	205 
6030	207 
6031	154 
6032	646 
6033	427 
6034	584 
6035	252 
6036	412 
6037	795 
6038	796 
6039	520 
6040	99 
6041	792 
6042	553 
6043	911 
6044	386 
6045	836 
6046	157 
6047	872 
6048	15 
6049	799 
6050	470 
6051	23 
6052	654 
6053	521 
6054	157 
6055	32 
6056	722 
6057	482 
6058	50 
6059	225 
6060	133 
6061	50 
6062	48 
6063	554 
6064	290 
6065	248 
6066	111 
6067	402 
6068	599 
6069	192 
6070	880 
6071	389 
6072	455 
6073	704 
6074	180 
6075	26 
6076	304 
6077	293 
6078	757 
6079	804 
6080	393 
6081	225 
6082	551 
6083	602 
6084	768 
6085	748 
6086	460 
6087	90 
6088	772 
6089	408 
6090	5 
6091	213 
6092	297 
6093	484 
6094	936 
6095	315 
6096	226 
6097	45 
6098	494 
6099	206 
6100	427 
6101	537 
6102	834 
6103	148 
6104	740 
6105	850 
6106	683 
6107	486 
6108	569 
6109	162 
6110	911 
6111	371 
6112	302 
6113	635 
6114	826 
6115	211 
6116	616 
6117	63 
6118	690 
6119	391 
6120	87 
6121	363 
6122	517 
6123	701 
6124	127 
6125	900 
6126	419 
6127	562 
6128	250 
6129	661 
6130	901 
6131	884 
6132	596 
6133	45 
6134	124 
6135	573 
6136	718 
6137	292 
6138	832 
6139	82 
6140	99 
6141	569 
6142	286 
6143	189 
6144	332 
6145	820 
6146	659 
6147	370 
6148	660 
6149	886 
6150	875 
6151	64 
6152	875 
6153	237 
6154	717 
6155	635 
6156	835 
6157	666 
6158	820 
6159	575 
6160	245 
6161	693 
6162	938 
6163	58 
6164	27 
6165	642 
6166	356 
6167	490 
6168	342 
6169	721 
6170	336 
6171	636 
6172	692 
6173	594 
6174	771 
6175	583 
6176	180 
6177	405 
6178	886 
6179	485 
6180	788 
6181	661 
6182	793 
6183	475 
6184	789 
6185	520 
6186	176 
6187	559 
6188	219 
6189	471 
6190	157 
6191	18 
6192	100 
6193	544 
6194	792 
6195	269 
6196	115 
6197	374 
6198	444 
6199	622 
6200	858 
6201	861 
6202	545 
6203	310 
6204	131 
6205	429 
6206	875 
6207	411 
6208	53 
6209	607 
6210	124 
6211	778 
6212	65 
6213	905 
6214	392 
6215	64 
6216	718 
6217	865 
6218	35 
6219	89 
6220	206 
6221	37 
6222	729 
6223	56 
6224	943 
6225	786 
6226	528 
6227	824 
6228	119 
6229	806 
6230	114 
6231	330 
6232	593 
6233	696 
6234	575 
6235	471 
6236	938 
6237	401 
6238	241 
6239	369 
6240	353 
6241	263 
6242	63 
6243	935 
6244	78 
6245	671 
6246	911 
6247	373 
6248	31 
6249	210 
6250	878 
6251	677 
6252	203 
6253	923 
6254	563 
6255	493 
6256	535 
6257	531 
6258	158 
6259	696 
6260	889 
6261	886 
6262	447 
6263	128 
6264	637 
6265	719 
6266	352 
6267	219 
6268	164 
6269	175 
6270	161 
6271	472 
6272	562 
6273	695 
6274	670 
6275	140 
6276	94 
6277	702 
6278	646 
6279	667 
6280	560 
6281	932 
6282	390 
6283	242 
6284	417 
6285	831 
6286	748 
6287	616 
6288	396 
6289	812 
6290	130 
6291	717 
6292	594 
6293	504 
6294	126 
6295	157 
6296	775 
6297	145 
6298	675 
6299	164 
6300	188 
6301	435 
6302	332 
6303	501 
6304	63 
6305	43 
6306	342 
6307	290 
6308	271 
6309	544 
6310	920 
6311	745 
6312	758 
6313	844 
6314	678 
6315	925 
6316	832 
6317	287 
6318	525 
6319	686 
6320	887 
6321	574 
6322	777 
6323	161 
6324	327 
6325	164 
6326	726 
6327	219 
6328	793 
6329	117 
6330	510 
6331	172 
6332	767 
6333	344 
6334	502 
6335	579 
6336	264 
6337	938 
6338	315 
6339	915 
6340	806 
6341	377 
6342	451 
6343	345 
6344	675 
6345	163 
6346	718 
6347	216 
6348	802 
6349	278 
6350	423 
6351	470 
6352	291 
6353	450 
6354	370 
6355	573 
6356	824 
6357	607 
6358	198 
6359	87 
6360	836 
6361	83 
6362	325 
6363	96 
6364	494 
6365	878 
6366	639 
6367	676 
6368	806 
6369	780 
6370	822 
6371	313 
6372	549 
6373	936 
6374	524 
6375	772 
6376	762 
6377	558 
6378	774 
6379	939 
6380	470 
6381	83 
6382	848 
6383	709 
6384	825 
6385	599 
6386	251 
6387	439 
6388	865 
6389	408 
6390	769 
6391	631 
6392	939 
6393	363 
6394	171 
6395	410 
6396	88 
6397	780 
6398	427 
6399	354 
6400	376 
6401	770 
6402	741 
6403	674 
6404	542 
6405	757 
6406	339 
6407	578 
6408	812 
6409	356 
6410	299 
6411	640 
6412	783 
6413	349 
6414	116 
6415	861 
6416	938 
6417	96 
6418	552 
6419	469 
6420	60 
6421	296 
6422	227 
6423	277 
6424	242 
6425	320 
6426	932 
6427	797 
6428	26 
6429	937 
6430	475 
6431	109 
6432	115 
6433	607 
6434	811 
6435	324 
6436	577 
6437	642 
6438	675 
6439	557 
6440	193 
6441	324 
6442	835 
6443	533 
6444	144 
6445	764 
6446	92 
6447	792 
6448	165 
6449	642 
6450	559 
6451	819 
6452	576 
6453	535 
6454	132 
6455	32 
6456	283 
6457	568 
6458	48 
6459	392 
6460	659 
6461	268 
6462	550 
6463	211 
6464	730 
6465	96 
6466	796 
6467	282 
6468	588 
6469	84 
6470	556 
6471	905 
6472	410 
6473	857 
6474	909 
6475	200 
6476	391 
6477	192 
6478	132 
6479	859 
6480	647 
6481	917 
6482	449 
6483	552 
6484	666 
6485	331 
6486	599 
6487	584 
6488	527 
6489	100 
6490	259 
6491	529 
6492	885 
6493	123 
6494	809 
6495	320 
6496	99 
6497	219 
6498	279 
6499	790 
6500	603 
6501	848 
6502	96 
6503	181 
6504	775 
6505	463 
6506	713 
6507	191 
6508	628 
6509	883 
6510	692 
6511	839 
6512	753 
6513	305 
6514	562 
6515	675 
6516	938 
6517	59 
6518	724 
6519	77 
6520	405 
6521	387 
6522	913 
6523	91 
6524	721 
6525	559 
6526	112 
6527	227 
6528	862 
6529	471 
6530	748 
6531	915 
6532	3 
6533	618 
6534	726 
6535	213 
6536	619 
6537	834 
6538	676 
6539	813 
6540	163 
6541	723 
6542	868 
6543	255 
6544	292 
6545	373 
6546	939 
6547	636 
6548	628 
6549	590 
6550	643 
6551	812 
6552	886 
6553	94 
6554	796 
6555	265 
6556	625 
6557	477 
6558	535 
6559	124 
6560	159 
6561	97 
6562	767 
6563	692 
6564	930 
6565	742 
6566	276 
6567	366 
6568	704 
6569	504 
6570	545 
6571	865 
6572	688 
6573	17 
6574	92 
6575	730 
6576	882 
6577	181 
6578	776 
6579	132 
6580	468 
6581	560 
6582	713 
6583	331 
6584	377 
6585	623 
6586	122 
6587	844 
6588	792 
6589	470 
6590	604 
6591	691 
6592	183 
6593	759 
6594	576 
6595	357 
6596	168 
6597	568 
6598	885 
6599	164 
6600	255 
6601	290 
6602	266 
6603	631 
6604	846 
6605	255 
6606	804 
6607	431 
6608	22 
6609	754 
6610	640 
6611	868 
6612	78 
6613	914 
6614	157 
6615	643 
6616	416 
6617	392 
6618	607 
6619	226 
6620	330 
6621	353 
6622	37 
6623	895 
6624	466 
6625	562 
6626	190 
6627	568 
6628	607 
6629	1 
6630	134 
6631	538 
6632	582 
6633	607 
6634	913 
6635	459 
6636	904 
6637	83 
6638	884 
6639	775 
6640	628 
6641	872 
6642	452 
6643	635 
6644	593 
6645	343 
6646	384 
6647	33 
6648	157 
6649	440 
6650	835 
6651	516 
6652	186 
6653	485 
6654	223 
6655	179 
6656	640 
6657	603 
6658	46 
6659	247 
6660	596 
6661	78 
6662	263 
6663	504 
6664	151 
6665	491 
6666	695 
6667	522 
6668	800 
6669	897 
6670	28 
6671	256 
6672	841 
6673	552 
6674	356 
6675	64 
6676	80 
6677	24 
6678	667 
6679	635 
6680	219 
6681	538 
6682	750 
6683	678 
6684	889 
6685	785 
6686	544 
6687	328 
6688	599 
6689	263 
6690	42 
6691	835 
6692	772 
6693	512 
6694	49 
6695	734 
6696	139 
6697	504 
6698	263 
6699	870 
6700	938 
6701	343 
6702	927 
6703	324 
6704	869 
6705	704 
6706	279 
6707	343 
6708	5 
6709	559 
6710	560 
6711	112 
6712	529 
6713	410 
6714	159 
6715	368 
6716	272 
6717	164 
6718	304 
6719	636 
6720	290 
6721	267 
6722	599 
6723	598 
6724	820 
6725	893 
6726	221 
6727	575 
6728	343 
6729	153 
6730	941 
6731	221 
6732	183 
6733	438 
6734	640 
6735	138 
6736	396 
6737	361 
6738	303 
6739	778 
6740	851 
6741	352 
6742	450 
6743	324 
6744	115 
6745	612 
6746	549 
6747	315 
6748	315 
6749	326 
6750	536 
6751	51 
6752	328 
6753	415 
6754	808 
6755	93 
6756	940 
6757	471 
6758	865 
6759	596 
6760	67 
6761	587 
6762	728 
6763	29 
6764	725 
6765	660 
6766	158 
6767	667 
6768	593 
6769	138 
6770	707 
6771	835 
6772	808 
6773	467 
6774	740 
6775	323 
6776	455 
6777	529 
6778	505 
6779	63 
6780	221 
6781	166 
6782	884 
6783	707 
6784	504 
6785	665 
6786	872 
6787	233 
6788	391 
6789	721 
6790	772 
6791	901 
6792	560 
6793	463 
6794	358 
6795	820 
6796	832 
6797	911 
6798	596 
6799	306 
6800	371 
6801	53 
6802	830 
6803	121 
6804	440 
6805	475 
6806	474 
6807	549 
6808	299 
6809	437 
6810	485 
6811	292 
6812	29 
6813	572 
6814	525 
6815	646 
6816	819 
6817	647 
6818	880 
6819	19 
6820	679 
6821	591 
6822	251 
6823	313 
6824	148 
6825	836 
6826	839 
6827	16 
6828	24 
6829	913 
6830	898 
6831	201 
6832	387 
6833	288 
6834	154 
6835	551 
6836	867 
6837	587 
6838	869 
6839	924 
6840	754 
6841	224 
6842	298 
6843	327 
6844	596 
6845	58 
6846	562 
6847	451 
6848	559 
6849	911 
6850	367 
6851	356 
6852	859 
6853	660 
6854	562 
6855	681 
6856	596 
6857	864 
6858	123 
6859	436 
6860	400 
6861	169 
6862	650 
6863	864 
6864	181 
6865	185 
6866	722 
6867	38 
6868	281 
6869	285 
6870	683 
6871	280 
6872	740 
6873	296 
6874	813 
6875	886 
6876	673 
6877	277 
6878	745 
6879	911 
6880	147 
6881	149 
6882	7 
6883	225 
6884	558 
6885	685 
6886	200 
6887	77 
6888	331 
6889	485 
6890	377 
6891	659 
6892	811 
6893	225 
6894	242 
6895	562 
6896	731 
6897	793 
6898	85 
6899	337 
6900	499 
6901	428 
6902	628 
6903	575 
6904	590 
6905	634 
6906	25 
6907	832 
6908	159 
6909	887 
6910	126 
6911	901 
6912	575 
6913	278 
6914	696 
6915	411 
6916	631 
6917	260 
6918	648 
6919	634 
6920	343 
6921	386 
6922	903 
6923	435 
6924	312 
6925	704 
6926	157 
6927	836 
6928	271 
6929	340 
6930	691 
6931	235 
6932	56 
6933	775 
6934	745 
6935	922 
6936	67 
6937	1 
6938	197 
6939	554 
6940	900 
6941	742 
6942	636 
6943	823 
6944	330 
6945	811 
6946	537 
6947	474 
6948	279 
6949	262 
6950	275 
6951	230 
6952	375 
6953	463 
6954	593 
6955	528 
6956	315 
6957	459 
6958	437 
6959	345 
6960	812 
6961	393 
6962	500 
6963	873 
6964	312 
6965	277 
6966	773 
6967	207 
6968	504 
6969	62 
6970	190 
6971	70 
6972	224 
6973	922 
6974	641 
6975	127 
6976	520 
6977	813 
6978	358 
6979	99 
6980	681 
6981	269 
6982	264 
6983	587 
6984	45 
6985	333 
6986	510 
6987	636 
6988	812 
6989	194 
6990	185 
6991	58 
6992	735 
6993	682 
6994	426 
6995	112 
6996	579 
6997	211 
6998	70 
6999	475 
7000	395 
7001	910 
7002	148 
7003	785 
7004	350 
7005	922 
7006	912 
7007	878 
7008	253 
7009	811 
7010	488 
7011	366 
7012	759 
7013	792 
7014	315 
7015	208 
7016	47 
7017	644 
7018	130 
7019	503 
7020	855 
7021	812 
7022	718 
7023	523 
7024	627 
7025	341 
7026	569 
7027	16 
7028	78 
7029	815 
7030	833 
7031	568 
7032	272 
7033	727 
7034	935 
7035	199 
7036	429 
7037	731 
7038	121 
7039	114 
7040	449 
7041	893 
7042	558 
7043	766 
7044	368 
7045	936 
7046	604 
7047	834 
7048	568 
7049	889 
7050	835 
7051	196 
7052	76 
7053	194 
7054	644 
7055	206 
7056	565 
7057	221 
7058	76 
7059	562 
7060	166 
7061	529 
7062	678 
7063	825 
7064	789 
7065	536 
7066	573 
7067	19 
7068	283 
7069	849 
7070	159 
7071	811 
7072	421 
7073	575 
7074	281 
7075	901 
7076	227 
7077	99 
7078	409 
7079	36 
7080	246 
7081	511 
7082	67 
7083	161 
7084	43 
7085	911 
7086	447 
7087	516 
7088	646 
7089	439 
7090	916 
7091	219 
7092	748 
7093	69 
7094	786 
7095	823 
7096	208 
7097	304 
7098	140 
7099	377 
7100	310 
7101	571 
7102	35 
7103	425 
7104	832 
7105	430 
7106	718 
7107	269 
7108	206 
7109	308 
7110	130 
7111	364 
7112	284 
7113	759 
7114	631 
7115	350 
7116	186 
7117	425 
7118	921 
7119	396 
7120	751 
7121	227 
7122	37 
7123	247 
7124	224 
7125	858 
7126	540 
7127	691 
7128	781 
7129	196 
7130	743 
7131	211 
7132	344 
7133	526 
7134	599 
7135	213 
7136	9 
7137	146 
7138	676 
7139	900 
7140	812 
7141	510 
7142	740 
7143	628 
7144	889 
7145	446 
7146	158 
7147	121 
7148	825 
7149	172 
7150	242 
7151	648 
7152	359 
7153	328 
7154	869 
7155	425 
7156	352 
7157	889 
7158	449 
7159	486 
7160	94 
7161	644 
7162	924 
7163	735 
7164	83 
7165	157 
7166	712 
7167	327 
7168	506 
7169	112 
7170	516 
7171	99 
7172	541 
7173	216 
7174	792 
7175	396 
7176	164 
7177	675 
7178	251 
7179	643 
7180	335 
7181	12 
7182	226 
7183	596 
7184	470 
7185	425 
7186	549 
7187	880 
7188	464 
7189	171 
7190	426 
7191	550 
7192	190 
7193	691 
7194	802 
7195	3 
7196	937 
7197	35 
7198	194 
7199	925 
7200	884 
7201	181 
7202	277 
7203	861 
7204	683 
7205	135 
7206	246 
7207	113 
7208	922 
7209	679 
7210	359 
7211	691 
7212	471 
7213	459 
7214	370 
7215	131 
7216	496 
7217	743 
7218	210 
7219	434 
7220	15 
7221	276 
7222	353 
7223	266 
7224	587 
7225	466 
7226	921 
7227	855 
7228	193 
7229	83 
7230	251 
7231	639 
7232	253 
7233	486 
7234	822 
7235	319 
7236	740 
7237	804 
7238	909 
7239	18 
7240	156 
7241	493 
7242	892 
7243	92 
7244	833 
7245	623 
7246	404 
7247	159 
7248	77 
7249	675 
7250	552 
7251	909 
7252	385 
7253	309 
7254	603 
7255	412 
7256	527 
7257	78 
7258	875 
7259	820 
7260	574 
7261	922 
7262	557 
7263	851 
7264	348 
7265	519 
7266	607 
7267	463 
7268	725 
7269	587 
7270	395 
7271	943 
7272	634 
7273	57 
7274	439 
7275	359 
7276	384 
7277	25 
7278	109 
7279	196 
7280	72 
7281	663 
7282	359 
7283	183 
7284	163 
7285	563 
7286	272 
7287	561 
7288	215 
7289	473 
7290	558 
7291	922 
7292	882 
7293	728 
7294	483 
7295	667 
7296	157 
7297	298 
7298	600 
7299	100 
7300	848 
7301	841 
7302	218 
7303	80 
7304	839 
7305	156 
7306	101 
7307	453 
7308	387 
7309	287 
7310	495 
7311	384 
7312	158 
7313	116 
7314	504 
7315	938 
7316	810 
7317	117 
7318	693 
7319	133 
7320	244 
7321	893 
7322	260 
7323	412 
7324	806 
7325	283 
7326	707 
7327	425 
7328	292 
7329	342 
7330	914 
7331	390 
7332	451 
7333	475 
7334	661 
7335	866 
7336	777 
7337	109 
7338	345 
7339	160 
7340	677 
7341	315 
7342	704 
7343	425 
7344	112 
7345	615 
7346	944 
7347	77 
7348	813 
7349	623 
7350	517 
7351	229 
7352	106 
7353	159 
7354	856 
7355	197 
7356	819 
7357	504 
7358	931 
7359	459 
7360	522 
7361	158 
7362	364 
7363	112 
7364	548 
7365	851 
7366	544 
7367	135 
7368	676 
7369	70 
7370	80 
7371	697 
7372	886 
7373	164 
7374	195 
7375	676 
7376	550 
7377	31 
7378	277 
7379	138 
7380	825 
7381	938 
7382	520 
7383	676 
7384	179 
7385	374 
7386	704 
7387	833 
7388	99 
7389	106 
7390	411 
7391	59 
7392	604 
7393	321 
7394	138 
7395	72 
7396	387 
7397	129 
7398	143 
7399	67 
7400	575 
7401	876 
7402	402 
7403	247 
7404	356 
7405	295 
7406	59 
7407	35 
7408	932 
7409	453 
7410	171 
7411	936 
7412	209 
7413	495 
7414	207 
7415	249 
7416	16 
7417	784 
7418	875 
7419	719 
7420	837 
7421	331 
7422	238 
7423	391 
7424	872 
7425	528 
7426	269 
7427	285 
7428	668 
7429	668 
7430	866 
7431	670 
7432	402 
7433	494 
7434	11 
7435	732 
7436	31 
7437	661 
7438	482 
7439	577 
7440	877 
7441	475 
7442	745 
7443	635 
7444	340 
7445	341 
7446	172 
7447	487 
7448	396 
7449	851 
7450	716 
7451	348 
7452	667 
7453	521 
7454	563 
7455	341 
7456	431 
7457	618 
7458	547 
7459	902 
7460	384 
7461	268 
7462	134 
7463	96 
7464	839 
7465	96 
7466	138 
7467	200 
7468	676 
7469	501 
7470	219 
7471	835 
7472	471 
7473	336 
7474	248 
7475	14 
7476	92 
7477	415 
7478	789 
7479	640 
7480	510 
7481	186 
7482	119 
7483	35 
7484	599 
7485	678 
7486	281 
7487	296 
7488	87 
7489	158 
7490	499 
7491	846 
7492	51 
7493	506 
7494	290 
7495	679 
7496	425 
7497	833 
7498	203 
7499	181 
7500	635 
7501	163 
7502	924 
7503	837 
7504	413 
7505	10 
7506	494 
7507	799 
7508	279 
7509	135 
7510	385 
7511	247 
7512	16 
7513	832 
7514	203 
7515	441 
7516	234 
7517	414 
7518	269 
7519	790 
7520	404 
7521	90 
7522	795 
7523	648 
7524	236 
7525	559 
7526	547 
7527	564 
7528	132 
7529	71 
7530	503 
7531	521 
7532	661 
7533	108 
7534	410 
7535	941 
7536	485 
7537	797 
7538	631 
7539	622 
7540	16 
7541	792 
7542	767 
7543	587 
7544	834 
7545	342 
7546	248 
7547	812 
7548	484 
7549	544 
7550	373 
7551	306 
7552	279 
7553	704 
7554	277 
7555	531 
7556	835 
7557	541 
7558	512 
7559	463 
7560	618 
7561	823 
7562	556 
7563	408 
7564	875 
7565	811 
7566	488 
7567	33 
7568	402 
7569	359 
7570	489 
7571	625 
7572	5 
7573	723 
7574	285 
7575	542 
7576	791 
7577	731 
7578	466 
7579	287 
7580	63 
7581	550 
7582	205 
7583	471 
7584	207 
7585	627 
7586	295 
7587	161 
7588	809 
7589	829 
7590	814 
7591	242 
7592	902 
7593	164 
7594	544 
7595	1 
7596	134 
7597	172 
7598	933 
7599	124 
7600	80 
7601	178 
7602	208 
7603	19 
7604	511 
7605	387 
7606	730 
7607	853 
7608	724 
7609	325 
7610	919 
7611	526 
7612	138 
7613	132 
7614	497 
7615	622 
7616	748 
7617	944 
7618	543 
7619	629 
7620	302 
7621	34 
7622	144 
7623	119 
7624	840 
7625	543 
7626	399 
7627	224 
7628	18 
7629	413 
7630	256 
7631	342 
7632	24 
7633	471 
7634	331 
7635	668 
7636	528 
7637	295 
7638	552 
7639	72 
7640	5 
7641	199 
7642	373 
7643	688 
7644	262 
7645	75 
7646	283 
7647	257 
7648	664 
7649	3 
7650	96 
7651	315 
7652	302 
7653	19 
7654	229 
7655	504 
7656	115 
7657	247 
7658	710 
7659	214 
7660	401 
7661	320 
7662	465 
7663	72 
7664	938 
7665	793 
7666	230 
7667	345 
7668	363 
7669	562 
7670	836 
7671	865 
7672	913 
7673	437 
7674	31 
7675	900 
7676	477 
7677	310 
7678	754 
7679	121 
7680	5 
7681	206 
7682	550 
7683	922 
7684	820 
7685	45 
7686	742 
7687	456 
7688	145 
7689	561 
7690	886 
7691	670 
7692	844 
7693	906 
7694	134 
7695	34 
7696	334 
7697	227 
7698	684 
7699	379 
7700	332 
7701	459 
7702	640 
7703	577 
7704	590 
7705	884 
7706	785 
7707	562 
7708	324 
7709	163 
7710	138 
7711	568 
7712	248 
7713	107 
7714	838 
7715	128 
7716	278 
7717	16 
7718	696 
7719	737 
7720	254 
7721	486 
7722	892 
7723	844 
7724	171 
7725	408 
7726	169 
7727	341 
7728	504 
7729	526 
7730	352 
7731	802 
7732	531 
7733	235 
7734	472 
7735	825 
7736	44 
7737	455 
7738	788 
7739	434 
7740	263 
7741	193 
7742	646 
7743	99 
7744	541 
7745	383 
7746	834 
7747	646 
7748	70 
7749	745 
7750	31 
7751	437 
7752	374 
7753	183 
7754	157 
7755	405 
7756	29 
7757	587 
7758	899 
7759	169 
7760	474 
7761	399 
7762	867 
7763	618 
7764	840 
7765	99 
7766	566 
7767	353 
7768	617 
7769	225 
7770	335 
7771	578 
7772	535 
7773	384 
7774	50 
7775	209 
7776	455 
7777	806 
7778	86 
7779	413 
7780	463 
7781	653 
7782	579 
7783	237 
7784	449 
7785	199 
7786	697 
7787	438 
7788	354 
7789	314 
7790	851 
7791	306 
7792	245 
7793	22 
7794	786 
7795	684 
7796	89 
7797	519 
7798	522 
7799	167 
7800	157 
7801	83 
7802	247 
7803	48 
7804	596 
7805	227 
7806	470 
7807	127 
7808	180 
7809	5 
7810	56 
7811	912 
7812	71 
7813	515 
7814	463 
7815	506 
7816	511 
7817	419 
7818	401 
7819	180 
7820	430 
7821	477 
7822	483 
7823	624 
7824	550 
7825	628 
7826	542 
7827	108 
7828	910 
7829	310 
7830	902 
7831	144 
7832	718 
7833	628 
7834	203 
7835	839 
7836	936 
7837	139 
7838	559 
7839	602 
7840	488 
7841	265 
7842	726 
7843	299 
7844	787 
7845	814 
7846	27 
7847	928 
7848	934 
7849	926 
7850	64 
7851	193 
7852	58 
7853	547 
7854	16 
7855	363 
7856	96 
7857	869 
7858	642 
7859	544 
7860	236 
7861	109 
7862	70 
7863	216 
7864	837 
7865	635 
7866	916 
7867	209 
7868	374 
7869	909 
7870	255 
7871	296 
7872	41 
7873	920 
7874	325 
7875	535 
7876	483 
7877	186 
7878	30 
7879	656 
7880	359 
7881	94 
7882	491 
7883	849 
7884	141 
7885	411 
7886	24 
7887	25 
7888	201 
7889	886 
7890	880 
7891	725 
7892	895 
7893	44 
7894	901 
7895	379 
7896	1 
7897	731 
7898	53 
7899	629 
7900	226 
7901	552 
7902	924 
7903	50 
7904	384 
7905	49 
7906	213 
7907	780 
7908	774 
7909	804 
7910	886 
7911	145 
7912	327 
7913	881 
7914	118 
7915	670 
7916	560 
7917	782 
7918	823 
7919	324 
7920	792 
7921	11 
7922	387 
7923	530 
7924	541 
7925	365 
7926	479 
7927	767 
7928	914 
7929	370 
7930	248 
7931	19 
7932	196 
7933	453 
7934	807 
7935	455 
7936	358 
7937	121 
7938	628 
7939	163 
7940	779 
7941	808 
7942	440 
7943	745 
7944	520 
7945	770 
7946	944 
7947	522 
7948	766 
7949	121 
7950	856 
7951	27 
7952	142 
7953	583 
7954	452 
7955	164 
7956	886 
7957	737 
7958	562 
7959	681 
7960	745 
7961	264 
7962	164 
7963	109 
7964	510 
7965	936 
7966	149 
7967	599 
7968	294 
7969	130 
7970	32 
7971	582 
7972	775 
7973	637 
7974	447 
7975	414 
7976	582 
7977	738 
7978	920 
7979	41 
7980	199 
7981	678 
7982	180 
7983	251 
7984	642 
7985	333 
7986	767 
7987	683 
7988	658 
7989	429 
7990	402 
7991	141 
7992	577 
7993	331 
7994	459 
7995	790 
7996	808 
7997	344 
7998	124 
7999	905 
8000	127 
8001	898 
8002	646 
8003	621 
8004	121 
8005	504 
8006	815 
8007	167 
8008	286 
8009	227 
8010	545 
8011	240 
8012	527 
8013	454 
8014	293 
8015	10 
8016	100 
8017	552 
8018	273 
8019	89 
8020	733 
8021	33 
8022	399 
8023	229 
8024	793 
8025	754 
8026	135 
8027	463 
8028	562 
8029	158 
8030	221 
8031	224 
8032	191 
8033	104 
8034	37 
8035	511 
8036	145 
8037	259 
8038	328 
8039	656 
8040	262 
8041	610 
8042	707 
8043	213 
8044	865 
8045	701 
8046	221 
8047	875 
8048	362 
8049	759 
8050	877 
8051	152 
8052	102 
8053	123 
8054	691 
8055	227 
8056	275 
8057	695 
8058	783 
8059	804 
8060	732 
8061	558 
8062	482 
8063	345 
8064	450 
8065	293 
8066	134 
8067	123 
8068	889 
8069	715 
8070	37 
8071	786 
8072	642 
8073	99 
8074	263 
8075	387 
8076	504 
8077	320 
8078	455 
8079	34 
8080	678 
8081	875 
8082	106 
8083	551 
8084	287 
8085	180 
8086	393 
8087	921 
8088	696 
8089	157 
8090	441 
8091	873 
8092	398 
8093	728 
8094	587 
8095	538 
8096	725 
8097	534 
8098	757 
8099	489 
8100	532 
8101	17 
8102	296 
8103	534 
8104	256 
8105	934 
8106	474 
8107	185 
8108	127 
8109	227 
8110	162 
8111	873 
8112	435 
8113	285 
8114	16 
8115	428 
8116	71 
8117	524 
8118	534 
8119	3 
8120	494 
8121	696 
8122	591 
8123	327 
8124	77 
8125	541 
8126	859 
8127	887 
8128	880 
8129	85 
8130	363 
8131	775 
8132	308 
8133	411 
8134	259 
8135	396 
8136	671 
8137	311 
8138	133 
8139	61 
8140	732 
8141	158 
8142	67 
8143	644 
8144	273 
8145	366 
8146	210 
8147	319 
8148	599 
8149	659 
8150	725 
8151	573 
8152	848 
8153	262 
8154	813 
8155	348 
8156	70 
8157	835 
8158	930 
8159	911 
8160	499 
8161	285 
8162	230 
8163	133 
8164	253 
8165	152 
8166	839 
8167	107 
8168	483 
8169	909 
8170	597 
8171	75 
8172	786 
8173	909 
8174	476 
8175	147 
8176	341 
8177	401 
8178	60 
8179	159 
8180	59 
8181	426 
8182	573 
8183	410 
8184	792 
8185	820 
8186	537 
8187	921 
8188	166 
8189	754 
8190	602 
8191	466 
8192	787 
8193	327 
8194	754 
8195	280 
8196	792 
8197	865 
8198	511 
8199	225 
8200	276 
8201	596 
8202	584 
8203	5 
8204	376 
8205	530 
8206	43 
8207	924 
8208	683 
8209	829 
8210	820 
8211	883 
8212	130 
8213	256 
8214	196 
8215	780 
8216	812 
8217	464 
8218	737 
8219	193 
8220	416 
8221	550 
8222	748 
8223	466 
8224	180 
8225	681 
8226	560 
8227	804 
8228	221 
8229	798 
8230	667 
8231	855 
8232	603 
8233	551 
8234	924 
8235	266 
8236	50 
8237	759 
8238	357 
8239	26 
8240	549 
8241	497 
8242	717 
8243	155 
8244	14 
8245	865 
8246	847 
8247	290 
8248	623 
8249	640 
8250	820 
8251	172 
8252	34 
8253	302 
8254	939 
8255	498 
8256	802 
8257	211 
8258	587 
8259	941 
8260	838 
8261	510 
8262	3 
8263	191 
8264	52 
8265	927 
8266	358 
8267	471 
8268	156 
8269	626 
8270	141 
8271	485 
8272	571 
8273	524 
8274	157 
8275	37 
8276	73 
8277	345 
8278	663 
8279	824 
8280	214 
8281	164 
8282	147 
8283	410 
8284	159 
8285	708 
8286	189 
8287	786 
8288	14 
8289	503 
8290	321 
8291	837 
8292	792 
8293	531 
8294	115 
8295	147 
8296	373 
8297	356 
8298	740 
8299	675 
8300	809 
8301	770 
8302	646 
8303	646 
8304	911 
8305	235 
8306	725 
8307	686 
8308	817 
8309	783 
8310	504 
8311	384 
8312	449 
8313	792 
8314	904 
8315	240 
8316	11 
8317	848 
8318	34 
8319	529 
8320	661 
8321	558 
8322	279 
8323	181 
8324	35 
8325	207 
8326	660 
8327	617 
8328	742 
8329	909 
8330	782 
8331	603 
8332	754 
8333	370 
8334	70 
8335	265 
8336	327 
8337	663 
8338	675 
8339	360 
8340	296 
8341	592 
8342	246 
8343	692 
8344	157 
8345	608 
8346	407 
8347	693 
8348	920 
8349	646 
8350	297 
8351	457 
8352	156 
8353	5 
8354	164 
8355	189 
8356	717 
8357	48 
8358	426 
8359	173 
8360	363 
8361	330 
8362	112 
8363	607 
8364	169 
8365	257 
8366	87 
8367	171 
8368	476 
8369	372 
8370	581 
8371	620 
8372	708 
8373	97 
8374	666 
8375	134 
8376	587 
8377	574 
8378	328 
8379	463 
8380	75 
8381	742 
8382	42 
8383	369 
8384	84 
8385	944 
8386	766 
8387	271 
8388	587 
8389	915 
8390	869 
8391	884 
8392	623 
8393	375 
8394	412 
8395	636 
8396	544 
8397	856 
8398	300 
8399	566 
8400	885 
8401	882 
8402	384 
8403	42 
8404	135 
8405	572 
8406	111 
8407	916 
8408	246 
8409	837 
8410	754 
8411	594 
8412	35 
8413	303 
8414	459 
8415	169 
8416	221 
8417	685 
8418	390 
8419	374 
8420	215 
8421	919 
8422	77 
8423	826 
8424	592 
8425	120 
8426	117 
8427	366 
8428	247 
8429	562 
8430	195 
8431	936 
8432	343 
8433	916 
8434	75 
8435	925 
8436	158 
8437	160 
8438	605 
8439	676 
8440	903 
8441	870 
8442	730 
8443	742 
8444	798 
8445	347 
8446	941 
8447	115 
8448	741 
8449	117 
8450	881 
8451	845 
8452	237 
8453	635 
8454	357 
8455	277 
8456	636 
8457	596 
8458	599 
8459	809 
8460	293 
8461	421 
8462	944 
8463	477 
8464	266 
8465	251 
8466	363 
8467	147 
8468	292 
8469	597 
8470	127 
8471	289 
8472	743 
8473	91 
8474	83 
8475	440 
8476	249 
8477	778 
8478	817 
8479	660 
8480	770 
8481	208 
8482	874 
8483	805 
8484	832 
8485	315 
8486	713 
8487	328 
8488	913 
8489	559 
8490	409 
8491	884 
8492	70 
8493	924 
8494	157 
8495	923 
8496	608 
8497	703 
8498	44 
8499	813 
8500	98 
8501	693 
8502	192 
8503	103 
8504	740 
8505	636 
8506	39 
8507	836 
8508	256 
8509	675 
8510	835 
8511	112 
8512	283 
8513	557 
8514	865 
8515	560 
8516	315 
8517	725 
8518	804 
8519	775 
8520	915 
8521	835 
8522	872 
8523	601 
8524	825 
8525	849 
8526	640 
8527	812 
8528	410 
8529	849 
8530	550 
8531	330 
8532	154 
8533	287 
8534	927 
8535	62 
8536	212 
8537	490 
8538	815 
8539	39 
8540	121 
8541	316 
8542	767 
8543	632 
8544	117 
8545	763 
8546	694 
8547	811 
8548	861 
8549	474 
8550	812 
8551	169 
8552	819 
8553	390 
8554	852 
8555	285 
8556	825 
8557	725 
8558	52 
8559	718 
8560	837 
8561	362 
8562	219 
8563	676 
8564	759 
8565	616 
8566	839 
8567	675 
8568	759 
8569	242 
8570	640 
8571	704 
8572	887 
8573	371 
8574	387 
8575	676 
8576	721 
8577	207 
8578	448 
8579	676 
8580	560 
8581	1 
8582	102 
8583	865 
8584	397 
8585	409 
8586	242 
8587	754 
8588	158 
8589	275 
8590	694 
8591	277 
8592	743 
8593	528 
8594	159 
8595	704 
8596	529 
8597	847 
8598	445 
8599	661 
8600	631 
8601	825 
8602	315 
8603	402 
8604	455 
8605	578 
8606	53 
8607	943 
8608	242 
8609	283 
8610	10 
8611	3 
8612	889 
8613	123 
8614	825 
8615	631 
8616	123 
8617	170 
8618	735 
8619	594 
8620	512 
8621	551 
8622	929 
8623	83 
8624	882 
8625	280 
8626	247 
8627	366 
8628	121 
8629	923 
8630	225 
8631	758 
8632	642 
8633	926 
8634	398 
8635	287 
8636	463 
8637	31 
8638	543 
8639	283 
8640	739 
8641	76 
8642	612 
8643	217 
8644	775 
8645	701 
8646	599 
8647	682 
8648	427 
8649	682 
8650	526 
8651	70 
8652	451 
8653	552 
8654	1 
8655	247 
8656	587 
8657	190 
8658	391 
8659	622 
8660	503 
8661	730 
8662	290 
8663	676 
8664	885 
8665	529 
8666	32 
8667	258 
8668	69 
8669	617 
8670	226 
8671	70 
8672	587 
8673	11 
8674	24 
8675	412 
8676	122 
8677	35 
8678	67 
8679	579 
8680	524 
8681	644 
8682	932 
8683	869 
8684	24 
8685	277 
8686	117 
8687	269 
8688	592 
8689	249 
8690	373 
8691	256 
8692	559 
8693	587 
8694	745 
8695	124 
8696	402 
8697	818 
8698	812 
8699	402 
8700	862 
8701	316 
8702	683 
8703	506 
8704	730 
8705	909 
8706	467 
8707	428 
8708	180 
8709	483 
8710	451 
8711	392 
8712	388 
8713	743 
8714	575 
8715	547 
8716	304 
8717	590 
8718	455 
8719	24 
8720	229 
8721	678 
8722	871 
8723	792 
8724	328 
8725	206 
8726	531 
8727	158 
8728	820 
8729	508 
8730	574 
8731	18 
8732	568 
8733	315 
8734	124 
8735	388 
8736	746 
8737	722 
8738	455 
8739	554 
8740	785 
8741	407 
8742	844 
8743	755 
8744	485 
8745	320 
8746	169 
8747	36 
8748	745 
8749	884 
8750	36 
8751	35 
8752	558 
8753	826 
8754	865 
8755	866 
8756	906 
8757	725 
8758	356 
8759	359 
8760	430 
8761	908 
8762	631 
8763	54 
8764	180 
8765	69 
8766	28 
8767	296 
8768	343 
8769	63 
8770	874 
8771	149 
8772	74 
8773	734 
8774	11 
8775	644 
8776	280 
8777	692 
8778	345 
8779	578 
8780	530 
8781	939 
8782	555 
8783	48 
8784	671 
8785	273 
8786	180 
8787	124 
8788	377 
8789	668 
8790	681 
8791	265 
8792	16 
8793	396 
8794	392 
8795	727 
8796	547 
8797	160 
8798	284 
8799	514 
8800	38 
8801	562 
8802	310 
8803	344 
8804	568 
8805	836 
8806	304 
8807	225 
8808	837 
8809	37 
8810	387 
8811	68 
8812	610 
8813	325 
8814	346 
8815	232 
8816	273 
8817	279 
8818	793 
8819	599 
8820	247 
8821	668 
8822	599 
8823	437 
8824	356 
8825	555 
8826	822 
8827	867 
8828	223 
8829	587 
8830	158 
8831	548 
8832	408 
8833	513 
8834	270 
8835	386 
8836	42 
8837	241 
8838	26 
8839	943 
8840	99 
8841	24 
8842	682 
8843	207 
8844	555 
8845	511 
8846	245 
8847	760 
8848	580 
8849	207 
8850	944 
8851	179 
8852	335 
8853	24 
8854	776 
8855	550 
8856	316 
8857	110 
8858	81 
8859	453 
8860	869 
8861	597 
8862	322 
8863	848 
8864	399 
8865	563 
8866	500 
8867	935 
8868	247 
8869	315 
8870	506 
8871	669 
8872	597 
8873	562 
8874	683 
8875	879 
8876	868 
8877	715 
8878	889 
8879	25 
8880	521 
8881	541 
8882	355 
8883	329 
8884	78 
8885	405 
8886	223 
8887	248 
8888	362 
8889	186 
8890	843 
8891	247 
8892	328 
8893	115 
8894	435 
8895	878 
8896	880 
8897	364 
8898	14 
8899	424 
8900	225 
8901	865 
8902	361 
8903	869 
8904	46 
8905	550 
8906	806 
8907	472 
8908	221 
8909	154 
8910	531 
8911	646 
8912	641 
8913	623 
8914	84 
8915	77 
8916	277 
8917	59 
8918	158 
8919	14 
8920	159 
8921	913 
8922	731 
8923	683 
8924	804 
8925	858 
8926	327 
8927	900 
8928	636 
8929	564 
8930	466 
8931	1 
8932	931 
8933	199 
8934	603 
8935	543 
8936	248 
8937	240 
8938	341 
8939	545 
8940	640 
8941	600 
8942	574 
8943	78 
8944	144 
8945	247 
8946	643 
8947	63 
8948	865 
8949	779 
8950	39 
8951	206 
8952	552 
8953	713 
8954	563 
8955	52 
8956	1 
8957	745 
8958	330 
8959	226 
8960	134 
8961	99 
8962	124 
8963	351 
8964	848 
8965	902 
8966	419 
8967	530 
8968	885 
8969	627 
8970	119 
8971	139 
8972	45 
8973	278 
8974	491 
8975	389 
8976	899 
8977	121 
8978	31 
8979	677 
8980	581 
8981	587 
8982	159 
8983	391 
8984	455 
8985	281 
8986	572 
8987	643 
8988	91 
8989	503 
8990	392 
8991	507 
8992	787 
8993	138 
8994	142 
8995	327 
8996	528 
8997	488 
8998	461 
8999	486 
9000	285 
9001	79 
9002	610 
9003	263 
9004	349 
9005	164 
9006	411 
9007	486 
9008	739 
9009	457 
9010	558 
9011	359 
9012	428 
9013	58 
9014	675 
9015	938 
9016	610 
9017	449 
9018	836 
9019	583 
9020	888 
9021	401 
9022	884 
9023	304 
9024	835 
9025	747 
9026	304 
9027	53 
9028	615 
9029	449 
9030	366 
9031	122 
9032	224 
9033	286 
9034	520 
9035	213 
9036	717 
9037	287 
9038	847 
9039	827 
9040	164 
9041	701 
9042	109 
9043	18 
9044	834 
9045	680 
9046	392 
9047	24 
9048	373 
9049	467 
9050	417 
9051	792 
9052	488 
9053	618 
9054	598 
9055	452 
9056	458 
9057	9 
9058	643 
9059	127 
9060	403 
9061	247 
9062	369 
9063	378 
9064	714 
9065	942 
9066	164 
9067	884 
9068	221 
9069	602 
9070	141 
9071	832 
9072	749 
9073	377 
9074	914 
9075	889 
9076	900 
9077	474 
9078	44 
9079	569 
9080	937 
9081	803 
9082	474 
9083	130 
9084	650 
9085	372 
9086	825 
9087	83 
9088	503 
9089	685 
9090	877 
9091	849 
9092	835 
9093	813 
9094	105 
9095	510 
9096	83 
9097	494 
9098	780 
9099	77 
9100	73 
9101	469 
9102	825 
9103	574 
9104	375 
9105	124 
9106	699 
9107	551 
9108	247 
9109	891 
9110	872 
9111	392 
9112	569 
9113	343 
9114	18 
9115	273 
9116	67 
9117	46 
9118	824 
9119	18 
9120	221 
9121	562 
9122	349 
9123	181 
9124	694 
9125	363 
9126	527 
9127	889 
9128	643 
9129	198 
9130	600 
9131	735 
9132	486 
9133	623 
9134	466 
9135	506 
9136	512 
9137	86 
9138	262 
9139	511 
9140	485 
9141	913 
9142	352 
9143	676 
9144	465 
9145	51 
9146	778 
9147	659 
9148	911 
9149	742 
9150	928 
9151	121 
9152	883 
9153	667 
9154	793 
9155	304 
9156	340 
9157	226 
9158	696 
9159	377 
9160	408 
9161	725 
9162	77 
9163	375 
9164	515 
9165	149 
9166	194 
9167	34 
9168	304 
9169	279 
9170	603 
9171	153 
9172	520 
9173	257 
9174	265 
9175	812 
9176	748 
9177	731 
9178	880 
9179	924 
9180	903 
9181	506 
9182	160 
9183	224 
9184	133 
9185	579 
9186	481 
9187	318 
9188	137 
9189	560 
9190	410 
9191	513 
9192	488 
9193	86 
9194	279 
9195	353 
9196	23 
9197	722 
9198	163 
9199	878 
9200	18 
9201	551 
9202	325 
9203	576 
9204	4 
9205	278 
9206	725 
9207	426 
9208	164 
9209	59 
9210	315 
9211	630 
9212	141 
9213	610 
9214	297 
9215	450 
9216	185 
9217	277 
9218	541 
9219	756 
9220	451 
9221	803 
9222	331 
9223	519 
9224	163 
9225	845 
9226	342 
9227	234 
9228	830 
9229	520 
9230	37 
9231	56 
9232	124 
9233	528 
9234	512 
9235	579 
9236	512 
9237	863 
9238	745 
9239	361 
9240	219 
9241	362 
9242	599 
9243	656 
9244	820 
9245	181 
9246	646 
9247	911 
9248	482 
9249	144 
9250	224 
9251	686 
9252	528 
9253	535 
9254	229 
9255	348 
9256	597 
9257	550 
9258	550 
9259	246 
9260	213 
9261	384 
9262	309 
9263	581 
9264	902 
9265	53 
9266	570 
9267	412 
9268	692 
9269	868 
9270	484 
9271	890 
9272	372 
9273	704 
9274	18 
9275	408 
9276	657 
9277	678 
9278	169 
9279	342 
9280	894 
9281	906 
9282	287 
9283	221 
9284	525 
9285	81 
9286	238 
9287	865 
9288	792 
9289	877 
9290	587 
9291	824 
9292	274 
9293	188 
9294	130 
9295	911 
9296	888 
9297	654 
9298	510 
9299	42 
9300	911 
9301	921 
9302	810 
9303	83 
9304	745 
9305	936 
9306	676 
9307	495 
9308	510 
9309	835 
9310	289 
9311	745 
9312	357 
9313	921 
9314	423 
9315	667 
9316	466 
9317	885 
9318	492 
9319	895 
9320	685 
9321	455 
9322	373 
9323	702 
9324	356 
9325	754 
9326	475 
9327	283 
9328	801 
9329	557 
9330	917 
9331	379 
9332	578 
9333	563 
9334	542 
9335	159 
9336	833 
9337	920 
9338	35 
9339	905 
9340	77 
9341	180 
9342	922 
9343	453 
9344	471 
9345	361 
9346	929 
9347	118 
9348	819 
9349	849 
9350	552 
9351	474 
9352	790 
9353	298 
9354	599 
9355	464 
9356	121 
9357	865 
9358	481 
9359	618 
9360	51 
9361	692 
9362	938 
9363	409 
9364	77 
9365	10 
9366	740 
9367	468 
9368	549 
9369	363 
9370	504 
9371	287 
9372	705 
9373	831 
9374	740 
9375	742 
9376	506 
9377	547 
9378	241 
9379	922 
9380	358 
9381	416 
9382	65 
9383	663 
9384	900 
9385	334 
9386	607 
9387	396 
9388	366 
9389	935 
9390	256 
9391	748 
9392	712 
9393	667 
9394	163 
9395	359 
9396	672 
9397	462 
9398	309 
9399	265 
9400	833 
9401	49 
9402	457 
9403	579 
9404	440 
9405	411 
9406	229 
9407	938 
9408	825 
9409	184 
9410	533 
9411	140 
9412	183 
9413	110 
9414	251 
9415	147 
9416	277 
9417	718 
9418	938 
9419	141 
9420	692 
9421	504 
9422	12 
9423	300 
9424	772 
9425	408 
9426	67 
9427	706 
9428	208 
9429	747 
9430	207 
9431	227 
9432	103 
9433	792 
9434	848 
9435	301 
9436	24 
9437	772 
9438	696 
9439	596 
9440	374 
9441	925 
9442	938 
9443	740 
9444	391 
9445	413 
9446	16 
9447	229 
9448	491 
9449	138 
9450	206 
9451	575 
9452	349 
9453	13 
9454	639 
9455	121 
9456	173 
9457	210 
9458	191 
9459	348 
9460	486 
9461	581 
9462	696 
9463	208 
9464	792 
9465	742 
9466	903 
9467	731 
9468	224 
9469	463 
9470	561 
9471	757 
9472	256 
9473	820 
9474	331 
9475	804 
9476	596 
9477	519 
9478	17 
9479	514 
9480	466 
9481	575 
9482	772 
9483	25 
9484	315 
9485	284 
9486	461 
9487	827 
9488	921 
9489	210 
9490	587 
9491	745 
9492	583 
9493	787 
9494	610 
9495	33 
9496	506 
9497	527 
9498	488 
9499	737 
9500	169 
9501	922 
9502	92 
9503	798 
9504	889 
9505	703 
9506	614 
9507	696 
9508	629 
9509	529 
9510	449 
9511	442 
9512	199 
9513	556 
9514	582 
9515	731 
9516	668 
9517	535 
9518	481 
9519	169 
9520	319 
9521	16 
9522	819 
9523	60 
9524	40 
9525	35 
9526	124 
9527	307 
9528	652 
9529	476 
9530	752 
9531	659 
9532	696 
9533	287 
9534	111 
9535	575 
9536	53 
9537	520 
9538	507 
9539	19 
9540	616 
9541	247 
9542	811 
9543	673 
9544	579 
9545	340 
9546	426 
9547	69 
9548	884 
9549	206 
9550	124 
9551	780 
9552	762 
9553	560 
9554	780 
9555	655 
9556	384 
9557	543 
9558	290 
9559	944 
9560	938 
9561	933 
9562	339 
9563	387 
9564	616 
9565	236 
9566	729 
9567	308 
9568	47 
9569	226 
9570	541 
9571	456 
9572	359 
9573	148 
9574	372 
9575	673 
9576	867 
9577	572 
9578	48 
9579	938 
9580	795 
9581	881 
9582	474 
9583	942 
9584	563 
9585	789 
9586	73 
9587	224 
9588	211 
9589	676 
9590	463 
9591	782 
9592	900 
9593	361 
9594	116 
9595	520 
9596	506 
9597	588 
9598	20 
9599	255 
9600	676 
9601	199 
9602	234 
9603	830 
9604	900 
9605	149 
9606	5 
9607	328 
9608	156 
9609	463 
9610	3 
9611	636 
9612	193 
9613	42 
9614	677 
9615	159 
9616	453 
9617	875 
9618	822 
9619	916 
9620	625 
9621	374 
9622	358 
9623	331 
9624	477 
9625	675 
9626	628 
9627	819 
9628	542 
9629	164 
9630	283 
9631	464 
9632	230 
9633	571 
9634	937 
9635	667 
9636	300 
9637	354 
9638	213 
9639	12 
9640	702 
9641	35 
9642	328 
9643	70 
9644	224 
9645	217 
9646	482 
9647	808 
9648	674 
9649	792 
9650	31 
9651	667 
9652	623 
9653	478 
9654	13 
9655	369 
9656	703 
9657	737 
9658	821 
9659	632 
9660	263 
9661	285 
9662	229 
9663	544 
9664	667 
9665	677 
9666	896 
9667	258 
9668	121 
9669	282 
9670	667 
9671	476 
9672	767 
9673	408 
9674	342 
9675	150 
9676	780 
9677	936 
9678	418 
9679	782 
9680	772 
9681	859 
9682	236 
9683	675 
9684	253 
9685	248 
9686	329 
9687	646 
9688	290 
9689	920 
9690	378 
9691	889 
9692	615 
9693	168 
9694	602 
9695	889 
9696	843 
9697	24 
9698	365 
9699	914 
9700	203 
9701	704 
9702	52 
9703	499 
9704	848 
9705	759 
9706	942 
9707	320 
9708	222 
9709	236 
9710	154 
9711	547 
9712	149 
9713	471 
9714	336 
9715	415 
9716	134 
9717	786 
9718	572 
9719	194 
9720	560 
9721	41 
9722	274 
9723	32 
9724	183 
9725	476 
9726	937 
9727	549 
9728	328 
9729	683 
9730	101 
9731	563 
9732	889 
9733	488 
9734	49 
9735	869 
9736	156 
9737	227 
9738	381 
9739	583 
9740	691 
9741	124 
9742	681 
9743	927 
9744	526 
9745	454 
9746	466 
9747	258 
9748	552 
9749	396 
9750	662 
9751	48 
9752	923 
9753	771 
9754	782 
9755	228 
9756	827 
9757	341 
9758	934 
9759	263 
9760	180 
9761	124 
9762	848 
9763	901 
9764	836 
9765	627 
9766	596 
9767	80 
9768	681 
9769	578 
9770	778 
9771	293 
9772	126 
9773	100 
9774	688 
9775	335 
9776	552 
9777	285 
9778	376 
9779	820 
9780	888 
9781	872 
9782	259 
9783	106 
9784	541 
9785	69 
9786	356 
9787	48 
9788	884 
9789	793 
9790	668 
9791	394 
9792	631 
9793	136 
9794	133 
9795	304 
9796	927 
9797	724 
9798	257 
9799	638 
9800	849 
9801	150 
9802	306 
9803	192 
9804	699 
9805	911 
9806	540 
9807	623 
9808	698 
9809	154 
9810	394 
9811	48 
9812	155 
9813	789 
9814	597 
9815	643 
9816	646 
9817	508 
9818	607 
9819	458 
9820	628 
9821	869 
9822	248 
9823	504 
9824	880 
9825	47 
9826	244 
9827	916 
9828	161 
9829	813 
9830	495 
9831	549 
9832	12 
9833	130 
9834	932 
9835	886 
9836	789 
9837	459 
9838	659 
9839	221 
9840	642 
9841	445 
9842	328 
9843	575 
9844	77 
9845	915 
9846	549 
9847	73 
9848	247 
9849	476 
9850	208 
9851	529 
9852	251 
9853	37 
9854	132 
9855	99 
9856	483 
9857	763 
9858	154 
9859	750 
9860	372 
9861	368 
9862	769 
9863	684 
9864	204 
9865	893 
9866	529 
9867	651 
9868	77 
9869	207 
9870	449 
9871	913 
9872	128 
9873	165 
9874	284 
9875	767 
9876	848 
9877	185 
9878	356 
9879	156 
9880	213 
9881	561 
9882	297 
9883	839 
9884	525 
9885	843 
9886	503 
9887	292 
9888	635 
9889	597 
9890	77 
9891	372 
9892	126 
9893	479 
9894	562 
9895	11 
9896	508 
9897	9 
9898	63 
9899	714 
9900	547 
9901	164 
9902	668 
9903	678 
9904	372 
9905	863 
9906	938 
9907	353 
9908	804 
9909	371 
9910	536 
9911	822 
9912	437 
9913	938 
9914	923 
9915	484 
9916	437 
9917	497 
9918	128 
9919	72 
9920	743 
9921	345 
9922	456 
9923	747 
9924	581 
9925	579 
9926	324 
9927	743 
9928	133 
9929	155 
9930	343 
9931	610 
9932	911 
9933	185 
9934	156 
9935	319 
9936	132 
9937	811 
9938	506 
9939	528 
9940	893 
9941	167 
9942	392 
9943	678 
9944	757 
9945	227 
9946	660 
9947	689 
9948	167 
9949	869 
9950	901 
9951	207 
9952	616 
9953	452 
9954	859 
9955	880 
9956	471 
9957	859 
9958	704 
9959	376 
9960	474 
9961	616 
9962	804 
9963	291 
9964	924 
9965	769 
9966	441 
9967	346 
9968	342 
9969	768 
9970	251 
9971	692 
9972	668 
9973	558 
9974	466 
9975	40 
9976	257 
9977	229 
9978	762 
9979	587 
9980	832 
9981	518 
9982	780 
9983	45 
9984	278 
9985	225 
9986	39 
9987	616 
9988	704 
9989	879 
9990	172 
9991	286 
9992	679 
9993	494 
9994	219 
9995	132 
9996	440 
9997	944 
9998	304 
9999	42 
10000	225 
10001	175 
10002	940 
10003	766 
10004	453 
10005	859 
10006	652 
10007	772 
10008	208 
10009	392 
10010	720 
10011	214 
10012	559 
10013	463 
10014	729 
10015	392 
10016	217 
10017	328 
10018	28 
10019	757 
10020	734 
10021	922 
10022	353 
10023	786 
10024	492 
10025	884 
10026	590 
10027	359 
10028	423 
10029	886 
10030	609 
10031	100 
10032	278 
10033	610 
10034	419 
10035	11 
10036	18 
10037	485 
10038	315 
10039	403 
10040	182 
10041	379 
10042	7 
10043	410 
10044	550 
10045	812 
10046	596 
10047	224 
10048	139 
10049	535 
10050	285 
10051	802 
10052	777 
10053	235 
10054	163 
10055	224 
10056	600 
10057	609 
10058	70 
10059	70 
10060	811 
10061	269 
10062	946 
10063	727 
10064	468 
10065	677 
10066	699 
10067	130 
10068	652 
10069	221 
10070	328 
10071	884 
10072	938 
10073	63 
10074	87 
10075	856 
10076	351 
10077	811 
10078	220 
10079	848 
10080	468 
10081	835 
10082	942 
10083	11 
10084	587 
10085	121 
10086	656 
10087	553 
10088	391 
10089	562 
10090	290 
10091	173 
10092	194 
10093	485 
10094	399 
10095	127 
10096	199 
10097	266 
10098	825 
10099	878 
10100	159 
10101	134 
10102	344 
10103	475 
10104	305 
10105	356 
10106	667 
10107	757 
10108	690 
10109	542 
10110	529 
10111	889 
10112	580 
10113	534 
10114	751 
10115	384 
10116	831 
10117	901 
10118	185 
10119	476 
10120	276 
10121	186 
10122	660 
10123	213 
10124	437 
10125	779 
10126	595 
10127	342 
10128	751 
10129	353 
10130	725 
10131	579 
10132	900 
10133	844 
10134	825 
10135	825 
10136	688 
10137	891 
10138	679 
10139	14 
10140	121 
10141	120 
10142	623 
10143	793 
10144	519 
10145	762 
10146	343 
10147	716 
10148	264 
10149	476 
10150	43 
10151	718 
10152	745 
10153	466 
10154	633 
10155	849 
10156	737 
10157	210 
10158	875 
10159	928 
10160	208 
10161	392 
10162	208 
10163	399 
10164	810 
10165	635 
10166	736 
10167	319 
10168	5 
10169	596 
10170	159 
10171	48 
10172	762 
10173	810 
10174	844 
10175	191 
10176	691 
10177	168 
10178	180 
10179	47 
10180	230 
10181	325 
10182	698 
10183	904 
10184	372 
10185	515 
10186	470 
10187	198 
10188	127 
10189	828 
10190	227 
10191	229 
10192	517 
10193	421 
10194	599 
10195	599 
10196	646 
10197	692 
10198	3 
10199	705 
10200	279 
10201	895 
10202	678 
10203	282 
10204	511 
10205	13 
10206	233 
10207	124 
10208	44 
10209	444 
10210	72 
10211	490 
10212	543 
10213	713 
10214	407 
10215	766 
10216	914 
10217	36 
10218	797 
10219	387 
10220	111 
10221	745 
10222	642 
10223	555 
10224	600 
10225	688 
10226	859 
10227	213 
10228	849 
10229	229 
10230	71 
10231	25 
10232	315 
10233	429 
10234	652 
10235	597 
10236	59 
10237	541 
10238	67 
10239	635 
10240	942 
10241	844 
10242	820 
10243	477 
10244	372 
10245	884 
10246	772 
10247	285 
10248	137 
10249	792 
10250	157 
10251	55 
10252	402 
10253	613 
10254	611 
10255	575 
10256	475 
10257	687 
10258	238 
10259	893 
10260	476 
10261	333 
10262	723 
10263	64 
10264	273 
10265	262 
10266	167 
10267	359 
10268	290 
10269	156 
10270	884 
10271	915 
10272	277 
10273	317 
10274	145 
10275	621 
10276	135 
10277	575 
10278	704 
10279	46 
10280	247 
10281	488 
10282	331 
10283	320 
10284	295 
10285	732 
10286	23 
10287	288 
10288	661 
10289	455 
10290	282 
10291	479 
10292	281 
10293	631 
10294	815 
10295	476 
10296	343 
10297	319 
10298	518 
10299	758 
10300	387 
10301	644 
10302	48 
10303	462 
10304	597 
10305	315 
10306	182 
10307	254 
10308	811 
10309	48 
10310	550 
10311	227 
10312	861 
10313	79 
10314	504 
10315	272 
10316	693 
10317	381 
10318	191 
10319	105 
10320	880 
10321	468 
10322	377 
10323	104 
10324	512 
10325	372 
10326	363 
10327	642 
10328	265 
10329	24 
10330	353 
10331	94 
10332	180 
10333	80 
10334	634 
10335	562 
10336	396 
10337	663 
10338	372 
10339	393 
10340	450 
10341	247 
10342	510 
10343	408 
10344	330 
10345	919 
10346	559 
10347	429 
10348	154 
10349	360 
10350	229 
10351	354 
10352	800 
10353	824 
10354	119 
10355	936 
10356	389 
10357	340 
10358	476 
10359	918 
10360	542 
10361	600 
10362	745 
10363	813 
10364	306 
10365	886 
10366	31 
10367	64 
10368	402 
10369	283 
10370	134 
10371	87 
10372	290 
10373	75 
10374	488 
10375	430 
10376	944 
10377	835 
10378	105 
10379	147 
10380	788 
10381	466 
10382	225 
10383	552 
10384	290 
10385	811 
10386	639 
10387	824 
10388	915 
10389	567 
10390	39 
10391	106 
10392	542 
10393	87 
10394	590 
10395	630 
10396	117 
10397	623 
10398	344 
10399	587 
10400	178 
10401	541 
10402	546 
10403	153 
10404	304 
10405	129 
10406	344 
10407	431 
10408	836 
10409	667 
10410	72 
10411	542 
10412	511 
10413	181 
10414	253 
10415	96 
10416	314 
10417	219 
10418	686 
10419	107 
10420	829 
10421	310 
10422	137 
10423	441 
10424	257 
10425	916 
10426	354 
10427	219 
10428	772 
10429	774 
10430	202 
10431	463 
10432	99 
10433	520 
10434	625 
10435	281 
10436	411 
10437	225 
10438	5 
10439	766 
10440	205 
10441	900 
10442	654 
10443	276 
10444	842 
10445	528 
10446	11 
10447	239 
10448	627 
10449	99 
10450	372 
10451	451 
10452	437 
10453	133 
10454	529 
10455	578 
10456	59 
10457	804 
10458	759 
10459	188 
10460	803 
10461	455 
10462	646 
10463	214 
10464	671 
10465	812 
10466	813 
10467	120 
10468	540 
10469	238 
10470	693 
10471	633 
10472	701 
10473	935 
10474	62 
10475	133 
10476	425 
10477	834 
10478	792 
10479	635 
10480	636 
10481	558 
10482	558 
10483	406 
10484	70 
10485	900 
10486	293 
10487	928 
10488	701 
10489	693 
10490	812 
10491	334 
10492	283 
10493	500 
10494	64 
10495	303 
10496	635 
10497	111 
10498	48 
10499	944 
10500	529 
10501	874 
10502	775 
10503	77 
10504	506 
10505	363 
10506	377 
10507	164 
10508	466 
10509	554 
10510	812 
10511	691 
10512	35 
10513	522 
10514	748 
10515	769 
10516	917 
10517	820 
10518	222 
10519	506 
10520	425 
10521	415 
10522	422 
10523	635 
10524	408 
10525	684 
10526	681 
10527	416 
10528	738 
10529	819 
10530	674 
10531	558 
10532	597 
10533	944 
10534	29 
10535	821 
10536	157 
10537	691 
10538	754 
10539	42 
10540	214 
10541	887 
10542	837 
10543	802 
10544	112 
10545	817 
10546	922 
10547	19 
10548	63 
10549	872 
10550	890 
10551	824 
10552	757 
10553	263 
10554	276 
10555	213 
10556	213 
10557	913 
10558	218 
10559	720 
10560	471 
10561	628 
10562	763 
10563	260 
10564	683 
10565	372 
10566	665 
10567	920 
10568	840 
10569	597 
10570	785 
10571	56 
10572	571 
10573	651 
10574	372 
10575	844 
10576	95 
10577	440 
10578	511 
10579	238 
10580	183 
10581	820 
10582	187 
10583	89 
10584	704 
10585	820 
10586	229 
10587	281 
10588	270 
10589	596 
10590	678 
10591	527 
10592	471 
10593	568 
10594	772 
10595	213 
10596	627 
10597	881 
10598	463 
10599	742 
10600	429 
10601	31 
10602	148 
10603	6 
10604	892 
10605	783 
10606	928 
10607	76 
10608	829 
10609	911 
10610	281 
10611	563 
10612	717 
10613	145 
10614	244 
10615	865 
10616	628 
10617	892 
10618	51 
10619	470 
10620	928 
10621	460 
10622	148 
10623	7 
10624	296 
10625	225 
10626	331 
10627	939 
10628	397 
10629	561 
10630	290 
10631	597 
10632	805 
10633	465 
10634	199 
10635	869 
10636	262 
10637	160 
10638	718 
10639	773 
10640	292 
10641	130 
10642	437 
10643	529 
10644	92 
10645	206 
10646	452 
10647	635 
10648	552 
10649	324 
10650	334 
10651	53 
10652	285 
10653	848 
10654	527 
10655	290 
10656	652 
10657	922 
10658	849 
10659	213 
10660	676 
10661	195 
10662	744 
10663	678 
10664	263 
10665	32 
10666	290 
10667	534 
10668	891 
10669	374 
10670	183 
10671	939 
10672	64 
10673	269 
10674	154 
10675	191 
10676	695 
10677	787 
10678	889 
10679	446 
10680	739 
10681	562 
10682	315 
10683	67 
10684	54 
10685	867 
10686	384 
10687	549 
10688	554 
10689	715 
10690	449 
10691	662 
10692	27 
10693	243 
10694	662 
10695	908 
10696	733 
10697	48 
10698	18 
10699	308 
10700	70 
10701	814 
10702	449 
10703	48 
10704	213 
10705	616 
10706	597 
10707	937 
10708	806 
10709	131 
10710	339 
10711	801 
10712	804 
10713	123 
10714	41 
10715	490 
10716	552 
10717	559 
10718	930 
10719	345 
10720	611 
10721	943 
10722	510 
10723	266 
10724	529 
10725	754 
10726	66 
10727	835 
10728	21 
10729	63 
10730	832 
10731	34 
10732	777 
10733	596 
10734	344 
10735	582 
10736	575 
10737	126 
10738	203 
10739	498 
10740	387 
10741	16 
10742	626 
10743	778 
10744	134 
10745	924 
10746	584 
10747	58 
10748	880 
10749	32 
10750	368 
10751	129 
10752	912 
10753	122 
10754	122 
10755	516 
10756	769 
10757	718 
10758	455 
10759	181 
10760	932 
10761	629 
10762	825 
10763	277 
10764	203 
10765	504 
10766	560 
10767	782 
10768	69 
10769	59 
10770	276 
10771	33 
10772	180 
10773	629 
10774	646 
10775	783 
10776	147 
10777	392 
10778	494 
10779	506 
10780	536 
10781	779 
10782	746 
10783	412 
10784	783 
10785	67 
10786	19 
10787	387 
10788	844 
10789	909 
10790	356 
10791	935 
10792	31 
10793	431 
10794	708 
10795	392 
10796	198 
10797	230 
10798	120 
10799	100 
10800	442 
10801	886 
10802	207 
10803	286 
10804	754 
10805	459 
10806	707 
10807	319 
10808	476 
10809	450 
10810	873 
10811	804 
10812	902 
10813	274 
10814	512 
10815	176 
10816	943 
10817	677 
10818	668 
10819	213 
10820	600 
10821	317 
10822	544 
10823	508 
10824	667 
10825	42 
10826	700 
10827	455 
10828	939 
10829	292 
10830	328 
10831	372 
10832	761 
10833	801 
10834	819 
10835	817 
10836	604 
10837	659 
10838	806 
10839	923 
10840	392 
10841	67 
10842	667 
10843	756 
10844	169 
10845	763 
10846	691 
10847	807 
10848	757 
10849	147 
10850	825 
10851	822 
10852	377 
10853	759 
10854	200 
10855	52 
10856	312 
10857	437 
10858	480 
10859	391 
10860	696 
10861	763 
10862	300 
10863	892 
10864	108 
10865	746 
10866	844 
10867	290 
10868	392 
10869	923 
10870	728 
10871	17 
10872	437 
10873	164 
10874	704 
10875	507 
10876	581 
10877	292 
10878	786 
10879	358 
10880	820 
10881	745 
10882	262 
10883	328 
10884	266 
10885	924 
10886	380 
10887	284 
10888	320 
10889	534 
10890	607 
10891	441 
10892	223 
10893	586 
10894	812 
10895	826 
10896	717 
10897	15 
10898	505 
10899	93 
10900	575 
10901	558 
10902	943 
10903	635 
10904	878 
10905	225 
10906	304 
10907	597 
10908	138 
10909	699 
10910	183 
10911	911 
10912	921 
10913	312 
10914	562 
10915	59 
10916	164 
10917	907 
10918	668 
10919	530 
10920	59 
10921	451 
10922	359 
10923	372 
10924	620 
10925	798 
10926	441 
10927	659 
10928	580 
10929	212 
10930	247 
10931	383 
10932	945 
10933	857 
10934	356 
10935	123 
10936	25 
10937	384 
10938	384 
10939	178 
10940	901 
10941	696 
10942	390 
10943	77 
10944	886 
10945	655 
10946	483 
10947	441 
10948	127 
10949	619 
10950	640 
10951	528 
10952	696 
10953	114 
10954	228 
10955	457 
10956	575 
10957	581 
10958	331 
10959	39 
10960	141 
10961	385 
10962	392 
10963	777 
10964	754 
10965	37 
10966	448 
10967	59 
10968	223 
10969	694 
10970	483 
10971	24 
10972	45 
10973	63 
10974	269 
10975	54 
10976	908 
10977	865 
10978	135 
10979	628 
10980	597 
10981	844 
10982	763 
10983	579 
10984	149 
10985	755 
10986	503 
10987	423 
10988	92 
10989	717 
10990	183 
10991	924 
10992	252 
10993	932 
10994	811 
10995	889 
10996	717 
10997	575 
10998	597 
10999	892 
11000	911 
11001	461 
11002	308 
11003	683 
11004	838 
11005	882 
11006	718 
11007	552 
11008	921 
11009	199 
11010	623 
11011	635 
11012	562 
11013	931 
11014	696 
11015	706 
11016	571 
11017	242 
11018	683 
11019	635 
11020	34 
11021	520 
11022	630 
11023	1 
11024	655 
11025	242 
11026	886 
11027	563 
11028	159 
11029	652 
11030	283 
11031	78 
11032	901 
11033	16 
11034	488 
11035	924 
11036	828 
11037	340 
11038	156 
11039	325 
11040	214 
11041	754 
11042	374 
11043	331 
11044	392 
11045	125 
11046	825 
11047	285 
11048	269 
11049	459 
11050	217 
11051	108 
11052	867 
11053	763 
11054	628 
11055	483 
11056	831 
11057	224 
11058	696 
11059	379 
11060	328 
11061	690 
11062	813 
11063	426 
11064	851 
11065	900 
11066	290 
11067	922 
11068	387 
11069	18 
11070	394 
11071	798 
11072	144 
11073	889 
11074	312 
11075	319 
11076	356 
11077	578 
11078	149 
11079	453 
11080	865 
11081	848 
11082	285 
11083	129 
11084	13 
11085	115 
11086	315 
11087	768 
11088	165 
11089	628 
11090	146 
11091	79 
11092	157 
11093	761 
11094	451 
11095	195 
11096	628 
11097	610 
11098	140 
11099	95 
11100	329 
11101	155 
11102	432 
11103	696 
11104	452 
11105	463 
11106	929 
11107	67 
11108	387 
11109	506 
11110	695 
11111	385 
11112	854 
11113	759 
11114	832 
11115	194 
11116	597 
11117	381 
11118	752 
11119	316 
11120	60 
11121	221 
11122	102 
11123	374 
11124	924 
11125	148 
11126	706 
11127	688 
11128	587 
11129	3 
11130	846 
11131	550 
11132	441 
11133	584 
11134	219 
11135	528 
11136	506 
11137	105 
11138	569 
11139	882 
11140	363 
11141	169 
11142	127 
11143	159 
11144	392 
11145	936 
11146	103 
11147	205 
11148	623 
11149	759 
11150	441 
11151	463 
11152	219 
11153	812 
11154	266 
11155	942 
11156	413 
11157	183 
11158	70 
11159	274 
11160	279 
11161	527 
11162	775 
11163	903 
11164	441 
11165	387 
11166	414 
11167	50 
11168	715 
11169	165 
11170	924 
11171	64 
11172	478 
11173	652 
11174	616 
11175	806 
11176	860 
11177	656 
11178	937 
11179	119 
11180	1 
11181	512 
11182	596 
11183	55 
11184	936 
11185	46 
11186	471 
11187	19 
11188	53 
11189	616 
11190	549 
11191	668 
11192	943 
11193	817 
11194	37 
11195	77 
11196	762 
11197	554 
11198	52 
11199	71 
11200	337 
11201	693 
11202	527 
11203	560 
11204	863 
11205	296 
11206	1 
11207	587 
11208	463 
11209	248 
11210	220 
11211	150 
11212	485 
11213	221 
11214	315 
11215	526 
11216	663 
11217	675 
11218	587 
11219	528 
11220	691 
11221	855 
11222	87 
11223	116 
11224	199 
11225	134 
11226	704 
11227	603 
11228	928 
11229	105 
11230	253 
11231	699 
11232	207 
11233	562 
11234	714 
11235	133 
11236	488 
11237	243 
11238	644 
11239	884 
11240	444 
11241	191 
11242	80 
11243	340 
11244	392 
11245	702 
11246	283 
11247	937 
11248	209 
11249	644 
11250	402 
11251	449 
11252	8 
11253	518 
11254	392 
11255	155 
11256	558 
11257	158 
11258	74 
11259	745 
11260	184 
11261	173 
11262	506 
11263	743 
11264	529 
11265	784 
11266	487 
11267	364 
11268	664 
11269	693 
11270	154 
11271	175 
11272	571 
11273	848 
11274	180 
11275	263 
11276	925 
11277	27 
11278	595 
11279	889 
11280	454 
11281	856 
11282	654 
11283	74 
11284	37 
11285	692 
11286	132 
11287	134 
11288	554 
11289	854 
11290	159 
11291	549 
11292	891 
11293	236 
11294	293 
11295	356 
11296	924 
11297	419 
11298	811 
11299	797 
11300	820 
11301	522 
11302	859 
11303	833 
11304	772 
11305	324 
11306	441 
11307	881 
11308	623 
11309	392 
11310	78 
11311	159 
11312	304 
11313	913 
11314	647 
11315	154 
11316	922 
11317	848 
11318	206 
11319	203 
11320	202 
11321	804 
11322	869 
11323	97 
11324	558 
11325	315 
11326	499 
11327	319 
11328	802 
11329	829 
11330	360 
11331	253 
11332	839 
11333	575 
11334	159 
11335	891 
11336	52 
11337	154 
11338	878 
11339	390 
11340	190 
11341	370 
11342	225 
11343	290 
11344	309 
11345	393 
11346	315 
11347	838 
11348	548 
11349	223 
11350	354 
11351	780 
11352	75 
11353	501 
11354	80 
11355	396 
11356	510 
11357	191 
11358	153 
11359	636 
11360	504 
11361	161 
11362	5 
11363	157 
11364	839 
11365	563 
11366	520 
11367	117 
11368	287 
11369	592 
11370	286 
11371	610 
11372	32 
11373	183 
11374	64 
11375	667 
11376	701 
11377	772 
11378	763 
11379	72 
11380	281 
11381	391 
11382	581 
11383	307 
11384	284 
11385	513 
11386	188 
11387	374 
11388	333 
11389	104 
11390	812 
11391	646 
11392	925 
11393	208 
11394	278 
11395	248 
11396	79 
11397	132 
11398	247 
11399	480 
11400	503 
11401	77 
11402	319 
11403	411 
11404	744 
11405	797 
11406	467 
11407	915 
11408	221 
11409	946 
11410	276 
11411	909 
11412	295 
11413	476 
11414	944 
11415	322 
11416	696 
11417	116 
11418	349 
11419	767 
11420	528 
11421	324 
11422	899 
11423	848 
11424	849 
11425	451 
11426	242 
11427	756 
11428	64 
11429	900 
11430	824 
11431	77 
11432	742 
11433	485 
11434	312 
11435	886 
11436	34 
11437	518 
11438	227 
11439	210 
11440	944 
11441	485 
11442	382 
11443	124 
11444	614 
11445	211 
11446	6 
11447	115 
11448	295 
11449	562 
11450	531 
11451	520 
11452	596 
11453	487 
11454	463 
11455	719 
11456	23 
11457	374 
11458	427 
11459	837 
11460	894 
11461	49 
11462	328 
11463	304 
11464	467 
11465	357 
11466	835 
11467	845 
11468	804 
11469	908 
11470	366 
11471	943 
11472	635 
11473	419 
11474	919 
11475	105 
11476	663 
11477	792 
11478	183 
11479	835 
11480	72 
11481	571 
11482	441 
11483	181 
11484	252 
11485	622 
11486	803 
11487	78 
11488	428 
11489	595 
11490	343 
11491	300 
11492	730 
11493	643 
11494	835 
11495	10 
11496	90 
11497	1 
11498	304 
11499	208 
11500	890 
11501	922 
11502	482 
11503	655 
11504	379 
11505	603 
11506	224 
11507	35 
11508	918 
11509	675 
11510	479 
11511	767 
11512	861 
11513	332 
11514	859 
11515	189 
11516	460 
11517	85 
11518	483 
11519	339 
11520	285 
11521	543 
11522	199 
11523	5 
11524	284 
11525	128 
11526	649 
11527	937 
11528	195 
11529	290 
11530	193 
11531	895 
11532	185 
11533	219 
11534	472 
11535	558 
11536	591 
11537	279 
11538	450 
11539	266 
11540	42 
11541	898 
11542	723 
11543	499 
11544	824 
11545	678 
11546	595 
11547	230 
11548	335 
11549	473 
11550	189 
11551	622 
11552	752 
11553	376 
11554	372 
11555	920 
11556	72 
11557	613 
11558	221 
11559	610 
11560	939 
11561	587 
11562	297 
11563	775 
11564	691 
11565	692 
11566	725 
11567	203 
11568	180 
11569	555 
11570	525 
11571	679 
11572	636 
11573	878 
11574	599 
11575	154 
11576	848 
11577	83 
11578	16 
11579	884 
11580	724 
11581	2 
11582	188 
11583	820 
11584	558 
11585	844 
11586	133 
11587	848 
11588	215 
11589	18 
11590	787 
11591	786 
11592	353 
11593	730 
11594	707 
11595	67 
11596	623 
11597	105 
11598	801 
11599	748 
11600	285 
11601	281 
11602	748 
11603	259 
11604	788 
11605	506 
11606	143 
11607	918 
11608	410 
11609	75 
11610	43 
11611	783 
11612	607 
11613	420 
11614	468 
11615	211 
11616	943 
11617	598 
11618	652 
11619	441 
11620	368 
11621	441 
11622	596 
11623	121 
11624	615 
11625	164 
11626	892 
11627	518 
11628	343 
11629	907 
11630	914 
11631	651 
11632	70 
11633	754 
11634	692 
11635	266 
11636	172 
11637	510 
11638	547 
11639	869 
11640	210 
11641	404 
11642	768 
11643	402 
11644	50 
11645	404 
11646	163 
11647	836 
11648	128 
11649	693 
11650	924 
11651	875 
11652	592 
11653	227 
11654	704 
11655	614 
11656	2 
11657	338 
11658	568 
11659	831 
11660	156 
11661	387 
11662	34 
11663	603 
11664	881 
11665	236 
11666	256 
11667	50 
11668	111 
11669	855 
11670	198 
11671	297 
11672	80 
11673	279 
11674	560 
11675	680 
11676	235 
11677	549 
11678	754 
11679	220 
11680	327 
11681	153 
11682	83 
11683	877 
11684	437 
11685	14 
11686	156 
11687	944 
11688	305 
11689	811 
11690	263 
11691	30 
11692	793 
11693	126 
11694	849 
11695	51 
11696	591 
11697	452 
11698	31 
11699	660 
11700	851 
11701	127 
11702	754 
11703	944 
11704	914 
11705	504 
11706	362 
11707	24 
11708	653 
11709	287 
11710	80 
11711	771 
11712	564 
11713	366 
11714	387 
11715	321 
11716	611 
11717	839 
11718	716 
11719	183 
11720	410 
11721	77 
11722	634 
11723	404 
11724	246 
11725	616 
11726	202 
11727	759 
11728	932 
11729	829 
11730	453 
11731	769 
11732	664 
11733	889 
11734	329 
11735	358 
11736	86 
11737	743 
11738	793 
11739	936 
11740	475 
11741	527 
11742	837 
11743	175 
11744	34 
11745	748 
11746	154 
11747	900 
11748	886 
11749	932 
11750	607 
11751	731 
11752	748 
11753	79 
11754	575 
11755	717 
11756	387 
11757	225 
11758	441 
11759	496 
11760	919 
11761	494 
11762	392 
11763	384 
11764	246 
11765	368 
11766	646 
11767	629 
11768	147 
11769	262 
11770	443 
11771	295 
11772	925 
11773	328 
11774	494 
11775	441 
11776	567 
11777	676 
11778	180 
11779	134 
11780	747 
11781	676 
11782	731 
11783	432 
11784	792 
11785	677 
11786	737 
11787	68 
11788	597 
11789	506 
11790	836 
11791	191 
11792	194 
11793	389 
11794	457 
11795	837 
11796	789 
11797	529 
11798	244 
11799	430 
11800	25 
11801	514 
11802	849 
11803	652 
11804	932 
11805	618 
11806	487 
11807	202 
11808	157 
11809	744 
11810	437 
11811	498 
11812	503 
11813	149 
11814	550 
11815	363 
11816	874 
11817	875 
11818	812 
11819	389 
11820	807 
11821	146 
11822	225 
11823	610 
11824	293 
11825	129 
11826	11 
11827	639 
11828	32 
11829	352 
11830	912 
11831	506 
11832	441 
11833	128 
11834	703 
11835	70 
11836	570 
11837	112 
11838	251 
11839	193 
11840	566 
11841	37 
11842	236 
11843	419 
11844	910 
11845	892 
11846	835 
11847	603 
11848	129 
11849	885 
11850	410 
11851	626 
11852	86 
11853	408 
11854	417 
11855	588 
11856	520 
11857	764 
11858	474 
11859	913 
11860	340 
11861	792 
11862	944 
11863	504 
11864	111 
11865	157 
11866	340 
11867	72 
11868	161 
11869	423 
11870	259 
11871	516 
11872	70 
11873	884 
11874	528 
11875	840 
11876	87 
11877	750 
11878	286 
11879	853 
11880	471 
11881	743 
11882	607 
11883	677 
11884	884 
11885	225 
11886	718 
11887	42 
11888	783 
11889	922 
11890	16 
11891	224 
11892	315 
11893	506 
11894	569 
11895	149 
11896	549 
11897	447 
11898	410 
11899	467 
11900	610 
11901	407 
11902	638 
11903	330 
11904	229 
11905	376 
11906	843 
11907	91 
11908	127 
11909	226 
11910	926 
11911	814 
11912	603 
11913	359 
11914	482 
11915	34 
11916	20 
11917	477 
11918	71 
11919	522 
11920	358 
11921	435 
11922	628 
11923	509 
11924	672 
11925	227 
11926	850 
11927	281 
11928	385 
11929	267 
11930	377 
11931	363 
11932	504 
11933	299 
11934	324 
11935	659 
11936	134 
11937	236 
11938	884 
11939	384 
11940	380 
11941	391 
11942	307 
11943	279 
11944	684 
11945	407 
11946	157 
11947	550 
11948	319 
11949	286 
11950	354 
11951	850 
11952	251 
11953	757 
11954	162 
11955	181 
11956	74 
11957	660 
11958	328 
11959	539 
11960	292 
11961	76 
11962	362 
11963	304 
11964	302 
11965	884 
11966	236 
11967	78 
11968	506 
11969	106 
11970	281 
11971	328 
11972	687 
11973	364 
11974	938 
11975	786 
11976	836 
11977	266 
11978	562 
11979	692 
11980	52 
11981	179 
11982	171 
11983	433 
11984	550 
11985	437 
11986	168 
11987	263 
11988	548 
11989	159 
11990	535 
11991	585 
11992	510 
11993	154 
11994	661 
11995	453 
11996	687 
11997	775 
11998	219 
11999	267 
12000	169 
12001	551 
12002	675 
12003	939 
12004	457 
12005	307 
12006	408 
12007	37 
12008	214 
12009	635 
12010	541 
12011	932 
12012	276 
12013	553 
12014	791 
12015	122 
12016	180 
12017	136 
12018	154 
12019	842 
12020	163 
12021	342 
12022	462 
12023	449 
12024	848 
12025	51 
12026	643 
12027	603 
12028	427 
12029	900 
12030	923 
12031	676 
12032	541 
12033	330 
12034	778 
12035	364 
12036	289 
12037	413 
12038	791 
12039	721 
12040	675 
12041	563 
12042	769 
12043	856 
12044	249 
12045	53 
12046	310 
12047	520 
12048	851 
12049	93 
12050	216 
12051	501 
12052	837 
12053	836 
12054	790 
12055	261 
12056	342 
12057	384 
12058	608 
12059	193 
12060	704 
12061	159 
12062	517 
12063	817 
12064	704 
12065	437 
12066	389 
12067	636 
12068	256 
12069	449 
12070	900 
12071	910 
12072	327 
12073	731 
12074	508 
12075	450 
12076	849 
12077	29 
12078	371 
12079	844 
12080	90 
12081	652 
12082	534 
12083	635 
12084	791 
12085	810 
12086	67 
12087	292 
12088	408 
12089	579 
12090	10 
12091	183 
12092	748 
12093	740 
12094	591 
12095	22 
12096	384 
12097	725 
12098	204 
12099	483 
12100	729 
12101	924 
12102	430 
12103	853 
12104	792 
12105	25 
12106	210 
12107	449 
12108	903 
12109	646 
12110	356 
12111	875 
12112	640 
12113	21 
12114	160 
12115	740 
12116	344 
12117	410 
12118	588 
12119	128 
12120	64 
12121	491 
12122	142 
12123	809 
12124	370 
12125	832 
12126	279 
12127	394 
12128	798 
12129	181 
12130	867 
12131	677 
12132	192 
12133	156 
12134	938 
12135	391 
12136	779 
12137	398 
12138	896 
12139	27 
12140	84 
12141	213 
12142	765 
12143	225 
12144	45 
12145	328 
12146	413 
12147	687 
12148	411 
12149	374 
12150	25 
12151	283 
12152	126 
12153	103 
12154	756 
12155	708 
12156	943 
12157	673 
12158	844 
12159	820 
12160	327 
12161	148 
12162	285 
12163	899 
12164	133 
12165	911 
12166	304 
12167	148 
12168	90 
12169	279 
12170	225 
12171	900 
12172	811 
12173	847 
12174	676 
12175	315 
12176	628 
12177	391 
12178	209 
12179	240 
12180	254 
12181	637 
12182	613 
12183	615 
12184	631 
12185	100 
12186	635 
12187	239 
12188	327 
12189	72 
12190	208 
12191	199 
12192	834 
12193	399 
12194	199 
12195	374 
12196	488 
12197	746 
12198	596 
12199	225 
12200	124 
12201	735 
12202	99 
12203	262 
12204	70 
12205	110 
12206	756 
12207	528 
12208	740 
12209	173 
12210	16 
12211	453 
12212	707 
12213	889 
12214	615 
12215	761 
12216	819 
12217	69 
12218	875 
12219	315 
12220	466 
12221	578 
12222	224 
12223	652 
12224	699 
12225	875 
12226	602 
12227	802 
12228	924 
12229	840 
12230	696 
12231	11 
12232	10 
12233	701 
12234	483 
12235	291 
12236	340 
12237	587 
12238	342 
12239	437 
12240	518 
12241	850 
12242	479 
12243	1 
12244	463 
12245	42 
12246	752 
12247	280 
12248	164 
12249	836 
12250	79 
12251	291 
12252	237 
12253	426 
12254	436 
12255	425 
12256	675 
12257	475 
12258	706 
12259	124 
12260	122 
12261	717 
12262	754 
12263	869 
12264	65 
12265	575 
12266	636 
12267	844 
12268	767 
12269	225 
12270	938 
12271	253 
12272	932 
12273	425 
12274	886 
12275	70 
12276	902 
12277	867 
12278	584 
12279	832 
12280	759 
12281	714 
12282	623 
12283	640 
12284	889 
12285	241 
12286	441 
12287	667 
12288	691 
12289	762 
12290	246 
12291	13 
12292	799 
12293	259 
12294	527 
12295	582 
12296	888 
12297	277 
12298	544 
12299	65 
12300	139 
12301	166 
12302	616 
12303	372 
12304	767 
12305	449 
12306	802 
12307	231 
12308	92 
12309	256 
12310	387 
12311	820 
12312	102 
12313	763 
12314	510 
12315	235 
12316	370 
12317	520 
12318	839 
12319	924 
12320	476 
12321	816 
12322	812 
12323	342 
12324	787 
12325	157 
12326	5 
12327	642 
12328	247 
12329	875 
12330	157 
12331	520 
12332	764 
12333	500 
12334	507 
12335	563 
12336	578 
12337	777 
12338	263 
12339	315 
12340	333 
12341	747 
12342	552 
12343	51 
12344	220 
12345	714 
12346	505 
12347	821 
12348	193 
12349	341 
12350	563 
12351	603 
12352	605 
12353	72 
12354	428 
12355	352 
12356	719 
12357	576 
12358	525 
12359	806 
12360	84 
12361	772 
12362	341 
12363	24 
12364	867 
12365	832 
12366	510 
12367	812 
12368	43 
12369	194 
12370	509 
12371	908 
12372	275 
12373	587 
12374	775 
12375	640 
12376	412 
12377	482 
12378	597 
12379	745 
12380	42 
12381	424 
12382	327 
12383	762 
12384	475 
12385	900 
12386	262 
12387	221 
12388	350 
12389	558 
12390	603 
12391	732 
12392	92 
12393	652 
12394	894 
12395	262 
12396	290 
12397	503 
12398	322 
12399	122 
12400	404 
12401	227 
12402	644 
12403	300 
12404	211 
12405	837 
12406	835 
12407	562 
12408	730 
12409	304 
12410	134 
12411	924 
12412	660 
12413	916 
12414	714 
12415	465 
12416	87 
12417	99 
12418	525 
12419	668 
12420	450 
12421	356 
12422	780 
12423	603 
12424	423 
12425	127 
12426	688 
12427	59 
12428	10 
12429	493 
12430	27 
12431	257 
12432	344 
12433	171 
12434	132 
12435	67 
12436	19 
12437	518 
12438	709 
12439	199 
12440	835 
12441	220 
12442	503 
12443	290 
12444	141 
12445	660 
12446	579 
12447	886 
12448	933 
12449	185 
12450	379 
12451	686 
12452	624 
12453	285 
12454	25 
12455	759 
12456	844 
12457	828 
12458	863 
12459	912 
12460	621 
12461	463 
12462	285 
12463	577 
12464	50 
12465	345 
12466	354 
12467	490 
12468	717 
12469	9 
12470	557 
12471	886 
12472	333 
12473	332 
12474	120 
12475	472 
12476	522 
12477	867 
12478	693 
12479	528 
12480	106 
12481	815 
12482	208 
12483	693 
12484	745 
12485	332 
12486	396 
12487	449 
12488	793 
12489	360 
12490	410 
12491	357 
12492	780 
12493	290 
12494	330 
12495	12 
12496	285 
12497	75 
12498	520 
12499	865 
12500	382 
12501	590 
12502	543 
12503	793 
12504	408 
12505	498 
12506	63 
12507	292 
12508	208 
12509	237 
12510	440 
12511	507 
12512	183 
12513	494 
12514	315 
12515	3 
12516	133 
12517	824 
12518	575 
12519	139 
12520	329 
12521	247 
12522	716 
12523	575 
12524	402 
12525	784 
12526	912 
12527	549 
12528	377 
12529	430 
12530	763 
12531	224 
12532	623 
12533	855 
12534	899 
12535	679 
12536	387 
12537	739 
12538	835 
12539	234 
12540	887 
12541	834 
12542	59 
12543	59 
12544	921 
12545	284 
12546	849 
12547	358 
12548	704 
12549	408 
12550	550 
12551	427 
12552	569 
12553	79 
12554	518 
12555	587 
12556	483 
12557	209 
12558	383 
12559	328 
12560	732 
12561	110 
12562	100 
12563	543 
12564	282 
12565	678 
12566	436 
12567	651 
12568	131 
12569	297 
12570	102 
12571	597 
12572	909 
12573	727 
12574	501 
12575	824 
12576	283 
12577	779 
12578	819 
12579	874 
12580	528 
12581	754 
12582	9 
12583	790 
12584	412 
12585	870 
12586	210 
12587	224 
12588	783 
12589	363 
12590	859 
12591	109 
12592	488 
12593	717 
12594	372 
12595	449 
12596	50 
12597	154 
12598	583 
12599	483 
12600	236 
12601	64 
12602	209 
12603	681 
12604	124 
12605	873 
12606	872 
12607	693 
12608	266 
12609	162 
12610	355 
12611	783 
12612	660 
12613	779 
12614	127 
12615	648 
12616	446 
12617	94 
12618	610 
12619	692 
12620	182 
12621	259 
12622	130 
12623	14 
12624	189 
12625	944 
12626	740 
12627	176 
12628	872 
12629	287 
12630	251 
12631	471 
12632	875 
12633	115 
12634	811 
12635	63 
12636	219 
12637	343 
12638	221 
12639	62 
12640	227 
12641	77 
12642	667 
12643	314 
12644	134 
12645	835 
12646	623 
12647	16 
12648	20 
12649	392 
12650	136 
12651	321 
12652	50 
12653	767 
12654	850 
12655	234 
12656	770 
12657	603 
12658	549 
12659	851 
12660	355 
12661	555 
12662	880 
12663	171 
12664	560 
12665	488 
12666	203 
12667	848 
12668	272 
12669	819 
12670	932 
12671	217 
12672	699 
12673	865 
12674	124 
12675	815 
12676	809 
12677	777 
12678	87 
12679	224 
12680	691 
12681	210 
12682	683 
12683	724 
12684	595 
12685	290 
12686	162 
12687	94 
12688	731 
12689	164 
12690	490 
12691	405 
12692	352 
12693	16 
12694	438 
12695	363 
12696	157 
12697	772 
12698	340 
12699	267 
12700	463 
12701	402 
12702	287 
12703	4 
12704	812 
12705	901 
12706	158 
12707	74 
12708	676 
12709	346 
12710	10 
12711	820 
12712	353 
12713	824 
12714	185 
12715	387 
12716	50 
12717	127 
12718	748 
12719	472 
12720	164 
12721	221 
12722	290 
12723	77 
12724	283 
12725	482 
12726	211 
12727	572 
12728	494 
12729	668 
12730	277 
12731	528 
12732	725 
12733	569 
12734	199 
12735	890 
12736	829 
12737	542 
12738	10 
12739	522 
12740	660 
12741	542 
12742	314 
12743	675 
12744	463 
12745	340 
12746	754 
12747	804 
12748	685 
12749	535 
12750	577 
12751	571 
12752	813 
12753	224 
12754	503 
12755	579 
12756	116 
12757	236 
12758	562 
12759	696 
12760	542 
12761	592 
12762	266 
12763	894 
12764	842 
12765	636 
12766	321 
12767	50 
12768	363 
12769	402 
12770	99 
12771	486 
12772	678 
12773	391 
12774	92 
12775	263 
12776	482 
12777	511 
12778	692 
12779	932 
12780	433 
12781	774 
12782	488 
12783	276 
12784	344 
12785	17 
12786	271 
12787	708 
12788	668 
12789	812 
12790	213 
12791	441 
12792	607 
12793	158 
12794	531 
12795	533 
12796	898 
12797	742 
12798	851 
12799	157 
12800	309 
12801	719 
12802	549 
12803	106 
12804	204 
12805	518 
12806	901 
12807	355 
12808	206 
12809	219 
12810	527 
12811	645 
12812	555 
12813	147 
12814	56 
12815	836 
12816	49 
12817	3 
12818	192 
12819	374 
12820	158 
12821	410 
12822	631 
12823	609 
12824	49 
12825	754 
12826	943 
12827	194 
12828	924 
12829	902 
12830	319 
12831	837 
12832	518 
12833	356 
12834	747 
12835	913 
12836	342 
12837	818 
12838	453 
12839	312 
12840	141 
12841	64 
12842	285 
12843	907 
12844	522 
12845	130 
12846	849 
12847	356 
12848	759 
12849	895 
12850	663 
12851	908 
12852	353 
12853	77 
12854	50 
12855	620 
12856	126 
12857	485 
12858	846 
12859	911 
12860	772 
12861	768 
12862	603 
12863	812 
12864	159 
12865	127 
12866	176 
12867	812 
12868	191 
12869	427 
12870	134 
12871	754 
12872	402 
12873	142 
12874	696 
12875	509 
12876	288 
12877	128 
12878	154 
12879	743 
12880	328 
12881	826 
12882	25 
12883	402 
12884	281 
12885	510 
12886	890 
12887	691 
12888	288 
12889	613 
12890	753 
12891	77 
12892	13 
12893	748 
12894	884 
12895	78 
12896	636 
12897	225 
12898	452 
12899	536 
12900	835 
12901	597 
12902	154 
12903	293 
12904	24 
12905	226 
12906	471 
12907	301 
12908	422 
12909	285 
12910	659 
12911	133 
12912	552 
12913	13 
12914	363 
12915	481 
12916	419 
12917	345 
12918	549 
12919	449 
12920	555 
12921	661 
12922	743 
12923	138 
12924	193 
12925	94 
12926	733 
12927	377 
12928	589 
12929	772 
12930	193 
12931	809 
12932	692 
12933	197 
12934	473 
12935	559 
12936	15 
12937	761 
12938	111 
12939	287 
12940	359 
12941	162 
12942	763 
12943	58 
12944	854 
12945	203 
12946	343 
12947	229 
12948	104 
12949	895 
12950	16 
12951	183 
12952	191 
12953	229 
12954	221 
12955	96 
12956	151 
12957	208 
12958	777 
12959	287 
12960	813 
12961	358 
12962	290 
12963	230 
12964	15 
12965	175 
12966	27 
12967	300 
12968	335 
12969	130 
12970	357 
12971	816 
12972	42 
12973	449 
12974	786 
12975	431 
12976	449 
12977	79 
12978	5 
12979	255 
12980	221 
12981	606 
12982	765 
12983	14 
12984	219 
12985	786 
12986	419 
12987	419 
12988	905 
12989	719 
12990	849 
12991	743 
12992	391 
12993	867 
12994	763 
12995	377 
12996	925 
12997	99 
12998	767 
12999	67 
13000	83 
13001	372 
13002	72 
13003	420 
13004	70 
13005	711 
13006	812 
13007	149 
13008	621 
13009	552 
13010	229 
13011	668 
13012	504 
13013	382 
13014	373 
13015	84 
13016	442 
13017	278 
13018	730 
13019	695 
13020	116 
13021	119 
13022	326 
13023	325 
13024	217 
13025	389 
13026	734 
13027	518 
13028	32 
13029	582 
13030	240 
13031	423 
13032	840 
13033	47 
13034	492 
13035	113 
13036	578 
13037	106 
13038	77 
13039	395 
13040	670 
13041	285 
13042	589 
13043	285 
13044	693 
13045	196 
13046	450 
13047	269 
13048	787 
13049	254 
13050	238 
13051	869 
13052	911 
13053	600 
13054	100 
13055	5 
13056	345 
13057	613 
13058	77 
13059	169 
13060	50 
13061	750 
13062	373 
13063	664 
13064	599 
13065	710 
13066	328 
13067	116 
13068	194 
13069	4 
13070	141 
13071	15 
13072	358 
13073	579 
13074	646 
13075	319 
13076	558 
13077	282 
13078	328 
13079	227 
13080	113 
13081	248 
13082	871 
13083	486 
13084	374 
13085	385 
13086	678 
13087	700 
13088	436 
13089	607 
13090	740 
13091	226 
13092	586 
13093	712 
13094	561 
13095	163 
13096	693 
13097	476 
13098	409 
13099	409 
13100	303 
13101	266 
13102	155 
13103	744 
13104	461 
13105	70 
13106	707 
13107	299 
13108	10 
13109	816 
13110	164 
13111	287 
13112	865 
13113	667 
13114	616 
13115	749 
13116	488 
13117	77 
13118	263 
13119	449 
13120	944 
13121	238 
13122	587 
13123	64 
13124	182 
13125	851 
13126	596 
13127	185 
13128	782 
13129	157 
13130	834 
13131	169 
13132	677 
13133	813 
13134	887 
13135	851 
13136	520 
13137	848 
13138	210 
13139	154 
13140	560 
13141	775 
13142	549 
13143	847 
13144	121 
13145	787 
13146	820 
13147	32 
13148	157 
13149	587 
13150	469 
13151	220 
13152	382 
13153	803 
13154	640 
13155	794 
13156	169 
13157	908 
13158	326 
13159	560 
13160	922 
13161	329 
13162	455 
13163	692 
13164	342 
13165	32 
13166	77 
13167	559 
13168	922 
13169	18 
13170	356 
13171	450 
13172	315 
13173	886 
13174	577 
13175	105 
13176	152 
13177	99 
13178	735 
13179	372 
13180	320 
13181	691 
13182	287 
13183	531 
13184	248 
13185	835 
13186	932 
13187	49 
13188	667 
13189	284 
13190	807 
13191	96 
13192	440 
13193	547 
13194	875 
13195	769 
13196	712 
13197	440 
13198	671 
13199	313 
13200	84 
13201	734 
13202	312 
13203	717 
13204	872 
13205	225 
13206	743 
13207	340 
13208	469 
13209	115 
13210	564 
13211	332 
13212	124 
13213	262 
13214	417 
13215	80 
13216	389 
13217	115 
13218	726 
13219	834 
13220	859 
13221	718 
13222	819 
13223	936 
13224	459 
13225	142 
13226	180 
13227	504 
13228	6 
13229	163 
13230	141 
13231	882 
13232	521 
13233	10 
13234	745 
13235	573 
13236	510 
13237	588 
13238	740 
13239	757 
13240	71 
13241	544 
13242	189 
13243	6 
13244	643 
13245	387 
13246	470 
13247	42 
13248	809 
13249	421 
13250	154 
13251	510 
13252	938 
13253	455 
13254	67 
13255	370 
13256	347 
13257	66 
13258	234 
13259	315 
13260	606 
13261	737 
13262	924 
13263	859 
13264	492 
13265	319 
13266	154 
13267	127 
13268	163 
13269	227 
13270	514 
13271	654 
13272	247 
13273	887 
13274	463 
13275	535 
13276	944 
13277	290 
13278	233 
13279	559 
13280	124 
13281	426 
13282	852 
13283	263 
13284	100 
13285	50 
13286	835 
13287	807 
13288	531 
13289	475 
13290	688 
13291	171 
13292	494 
13293	34 
13294	292 
13295	735 
13296	746 
13297	65 
13298	775 
13299	539 
13300	578 
13301	596 
13302	213 
13303	273 
13304	938 
13305	725 
13306	87 
13307	363 
13308	294 
13309	24 
13310	892 
13311	912 
13312	63 
13313	248 
13314	219 
13315	911 
13316	453 
13317	276 
13318	518 
13319	183 
13320	375 
13321	859 
13322	70 
13323	42 
13324	123 
13325	141 
13326	408 
13327	712 
13328	37 
13329	748 
13330	812 
13331	785 
13332	526 
13333	864 
13334	602 
13335	494 
13336	491 
13337	698 
13338	454 
13339	704 
13340	944 
13341	185 
13342	604 
13343	230 
13344	848 
13345	194 
13346	718 
13347	695 
13348	383 
13349	655 
13350	45 
13351	43 
13352	402 
13353	45 
13354	223 
13355	640 
13356	74 
13357	193 
13358	753 
13359	135 
13360	262 
13361	372 
13362	292 
13363	386 
13364	483 
13365	483 
13366	847 
13367	305 
13368	32 
13369	938 
13370	725 
13371	5 
13372	230 
13373	3 
13374	742 
13375	56 
13376	688 
13377	147 
13378	283 
13379	379 
13380	419 
13381	675 
13382	356 
13383	491 
13384	835 
13385	161 
13386	99 
13387	661 
13388	176 
13389	520 
13390	456 
13391	359 
13392	742 
13393	145 
13394	536 
13395	164 
13396	825 
13397	780 
13398	660 
13399	19 
13400	720 
13401	499 
13402	522 
13403	935 
13404	714 
13405	563 
13406	408 
13407	318 
13408	127 
13409	84 
13410	212 
13411	650 
13412	32 
13413	236 
13414	451 
13415	99 
13416	170 
13417	527 
13418	529 
13419	109 
13420	384 
13421	250 
13422	820 
13423	129 
13424	16 
13425	560 
13426	291 
13427	636 
13428	14 
13429	296 
13430	725 
13431	423 
13432	475 
13433	944 
13434	483 
13435	815 
13436	281 
13437	674 
13438	291 
13439	16 
13440	453 
13441	906 
13442	900 
13443	730 
13444	402 
13445	290 
13446	904 
13447	597 
13448	474 
13449	327 
13450	510 
13451	596 
13452	488 
13453	390 
13454	862 
13455	10 
13456	26 
13457	420 
13458	255 
13459	469 
13460	623 
13461	78 
13462	700 
13463	907 
13464	71 
13465	31 
13466	806 
13467	31 
13468	485 
13469	748 
13470	943 
13471	187 
13472	698 
13473	898 
13474	396 
13475	196 
13476	902 
13477	745 
13478	535 
13479	892 
13480	188 
13481	912 
13482	264 
13483	536 
13484	757 
13485	937 
13486	450 
13487	533 
13488	775 
13489	863 
13490	511 
13491	193 
13492	457 
13493	266 
13494	815 
13495	524 
13496	282 
13497	278 
13498	762 
13499	10 
13500	519 
13501	308 
13502	546 
13503	928 
13504	686 
13505	780 
13506	424 
13507	678 
13508	939 
13509	289 
13510	17 
13511	906 
13512	693 
13513	691 
13514	887 
13515	377 
13516	583 
13517	822 
13518	319 
13519	417 
13520	231 
13521	99 
13522	392 
13523	37 
13524	577 
13525	610 
13526	164 
13527	924 
13528	598 
13529	571 
13530	222 
13531	718 
13532	74 
13533	206 
13534	236 
13535	938 
13536	678 
13537	749 
13538	67 
13539	573 
13540	718 
13541	747 
13542	266 
13543	675 
13544	390 
13545	463 
13546	654 
13547	430 
13548	266 
13549	887 
13550	3 
13551	678 
13552	83 
13553	26 
13554	92 
13555	512 
13556	704 
13557	226 
13558	271 
13559	659 
13560	471 
13561	330 
13562	29 
13563	163 
13564	815 
13565	53 
13566	675 
13567	695 
13568	312 
13569	562 
13570	96 
13571	194 
13572	867 
13573	763 
13574	328 
13575	887 
13576	520 
13577	70 
13578	472 
13579	395 
13580	780 
13581	37 
13582	825 
13583	848 
13584	204 
13585	3 
13586	34 
13587	578 
13588	26 
13589	52 
13590	571 
13591	225 
13592	248 
13593	475 
13594	164 
13595	677 
13596	328 
13597	695 
13598	812 
13599	863 
13600	848 
13601	719 
13602	134 
13603	315 
13604	560 
13605	118 
13606	553 
13607	777 
13608	792 
13609	682 
13610	691 
13611	802 
13612	892 
13613	342 
13614	285 
13615	510 
13616	531 
13617	772 
13618	293 
13619	342 
13620	315 
13621	643 
13622	96 
13623	917 
13624	204 
13625	820 
13626	292 
13627	863 
13628	692 
13629	783 
13630	463 
13631	207 
13632	164 
13633	134 
13634	584 
13635	63 
13636	696 
13637	427 
13638	366 
13639	255 
13640	754 
13641	825 
13642	763 
13643	791 
13644	266 
13645	864 
13646	372 
13647	63 
13648	672 
13649	908 
13650	628 
13651	186 
13652	683 
13653	568 
13654	631 
13655	126 
13656	640 
13657	419 
13658	606 
13659	550 
13660	156 
13661	678 
13662	11 
13663	435 
13664	812 
13665	18 
13666	717 
13667	924 
13668	124 
13669	693 
13670	827 
13671	415 
13672	883 
13673	306 
13674	215 
13675	48 
13676	578 
13677	208 
13678	569 
13679	77 
13680	715 
13681	374 
13682	454 
13683	37 
13684	85 
13685	560 
13686	809 
13687	488 
13688	544 
13689	471 
13690	840 
13691	506 
13692	811 
13693	660 
13694	646 
13695	650 
13696	411 
13697	486 
13698	221 
13699	529 
13700	560 
13701	387 
13702	762 
13703	878 
13704	558 
13705	636 
13706	174 
13707	586 
13708	938 
13709	904 
13710	70 
13711	172 
13712	585 
13713	745 
13714	886 
13715	787 
13716	399 
13717	898 
13718	368 
13719	441 
13720	621 
13721	100 
13722	920 
13723	621 
13724	121 
13725	878 
13726	51 
13727	527 
13728	40 
13729	668 
13730	763 
13731	164 
13732	450 
13733	891 
13734	396 
13735	754 
13736	157 
13737	128 
13738	803 
13739	238 
13740	943 
13741	811 
13742	77 
13743	688 
13744	943 
13745	699 
13746	936 
13747	210 
13748	575 
13749	769 
13750	878 
13751	160 
13752	1 
13753	687 
13754	363 
13755	199 
13756	441 
13757	372 
13758	343 
13759	523 
13760	472 
13761	272 
13762	678 
13763	161 
13764	102 
13765	732 
13766	276 
13767	350 
13768	372 
13769	379 
13770	536 
13771	573 
13772	803 
13773	517 
13774	648 
13775	924 
13776	818 
13777	77 
13778	882 
13779	887 
13780	529 
13781	279 
13782	330 
13783	1 
13784	851 
13785	743 
13786	174 
13787	599 
13788	102 
13789	499 
13790	528 
13791	67 
13792	566 
13793	786 
13794	295 
13795	618 
13796	62 
13797	618 
13798	636 
13799	279 
13800	648 
13801	6 
13802	74 
13803	834 
13804	635 
13805	671 
13806	194 
13807	16 
13808	430 
13809	227 
13810	794 
13811	886 
13812	704 
13813	712 
13814	135 
13815	915 
13816	869 
13817	328 
13818	422 
13819	548 
13820	920 
13821	518 
13822	725 
13823	820 
13824	52 
13825	477 
13826	290 
13827	865 
13828	804 
13829	219 
13830	944 
13831	133 
13832	893 
13833	875 
13834	732 
13835	3 
13836	279 
13837	924 
13838	374 
13839	753 
13840	77 
13841	164 
13842	936 
13843	319 
13844	787 
13845	190 
13846	765 
13847	849 
13848	146 
13849	221 
13850	568 
13851	562 
13852	635 
13853	211 
13854	314 
13855	896 
13856	266 
13857	610 
13858	501 
13859	290 
13860	916 
13861	541 
13862	392 
13863	640 
13864	78 
13865	900 
13866	676 
13867	692 
13868	819 
13869	319 
13870	293 
13871	550 
13872	224 
13873	596 
13874	528 
13875	450 
13876	181 
13877	743 
13878	149 
13879	374 
13880	932 
13881	748 
13882	730 
13883	370 
13884	941 
13885	80 
13886	242 
13887	510 
13888	712 
13889	195 
13890	285 
13891	597 
13892	345 
13893	70 
13894	725 
13895	169 
13896	892 
13897	836 
13898	83 
13899	757 
13900	249 
13901	253 
13902	757 
13903	34 
13904	762 
13905	676 
13906	812 
13907	512 
13908	293 
13909	646 
13910	856 
13911	886 
13912	836 
13913	909 
13914	852 
13915	131 
13916	453 
13917	18 
13918	924 
13919	90 
13920	561 
13921	1 
13922	668 
13923	820 
13924	9 
13925	547 
13926	490 
13927	304 
13928	896 
13929	377 
13930	900 
13931	211 
13932	540 
13933	263 
13934	557 
13935	844 
13936	725 
13937	459 
13938	74 
13939	643 
13940	626 
13941	754 
13942	408 
13943	330 
13944	722 
13945	757 
13946	83 
13947	824 
13948	569 
13949	865 
13950	829 
13951	31 
13952	513 
13953	161 
13954	725 
13955	51 
13956	201 
13957	740 
13958	77 
13959	5 
13960	34 
13961	33 
13962	16 
13963	735 
13964	938 
13965	101 
13966	562 
13967	372 
13968	361 
13969	597 
13970	182 
13971	245 
13972	134 
13973	268 
13974	540 
13975	290 
13976	110 
13977	75 
13978	89 
13979	364 
13980	83 
13981	769 
13982	268 
13983	528 
13984	354 
13985	2 
13986	682 
13987	744 
13988	122 
13989	813 
13990	829 
13991	811 
13992	603 
13993	251 
13994	407 
13995	245 
13996	210 
13997	421 
13998	865 
13999	915 
14000	500 
14001	296 
14002	239 
14003	676 
14004	213 
14005	753 
14006	528 
14007	124 
14008	569 
14009	172 
14010	904 
14011	933 
14012	180 
14013	69 
14014	512 
14015	363 
14016	627 
14017	832 
14018	853 
14019	832 
14020	229 
14021	911 
14022	213 
14023	541 
14024	878 
14025	248 
14026	162 
14027	157 
14028	706 
14029	825 
14030	49 
14031	871 
14032	812 
14033	646 
14034	679 
14035	53 
14036	290 
14037	159 
14038	864 
14039	769 
14040	221 
14041	248 
14042	922 
14043	552 
14044	811 
14045	227 
14046	849 
14047	391 
14048	37 
14049	596 
14050	75 
14051	286 
14052	78 
14053	224 
14054	571 
14055	377 
14056	541 
14057	831 
14058	111 
14059	241 
14060	265 
14061	193 
14062	303 
14063	408 
14064	315 
14065	455 
14066	478 
14067	402 
14068	903 
14069	266 
14070	828 
14071	767 
14072	426 
14073	335 
14074	865 
14075	606 
14076	861 
14077	54 
14078	159 
14079	91 
14080	70 
14081	194 
14082	909 
14083	819 
14084	344 
14085	329 
14086	31 
14087	699 
14088	279 
14089	123 
14090	695 
14091	527 
14092	221 
14093	108 
14094	567 
14095	528 
14096	191 
14097	552 
14098	392 
14099	134 
14100	56 
14101	161 
14102	944 
14103	215 
14104	149 
14105	467 
14106	507 
14107	230 
14108	149 
14109	820 
14110	35 
14111	597 
14112	704 
14113	912 
14114	674 
14115	529 
14116	165 
14117	913 
14118	677 
14119	410 
14120	387 
14121	536 
14122	445 
14123	591 
14124	523 
14125	248 
14126	640 
14127	368 
14128	882 
14129	627 
14130	792 
14131	387 
14132	49 
14133	238 
14134	384 
14135	884 
14136	81 
14137	359 
14138	944 
14139	668 
14140	463 
14141	777 
14142	394 
14143	223 
14144	871 
14145	527 
14146	37 
14147	16 
14148	302 
14149	654 
14150	550 
14151	824 
14152	514 
14153	922 
14154	813 
14155	656 
14156	140 
14157	366 
14158	757 
14159	621 
14160	745 
14161	797 
14162	486 
14163	636 
14164	308 
14165	738 
14166	560 
14167	174 
14168	820 
14169	324 
14170	475 
14171	331 
14172	623 
14173	80 
14174	334 
14175	66 
14176	450 
14177	528 
14178	117 
14179	826 
14180	914 
14181	126 
14182	525 
14183	900 
14184	221 
14185	344 
14186	535 
14187	616 
14188	946 
14189	176 
14190	67 
14191	578 
14192	443 
14193	302 
14194	359 
14195	112 
14196	863 
14197	780 
14198	141 
14199	441 
14200	449 
14201	597 
14202	779 
14203	506 
14204	640 
14205	793 
14206	289 
14207	729 
14208	443 
14209	636 
14210	53 
14211	441 
14212	704 
14213	130 
14214	320 
14215	552 
14216	586 
14217	849 
14218	702 
14219	471 
14220	570 
14221	687 
14222	921 
14223	89 
14224	731 
14225	224 
14226	81 
14227	4 
14228	304 
14229	832 
14230	912 
14231	184 
14232	331 
14233	459 
14234	39 
14235	646 
14236	527 
14237	661 
14238	261 
14239	924 
14240	124 
14241	258 
14242	331 
14243	203 
14244	892 
14245	927 
14246	175 
14247	7 
14248	5 
14249	909 
14250	542 
14251	430 
14252	427 
14253	652 
14254	482 
14255	696 
14256	312 
14257	922 
14258	513 
14259	797 
14260	78 
14261	130 
14262	471 
14263	832 
14264	782 
14265	799 
14266	535 
14267	94 
14268	328 
14269	566 
14270	528 
14271	772 
14272	35 
14273	325 
14274	596 
14275	598 
14276	373 
14277	759 
14278	844 
14279	835 
14280	842 
14281	748 
14282	461 
14283	718 
14284	718 
14285	157 
14286	792 
14287	589 
14288	379 
14289	567 
14290	640 
14291	878 
14292	864 
14293	855 
14294	112 
14295	126 
14296	651 
14297	503 
14298	417 
14299	522 
14300	732 
14301	924 
14302	134 
14303	483 
14304	18 
14305	132 
14306	504 
14307	557 
14308	219 
14309	153 
14310	607 
14311	327 
14312	419 
14313	275 
14314	80 
14315	449 
14316	221 
14317	558 
14318	229 
14319	643 
14320	917 
14321	893 
14322	80 
14323	588 
14324	288 
14325	92 
14326	693 
14327	304 
14328	844 
14329	171 
14330	936 
14331	89 
14332	340 
14333	1 
14334	163 
14335	782 
14336	42 
14337	10 
14338	718 
14339	579 
14340	900 
14341	769 
14342	247 
14343	914 
14344	344 
14345	587 
14346	286 
14347	728 
14348	409 
14349	922 
14350	582 
14351	16 
14352	186 
14353	625 
14354	740 
14355	331 
14356	471 
14357	343 
14358	130 
14359	240 
14360	591 
14361	356 
14362	346 
14363	387 
14364	377 
14365	688 
14366	598 
14367	300 
14368	110 
14369	70 
14370	356 
14371	693 
14372	352 
14373	392 
14374	887 
14375	121 
14376	784 
14377	277 
14378	360 
14379	377 
14380	742 
14381	945 
14382	102 
14383	685 
14384	361 
14385	571 
14386	914 
14387	321 
14388	276 
14389	50 
14390	390 
14391	159 
14392	729 
14393	262 
14394	503 
14395	5 
14396	146 
14397	795 
14398	467 
14399	194 
14400	52 
14401	36 
14402	448 
14403	212 
14404	924 
14405	221 
14406	562 
14407	99 
14408	692 
14409	680 
14410	922 
14411	71 
14412	518 
14413	892 
14414	401 
14415	345 
14416	509 
14417	772 
14418	525 
14419	343 
14420	906 
14421	639 
14422	677 
14423	661 
14424	767 
14425	99 
14426	450 
14427	329 
14428	427 
14429	326 
14430	663 
14431	759 
14432	895 
14433	819 
14434	194 
14435	42 
14436	494 
14437	92 
14438	370 
14439	859 
14440	70 
14441	285 
14442	227 
14443	884 
14444	585 
14445	699 
14446	459 
14447	129 
14448	314 
14449	927 
14450	646 
14451	363 
14452	80 
14453	50 
14454	470 
14455	763 
14456	598 
14457	321 
14458	267 
14459	849 
14460	560 
14461	142 
14462	932 
14463	792 
14464	254 
14465	409 
14466	574 
14467	812 
14468	19 
14469	865 
14470	387 
14471	569 
14472	529 
14473	193 
14474	219 
14475	711 
14476	558 
14477	615 
14478	621 
14479	730 
14480	894 
14481	938 
14482	16 
14483	512 
14484	183 
14485	449 
14486	431 
14487	779 
14488	563 
14489	913 
14490	157 
14491	474 
14492	911 
14493	575 
14494	312 
14495	528 
14496	242 
14497	48 
14498	449 
14499	810 
14500	475 
14501	598 
14502	511 
14503	341 
14504	27 
14505	817 
14506	180 
14507	18 
14508	892 
14509	797 
14510	138 
14511	717 
14512	528 
14513	25 
14514	618 
14515	869 
14516	562 
14517	645 
14518	451 
14519	450 
14520	507 
14521	886 
14522	518 
14523	588 
14524	791 
14525	718 
14526	793 
14527	558 
14528	186 
14529	730 
14530	333 
14531	219 
14532	793 
14533	372 
14534	370 
14535	360 
14536	865 
14537	859 
14538	678 
14539	356 
14540	687 
14541	60 
14542	276 
14543	878 
14544	247 
14545	90 
14546	646 
14547	289 
14548	40 
14549	285 
14550	683 
14551	783 
14552	320 
14553	561 
14554	563 
14555	32 
14556	509 
14557	809 
14558	631 
14559	52 
14560	824 
14561	759 
14562	829 
14563	783 
14564	725 
14565	486 
14566	643 
14567	869 
14568	407 
14569	597 
14570	797 
14571	475 
14572	692 
14573	519 
14574	342 
14575	851 
14576	927 
14577	643 
14578	75 
14579	911 
14580	704 
14581	526 
14582	588 
14583	668 
14584	374 
14585	3 
14586	391 
14587	169 
14588	603 
14589	730 
14590	557 
14591	695 
14592	298 
14593	100 
14594	901 
14595	69 
14596	806 
14597	1 
14598	248 
14599	759 
14600	660 
14601	742 
14602	56 
14603	31 
14604	124 
14605	679 
14606	19 
14607	813 
14608	928 
14609	691 
14610	53 
14611	875 
14612	893 
14613	826 
14614	835 
14615	512 
14616	661 
14617	89 
14618	315 
14619	871 
14620	154 
14621	491 
14622	396 
14623	344 
14624	587 
14625	343 
14626	521 
14627	356 
14628	290 
14629	158 
14630	211 
14631	506 
14632	87 
14633	99 
14634	616 
14635	226 
14636	692 
14637	619 
14638	940 
14639	528 
14640	423 
14641	121 
14642	568 
14643	759 
14644	571 
14645	328 
14646	402 
14647	351 
14648	450 
14649	887 
14650	558 
14651	938 
14652	392 
14653	875 
14654	803 
14655	728 
14656	849 
14657	817 
14658	146 
14659	482 
14660	943 
14661	907 
14662	16 
14663	886 
14664	944 
14665	471 
14666	49 
14667	876 
14668	804 
14669	100 
14670	287 
14671	222 
14672	64 
14673	261 
14674	130 
14675	287 
14676	50 
14677	255 
14678	101 
14679	512 
14680	315 
14681	757 
14682	161 
14683	743 
14684	263 
14685	675 
14686	25 
14687	181 
14688	273 
14689	928 
14690	191 
14691	24 
14692	21 
14693	640 
14694	504 
14695	643 
14696	271 
14697	900 
14698	660 
14699	668 
14700	96 
14701	856 
14702	792 
14703	278 
14704	427 
14705	557 
14706	696 
14707	19 
14708	504 
14709	825 
14710	447 
14711	263 
14712	269 
14713	724 
14714	451 
14715	759 
14716	129 
14717	159 
14718	406 
14719	657 
14720	343 
14721	356 
14722	127 
14723	410 
14724	106 
14725	318 
14726	330 
14727	342 
14728	64 
14729	377 
14730	635 
14731	408 
14732	654 
14733	792 
14734	903 
14735	575 
14736	863 
14737	767 
14738	463 
14739	857 
14740	944 
14741	217 
14742	938 
14743	60 
14744	603 
14745	629 
14746	515 
14747	241 
14748	548 
14749	285 
14750	408 
14751	101 
14752	61 
14753	224 
14754	764 
14755	667 
14756	296 
14757	325 
14758	720 
14759	812 
14760	156 
14761	457 
14762	578 
14763	526 
14764	290 
14765	408 
14766	707 
14767	871 
14768	713 
14769	591 
14770	281 
14771	50 
14772	644 
14773	681 
14774	24 
14775	471 
14776	225 
14777	934 
14778	560 
14779	944 
14780	285 
14781	614 
14782	882 
14783	635 
14784	51 
14785	287 
14786	377 
14787	145 
14788	71 
14789	1 
14790	186 
14791	597 
14792	545 
14793	557 
14794	405 
14795	213 
14796	790 
14797	63 
14798	234 
14799	361 
14800	22 
14801	897 
14802	285 
14803	783 
14804	555 
14805	463 
14806	712 
14807	368 
14808	707 
14809	99 
14810	291 
14811	3 
14812	32 
14813	263 
14814	701 
14815	111 
14816	764 
14817	162 
14818	836 
14819	300 
14820	575 
14821	119 
14822	461 
14823	349 
14824	938 
14825	551 
14826	39 
14827	668 
14828	34 
14829	835 
14830	512 
14831	743 
14832	892 
14833	882 
14834	844 
14835	1 
14836	882 
14837	180 
14838	944 
14839	414 
14840	603 
14841	701 
14842	835 
14843	911 
14844	347 
14845	345 
14846	539 
14847	876 
14848	936 
14849	65 
14850	52 
14851	134 
14852	802 
14853	739 
14854	870 
14855	649 
14856	472 
14857	646 
14858	219 
14859	379 
14860	621 
14861	705 
14862	573 
14863	819 
14864	348 
14865	683 
14866	210 
14867	774 
14868	391 
14869	181 
14870	805 
14871	656 
14872	99 
14873	545 
14874	27 
14875	116 
14876	527 
14877	911 
14878	199 
14879	506 
14880	230 
14881	1 
14882	457 
14883	402 
14884	84 
14885	635 
14886	757 
14887	825 
14888	439 
14889	555 
14890	488 
14891	797 
14892	918 
14893	127 
14894	455 
14895	646 
14896	575 
14897	640 
14898	886 
14899	887 
14900	457 
14901	130 
14902	450 
14903	471 
14904	139 
14905	494 
14906	292 
14907	50 
14908	148 
14909	740 
14910	492 
14911	571 
14912	863 
14913	650 
14914	944 
14915	927 
14916	836 
14917	105 
14918	848 
14919	725 
14920	643 
14921	298 
14922	540 
14923	331 
14924	544 
14925	902 
14926	339 
14927	323 
14928	88 
14929	506 
14930	737 
14931	457 
14932	39 
14933	567 
14934	668 
14935	1 
14936	123 
14937	276 
14938	3 
14939	60 
14940	268 
14941	1 
14942	560 
14943	205 
14944	699 
14945	939 
14946	477 
14947	164 
14948	924 
14949	435 
14950	547 
14951	92 
14952	640 
14953	865 
14954	655 
14955	629 
14956	330 
14957	186 
14958	541 
14959	385 
14960	210 
14961	676 
14962	226 
14963	836 
14964	34 
14965	277 
14966	457 
14967	851 
14968	126 
14969	839 
14970	554 
14971	216 
14972	748 
14973	207 
14974	80 
14975	819 
14976	407 
14977	142 
14978	276 
14979	923 
14980	466 
14981	104 
14982	549 
14983	12 
14984	851 
14985	455 
14986	180 
14987	92 
14988	837 
14989	204 
14990	287 
14991	256 
14992	239 
14993	183 
14994	121 
14995	542 
14996	62 
14997	676 
14998	492 
14999	864 
15000	687 
15001	911 
15002	262 
15003	389 
15004	660 
15005	443 
15006	748 
15007	595 
15008	903 
15009	48 
15010	718 
15011	438 
15012	410 
15013	159 
15014	225 
15015	281 
15016	642 
15017	838 
15018	938 
15019	815 
15020	297 
15021	402 
15022	506 
15023	361 
15024	411 
15025	5 
15026	550 
15027	210 
15028	552 
15029	563 
15030	384 
15031	164 
15032	870 
15033	401 
15034	762 
15035	520 
15036	787 
15037	141 
15038	461 
15039	573 
15040	550 
15041	299 
15042	789 
15043	872 
15044	343 
15045	286 
15046	391 
15047	474 
15048	599 
15049	63 
15050	635 
15051	296 
15052	24 
15053	511 
15054	899 
15055	624 
15056	320 
15057	129 
15058	640 
15059	256 
15060	121 
15061	171 
15062	646 
15063	644 
15064	628 
15065	425 
15066	675 
15067	483 
15068	234 
15069	159 
15070	328 
15071	573 
15072	486 
15073	21 
15074	623 
15075	683 
15076	935 
15077	99 
15078	128 
15079	922 
15080	158 
15081	792 
15082	870 
15083	560 
15084	129 
15085	518 
15086	887 
15087	109 
15088	676 
15089	838 
15090	730 
15091	483 
15092	92 
15093	412 
15094	443 
15095	449 
15096	330 
15097	11 
15098	218 
15099	794 
15100	934 
15101	590 
15102	368 
15103	859 
15104	425 
15105	676 
15106	924 
15107	728 
15108	437 
15109	283 
15110	544 
15111	172 
15112	404 
15113	145 
15114	227 
15115	384 
15116	516 
15117	670 
15118	912 
15119	730 
15120	787 
15121	812 
15122	651 
15123	769 
15124	745 
15125	225 
15126	59 
15127	433 
15128	286 
15129	518 
15130	181 
15131	472 
15132	550 
15133	78 
15134	105 
15135	248 
15136	22 
15137	353 
15138	367 
15139	647 
15140	351 
15141	461 
15142	628 
15143	3 
15144	24 
15145	503 
15146	598 
15147	415 
15148	419 
15149	276 
15150	225 
15151	777 
15152	763 
15153	563 
15154	353 
15155	119 
15156	792 
15157	239 
15158	661 
15159	125 
15160	901 
15161	76 
15162	183 
15163	365 
15164	940 
15165	499 
15166	467 
15167	837 
15168	221 
15169	561 
15170	593 
15171	565 
15172	69 
15173	191 
15174	461 
15175	490 
15176	128 
15177	248 
15178	497 
15179	437 
15180	719 
15181	482 
15182	621 
15183	320 
15184	322 
15185	834 
15186	701 
15187	667 
15188	558 
15189	486 
15190	739 
15191	269 
15192	290 
15193	638 
15194	31 
15195	56 
15196	723 
15197	727 
15198	867 
15199	922 
15200	106 
15201	262 
15202	696 
15203	412 
15204	587 
15205	833 
15206	302 
15207	211 
15208	269 
15209	614 
15210	814 
15211	67 
15212	231 
15213	714 
15214	794 
15215	488 
15216	373 
15217	52 
15218	742 
15219	743 
15220	599 
15221	283 
15222	937 
15223	523 
15224	575 
15225	939 
15226	790 
15227	414 
15228	388 
15229	226 
15230	931 
15231	938 
15232	504 
15233	441 
15234	678 
15235	783 
15236	236 
15237	812 
15238	415 
15239	520 
15240	298 
15241	16 
15242	607 
15243	621 
15244	610 
15245	607 
15246	781 
15247	638 
15248	476 
15249	376 
15250	67 
15251	193 
15252	365 
15253	252 
15254	208 
15255	224 
15256	231 
15257	704 
15258	677 
15259	935 
15260	271 
15261	132 
15262	368 
15263	725 
15264	501 
15265	647 
15266	375 
15267	654 
15268	786 
15269	408 
15270	640 
15271	315 
15272	473 
15273	25 
15274	310 
15275	134 
15276	711 
15277	837 
15278	123 
15279	849 
15280	832 
15281	643 
15282	399 
15283	111 
15284	213 
15285	11 
15286	225 
15287	691 
15288	234 
15289	836 
15290	865 
15291	387 
15292	482 
15293	696 
15294	667 
15295	777 
15296	813 
15297	148 
15298	874 
15299	330 
15300	644 
15301	331 
15302	80 
15303	350 
15304	299 
15305	555 
15306	159 
15307	206 
15308	911 
15309	733 
15310	656 
15311	925 
15312	258 
15313	320 
15314	850 
15315	644 
15316	19 
15317	357 
15318	909 
15319	676 
15320	330 
15321	723 
15322	292 
15323	887 
15324	194 
15325	406 
15326	247 
15327	325 
15328	581 
15329	597 
15330	651 
15331	42 
15332	45 
15333	466 
15334	185 
15335	748 
15336	937 
15337	607 
15338	130 
15339	111 
15340	207 
15341	352 
15342	411 
15343	127 
15344	237 
15345	895 
15346	754 
15347	177 
15348	245 
15349	510 
15350	730 
15351	617 
15352	582 
15353	408 
15354	634 
15355	855 
15356	157 
15357	914 
15358	99 
15359	233 
15360	839 
15361	205 
15362	614 
15363	238 
15364	748 
15365	812 
15366	616 
15367	526 
15368	175 
15369	251 
15370	74 
15371	945 
15372	628 
15373	461 
15374	783 
15375	824 
15376	331 
15377	463 
15378	483 
15379	578 
15380	543 
15381	677 
15382	154 
15383	506 
15384	389 
15385	519 
15386	621 
15387	377 
15388	328 
15389	725 
15390	896 
15391	121 
15392	184 
15393	257 
15394	923 
15395	492 
15396	450 
15397	522 
15398	614 
15399	542 
15400	735 
15401	15 
15402	163 
15403	88 
15404	276 
15405	238 
15406	191 
15407	157 
15408	13 
15409	835 
15410	478 
15411	409 
15412	743 
15413	922 
15414	124 
15415	281 
15416	138 
15417	909 
15418	2 
15419	889 
15420	360 
15421	818 
15422	111 
15423	494 
15424	890 
15425	525 
15426	833 
15427	558 
15428	801 
15429	659 
15430	743 
15431	18 
15432	414 
15433	106 
15434	900 
15435	793 
15436	596 
15437	692 
15438	880 
15439	352 
15440	380 
15441	64 
15442	231 
15443	242 
15444	549 
15445	938 
15446	460 
15447	552 
15448	406 
15449	437 
15450	112 
15451	181 
15452	834 
15453	106 
15454	266 
15455	859 
15456	900 
15457	263 
15458	804 
15459	440 
15460	555 
15461	328 
15462	32 
15463	408 
15464	281 
15465	318 
15466	621 
15467	927 
15468	475 
15469	536 
15470	545 
15471	342 
15472	695 
15473	518 
15474	558 
15475	719 
15476	353 
15477	610 
15478	293 
15479	501 
15480	746 
15481	430 
15482	49 
15483	227 
15484	183 
15485	100 
15486	225 
15487	42 
15488	704 
15489	614 
15490	913 
15491	262 
15492	616 
15493	334 
15494	686 
15495	162 
15496	777 
15497	191 
15498	227 
15499	719 
15500	575 
15501	869 
15502	5 
15503	290 
15504	405 
15505	356 
15506	21 
15507	455 
15508	157 
15509	127 
15510	940 
15511	315 
15512	226 
15513	349 
15514	373 
15515	287 
15516	924 
15517	777 
15518	884 
15519	210 
15520	633 
15521	44 
15522	30 
15523	391 
15524	763 
15525	430 
15526	544 
15527	163 
15528	504 
15529	124 
15530	206 
15531	128 
15532	867 
15533	939 
15534	777 
15535	792 
15536	396 
15537	379 
15538	48 
15539	643 
15540	224 
15541	339 
15542	491 
15543	269 
15544	879 
15545	453 
15546	277 
15547	528 
15548	782 
15549	851 
15550	582 
15551	621 
15552	511 
15553	790 
15554	887 
15555	75 
15556	370 
15557	279 
15558	34 
15559	29 
15560	757 
15561	721 
15562	531 
15563	542 
15564	86 
15565	345 
15566	851 
15567	789 
15568	695 
15569	27 
15570	699 
15571	922 
15572	21 
15573	234 
15574	615 
15575	800 
15576	849 
15577	64 
15578	742 
15579	819 
15580	126 
15581	607 
15582	255 
15583	341 
15584	840 
15585	253 
15586	688 
15587	304 
15588	64 
15589	241 
15590	759 
15591	78 
15592	936 
15593	552 
15594	499 
15595	206 
15596	727 
15597	455 
15598	283 
15599	407 
15600	154 
15601	716 
15602	940 
15603	503 
15604	898 
15605	660 
15606	659 
15607	679 
15608	105 
15609	13 
15610	621 
15611	213 
15612	177 
15613	441 
15614	886 
15615	577 
15616	555 
15617	886 
15618	343 
15619	892 
15620	441 
15621	324 
15622	265 
15623	102 
15624	321 
15625	702 
15626	488 
15627	307 
15628	411 
15629	451 
15630	457 
15631	328 
15632	865 
15633	363 
15634	3 
15635	6 
15636	377 
15637	660 
15638	466 
15639	238 
15640	258 
15641	58 
15642	440 
15643	706 
15644	740 
15645	834 
15646	411 
15647	689 
15648	880 
15649	346 
15650	832 
15651	732 
15652	197 
15653	35 
15654	711 
15655	725 
15656	88 
15657	692 
15658	175 
15659	292 
15660	939 
15661	747 
15662	181 
15663	346 
15664	291 
15665	181 
15666	159 
15667	323 
15668	373 
15669	590 
15670	699 
15671	78 
15672	24 
15673	911 
15674	808 
15675	483 
15676	409 
15677	387 
15678	77 
15679	164 
15680	79 
15681	89 
15682	123 
15683	660 
15684	372 
15685	493 
15686	69 
15687	61 
15688	725 
15689	314 
15690	636 
15691	597 
15692	730 
15693	716 
15694	1 
15695	631 
15696	483 
15697	419 
15698	938 
15699	488 
15700	746 
15701	478 
15702	328 
15703	644 
15704	915 
15705	693 
15706	578 
15707	754 
15708	197 
15709	546 
15710	501 
15711	587 
15712	148 
15713	748 
15714	509 
15715	713 
15716	713 
15717	75 
15718	375 
15719	886 
15720	886 
15721	536 
15722	825 
15723	725 
15724	754 
15725	99 
15726	372 
15727	708 
15728	762 
15729	781 
15730	590 
15731	909 
15732	136 
15733	769 
15734	48 
15735	238 
15736	746 
15737	562 
15738	880 
15739	24 
15740	725 
15741	281 
15742	526 
15743	602 
15744	180 
15745	99 
15746	234 
15747	933 
15748	763 
15749	743 
15750	250 
15751	103 
15752	863 
15753	536 
15754	544 
15755	542 
15756	287 
15757	450 
15758	219 
15759	780 
15760	358 
15761	238 
15762	246 
15763	238 
15764	718 
15765	925 
15766	587 
15767	283 
15768	915 
15769	696 
15770	389 
15771	159 
15772	44 
15773	660 
15774	606 
15775	506 
15776	725 
15777	277 
15778	936 
15779	944 
15780	147 
15781	29 
15782	856 
15783	635 
15784	704 
15785	402 
15786	471 
15787	19 
15788	676 
15789	280 
15790	935 
15791	154 
15792	586 
15793	160 
15794	183 
15795	122 
15796	45 
15797	797 
15798	471 
15799	579 
15800	333 
15801	67 
15802	70 
15803	775 
15804	12 
15805	50 
15806	42 
15807	160 
15808	558 
15809	719 
15810	839 
15811	193 
15812	778 
15813	26 
15814	663 
15815	263 
15816	794 
15817	809 
15818	692 
15819	37 
15820	63 
15821	818 
15822	762 
15823	343 
15824	656 
15825	290 
15826	94 
15827	695 
15828	180 
15829	290 
15830	327 
15831	293 
15832	35 
15833	544 
15834	60 
15835	825 
15836	342 
15837	835 
15838	575 
15839	64 
15840	366 
15841	660 
15842	305 
15843	668 
15844	511 
15845	225 
15846	121 
15847	19 
15848	89 
15849	451 
15850	713 
15851	210 
15852	425 
15853	154 
15854	213 
15855	832 
15856	528 
15857	872 
15858	263 
15859	342 
15860	935 
15861	123 
15862	631 
15863	343 
15864	193 
15865	754 
15866	48 
15867	247 
15868	475 
15869	596 
15870	836 
15871	847 
15872	213 
15873	203 
15874	393 
15875	68 
15876	720 
15877	898 
15878	80 
15879	324 
15880	557 
15881	653 
15882	696 
15883	907 
15884	659 
15885	643 
15886	134 
15887	775 
15888	735 
15889	767 
15890	770 
15891	863 
15892	649 
15893	802 
15894	668 
15895	286 
15896	53 
15897	112 
15898	500 
15899	287 
15900	123 
15901	330 
15902	687 
15903	415 
15904	942 
15905	483 
15906	390 
15907	48 
15908	598 
15909	159 
15910	618 
15911	453 
15912	494 
15913	872 
15914	290 
15915	205 
15916	780 
15917	319 
15918	878 
15919	760 
15920	64 
15921	486 
15922	763 
15923	725 
15924	376 
15925	127 
15926	684 
15927	583 
15928	304 
15929	64 
15930	124 
15931	361 
15932	101 
15933	76 
15934	300 
15935	681 
15936	236 
15937	934 
15938	143 
15939	566 
15940	754 
15941	187 
15942	740 
15943	449 
15944	512 
15945	520 
15946	918 
15947	181 
15948	892 
15949	89 
15950	80 
15951	239 
15952	456 
15953	661 
15954	256 
15955	631 
15956	4 
15957	50 
15958	529 
15959	504 
15960	920 
15961	158 
15962	541 
15963	544 
15964	141 
15965	35 
15966	596 
15967	683 
15968	242 
15969	865 
15970	314 
15971	354 
15972	250 
15973	692 
15974	506 
15975	534 
15976	497 
15977	914 
15978	659 
15979	407 
15980	24 
15981	575 
15982	263 
15983	884 
15984	903 
15985	19 
15986	138 
15987	276 
15988	833 
15989	180 
15990	313 
15991	541 
15992	306 
15993	861 
15994	312 
15995	822 
15996	185 
15997	875 
15998	882 
15999	167 
16000	688 
16001	938 
16002	568 
16003	901 
16004	327 
16005	188 
16006	569 
16007	453 
16008	914 
16009	568 
16010	136 
16011	785 
16012	736 
16013	409 
16014	52 
16015	127 
16016	200 
16017	836 
16018	589 
16019	865 
16020	226 
16021	111 
16022	549 
16023	476 
16024	549 
16025	502 
16026	542 
16027	455 
16028	825 
16029	22 
16030	661 
16031	685 
16032	225 
16033	213 
16034	392 
16035	552 
16036	705 
16037	900 
16038	783 
16039	434 
16040	226 
16041	477 
16042	234 
16043	24 
16044	835 
16045	124 
16046	938 
16047	635 
16048	591 
16049	518 
16050	156 
16051	248 
16052	653 
16053	528 
16054	439 
16055	8 
16056	646 
16057	212 
16058	251 
16059	410 
16060	544 
16061	450 
16062	70 
16063	173 
16064	396 
16065	269 
16066	35 
16067	14 
16068	631 
16069	884 
16070	262 
16071	550 
16072	55 
16073	832 
16074	725 
16075	840 
16076	875 
16077	441 
16078	623 
16079	10 
16080	377 
16081	419 
16082	328 
16083	448 
16084	550 
16085	928 
16086	250 
16087	166 
16088	262 
16089	757 
16090	506 
16091	839 
16092	279 
16093	226 
16094	475 
16095	343 
16096	159 
16097	832 
16098	213 
16099	509 
16100	924 
16101	25 
16102	234 
16103	714 
16104	472 
16105	106 
16106	104 
16107	124 
16108	526 
16109	560 
16110	80 
16111	697 
16112	377 
16113	642 
16114	210 
16115	31 
16116	558 
16117	457 
16118	933 
16119	575 
16120	64 
16121	678 
16122	599 
16123	126 
16124	429 
16125	361 
16126	494 
16127	547 
16128	820 
16129	673 
16130	157 
16131	72 
16132	506 
16133	631 
16134	482 
16135	898 
16136	558 
16137	857 
16138	531 
16139	185 
16140	275 
16141	66 
16142	809 
16143	166 
16144	257 
16145	77 
16146	846 
16147	141 
16148	392 
16149	451 
16150	652 
16151	348 
16152	818 
16153	812 
16154	405 
16155	154 
16156	536 
16157	45 
16158	99 
16159	661 
16160	859 
16161	344 
16162	693 
16163	630 
16164	475 
16165	603 
16166	331 
16167	676 
16168	78 
16169	219 
16170	875 
16171	219 
16172	527 
16173	34 
16174	679 
16175	164 
16176	932 
16177	155 
16178	580 
16179	69 
16180	527 
16181	180 
16182	623 
16183	904 
16184	677 
16185	148 
16186	808 
16187	159 
16188	285 
16189	568 
16190	155 
16191	64 
16192	245 
16193	29 
16194	119 
16195	676 
16196	334 
16197	851 
16198	35 
16199	220 
16200	302 
16201	206 
16202	330 
16203	364 
16204	86 
16205	263 
16206	792 
16207	725 
16208	629 
16209	469 
16210	560 
16211	646 
16212	475 
16213	112 
16214	187 
16215	745 
16216	399 
16217	402 
16218	941 
16219	812 
16220	220 
16221	14 
16222	618 
16223	547 
16224	623 
16225	550 
16226	941 
16227	607 
16228	766 
16229	102 
16230	514 
16231	475 
16232	394 
16233	501 
16234	944 
16235	77 
16236	896 
16237	546 
16238	859 
16239	824 
16240	591 
16241	679 
16242	792 
16243	625 
16244	194 
16245	852 
16246	616 
16247	391 
16248	560 
16249	857 
16250	172 
16251	219 
16252	203 
16253	374 
16254	15 
16255	880 
16256	743 
16257	320 
16258	127 
16259	334 
16260	356 
16261	905 
16262	501 
16263	650 
16264	264 
16265	455 
16266	181 
16267	696 
16268	887 
16269	790 
16270	318 
16271	341 
16272	119 
16273	258 
16274	520 
16275	765 
16276	392 
16277	600 
16278	856 
16279	599 
16280	24 
16281	879 
16282	411 
16283	474 
16284	593 
16285	480 
16286	749 
16287	373 
16288	835 
16289	379 
16290	820 
16291	832 
16292	547 
16293	637 
16294	199 
16295	292 
16296	695 
16297	549 
16298	171 
16299	628 
16300	827 
16301	718 
16302	730 
16303	298 
16304	691 
16305	123 
16306	27 
16307	763 
16308	731 
16309	636 
16310	139 
16311	377 
16312	944 
16313	107 
16314	549 
16315	675 
16316	541 
16317	188 
16318	127 
16319	939 
16320	343 
16321	94 
16322	356 
16323	69 
16324	109 
16325	122 
16326	702 
16327	51 
16328	447 
16329	522 
16330	646 
16331	43 
16332	63 
16333	51 
16334	865 
16335	704 
16336	159 
16337	121 
16338	393 
16339	804 
16340	164 
16341	760 
16342	534 
16343	558 
16344	754 
16345	5 
16346	672 
16347	45 
16348	105 
16349	368 
16350	931 
16351	222 
16352	124 
16353	938 
16354	603 
16355	384 
16356	457 
16357	665 
16358	224 
16359	640 
16360	234 
16361	401 
16362	824 
16363	626 
16364	52 
16365	358 
16366	635 
16367	78 
16368	851 
16369	909 
16370	52 
16371	522 
16372	482 
16373	150 
16374	651 
16375	154 
16376	370 
16377	775 
16378	225 
16379	786 
16380	248 
16381	867 
16382	704 
16383	565 
16384	865 
16385	628 
16386	549 
16387	635 
16388	602 
16389	124 
16390	470 
16391	391 
16392	550 
16393	124 
16394	618 
16395	659 
16396	109 
16397	359 
16398	440 
16399	34 
16400	824 
16401	372 
16402	678 
16403	49 
16404	529 
16405	134 
16406	838 
16407	9 
16408	581 
16409	504 
16410	887 
16411	193 
16412	377 
16413	188 
16414	924 
16415	411 
16416	396 
16417	633 
16418	276 
16419	236 
16420	774 
16421	520 
16422	430 
16423	562 
16424	122 
16425	25 
16426	331 
16427	924 
16428	789 
16429	111 
16430	643 
16431	924 
16432	315 
16433	849 
16434	200 
16435	731 
16436	203 
16437	900 
16438	133 
16439	344 
16440	553 
16441	264 
16442	430 
16443	208 
16444	836 
16445	460 
16446	180 
16447	477 
16448	906 
16449	927 
16450	792 
16451	109 
16452	344 
16453	567 
16454	232 
16455	481 
16456	77 
16457	587 
16458	314 
16459	277 
16460	869 
16461	306 
16462	260 
16463	363 
16464	737 
16465	401 
16466	53 
16467	361 
16468	576 
16469	528 
16470	553 
16471	677 
16472	762 
16473	859 
16474	646 
16475	521 
16476	75 
16477	360 
16478	493 
16479	939 
16480	354 
16481	824 
16482	598 
16483	402 
16484	597 
16485	766 
16486	84 
16487	3 
16488	208 
16489	780 
16490	767 
16491	285 
16492	597 
16493	512 
16494	767 
16495	34 
16496	285 
16497	825 
16498	171 
16499	52 
16500	300 
16501	199 
16502	64 
16503	623 
16504	634 
16505	529 
16506	124 
16507	141 
16508	162 
16509	882 
16510	158 
16511	437 
16512	675 
16513	628 
16514	618 
16515	913 
16516	939 
16517	549 
16518	479 
16519	463 
16520	922 
16521	618 
16522	263 
16523	171 
16524	691 
16525	457 
16526	377 
16527	745 
16528	50 
16529	465 
16530	577 
16531	890 
16532	163 
16533	857 
16534	739 
16535	312 
16536	342 
16537	730 
16538	255 
16539	676 
16540	124 
16541	67 
16542	763 
16543	571 
16544	786 
16545	134 
16546	529 
16547	696 
16548	16 
16549	312 
16550	704 
16551	804 
16552	45 
16553	35 
16554	797 
16555	848 
16556	191 
16557	789 
16558	707 
16559	921 
16560	359 
16561	907 
16562	287 
16563	399 
16564	135 
16565	95 
16566	180 
16567	565 
16568	909 
16569	568 
16570	384 
16571	387 
16572	402 
16573	835 
16574	67 
16575	597 
16576	832 
16577	826 
16578	263 
16579	678 
16580	675 
16581	157 
16582	707 
16583	346 
16584	674 
16585	857 
16586	437 
16587	519 
16588	186 
16589	315 
16590	127 
16591	711 
16592	390 
16593	109 
16594	748 
16595	832 
16596	589 
16597	283 
16598	104 
16599	844 
16600	430 
16601	890 
16602	748 
16603	344 
16604	849 
16605	944 
16606	704 
16607	124 
16608	772 
16609	912 
16610	285 
16611	140 
16612	667 
16613	126 
16614	893 
16615	539 
16616	727 
16617	117 
16618	359 
16619	304 
16620	83 
16621	333 
16622	759 
16623	840 
16624	692 
16625	188 
16626	119 
16627	763 
16628	734 
16629	134 
16630	154 
16631	444 
16632	400 
16633	555 
16634	692 
16635	363 
16636	496 
16637	26 
16638	365 
16639	875 
16640	81 
16641	779 
16642	141 
16643	763 
16644	78 
16645	83 
16646	343 
16647	743 
16648	225 
16649	372 
16650	558 
16651	288 
16652	437 
16653	764 
16654	5 
16655	287 
16656	612 
16657	777 
16658	612 
16659	22 
16660	723 
16661	391 
16662	92 
16663	418 
16664	147 
16665	280 
16666	331 
16667	280 
16668	893 
16669	30 
16670	636 
16671	109 
16672	419 
16673	123 
16674	485 
16675	586 
16676	549 
16677	196 
16678	191 
16679	111 
16680	356 
16681	315 
16682	581 
16683	509 
16684	601 
16685	762 
16686	112 
16687	937 
16688	835 
16689	74 
16690	835 
16691	352 
16692	206 
16693	523 
16694	124 
16695	941 
16696	717 
16697	604 
16698	149 
16699	768 
16700	281 
16701	945 
16702	39 
16703	25 
16704	176 
16705	19 
16706	605 
16707	141 
16708	259 
16709	227 
16710	769 
16711	936 
16712	835 
16713	196 
16714	14 
16715	725 
16716	121 
16717	729 
16718	276 
16719	236 
16720	713 
16721	198 
16722	363 
16723	104 
16724	177 
16725	294 
16726	323 
16727	721 
16728	221 
16729	804 
16730	523 
16731	606 
16732	129 
16733	813 
16734	475 
16735	713 
16736	183 
16737	480 
16738	626 
16739	541 
16740	373 
16741	328 
16742	453 
16743	10 
16744	772 
16745	745 
16746	913 
16747	665 
16748	824 
16749	811 
16750	392 
16751	248 
16752	928 
16753	924 
16754	342 
16755	346 
16756	392 
16757	185 
16758	262 
16759	227 
16760	644 
16761	922 
16762	19 
16763	689 
16764	392 
16765	104 
16766	659 
16767	64 
16768	789 
16769	816 
16770	804 
16771	194 
16772	668 
16773	357 
16774	610 
16775	812 
16776	48 
16777	792 
16778	224 
16779	851 
16780	245 
16781	635 
16782	944 
16783	839 
16784	527 
16785	563 
16786	907 
16787	499 
16788	356 
16789	529 
16790	865 
16791	75 
16792	99 
16793	29 
16794	603 
16795	299 
16796	359 
16797	944 
16798	623 
16799	748 
16800	596 
16801	412 
16802	913 
16803	932 
16804	419 
16805	671 
16806	720 
16807	236 
16808	558 
16809	449 
16810	281 
16811	777 
16812	675 
16813	814 
16814	63 
16815	696 
16816	283 
16817	165 
16818	720 
16819	648 
16820	382 
16821	856 
16822	675 
16823	214 
16824	811 
16825	691 
16826	813 
16827	678 
16828	286 
16829	142 
16830	797 
16831	502 
16832	832 
16833	536 
16834	713 
16835	221 
16836	37 
16837	203 
16838	938 
16839	801 
16840	811 
16841	786 
16842	640 
16843	901 
16844	78 
16845	396 
16846	250 
16847	692 
16848	780 
16849	430 
16850	766 
16851	193 
16852	290 
16853	806 
16854	304 
16855	156 
16856	149 
16857	804 
16858	660 
16859	665 
16860	34 
16861	849 
16862	185 
16863	660 
16864	660 
16865	26 
16866	410 
16867	485 
16868	455 
16869	100 
16870	767 
16871	376 
16872	922 
16873	739 
16874	64 
16875	889 
16876	494 
16877	681 
16878	428 
16879	788 
16880	164 
16881	836 
16882	605 
16883	328 
16884	210 
16885	866 
16886	908 
16887	169 
16888	636 
16889	64 
16890	459 
16891	331 
16892	466 
16893	399 
16894	528 
16895	623 
16896	450 
16897	833 
16898	437 
16899	786 
16900	304 
16901	774 
16902	742 
16903	597 
16904	769 
16905	291 
16906	675 
16907	631 
16908	26 
16909	558 
16910	164 
16911	3 
16912	781 
16913	128 
16914	836 
16915	218 
16916	840 
16917	527 
16918	878 
16919	45 
16920	646 
16921	123 
16922	399 
16923	487 
16924	806 
16925	531 
16926	377 
16927	145 
16928	745 
16929	770 
16930	203 
16931	441 
16932	318 
16933	291 
16934	691 
16935	692 
16936	61 
16937	785 
16938	552 
16939	937 
16940	611 
16941	40 
16942	328 
16943	693 
16944	52 
16945	377 
16946	634 
16947	134 
16948	354 
16949	900 
16950	384 
16951	217 
16952	891 
16953	865 
16954	890 
16955	327 
16956	689 
16957	35 
16958	145 
16959	67 
16960	923 
16961	441 
16962	395 
16963	407 
16964	261 
16965	832 
16966	704 
16967	321 
16968	177 
16969	922 
16970	887 
16971	817 
16972	438 
16973	64 
16974	861 
16975	61 
16976	618 
16977	554 
16978	542 
16979	426 
16980	225 
16981	730 
16982	564 
16983	935 
16984	897 
16985	714 
16986	836 
16987	814 
16988	531 
16989	654 
16990	629 
16991	677 
16992	286 
16993	509 
16994	51 
16995	229 
16996	72 
16997	408 
16998	618 
16999	913 
17000	743 
17001	528 
17002	644 
17003	550 
17004	400 
17005	121 
17006	50 
17007	878 
17008	216 
17009	449 
17010	725 
17011	759 
17012	130 
17013	841 
17014	812 
17015	842 
17016	96 
17017	327 
17018	26 
17019	618 
17020	367 
17021	730 
17022	166 
17023	25 
17024	475 
17025	529 
17026	616 
17027	384 
17028	547 
17029	459 
17030	13 
17031	9 
17032	892 
17033	647 
17034	804 
17035	591 
17036	127 
17037	932 
17038	343 
17039	474 
17040	219 
17041	473 
17042	757 
17043	875 
17044	799 
17045	713 
17046	562 
17047	42 
17048	411 
17049	865 
17050	26 
17051	573 
17052	77 
17053	617 
17054	595 
17055	392 
17056	304 
17057	197 
17058	521 
17059	705 
17060	422 
17061	829 
17062	166 
17063	42 
17064	196 
17065	427 
17066	71 
17067	542 
17068	40 
17069	609 
17070	68 
17071	509 
17072	892 
17073	407 
17074	886 
17075	430 
17076	668 
17077	126 
17078	105 
17079	76 
17080	678 
17081	157 
17082	772 
17083	887 
17084	887 
17085	740 
17086	52 
17087	389 
17088	377 
17089	226 
17090	529 
17091	34 
17092	427 
17093	518 
17094	275 
17095	262 
17096	141 
17097	171 
17098	571 
17099	455 
17100	327 
17101	557 
17102	315 
17103	573 
17104	232 
17105	373 
17106	775 
17107	124 
17108	511 
17109	169 
17110	33 
17111	320 
17112	78 
17113	354 
17114	887 
17115	225 
17116	663 
17117	128 
17118	791 
17119	542 
17120	437 
17121	122 
17122	654 
17123	466 
17124	698 
17125	713 
17126	638 
17127	383 
17128	671 
17129	906 
17130	911 
17131	692 
17132	77 
17133	261 
17134	285 
17135	610 
17136	66 
17137	550 
17138	283 
17139	466 
17140	127 
17141	743 
17142	237 
17143	559 
17144	83 
17145	878 
17146	541 
17147	825 
17148	748 
17149	541 
17150	714 
17151	242 
17152	534 
17153	387 
17154	304 
17155	549 
17156	884 
17157	504 
17158	898 
17159	192 
17160	100 
17161	558 
17162	80 
17163	636 
17164	575 
17165	372 
17166	836 
17167	654 
17168	193 
17169	482 
17170	562 
17171	621 
17172	123 
17173	544 
17174	6 
17175	812 
17176	475 
17177	233 
17178	742 
17179	457 
17180	390 
17181	643 
17182	603 
17183	34 
17184	777 
17185	253 
17186	483 
17187	251 
17188	836 
17189	925 
17190	375 
17191	196 
17192	70 
17193	865 
17194	818 
17195	32 
17196	541 
17197	164 
17198	410 
17199	263 
17200	209 
17201	504 
17202	19 
17203	457 
17204	672 
17205	763 
17206	425 
17207	922 
17208	852 
17209	743 
17210	847 
17211	78 
17212	296 
17213	509 
17214	802 
17215	262 
17216	600 
17217	737 
17218	483 
17219	407 
17220	494 
17221	837 
17222	892 
17223	430 
17224	762 
17225	260 
17226	848 
17227	67 
17228	80 
17229	494 
17230	660 
17231	891 
17232	454 
17233	264 
17234	851 
17235	542 
17236	494 
17237	812 
17238	723 
17239	315 
17240	841 
17241	325 
17242	296 
17243	610 
17244	434 
17245	856 
17246	68 
17247	60 
17248	652 
17249	345 
17250	34 
17251	353 
17252	488 
17253	730 
17254	128 
17255	506 
17256	730 
17257	17 
17258	211 
17259	172 
17260	262 
17261	199 
17262	197 
17263	656 
17264	49 
17265	313 
17266	932 
17267	668 
17268	603 
17269	678 
17270	925 
17271	896 
17272	69 
17273	792 
17274	597 
17275	427 
17276	748 
17277	517 
17278	503 
17279	832 
17280	552 
17281	37 
17282	234 
17283	473 
17284	343 
17285	644 
17286	587 
17287	390 
17288	825 
17289	161 
17290	770 
17291	204 
17292	522 
17293	133 
17294	548 
17295	738 
17296	812 
17297	732 
17298	754 
17299	547 
17300	410 
17301	392 
17302	924 
17303	693 
17304	208 
17305	32 
17306	574 
17307	281 
17308	793 
17309	646 
17310	748 
17311	128 
17312	509 
17313	141 
17314	387 
17315	281 
17316	483 
17317	424 
17318	859 
17319	668 
17320	315 
17321	911 
17322	596 
17323	82 
17324	731 
17325	511 
17326	87 
17327	379 
17328	32 
17329	664 
17330	156 
17331	8 
17332	127 
17333	886 
17334	67 
17335	812 
17336	914 
17337	921 
17338	78 
17339	528 
17340	713 
17341	610 
17342	455 
17343	897 
17344	124 
17345	611 
17346	701 
17347	635 
17348	909 
17349	132 
17350	577 
17351	278 
17352	459 
17353	503 
17354	377 
17355	636 
17356	704 
17357	792 
17358	681 
17359	10 
17360	13 
17361	278 
17362	219 
17363	702 
17364	207 
17365	75 
17366	210 
17367	582 
17368	12 
17369	863 
17370	777 
17371	64 
17372	502 
17373	844 
17374	109 
17375	506 
17376	275 
17377	247 
17378	695 
17379	121 
17380	193 
17381	377 
17382	616 
17383	880 
17384	457 
17385	237 
17386	56 
17387	17 
17388	383 
17389	193 
17390	555 
17391	391 
17392	139 
17393	106 
17394	237 
17395	272 
17396	693 
17397	158 
17398	259 
17399	491 
17400	194 
17401	601 
17402	748 
17403	707 
17404	704 
17405	39 
17406	292 
17407	35 
17408	253 
17409	519 
17410	551 
17411	769 
17412	34 
17413	168 
17414	465 
17415	836 
17416	111 
17417	575 
17418	693 
17419	745 
17420	19 
17421	78 
17422	782 
17423	159 
17424	522 
17425	185 
17426	725 
17427	696 
17428	455 
17429	602 
17430	667 
17431	155 
17432	293 
17433	29 
17434	121 
17435	824 
17436	34 
17437	331 
17438	939 
17439	678 
17440	876 
17441	154 
17442	620 
17443	410 
17444	820 
17445	851 
17446	892 
17447	701 
17448	479 
17449	898 
17450	72 
17451	25 
17452	169 
17453	753 
17454	820 
17455	286 
17456	57 
17457	554 
17458	763 
17459	331 
17460	748 
17461	354 
17462	66 
17463	158 
17464	795 
17465	635 
17466	331 
17467	96 
17468	141 
17469	39 
17470	528 
17471	759 
17472	39 
17473	199 
17474	562 
17475	147 
17476	268 
17477	158 
17478	364 
17479	63 
17480	225 
17481	623 
17482	127 
17483	312 
17484	271 
17485	263 
17486	91 
17487	475 
17488	522 
17489	322 
17490	482 
17491	740 
17492	549 
17493	53 
17494	743 
17495	236 
17496	841 
17497	781 
17498	353 
17499	914 
17500	646 
17501	40 
17502	398 
17503	356 
17504	847 
17505	676 
17506	459 
17507	281 
17508	878 
17509	471 
17510	483 
17511	656 
17512	64 
17513	211 
17514	321 
17515	235 
17516	430 
17517	565 
17518	869 
17519	528 
17520	637 
17521	677 
17522	204 
17523	832 
17524	676 
17525	165 
17526	225 
17527	353 
17528	471 
17529	639 
17530	917 
17531	909 
17532	734 
17533	24 
17534	181 
17535	254 
17536	848 
17537	913 
17538	935 
17539	159 
17540	345 
17541	504 
17542	43 
17543	275 
17544	343 
17545	236 
17546	4 
17547	448 
17548	356 
17549	916 
17550	933 
17551	757 
17552	334 
17553	692 
17554	872 
17555	459 
17556	733 
17557	330 
17558	39 
17559	467 
17560	308 
17561	183 
17562	24 
17563	304 
17564	914 
17565	403 
17566	379 
17567	887 
17568	225 
17569	780 
17570	422 
17571	616 
17572	3 
17573	529 
17574	731 
17575	286 
17576	81 
17577	880 
17578	774 
17579	763 
17580	790 
17581	77 
17582	290 
17583	269 
17584	340 
17585	884 
17586	875 
17587	407 
17588	353 
17589	276 
17590	437 
17591	596 
17592	478 
17593	96 
17594	356 
17595	799 
17596	656 
17597	599 
17598	359 
17599	743 
17600	490 
17601	532 
17602	627 
17603	226 
17604	911 
17605	356 
17606	884 
17607	151 
17608	527 
17609	528 
17610	344 
17611	600 
17612	673 
17613	900 
17614	541 
17615	640 
17616	869 
17617	122 
17618	884 
17619	62 
17620	550 
17621	503 
17622	579 
17623	166 
17624	198 
17625	11 
17626	186 
17627	748 
17628	644 
17629	825 
17630	892 
17631	123 
17632	359 
17633	75 
17634	603 
17635	945 
17636	343 
17637	748 
17638	292 
17639	708 
17640	187 
17641	529 
17642	743 
17643	279 
17644	251 
17645	712 
17646	39 
17647	754 
17648	13 
17649	906 
17650	587 
17651	643 
17652	449 
17653	653 
17654	42 
17655	366 
17656	391 
17657	304 
17658	757 
17659	675 
17660	547 
17661	646 
17662	116 
17663	691 
17664	646 
17665	944 
17666	880 
17667	437 
17668	544 
17669	277 
17670	16 
17671	574 
17672	494 
17673	147 
17674	569 
17675	189 
17676	518 
17677	529 
17678	356 
17679	592 
17680	745 
17681	419 
17682	172 
17683	227 
17684	410 
17685	437 
17686	568 
17687	321 
17688	601 
17689	467 
17690	476 
17691	124 
17692	213 
17693	506 
17694	743 
17695	944 
17696	467 
17697	917 
17698	888 
17699	87 
17700	631 
17701	704 
17702	342 
17703	90 
17704	315 
17705	391 
17706	96 
17707	766 
17708	162 
17709	575 
17710	835 
17711	522 
17712	570 
17713	933 
17714	63 
17715	343 
17716	900 
17717	794 
17718	643 
17719	890 
17720	376 
17721	812 
17722	308 
17723	342 
17724	384 
17725	311 
17726	375 
17727	511 
17728	580 
17729	396 
17730	474 
17731	330 
17732	604 
17733	163 
17734	808 
17735	269 
17736	596 
17737	550 
17738	314 
17739	130 
17740	892 
17741	878 
17742	759 
17743	824 
17744	358 
17745	57 
17746	449 
17747	370 
17748	293 
17749	601 
17750	561 
17751	487 
17752	63 
17753	35 
17754	511 
17755	438 
17756	135 
17757	766 
17758	659 
17759	387 
17760	591 
17761	820 
17762	49 
17763	865 
17764	777 
17765	221 
17766	14 
17767	875 
17768	835 
17769	793 
17770	159 
17771	544 
17772	155 
17773	474 
17774	543 
17775	804 
17776	87 
17777	548 
17778	274 
17779	670 
17780	608 
17781	680 
17782	443 
17783	797 
17784	886 
17785	850 
17786	381 
17787	507 
17788	816 
17789	893 
17790	748 
17791	494 
17792	364 
17793	850 
17794	789 
17795	16 
17796	155 
17797	923 
17798	51 
17799	328 
17800	681 
17801	659 
17802	529 
17803	646 
17804	392 
17805	274 
17806	789 
17807	760 
17808	844 
17809	457 
17810	704 
17811	748 
17812	80 
17813	844 
17814	901 
17815	544 
17816	905 
17817	806 
17818	55 
17819	610 
17820	296 
17821	890 
17822	511 
17823	260 
17824	541 
17825	18 
17826	865 
17827	253 
17828	590 
17829	642 
17830	862 
17831	211 
17832	687 
17833	776 
17834	598 
17835	890 
17836	236 
17837	200 
17838	869 
17839	804 
17840	132 
17841	4 
17842	471 
17843	283 
17844	546 
17845	14 
17846	209 
17847	129 
17848	716 
17849	193 
17850	319 
17851	878 
17852	603 
17853	451 
17854	772 
17855	290 
17856	631 
17857	92 
17858	16 
17859	911 
17860	759 
17861	247 
17862	602 
17863	78 
17864	501 
17865	558 
17866	82 
17867	229 
17868	225 
17869	379 
17870	936 
17871	884 
17872	558 
17873	678 
17874	725 
17875	444 
17876	53 
17877	673 
17878	49 
17879	266 
17880	149 
17881	230 
17882	247 
17883	661 
17884	110 
17885	263 
17886	905 
17887	321 
17888	772 
17889	731 
17890	494 
17891	558 
17892	704 
17893	380 
17894	198 
17895	355 
17896	384 
17897	579 
17898	475 
17899	199 
17900	3 
17901	203 
17902	835 
17903	653 
17904	620 
17905	236 
17906	164 
17907	307 
17908	529 
17909	29 
17910	91 
17911	783 
17912	189 
17913	512 
17914	242 
17915	875 
17916	470 
17917	501 
17918	43 
17919	411 
17920	286 
17921	659 
17922	278 
17923	449 
17924	190 
17925	927 
17926	763 
17927	293 
17928	343 
17929	155 
17930	746 
17931	812 
17932	512 
17933	699 
17934	472 
17935	229 
17936	285 
17937	125 
17938	242 
17939	213 
17940	825 
17941	291 
17942	793 
17943	574 
17944	544 
17945	739 
17946	601 
17947	463 
17948	811 
17949	398 
17950	832 
17951	89 
17952	849 
17953	132 
17954	643 
17955	124 
17956	95 
17957	18 
17958	452 
17959	737 
17960	253 
17961	675 
17962	924 
17963	675 
17964	485 
17965	48 
17966	886 
17967	7 
17968	14 
17969	713 
17970	675 
17971	154 
17972	89 
17973	324 
17974	240 
17975	34 
17976	26 
17977	293 
17978	678 
17979	582 
17980	342 
17981	938 
17982	262 
17983	621 
17984	221 
17985	508 
17986	582 
17987	64 
17988	507 
17989	227 
17990	50 
17991	692 
17992	312 
17993	579 
17994	356 
17995	656 
17996	613 
17997	11 
17998	145 
17999	287 
18000	292 
18001	329 
18002	668 
18003	924 
18004	343 
18005	97 
18006	924 
18007	849 
18008	878 
18009	451 
18010	47 
18011	610 
18012	892 
18013	286 
18014	453 
18015	795 
18016	141 
18017	471 
18018	696 
18019	432 
18020	287 
18021	354 
18022	884 
18023	728 
18024	521 
18025	197 
18026	349 
18027	925 
18028	191 
18029	148 
18030	75 
18031	819 
18032	404 
18033	157 
18034	849 
18035	22 
18036	132 
18037	838 
18038	725 
18039	763 
18040	50 
18041	454 
18042	764 
18043	532 
18044	259 
18045	96 
18046	122 
18047	278 
18048	528 
18049	691 
18050	129 
18051	790 
18052	391 
18053	487 
18054	837 
18055	666 
18056	856 
18057	409 
18058	96 
18059	616 
18060	227 
18061	691 
18062	553 
18063	938 
18064	520 
18065	454 
18066	886 
18067	909 
18068	437 
18069	777 
18070	448 
18071	184 
18072	343 
18073	509 
18074	558 
18075	616 
18076	689 
18077	504 
18078	341 
18079	359 
18080	39 
18081	584 
18082	835 
18083	372 
18084	640 
18085	844 
18086	502 
18087	869 
18088	175 
18089	122 
18090	48 
18091	399 
18092	162 
18093	712 
18094	37 
18095	550 
18096	72 
18097	29 
18098	404 
18099	402 
18100	290 
18101	343 
18102	83 
18103	730 
18104	915 
18105	227 
18106	704 
18107	529 
18108	730 
18109	704 
18110	340 
18111	66 
18112	596 
18113	552 
18114	469 
18115	145 
18116	449 
18117	403 
18118	206 
18119	456 
18120	179 
18121	262 
18122	562 
18123	34 
18124	872 
18125	332 
18126	889 
18127	629 
18128	687 
18129	814 
18130	471 
18131	115 
18132	623 
18133	191 
18134	213 
18135	794 
18136	154 
18137	56 
18138	527 
18139	596 
18140	221 
18141	314 
18142	504 
18143	856 
18144	607 
18145	504 
18146	835 
18147	930 
18148	603 
18149	268 
18150	824 
18151	353 
18152	867 
18153	457 
18154	375 
18155	848 
18156	513 
18157	155 
18158	867 
18159	359 
18160	762 
18161	175 
18162	907 
18163	609 
18164	343 
18165	477 
18166	678 
18167	111 
18168	330 
18169	906 
18170	159 
18171	840 
18172	205 
18173	99 
18174	279 
18175	925 
18176	180 
18177	521 
18178	12 
18179	287 
18180	780 
18181	553 
18182	621 
18183	456 
18184	811 
18185	100 
18186	743 
18187	884 
18188	787 
18189	236 
18190	667 
18191	226 
18192	504 
18193	372 
18194	922 
18195	573 
18196	943 
18197	763 
18198	461 
18199	937 
18200	587 
18201	836 
18202	387 
18203	459 
18204	730 
18205	266 
18206	704 
18207	511 
18208	463 
18209	562 
18210	134 
18211	344 
18212	623 
18213	207 
18214	466 
18215	743 
18216	628 
18217	522 
18218	492 
18219	901 
18220	83 
18221	488 
18222	836 
18223	129 
18224	425 
18225	206 
18226	494 
18227	125 
18228	541 
18229	884 
18230	122 
18231	132 
18232	550 
18233	181 
18234	866 
18235	189 
18236	588 
18237	886 
18238	944 
18239	254 
18240	290 
18241	366 
18242	554 
18243	803 
18244	506 
18245	880 
18246	426 
18247	693 
18248	209 
18249	884 
18250	723 
18251	459 
18252	14 
18253	359 
18254	748 
18255	916 
18256	483 
18257	449 
18258	69 
18259	25 
18260	14 
18261	750 
18262	310 
18263	763 
18264	793 
18265	277 
18266	27 
18267	321 
18268	504 
18269	780 
18270	609 
18271	221 
18272	408 
18273	510 
18274	762 
18275	226 
18276	809 
18277	342 
18278	491 
18279	759 
18280	824 
18281	364 
18282	364 
18283	485 
18284	569 
18285	762 
18286	343 
18287	736 
18288	735 
18289	812 
18290	575 
18291	767 
18292	585 
18293	567 
18294	455 
18295	850 
18296	224 
18297	266 
18298	730 
18299	328 
18300	353 
18301	842 
18302	943 
18303	640 
18304	528 
18305	331 
18306	870 
18307	660 
18308	368 
18309	197 
18310	924 
18311	63 
18312	693 
18313	134 
18314	149 
18315	409 
18316	924 
18317	17 
18318	817 
18319	483 
18320	836 
18321	912 
18322	616 
18323	549 
18324	451 
18325	124 
18326	426 
18327	625 
18328	652 
18329	781 
18330	763 
18331	747 
18332	262 
18333	208 
18334	682 
18335	279 
18336	226 
18337	661 
18338	579 
18339	359 
18340	603 
18341	856 
18342	812 
18343	96 
18344	80 
18345	943 
18346	223 
18347	596 
18348	300 
18349	158 
18350	604 
18351	405 
18352	77 
18353	824 
18354	154 
18355	132 
18356	631 
18357	4 
18358	419 
18359	157 
18360	221 
18361	30 
18362	874 
18363	14 
18364	264 
18365	238 
18366	457 
18367	892 
18368	595 
18369	673 
18370	924 
18371	264 
18372	772 
18373	392 
18374	649 
18375	455 
18376	611 
18377	578 
18378	675 
18379	19 
18380	249 
18381	168 
18382	889 
18383	244 
18384	560 
18385	924 
18386	50 
18387	60 
18388	789 
18389	247 
18390	466 
18391	528 
18392	775 
18393	179 
18394	15 
18395	389 
18396	315 
18397	521 
18398	288 
18399	1 
18400	3 
18401	777 
18402	285 
18403	59 
18404	631 
18405	932 
18406	615 
18407	763 
18408	152 
18409	865 
18410	822 
18411	924 
18412	99 
18413	608 
18414	811 
18415	170 
18416	582 
18417	13 
18418	282 
18419	154 
18420	864 
18421	592 
18422	637 
18423	562 
18424	417 
18425	689 
18426	558 
18427	923 
18428	890 
18429	889 
18430	937 
18431	45 
18432	678 
18433	226 
18434	908 
18435	379 
18436	37 
18437	222 
18438	353 
18439	314 
18440	57 
18441	25 
18442	547 
18443	760 
18444	392 
18445	387 
18446	603 
18447	331 
18448	279 
18449	368 
18450	934 
18451	874 
18452	149 
18453	283 
18454	507 
18455	767 
18456	340 
18457	281 
18458	149 
18459	108 
18460	435 
18461	884 
18462	812 
18463	69 
18464	502 
18465	7 
18466	488 
18467	339 
18468	839 
18469	278 
18470	51 
18471	476 
18472	562 
18473	42 
18474	311 
18475	314 
18476	117 
18477	527 
18478	477 
18479	320 
18480	763 
18481	323 
18482	249 
18483	676 
18484	911 
18485	285 
18486	812 
18487	847 
18488	427 
18489	72 
18490	1 
18491	32 
18492	70 
18493	99 
18494	11 
18495	562 
18496	206 
18497	225 
18498	915 
18499	519 
18500	911 
18501	226 
18502	102 
18503	909 
18504	89 
18505	189 
18506	605 
18507	342 
18508	558 
18509	636 
18510	402 
18511	757 
18512	193 
18513	129 
18514	925 
18515	3 
18516	729 
18517	155 
18518	730 
18519	181 
18520	398 
18521	829 
18522	138 
18523	536 
18524	21 
18525	236 
18526	240 
18527	631 
18528	835 
18529	911 
18530	853 
18531	676 
18532	922 
18533	543 
18534	616 
18535	675 
18536	912 
18537	332 
18538	624 
18539	579 
18540	133 
18541	904 
18542	559 
18543	647 
18544	30 
18545	701 
18546	924 
18547	344 
18548	194 
18549	343 
18550	512 
18551	48 
18552	411 
18553	154 
18554	715 
18555	226 
18556	239 
18557	472 
18558	156 
18559	297 
18560	536 
18561	529 
18562	288 
18563	475 
18564	262 
18565	851 
18566	901 
18567	385 
18568	675 
18569	937 
18570	89 
18571	453 
18572	129 
18573	199 
18574	922 
18575	463 
18576	792 
18577	554 
18578	927 
18579	528 
18580	640 
18581	342 
18582	639 
18583	624 
18584	158 
18585	633 
18586	528 
18587	248 
18588	754 
18589	224 
18590	730 
18591	124 
18592	762 
18593	713 
18594	706 
18595	825 
18596	479 
18597	691 
18598	844 
18599	645 
18600	763 
18601	697 
18602	618 
18603	745 
18604	927 
18605	730 
18606	865 
18607	771 
18608	106 
18609	494 
18610	353 
18611	361 
18612	379 
18613	185 
18614	318 
18615	843 
18616	77 
18617	126 
18618	356 
18619	504 
18620	377 
18621	81 
18622	872 
18623	552 
18624	359 
18625	233 
18626	116 
18627	266 
18628	472 
18629	290 
18630	660 
18631	922 
18632	560 
18633	286 
18634	34 
18635	623 
18636	5 
18637	806 
18638	636 
18639	56 
18640	83 
18641	541 
18642	409 
18643	455 
18644	525 
18645	615 
18646	305 
18647	100 
18648	734 
18649	870 
18650	611 
18651	35 
18652	281 
18653	328 
18654	175 
18655	290 
18656	51 
18657	5 
18658	247 
18659	125 
18660	777 
18661	667 
18662	562 
18663	596 
18664	448 
18665	158 
18666	599 
18667	213 
18668	146 
18669	27 
18670	644 
18671	281 
18672	300 
18673	377 
18674	717 
18675	275 
18676	527 
18677	789 
18678	340 
18679	780 
18680	552 
18681	803 
18682	135 
18683	603 
18684	543 
18685	199 
18686	281 
18687	260 
18688	812 
18689	818 
18690	541 
18691	24 
18692	239 
18693	759 
18694	520 
18695	346 
18696	127 
18697	386 
18698	766 
18699	743 
18700	188 
18701	188 
18702	596 
18703	97 
18704	463 
18705	804 
18706	726 
18707	430 
18708	234 
18709	534 
18710	820 
18711	610 
18712	653 
18713	364 
18714	384 
18715	360 
18716	78 
18717	106 
18718	51 
18719	804 
18720	352 
18721	640 
18722	543 
18723	774 
18724	886 
18725	154 
18726	909 
18727	488 
18728	754 
18729	481 
18730	43 
18731	201 
18732	327 
18733	386 
18734	936 
18735	401 
18736	78 
18737	481 
18738	379 
18739	704 
18740	550 
18741	572 
18742	667 
18743	762 
18744	292 
18745	917 
18746	636 
18747	359 
18748	847 
18749	789 
18750	924 
18751	272 
18752	285 
18753	109 
18754	542 
18755	125 
18756	145 
18757	256 
18758	812 
18759	549 
18760	219 
18761	67 
18762	63 
18763	577 
18764	256 
18765	65 
18766	932 
18767	906 
18768	493 
18769	571 
18770	692 
18771	391 
18772	685 
18773	503 
18774	77 
18775	829 
18776	180 
18777	833 
18778	944 
18779	549 
18780	743 
18781	832 
18782	945 
18783	852 
18784	437 
18785	557 
18786	554 
18787	262 
18788	898 
18789	67 
18790	601 
18791	165 
18792	570 
18793	247 
18794	77 
18795	50 
18796	147 
18797	825 
18798	364 
18799	877 
18800	730 
18801	157 
18802	702 
18803	757 
18804	692 
18805	748 
18806	31 
18807	451 
18808	886 
18809	408 
18810	226 
18811	51 
18812	42 
18813	384 
18814	331 
18815	323 
18816	944 
18817	248 
18818	361 
18819	591 
18820	105 
18821	50 
18822	159 
18823	569 
18824	45 
18825	626 
18826	787 
18827	149 
18828	590 
18829	872 
18830	739 
18831	488 
18832	296 
18833	358 
18834	730 
18835	541 
18836	774 
18837	467 
18838	787 
18839	428 
18840	99 
18841	411 
18842	797 
18843	471 
18844	532 
18845	667 
18846	506 
18847	732 
18848	138 
18849	433 
18850	888 
18851	915 
18852	54 
18853	347 
18854	635 
18855	735 
18856	507 
18857	498 
18858	535 
18859	81 
18860	342 
18861	769 
18862	474 
18863	642 
18864	667 
18865	544 
18866	676 
18867	75 
18868	811 
18869	220 
18870	221 
18871	197 
18872	37 
18873	877 
18874	173 
18875	792 
18876	804 
18877	725 
18878	510 
18879	230 
18880	206 
18881	704 
18882	29 
18883	146 
18884	474 
18885	707 
18886	692 
18887	788 
18888	475 
18889	26 
18890	203 
18891	375 
18892	320 
18893	802 
18894	221 
18895	150 
18896	395 
18897	10 
18898	304 
18899	378 
18900	635 
18901	18 
18902	450 
18903	552 
18904	492 
18905	449 
18906	392 
18907	286 
18908	451 
18909	229 
18910	529 
18911	526 
18912	475 
18913	402 
18914	743 
18915	229 
18916	787 
18917	86 
18918	353 
18919	451 
18920	210 
18921	476 
18922	862 
18923	373 
18924	532 
18925	763 
18926	158 
18927	247 
18928	437 
18929	642 
18930	617 
18931	740 
18932	430 
18933	644 
18934	835 
18935	803 
18936	562 
18937	226 
18938	636 
18939	822 
18940	839 
18941	571 
18942	543 
18943	354 
18944	124 
18945	374 
18946	565 
18947	745 
18948	330 
18949	364 
18950	156 
18951	880 
18952	553 
18953	743 
18954	304 
18955	247 
18956	889 
18957	745 
18958	31 
18959	16 
18960	475 
18961	92 
18962	792 
18963	915 
18964	652 
18965	171 
18966	922 
18967	506 
18968	944 
18969	158 
18970	158 
18971	175 
18972	453 
18973	626 
18974	91 
18975	193 
18976	292 
18977	621 
18978	100 
18979	527 
18980	891 
18981	541 
18982	804 
18983	266 
18984	243 
18985	24 
18986	155 
18987	201 
18988	134 
18989	678 
18990	600 
18991	414 
18992	328 
18993	342 
18994	140 
18995	898 
18996	897 
18997	335 
18998	488 
18999	455 
19000	379 
19001	152 
19002	27 
19003	811 
19004	780 
19005	286 
19006	794 
19007	269 
19008	124 
19009	855 
19010	79 
19011	621 
19012	558 
19013	888 
19014	391 
19015	816 
19016	517 
19017	483 
19018	795 
19019	203 
19020	869 
19021	293 
19022	355 
19023	884 
19024	459 
19025	610 
19026	32 
19027	650 
19028	157 
19029	435 
19030	240 
19031	752 
19032	233 
19033	3 
19034	18 
19035	13 
19036	922 
19037	50 
19038	286 
19039	584 
19040	811 
19041	944 
19042	476 
19043	221 
19044	116 
19045	903 
19046	544 
19047	931 
19048	839 
19049	127 
19050	740 
19051	476 
19052	775 
19053	229 
19054	909 
19055	893 
19056	568 
19057	230 
19058	814 
19059	661 
19060	837 
19061	763 
19062	536 
19063	417 
19064	644 
19065	716 
19066	531 
19067	913 
19068	117 
19069	357 
19070	635 
19071	346 
19072	364 
19073	361 
19074	646 
19075	791 
19076	59 
19077	835 
19078	667 
19079	922 
19080	188 
19081	681 
19082	913 
19083	643 
19084	911 
19085	226 
19086	247 
19087	49 
19088	35 
19089	80 
19090	780 
19091	99 
19092	743 
19093	87 
19094	145 
19095	825 
19096	944 
19097	471 
19098	156 
19099	302 
19100	285 
19101	607 
19102	552 
19103	540 
19104	787 
19105	820 
19106	460 
19107	485 
19108	936 
19109	763 
19110	511 
19111	717 
19112	340 
19113	128 
19114	69 
19115	678 
19116	507 
19117	16 
19118	253 
19119	793 
19120	64 
19121	370 
19122	832 
19123	885 
19124	75 
19125	459 
19126	319 
19127	759 
19128	535 
19129	265 
19130	623 
19131	875 
19132	911 
19133	659 
19134	100 
19135	869 
19136	29 
19137	266 
19138	329 
19139	884 
19140	623 
19141	372 
19142	296 
19143	344 
19144	570 
19145	712 
19146	82 
19147	49 
19148	849 
19149	892 
19150	812 
19151	690 
19152	924 
19153	541 
19154	668 
19155	569 
19156	562 
19157	144 
19158	628 
19159	76 
19160	246 
19161	664 
19162	944 
19163	348 
19164	233 
19165	561 
19166	229 
19167	730 
19168	509 
19169	909 
19170	229 
19171	374 
19172	482 
19173	76 
19174	914 
19175	12 
19176	185 
19177	848 
19178	511 
19179	800 
19180	236 
19181	732 
19182	236 
19183	123 
19184	936 
19185	26 
19186	15 
19187	226 
19188	884 
19189	886 
19190	205 
19191	693 
19192	485 
19193	290 
19194	804 
19195	840 
19196	225 
19197	298 
19198	818 
19199	542 
19200	180 
19201	386 
19202	259 
19203	748 
19204	496 
19205	757 
19206	387 
19207	1 
19208	659 
19209	900 
19210	24 
19211	437 
19212	37 
19213	864 
19214	697 
19215	88 
19216	124 
19217	884 
19218	343 
19219	379 
19220	328 
19221	763 
19222	646 
19223	884 
19224	550 
19225	372 
19226	208 
19227	127 
19228	25 
19229	577 
19230	558 
19231	837 
19232	373 
19233	536 
19234	463 
19235	201 
19236	658 
19237	815 
19238	878 
19239	219 
19240	77 
19241	279 
19242	690 
19243	365 
19244	219 
19245	18 
19246	179 
19247	551 
19248	330 
19249	287 
19250	454 
19251	835 
19252	629 
19253	884 
19254	169 
19255	748 
19256	792 
19257	435 
19258	732 
19259	623 
19260	290 
19261	922 
19262	726 
19263	328 
19264	836 
19265	733 
19266	898 
19267	359 
19268	944 
19269	13 
19270	494 
19271	243 
19272	306 
19273	3 
19274	656 
19275	797 
19276	600 
19277	748 
19278	219 
19279	472 
19280	364 
19281	356 
19282	944 
19283	210 
19284	361 
19285	330 
19286	388 
19287	121 
19288	64 
19289	331 
19290	287 
19291	391 
19292	808 
19293	835 
19294	451 
19295	342 
19296	911 
19297	281 
19298	242 
19299	702 
19300	312 
19301	825 
19302	485 
19303	338 
19304	122 
19305	25 
19306	623 
19307	922 
19308	233 
19309	853 
19310	368 
19311	158 
19312	247 
19313	603 
19314	169 
19315	479 
19316	124 
19317	591 
19318	541 
19319	132 
19320	839 
19321	851 
19322	320 
19323	185 
19324	819 
19325	517 
19326	506 
19327	358 
19328	199 
19329	865 
19330	861 
19331	575 
19332	762 
19333	723 
19334	116 
19335	813 
19336	892 
19337	163 
19338	603 
19339	157 
19340	577 
19341	567 
19342	164 
19343	78 
19344	342 
19345	322 
19346	471 
19347	80 
19348	762 
19349	236 
19350	930 
19351	799 
19352	22 
19353	418 
19354	789 
19355	1 
19356	385 
19357	99 
19358	320 
19359	364 
19360	347 
19361	562 
19362	563 
19363	543 
19364	122 
19365	804 
19366	536 
19367	550 
19368	377 
19369	405 
19370	825 
19371	921 
19372	19 
19373	597 
19374	72 
19375	596 
19376	811 
19377	895 
19378	107 
19379	80 
19380	352 
19381	327 
19382	14 
19383	750 
19384	361 
19385	129 
19386	321 
19387	886 
19388	925 
19389	681 
19390	15 
19391	351 
19392	106 
19393	541 
19394	206 
19395	791 
19396	789 
19397	49 
19398	742 
19399	154 
19400	258 
19401	18 
19402	138 
19403	660 
19404	227 
19405	287 
19406	747 
19407	506 
19408	213 
19409	395 
19410	5 
19411	923 
19412	621 
19413	475 
19414	587 
19415	298 
19416	4 
19417	194 
19418	656 
19419	763 
19420	582 
19421	944 
19422	534 
19423	610 
19424	454 
19425	520 
19426	880 
19427	676 
19428	931 
19429	138 
19430	529 
19431	913 
19432	11 
19433	529 
19434	748 
19435	448 
19436	450 
19437	514 
19438	718 
19439	526 
19440	935 
19441	467 
19442	911 
19443	475 
19444	469 
19445	380 
19446	120 
19447	379 
19448	569 
19449	820 
19450	121 
19451	829 
19452	471 
19453	678 
19454	474 
19455	635 
19456	945 
19457	209 
19458	865 
19459	276 
19460	223 
19461	887 
19462	184 
19463	800 
19464	837 
19465	762 
19466	128 
19467	159 
19468	474 
19469	25 
19470	852 
19471	701 
19472	392 
19473	932 
19474	819 
19475	467 
19476	763 
19477	689 
19478	42 
19479	478 
19480	374 
19481	311 
19482	391 
19483	96 
19484	832 
19485	901 
19486	158 
19487	466 
19488	95 
19489	101 
19490	243 
19491	695 
19492	37 
19493	574 
19494	268 
19495	163 
19496	334 
19497	704 
19498	506 
19499	748 
19500	678 
19501	447 
19502	32 
19503	893 
19504	944 
19505	124 
19506	892 
19507	813 
19508	563 
19509	495 
19510	793 
19511	903 
19512	3 
19513	829 
19514	681 
19515	870 
19516	685 
19517	550 
19518	286 
19519	900 
19520	463 
19521	409 
19522	154 
19523	264 
19524	112 
19525	608 
19526	922 
19527	127 
19528	450 
19529	529 
19530	292 
19531	840 
19532	923 
19533	606 
19534	887 
19535	163 
19536	901 
19537	676 
19538	889 
19539	189 
19540	730 
19541	592 
19542	557 
19543	643 
19544	803 
19545	133 
19546	497 
19547	568 
19548	528 
19549	526 
19550	247 
19551	105 
19552	780 
19553	148 
19554	849 
19555	171 
19556	152 
19557	96 
19558	836 
19559	797 
19560	884 
19561	392 
19562	812 
19563	503 
19564	733 
19565	290 
19566	216 
19567	77 
19568	889 
19569	780 
19570	526 
19571	372 
19572	930 
19573	615 
19574	673 
19575	935 
19576	509 
19577	769 
19578	315 
19579	616 
19580	587 
19581	444 
19582	175 
19583	562 
19584	724 
19585	186 
19586	141 
19587	887 
19588	15 
19589	704 
19590	804 
19591	112 
19592	239 
19593	833 
19594	158 
19595	825 
19596	352 
19597	542 
19598	79 
19599	542 
19600	678 
19601	455 
19602	692 
19603	880 
19604	84 
19605	445 
19606	820 
19607	675 
19608	70 
19609	410 
19610	327 
19611	67 
19612	560 
19613	157 
19614	396 
19615	836 
19616	936 
19617	266 
19618	868 
19619	937 
19620	541 
19621	488 
19622	225 
19623	3 
19624	826 
19625	340 
19626	924 
19627	754 
19628	122 
19629	802 
19630	279 
19631	447 
19632	824 
19633	279 
19634	242 
19635	884 
19636	880 
19637	108 
19638	59 
19639	596 
19640	869 
19641	875 
19642	418 
19643	263 
19644	284 
19645	128 
19646	659 
19647	134 
19648	242 
19649	596 
19650	623 
19651	16 
19652	475 
19653	149 
19654	191 
19655	304 
19656	924 
19657	158 
19658	759 
19659	279 
19660	99 
19661	385 
19662	257 
19663	763 
19664	411 
19665	426 
19666	169 
19667	566 
19668	265 
19669	510 
19670	927 
19671	19 
19672	16 
19673	859 
19674	695 
19675	239 
19676	504 
19677	835 
19678	488 
19679	455 
19680	147 
19681	412 
19682	377 
19683	575 
19684	731 
19685	164 
19686	820 
19687	24 
19688	720 
19689	763 
19690	365 
19691	476 
19692	158 
19693	787 
19694	628 
19695	678 
19696	839 
19697	922 
19698	306 
19699	319 
19700	511 
19701	803 
19702	357 
19703	452 
19704	775 
19705	597 
19706	599 
19707	430 
19708	225 
19709	218 
19710	704 
19711	560 
19712	506 
19713	903 
19714	638 
19715	404 
19716	72 
19717	74 
19718	193 
19719	915 
19720	730 
19721	72 
19722	455 
19723	257 
19724	78 
19725	818 
19726	875 
19727	194 
19728	265 
19729	21 
19730	792 
19731	221 
19732	183 
19733	149 
19734	725 
19735	814 
19736	32 
19737	115 
19738	735 
19739	900 
19740	292 
19741	678 
19742	612 
19743	690 
19744	56 
19745	488 
19746	628 
19747	629 
19748	640 
19749	457 
19750	562 
19751	422 
19752	805 
19753	412 
19754	837 
19755	144 
19756	888 
19757	757 
19758	592 
19759	921 
19760	132 
19761	255 
19762	128 
19763	406 
19764	361 
19765	283 
19766	643 
19767	430 
19768	561 
19769	886 
19770	452 
19771	187 
19772	646 
19773	599 
19774	732 
19775	527 
19776	474 
19777	597 
19778	503 
19779	839 
19780	161 
19781	551 
19782	221 
19783	668 
19784	77 
19785	164 
19786	372 
19787	391 
19788	713 
19789	541 
19790	918 
19791	561 
19792	663 
19793	792 
19794	226 
19795	688 
19796	278 
19797	932 
19798	488 
19799	160 
19800	405 
19801	70 
19802	226 
19803	614 
19804	392 
19805	702 
19806	767 
19807	66 
19808	379 
19809	419 
19810	374 
19811	928 
19812	466 
19813	81 
19814	450 
19815	909 
19816	356 
19817	725 
19818	401 
19819	924 
19820	313 
19821	467 
19822	193 
19823	626 
19824	48 
19825	813 
19826	661 
19827	70 
19828	924 
19829	399 
19830	847 
19831	157 
19832	373 
19833	224 
19834	624 
19835	475 
19836	216 
19837	327 
19838	198 
19839	659 
19840	229 
19841	158 
19842	260 
19843	628 
19844	128 
19845	668 
19846	596 
19847	419 
19848	419 
19849	509 
19850	924 
19851	880 
19852	511 
19853	745 
19854	50 
19855	1 
19856	922 
19857	395 
19858	542 
19859	568 
19860	580 
19861	406 
19862	306 
19863	511 
19864	777 
19865	523 
19866	281 
19867	747 
19868	480 
19869	884 
19870	171 
19871	159 
19872	596 
19873	777 
19874	939 
19875	132 
19876	849 
19877	884 
19878	321 
19879	569 
19880	129 
19881	11 
19882	275 
19883	573 
19884	649 
19885	482 
19886	788 
19887	359 
19888	607 
19889	92 
19890	924 
19891	944 
19892	532 
19893	233 
19894	510 
19895	49 
19896	705 
19897	488 
19898	70 
19899	631 
19900	518 
19901	242 
19902	555 
19903	814 
19904	735 
19905	865 
19906	61 
19907	353 
19908	529 
19909	815 
19910	15 
19911	121 
19912	404 
19913	213 
19914	242 
19915	842 
19916	10 
19917	376 
19918	528 
19919	229 
19920	757 
19921	359 
19922	863 
19923	601 
19924	409 
19925	169 
19926	76 
19927	408 
19928	938 
19929	354 
19930	172 
19931	887 
19932	368 
19933	886 
19934	213 
19935	437 
19936	825 
19937	767 
19938	696 
19939	79 
19940	943 
19941	30 
19942	156 
19943	781 
19944	37 
19945	238 
19946	79 
19947	923 
19948	557 
19949	639 
19950	15 
19951	732 
19952	646 
19953	511 
19954	636 
19955	246 
19956	472 
19957	459 
19958	127 
19959	279 
19960	597 
19961	748 
19962	533 
19963	141 
19964	533 
19965	834 
19966	546 
19967	518 
19968	875 
19969	312 
19970	207 
19971	96 
19972	511 
19973	754 
19974	718 
19975	396 
19976	350 
19977	9 
19978	225 
19979	642 
19980	499 
19981	791 
19982	12 
19983	80 
19984	403 
19985	526 
19986	466 
19987	92 
19988	185 
19989	140 
19990	579 
19991	901 
19992	745 
19993	130 
19994	361 
19995	623 
19996	777 
19997	163 
19998	607 
19999	863 
20000	133 
20001	291 
20002	590 
20003	610 
20004	628 
20005	328 
20006	518 
20007	124 
20008	53 
20009	809 
20010	72 
20011	346 
20012	393 
20013	67 
20014	80 
20015	663 
20016	770 
20017	555 
20018	849 
20019	607 
20020	804 
20021	548 
20022	29 
20023	123 
20024	475 
20025	391 
20026	77 
20027	635 
20028	359 
20029	494 
20030	943 
20031	459 
20032	713 
20033	289 
20034	293 
20035	5 
20036	560 
20037	531 
20038	392 
20039	938 
20040	803 
20041	943 
20042	646 
20043	312 
20044	258 
20045	465 
20046	803 
20047	17 
20048	597 
20049	575 
20050	516 
20051	68 
20052	881 
20053	450 
20054	486 
20055	645 
20056	706 
20057	281 
20058	837 
20059	661 
20060	361 
20061	202 
20062	753 
20063	266 
20064	162 
20065	907 
20066	219 
20067	356 
20068	695 
20069	478 
20070	476 
20071	323 
20072	459 
20073	471 
20074	122 
20075	210 
20076	725 
20077	160 
20078	121 
20079	331 
20080	483 
20081	298 
20082	869 
20083	455 
20084	257 
20085	915 
20086	374 
20087	226 
20088	832 
20089	76 
20090	147 
20091	852 
20092	920 
20093	130 
20094	285 
20095	813 
20096	224 
20097	323 
20098	263 
20099	569 
20100	833 
20101	478 
20102	11 
20103	825 
20104	819 
20105	628 
20106	508 
20107	925 
20108	607 
20109	549 
20110	44 
20111	11 
20112	780 
20113	230 
20114	256 
20115	761 
20116	101 
20117	623 
20118	263 
20119	642 
20120	373 
20121	119 
20122	644 
20123	799 
20124	384 
20125	924 
20126	542 
20127	108 
20128	172 
20129	459 
20130	220 
20131	347 
20132	568 
20133	279 
20134	518 
20135	914 
20136	691 
20137	557 
20138	25 
20139	509 
20140	202 
20141	886 
20142	677 
20143	258 
20144	596 
20145	590 
20146	723 
20147	623 
20148	651 
20149	11 
20150	731 
20151	163 
20152	341 
20153	373 
20154	681 
20155	227 
20156	938 
20157	869 
20158	792 
20159	35 
20160	610 
20161	644 
20162	138 
20163	805 
20164	692 
20165	29 
20166	134 
20167	513 
20168	763 
20169	513 
20170	361 
20171	596 
20172	822 
20173	578 
20174	837 
20175	884 
20176	120 
20177	560 
20178	603 
20179	377 
20180	865 
20181	127 
20182	18 
20183	563 
20184	504 
20185	350 
20186	733 
20187	493 
20188	346 
20189	290 
20190	743 
20191	887 
20192	89 
20193	660 
20194	566 
20195	468 
20196	762 
20197	562 
20198	89 
20199	279 
20200	368 
20201	914 
20202	913 
20203	300 
20204	880 
20205	635 
20206	438 
20207	374 
20208	402 
20209	770 
20210	610 
20211	610 
20212	536 
20213	56 
20214	938 
20215	52 
20216	668 
20217	246 
20218	302 
20219	459 
20220	361 
20221	157 
20222	24 
20223	208 
20224	358 
20225	356 
20226	377 
20227	396 
20228	562 
20229	63 
20230	541 
20231	812 
20232	904 
20233	713 
20234	811 
20235	922 
20236	75 
20237	139 
20238	115 
20239	340 
20240	15 
20241	537 
20242	635 
20243	718 
20244	363 
20245	690 
20246	762 
20247	285 
20248	743 
20249	518 
20250	427 
20251	717 
20252	352 
20253	287 
20254	138 
20255	776 
20256	181 
20257	745 
20258	410 
20259	34 
20260	900 
20261	14 
20262	164 
20263	69 
20264	721 
20265	891 
20266	659 
20267	911 
20268	614 
20269	231 
20270	455 
20271	476 
20272	491 
20273	859 
20274	437 
20275	295 
20276	31 
20277	610 
20278	754 
20279	201 
20280	240 
20281	812 
20282	324 
20283	377 
20284	747 
20285	364 
20286	472 
20287	176 
20288	920 
20289	77 
20290	417 
20291	759 
20292	745 
20293	285 
20294	472 
20295	779 
20296	17 
20297	482 
20298	224 
20299	348 
20300	636 
20301	381 
20302	218 
20303	702 
20304	183 
20305	219 
20306	410 
20307	43 
20308	134 
20309	825 
20310	19 
20311	77 
20312	193 
20313	880 
20314	656 
20315	264 
20316	560 
20317	60 
20318	72 
20319	909 
20320	102 
20321	839 
20322	172 
20323	280 
20324	327 
20325	112 
20326	206 
20327	363 
20328	45 
20329	87 
20330	606 
20331	13 
20332	342 
20333	620 
20334	377 
20335	521 
20336	806 
20337	154 
20338	558 
20339	263 
20340	527 
20341	415 
20342	618 
20343	618 
20344	566 
20345	511 
20346	218 
20347	225 
20348	550 
20349	29 
20350	491 
20351	904 
20352	760 
20353	123 
20354	529 
20355	683 
20356	142 
20357	780 
20358	817 
20359	263 
20360	872 
20361	374 
20362	203 
20363	392 
20364	45 
20365	922 
20366	562 
20367	1 
20368	53 
20369	272 
20370	937 
20371	402 
20372	915 
20373	739 
20374	750 
20375	890 
20376	298 
20377	194 
20378	816 
20379	719 
20380	263 
20381	775 
20382	872 
20383	483 
20384	596 
20385	204 
20386	108 
20387	359 
20388	355 
20389	78 
20390	56 
20391	219 
20392	285 
20393	372 
20394	724 
20395	834 
20396	356 
20397	3 
20398	504 
20399	677 
20400	468 
20401	49 
20402	313 
20403	319 
20404	163 
20405	901 
20406	139 
20407	757 
20408	908 
20409	358 
20410	117 
20411	825 
20412	82 
20413	531 
20414	848 
20415	941 
20416	905 
20417	44 
20418	199 
20419	227 
20420	432 
20421	834 
20422	48 
20423	48 
20424	782 
20425	255 
20426	740 
20427	208 
20428	209 
20429	603 
20430	772 
20431	683 
20432	406 
20433	302 
20434	342 
20435	24 
20436	193 
20437	805 
20438	376 
20439	893 
20440	146 
20441	746 
20442	849 
20443	366 
20444	599 
20445	848 
20446	333 
20447	17 
20448	725 
20449	83 
20450	812 
20451	939 
20452	715 
20453	49 
20454	387 
20455	640 
20456	385 
20457	704 
20458	279 
20459	944 
20460	614 
20461	704 
20462	172 
20463	147 
20464	17 
20465	819 
20466	629 
20467	276 
20468	156 
20469	575 
20470	763 
20471	124 
20472	374 
20473	693 
20474	35 
20475	290 
20476	356 
20477	920 
20478	222 
20479	932 
20480	797 
20481	281 
20482	377 
20483	915 
20484	441 
20485	412 
20486	906 
20487	377 
20488	10 
20489	242 
20490	702 
20491	743 
20492	596 
20493	75 
20494	199 
20495	173 
20496	504 
20497	121 
20498	878 
20499	927 
20500	780 
20501	384 
20502	692 
20503	206 
20504	849 
20505	757 
20506	34 
20507	762 
20508	475 
20509	731 
20510	552 
20511	536 
20512	315 
20513	24 
20514	157 
20515	542 
20516	202 
20517	163 
20518	359 
20519	276 
20520	457 
20521	849 
20522	177 
20523	3 
20524	148 
20525	67 
20526	248 
20527	660 
20528	850 
20529	621 
20530	5 
20531	679 
20532	466 
20533	401 
20534	45 
20535	543 
20536	183 
20537	652 
20538	43 
20539	356 
20540	522 
20541	467 
20542	5 
20543	433 
20544	757 
20545	180 
20546	944 
20547	43 
20548	706 
20549	553 
20550	79 
20551	581 
20552	149 
20553	61 
20554	770 
20555	911 
20556	94 
20557	123 
20558	330 
20559	889 
20560	748 
20561	367 
20562	661 
20563	516 
20564	740 
20565	469 
20566	635 
20567	396 
20568	610 
20569	488 
20570	157 
20571	829 
20572	936 
20573	825 
20574	536 
20575	312 
20576	167 
20577	72 
20578	825 
20579	699 
20580	384 
20581	389 
20582	99 
20583	762 
20584	319 
20585	408 
20586	639 
20587	99 
20588	562 
20589	331 
20590	701 
20591	841 
20592	132 
20593	34 
20594	30 
20595	656 
20596	640 
20597	293 
20598	393 
20599	449 
20600	402 
20601	283 
20602	211 
20603	97 
20604	148 
20605	417 
20606	19 
20607	1 
20608	50 
20609	226 
20610	153 
20611	361 
20612	740 
20613	326 
20614	227 
20615	603 
20616	936 
20617	596 
20618	598 
20619	610 
20620	748 
20621	543 
20622	756 
20623	426 
20624	560 
20625	607 
20626	590 
20627	331 
20628	191 
20629	262 
20630	158 
20631	378 
20632	656 
20633	191 
20634	835 
20635	130 
20636	475 
20637	149 
20638	262 
20639	324 
20640	211 
20641	391 
20642	859 
20643	718 
20644	213 
20645	560 
20646	543 
20647	646 
20648	770 
20649	451 
20650	223 
20651	888 
20652	578 
20653	227 
20654	920 
20655	617 
20656	888 
20657	453 
20658	145 
20659	290 
20660	829 
20661	528 
20662	693 
20663	839 
20664	213 
20665	117 
20666	552 
20667	238 
20668	825 
20669	471 
20670	244 
20671	224 
20672	936 
20673	746 
20674	805 
20675	844 
20676	892 
20677	667 
20678	230 
20679	437 
20680	139 
20681	15 
20682	145 
20683	843 
20684	618 
20685	211 
20686	463 
20687	343 
20688	759 
20689	793 
20690	613 
20691	432 
20692	290 
20693	132 
20694	427 
20695	743 
20696	374 
20697	215 
20698	353 
20699	64 
20700	35 
20701	16 
20702	568 
20703	541 
20704	571 
20705	224 
20706	68 
20707	285 
20708	83 
20709	865 
20710	124 
20711	865 
20712	192 
20713	535 
20714	935 
20715	292 
20716	44 
20717	557 
20718	527 
20719	712 
20720	934 
20721	227 
20722	199 
20723	438 
20724	96 
20725	35 
20726	359 
20727	936 
20728	109 
20729	340 
20730	646 
20731	933 
20732	22 
20733	927 
20734	298 
20735	374 
20736	939 
20737	668 
20738	643 
20739	295 
20740	49 
20741	292 
20742	250 
20743	459 
20744	180 
20745	106 
20746	288 
20747	491 
20748	540 
20749	542 
20750	506 
20751	50 
20752	64 
20753	536 
20754	740 
20755	343 
20756	319 
20757	255 
20758	170 
20759	24 
20760	62 
20761	714 
20762	199 
20763	116 
20764	368 
20765	644 
20766	676 
20767	613 
20768	172 
20769	134 
20770	77 
20771	269 
20772	930 
20773	847 
20774	527 
20775	762 
20776	494 
20777	159 
20778	186 
20779	875 
20780	621 
20781	128 
20782	835 
20783	492 
20784	277 
20785	901 
20786	51 
20787	516 
20788	35 
20789	676 
20790	692 
20791	938 
20792	884 
20793	364 
20794	425 
20795	140 
20796	525 
20797	917 
20798	221 
20799	588 
20800	440 
20801	884 
20802	678 
20803	350 
20804	898 
20805	825 
20806	884 
20807	560 
20808	210 
20809	97 
20810	548 
20811	64 
20812	656 
20813	676 
20814	825 
20815	878 
20816	276 
20817	676 
20818	807 
20819	815 
20820	781 
20821	541 
20822	597 
20823	269 
20824	292 
20825	911 
20826	754 
20827	488 
20828	166 
20829	748 
20830	463 
20831	941 
20832	340 
20833	167 
20834	628 
20835	401 
20836	636 
20837	670 
20838	236 
20839	471 
20840	157 
20841	99 
20842	820 
20843	673 
20844	859 
20845	652 
20846	435 
20847	319 
20848	511 
20849	147 
20850	886 
20851	285 
20852	311 
20853	403 
20854	313 
20855	659 
20856	898 
20857	670 
20858	642 
20859	704 
20860	5 
20861	367 
20862	835 
20863	80 
20864	345 
20865	512 
20866	445 
20867	865 
20868	276 
20869	550 
20870	126 
20871	909 
20872	529 
20873	262 
20874	636 
20875	239 
20876	450 
20877	911 
20878	531 
20879	10 
20880	529 
20881	51 
20882	248 
20883	77 
20884	265 
20885	330 
20886	1 
20887	678 
20888	660 
20889	177 
20890	10 
20891	84 
20892	938 
20893	527 
20894	932 
20895	324 
20896	819 
20897	343 
20898	629 
20899	943 
20900	482 
20901	399 
20902	661 
20903	603 
20904	522 
20905	677 
20906	122 
20907	234 
20908	353 
20909	100 
20910	691 
20911	692 
20912	907 
20913	346 
20914	127 
20915	24 
20916	764 
20917	571 
20918	730 
20919	521 
20920	932 
20921	173 
20922	598 
20923	925 
20924	213 
20925	40 
20926	895 
20927	463 
20928	149 
20929	875 
20930	368 
20931	927 
20932	724 
20933	531 
20934	897 
20935	387 
20936	51 
20937	474 
20938	210 
20939	740 
20940	377 
20941	787 
20942	814 
20943	375 
20944	387 
20945	623 
20946	643 
20947	455 
20948	571 
20949	78 
20950	605 
20951	886 
20952	832 
20953	308 
20954	229 
20955	441 
20956	780 
20957	259 
20958	518 
20959	637 
20960	643 
20961	814 
20962	10 
20963	891 
20964	776 
20965	405 
20966	133 
20967	10 
20968	811 
20969	809 
20970	358 
20971	568 
20972	696 
20973	838 
20974	112 
20975	720 
20976	550 
20977	164 
20978	415 
20979	409 
20980	770 
20981	640 
20982	392 
20983	683 
20984	288 
20985	719 
20986	628 
20987	63 
20988	849 
20989	121 
20990	241 
20991	313 
20992	291 
20993	45 
20994	809 
20995	740 
20996	283 
20997	668 
20998	732 
20999	532 
21000	636 
21001	616 
21002	943 
21003	164 
21004	391 
21005	48 
21006	804 
21007	163 
21008	847 
21009	555 
21010	691 
21011	754 
21012	660 
21013	390 
21014	412 
21015	925 
21016	224 
21017	760 
21018	390 
21019	569 
21020	529 
21021	430 
21022	820 
21023	159 
21024	598 
21025	851 
21026	290 
21027	720 
21028	449 
21029	130 
21030	332 
21031	475 
21032	745 
21033	878 
21034	305 
21035	127 
21036	224 
21037	332 
21038	354 
21039	330 
21040	443 
21041	504 
21042	719 
21043	71 
21044	410 
21045	780 
21046	735 
21047	767 
21048	304 
21049	58 
21050	793 
21051	587 
21052	650 
21053	121 
21054	735 
21055	843 
21056	701 
21057	757 
21058	326 
21059	743 
21060	359 
21061	878 
21062	483 
21063	788 
21064	547 
21065	842 
21066	455 
21067	132 
21068	587 
21069	824 
21070	170 
21071	159 
21072	939 
21073	81 
21074	592 
21075	628 
21076	50 
21077	321 
21078	408 
21079	704 
21080	70 
21081	410 
21082	520 
21083	603 
21084	74 
21085	67 
21086	575 
21087	754 
21088	287 
21089	494 
21090	737 
21091	283 
21092	285 
21093	726 
21094	640 
21095	70 
21096	50 
21097	264 
21098	158 
21099	194 
21100	825 
21101	401 
21102	290 
21103	408 
21104	44 
21105	290 
21106	848 
21107	11 
21108	358 
21109	603 
21110	32 
21111	84 
21112	867 
21113	225 
21114	5 
21115	127 
21116	618 
21117	835 
21118	683 
21119	799 
21120	175 
21121	111 
21122	218 
21123	911 
21124	354 
21125	160 
21126	695 
21127	820 
21128	820 
21129	731 
21130	60 
21131	813 
21132	868 
21133	312 
21134	353 
21135	522 
21136	731 
21137	614 
21138	154 
21139	935 
21140	221 
21141	870 
21142	277 
21143	714 
21144	72 
21145	370 
21146	597 
21147	437 
21148	494 
21149	691 
21150	407 
21151	642 
21152	226 
21153	552 
21154	631 
21155	666 
21156	451 
21157	359 
21158	188 
21159	630 
21160	341 
21161	783 
21162	793 
21163	164 
21164	805 
21165	410 
21166	571 
21167	338 
21168	312 
21169	59 
21170	704 
21171	531 
21172	451 
21173	777 
21174	494 
21175	229 
21176	204 
21177	512 
21178	258 
21179	914 
21180	392 
21181	562 
21182	234 
21183	205 
21184	748 
21185	134 
21186	566 
21187	720 
21188	21 
21189	711 
21190	96 
21191	748 
21192	651 
21193	342 
21194	528 
21195	747 
21196	43 
21197	254 
21198	141 
21199	331 
21200	663 
21201	67 
21202	87 
21203	839 
21204	748 
21205	49 
21206	220 
21207	780 
21208	754 
21209	739 
21210	936 
21211	856 
21212	214 
21213	54 
21214	572 
21215	554 
21216	668 
21217	253 
21218	661 
21219	43 
21220	60 
21221	825 
21222	844 
21223	575 
21224	735 
21225	888 
21226	181 
21227	223 
21228	42 
21229	678 
21230	12 
21231	859 
21232	667 
21233	597 
21234	624 
21235	839 
21236	67 
21237	124 
21238	482 
21239	759 
21240	692 
21241	570 
21242	859 
21243	342 
21244	392 
21245	812 
21246	225 
21247	210 
21248	634 
21249	506 
21250	739 
21251	33 
21252	776 
21253	730 
21254	88 
21255	3 
21256	129 
21257	116 
21258	775 
21259	610 
21260	242 
21261	612 
21262	248 
21263	19 
21264	909 
21265	196 
21266	867 
21267	286 
21268	801 
21269	410 
21270	778 
21271	391 
21272	779 
21273	667 
21274	760 
21275	659 
21276	636 
21277	587 
21278	154 
21279	847 
21280	717 
21281	435 
21282	50 
21283	887 
21284	306 
21285	550 
21286	646 
21287	605 
21288	299 
21289	222 
21290	568 
21291	550 
21292	884 
21293	884 
21294	167 
21295	786 
21296	836 
21297	169 
21298	349 
21299	306 
21300	127 
21301	597 
21302	236 
21303	12 
21304	591 
21305	731 
21306	229 
21307	676 
21308	70 
21309	224 
21310	798 
21311	731 
21312	396 
21313	69 
21314	788 
21315	660 
21316	581 
21317	374 
21318	902 
21319	75 
21320	711 
21321	194 
21322	893 
21323	691 
21324	126 
21325	247 
21326	13 
21327	291 
21328	244 
21329	844 
21330	642 
21331	77 
21332	855 
21333	504 
21334	491 
21335	183 
21336	807 
21337	797 
21338	108 
21339	281 
21340	77 
21341	936 
21342	331 
21343	708 
21344	363 
21345	344 
21346	702 
21347	781 
21348	449 
21349	90 
21350	687 
21351	269 
21352	645 
21353	405 
21354	459 
21355	633 
21356	511 
21357	704 
21358	607 
21359	767 
21360	786 
21361	864 
21362	443 
21363	811 
21364	832 
21365	205 
21366	269 
21367	802 
21368	157 
21369	213 
21370	566 
21371	142 
21372	581 
21373	102 
21374	48 
21375	911 
21376	457 
21377	661 
21378	124 
21379	96 
21380	494 
21381	849 
21382	1 
21383	100 
21384	88 
21385	409 
21386	668 
21387	597 
21388	745 
21389	715 
21390	269 
21391	851 
21392	812 
21393	263 
21394	111 
21395	497 
21396	633 
21397	374 
21398	829 
21399	924 
21400	521 
21401	836 
21402	340 
21403	83 
21404	24 
21405	315 
21406	725 
21407	291 
21408	922 
21409	792 
21410	471 
21411	768 
21412	851 
21413	776 
21414	77 
21415	132 
21416	43 
21417	159 
21418	922 
21419	757 
21420	21 
21421	162 
21422	430 
21423	280 
21424	180 
21425	562 
21426	158 
21427	372 
21428	725 
21429	455 
21430	410 
21431	578 
21432	787 
21433	34 
21434	300 
21435	457 
21436	891 
21437	75 
21438	872 
21439	353 
21440	675 
21441	99 
21442	559 
21443	884 
21444	663 
21445	678 
21446	659 
21447	924 
21448	211 
21449	598 
21450	37 
21451	497 
21452	287 
21453	124 
21454	101 
21455	254 
21456	164 
21457	681 
21458	623 
21459	286 
21460	24 
21461	737 
21462	127 
21463	835 
21464	127 
21465	266 
21466	402 
21467	786 
21468	836 
21469	607 
21470	454 
21471	123 
21472	701 
21473	289 
21474	225 
21475	189 
21476	116 
21477	342 
21478	797 
21479	365 
21480	283 
21481	870 
21482	50 
21483	159 
21484	343 
21485	384 
21486	63 
21487	509 
21488	723 
21489	642 
21490	377 
21491	373 
21492	401 
21493	276 
21494	374 
21495	1 
21496	220 
21497	62 
21498	780 
21499	251 
21500	675 
21501	485 
21502	139 
21503	96 
21504	343 
21505	902 
21506	743 
21507	607 
21508	874 
21509	793 
21510	922 
21511	683 
21512	887 
21513	65 
21514	333 
21515	891 
21516	359 
21517	922 
21518	541 
21519	315 
21520	811 
21521	532 
21522	922 
21523	584 
21524	509 
21525	342 
21526	482 
21527	730 
21528	230 
21529	911 
21530	673 
21531	84 
21532	21 
21533	778 
21534	819 
21535	74 
21536	813 
21537	852 
21538	819 
21539	304 
21540	340 
21541	748 
21542	607 
21543	928 
21544	832 
21545	338 
21546	760 
21547	509 
21548	374 
21549	29 
21550	174 
21551	570 
21552	812 
21553	27 
21554	481 
21555	590 
21556	667 
21557	886 
21558	405 
21559	628 
21560	535 
21561	109 
21562	546 
21563	412 
21564	343 
21565	227 
21566	607 
21567	704 
21568	132 
21569	654 
21570	731 
21571	839 
21572	835 
21573	471 
21574	343 
21575	750 
21576	900 
21577	757 
21578	835 
21579	353 
21580	542 
21581	789 
21582	718 
21583	780 
21584	474 
21585	504 
21586	636 
21587	506 
21588	791 
21589	427 
21590	129 
21591	832 
21592	705 
21593	789 
21594	26 
21595	936 
21596	493 
21597	534 
21598	60 
21599	708 
21600	836 
21601	693 
21602	285 
21603	2 
21604	901 
21605	25 
21606	473 
21607	245 
21608	473 
21609	116 
21610	511 
21611	234 
21612	144 
21613	944 
21614	626 
21615	677 
21616	441 
21617	513 
21618	365 
21619	659 
21620	506 
21621	497 
21622	467 
21623	554 
21624	103 
21625	417 
21626	230 
21627	607 
21628	292 
21629	175 
21630	341 
21631	130 
21632	829 
21633	659 
21634	550 
21635	511 
21636	882 
21637	86 
21638	319 
21639	359 
21640	217 
21641	105 
21642	944 
21643	315 
21644	65 
21645	725 
21646	938 
21647	193 
21648	775 
21649	247 
21650	739 
21651	431 
21652	587 
21653	279 
21654	379 
21655	646 
21656	682 
21657	471 
21658	490 
21659	847 
21660	551 
21661	633 
21662	692 
21663	352 
21664	537 
21665	787 
21666	696 
21667	80 
21668	759 
21669	729 
21670	359 
21671	687 
21672	349 
21673	232 
21674	754 
21675	51 
21676	838 
21677	35 
21678	286 
21679	664 
21680	552 
21681	618 
21682	667 
21683	603 
21684	890 
21685	578 
21686	849 
21687	730 
21688	64 
21689	938 
21690	534 
21691	754 
21692	64 
21693	368 
21694	216 
21695	824 
21696	592 
21697	45 
21698	384 
21699	834 
21700	748 
21701	804 
21702	646 
21703	264 
21704	903 
21705	283 
21706	52 
21707	166 
21708	410 
21709	266 
21710	691 
21711	837 
21712	132 
21713	237 
21714	740 
21715	159 
21716	788 
21717	198 
21718	471 
21719	134 
21720	426 
21721	752 
21722	548 
21723	304 
21724	293 
21725	742 
21726	74 
21727	808 
21728	485 
21729	77 
21730	939 
21731	746 
21732	568 
21733	713 
21734	426 
21735	914 
21736	822 
21737	718 
21738	81 
21739	138 
21740	491 
21741	743 
21742	241 
21743	695 
21744	6 
21745	470 
21746	646 
21747	50 
21748	32 
21749	542 
21750	712 
21751	53 
21752	250 
21753	332 
21754	610 
21755	649 
21756	103 
21757	610 
21758	677 
21759	549 
21760	938 
21761	191 
21762	366 
21763	96 
21764	658 
21765	628 
21766	730 
21767	125 
21768	438 
21769	3 
21770	198 
21771	721 
21772	504 
21773	197 
21774	536 
21775	646 
21776	675 
21777	884 
21778	352 
21779	553 
21780	275 
21781	928 
21782	935 
21783	425 
21784	122 
21785	132 
21786	376 
21787	811 
21788	34 
21789	322 
21790	526 
21791	455 
21792	354 
21793	547 
21794	343 
21795	59 
21796	403 
21797	45 
21798	819 
21799	630 
21800	747 
21801	486 
21802	712 
21803	835 
21804	475 
21805	471 
21806	209 
21807	767 
21808	544 
21809	922 
21810	603 
21811	42 
21812	48 
21813	563 
21814	578 
21815	451 
21816	867 
21817	742 
21818	581 
21819	793 
21820	878 
21821	474 
21822	210 
21823	158 
21824	180 
21825	730 
21826	39 
21827	675 
21828	84 
21829	441 
21830	12 
21831	471 
21832	717 
21833	26 
21834	214 
21835	933 
21836	90 
21837	668 
21838	276 
21839	423 
21840	463 
21841	67 
21842	658 
21843	864 
21844	545 
21845	578 
21846	154 
21847	406 
21848	923 
21849	329 
21850	387 
21851	640 
21852	863 
21853	659 
21854	835 
21855	420 
21856	684 
21857	936 
21858	931 
21859	92 
21860	441 
21861	903 
21862	263 
21863	382 
21864	441 
21865	772 
21866	558 
21867	208 
21868	277 
21869	361 
21870	491 
21871	599 
21872	599 
21873	766 
21874	14 
21875	262 
21876	438 
21877	656 
21878	320 
21879	390 
21880	884 
21881	882 
21882	635 
21883	457 
21884	677 
21885	154 
21886	12 
21887	1 
21888	730 
21889	312 
21890	715 
21891	83 
21892	897 
21893	356 
21894	327 
21895	889 
21896	239 
21897	186 
21898	815 
21899	478 
21900	450 
21901	743 
21902	587 
21903	775 
21904	483 
21905	660 
21906	793 
21907	402 
21908	837 
21909	106 
21910	560 
21911	151 
21912	271 
21913	843 
21914	941 
21915	852 
21916	911 
21917	778 
21918	640 
21919	849 
21920	391 
21921	584 
21922	597 
21923	786 
21924	757 
21925	813 
21926	124 
21927	486 
21928	357 
21929	629 
21930	111 
21931	512 
21932	283 
21933	735 
21934	124 
21935	939 
21936	535 
21937	550 
21938	528 
21939	586 
21940	251 
21941	248 
21942	504 
21943	628 
21944	328 
21945	377 
21946	287 
21947	457 
21948	913 
21949	660 
21950	759 
21951	932 
21952	255 
21953	333 
21954	58 
21955	585 
21956	410 
21957	774 
21958	175 
21959	248 
21960	527 
21961	457 
21962	668 
21963	900 
21964	209 
21965	835 
21966	610 
21967	786 
21968	780 
21969	628 
21970	568 
21971	544 
21972	820 
21973	279 
21974	802 
21975	248 
21976	255 
21977	384 
21978	629 
21979	559 
21980	461 
21981	133 
21982	155 
21983	419 
21984	435 
21985	803 
21986	761 
21987	550 
21988	696 
21989	521 
21990	37 
21991	286 
21992	623 
21993	129 
21994	524 
21995	262 
21996	121 
21997	924 
21998	551 
21999	759 
22000	848 
22001	229 
22002	591 
22003	834 
22004	612 
22005	933 
22006	786 
22007	548 
22008	880 
22009	365 
22010	702 
22011	21 
22012	932 
22013	230 
22014	603 
22015	408 
22016	134 
22017	623 
22018	435 
22019	359 
22020	451 
22021	207 
22022	843 
22023	242 
22024	191 
22025	475 
22026	656 
22027	331 
22028	262 
22029	376 
22030	401 
22031	922 
22032	221 
22033	613 
22034	196 
22035	217 
22036	913 
22037	266 
22038	225 
22039	354 
22040	155 
22041	230 
22042	551 
22043	142 
22044	611 
22045	410 
22046	417 
22047	18 
22048	66 
22049	412 
22050	122 
22051	392 
22052	283 
22053	914 
22054	388 
22055	935 
22056	693 
22057	623 
22058	944 
22059	672 
22060	262 
22061	889 
22062	935 
22063	277 
22064	67 
22065	824 
22066	806 
22067	437 
22068	763 
22069	656 
22070	170 
22071	906 
22072	248 
22073	543 
22074	511 
22075	836 
22076	229 
22077	207 
22078	86 
22079	790 
22080	613 
22081	676 
22082	805 
22083	463 
22084	542 
22085	220 
22086	140 
22087	757 
22088	640 
22089	139 
22090	702 
22091	841 
22092	718 
22093	152 
22094	719 
22095	83 
22096	244 
22097	227 
22098	630 
22099	535 
22100	804 
22101	814 
22102	121 
22103	601 
22104	865 
22105	292 
22106	285 
22107	132 
22108	746 
22109	596 
22110	777 
22111	342 
22112	762 
22113	785 
22114	19 
22115	247 
22116	859 
22117	745 
22118	616 
22119	342 
22120	642 
22121	40 
22122	10 
22123	161 
22124	651 
22125	718 
22126	546 
22127	40 
22128	75 
22129	69 
22130	792 
22131	167 
22132	225 
22133	944 
22134	236 
22135	901 
22136	224 
22137	649 
22138	544 
22139	646 
22140	383 
22141	391 
22142	438 
22143	25 
22144	875 
22145	186 
22146	597 
22147	304 
22148	708 
22149	405 
22150	248 
22151	563 
22152	621 
22153	721 
22154	471 
22155	127 
22156	69 
22157	1 
22158	811 
22159	282 
22160	103 
22161	618 
22162	937 
22163	34 
22164	78 
22165	427 
22166	18 
22167	607 
22168	450 
22169	678 
22170	299 
22171	552 
22172	44 
22173	504 
22174	276 
22175	720 
22176	51 
22177	663 
22178	618 
22179	72 
22180	326 
22181	346 
22182	730 
22183	781 
22184	681 
22185	935 
22186	161 
22187	202 
22188	202 
22189	886 
22190	10 
22191	141 
22192	210 
22193	557 
22194	164 
22195	392 
22196	757 
22197	32 
22198	380 
22199	24 
22200	123 
22201	266 
22202	225 
22203	287 
22204	451 
22205	210 
22206	280 
22207	790 
22208	320 
22209	141 
22210	45 
22211	49 
22212	804 
22213	404 
22214	892 
22215	528 
22216	251 
22217	884 
22218	579 
22219	494 
22220	596 
22221	628 
22222	80 
22223	585 
22224	886 
22225	702 
22226	449 
22227	675 
22228	401 
22229	315 
22230	372 
22231	893 
22232	474 
22233	820 
22234	718 
22235	324 
22236	559 
22237	503 
22238	186 
22239	83 
22240	528 
22241	566 
22242	936 
22243	713 
22244	207 
22245	402 
22246	757 
22247	276 
22248	628 
22249	913 
22250	528 
22251	767 
22252	257 
22253	536 
22254	543 
22255	116 
22256	808 
22257	340 
22258	633 
22259	554 
22260	790 
22261	587 
22262	579 
22263	743 
22264	938 
22265	102 
22266	12 
22267	725 
22268	889 
22269	611 
22270	702 
22271	166 
22272	454 
22273	550 
22274	898 
22275	321 
22276	742 
22277	509 
22278	457 
22279	541 
22280	571 
22281	356 
22282	238 
22283	903 
22284	745 
22285	573 
22286	111 
22287	151 
22288	652 
22289	847 
22290	57 
22291	291 
22292	471 
22293	520 
22294	353 
22295	48 
22296	768 
22297	453 
22298	900 
22299	366 
22300	430 
22301	478 
22302	780 
22303	70 
22304	766 
22305	664 
22306	193 
22307	520 
22308	938 
22309	380 
22310	13 
22311	97 
22312	162 
22313	162 
22314	286 
22315	659 
22316	875 
22317	511 
22318	121 
22319	742 
22320	135 
22321	900 
22322	390 
22323	869 
22324	149 
22325	343 
22326	328 
22327	304 
22328	69 
22329	678 
22330	240 
22331	246 
22332	465 
22333	227 
22334	441 
22335	290 
22336	104 
22337	74 
22338	74 
22339	174 
22340	495 
22341	193 
22342	437 
22343	149 
22344	266 
22345	390 
22346	804 
22347	249 
22348	226 
22349	690 
22350	411 
22351	757 
22352	82 
22353	408 
22354	682 
22355	263 
22356	868 
22357	485 
22358	749 
22359	847 
22360	156 
22361	295 
22362	236 
22363	342 
22364	682 
22365	888 
22366	414 
22367	343 
22368	630 
22369	132 
22370	578 
22371	522 
22372	70 
22373	410 
22374	236 
22375	562 
22376	812 
22377	365 
22378	419 
22379	220 
22380	193 
22381	124 
22382	390 
22383	60 
22384	222 
22385	402 
22386	18 
22387	763 
22388	532 
22389	614 
22390	158 
22391	724 
22392	361 
22393	246 
22394	360 
22395	692 
22396	886 
22397	320 
22398	277 
22399	206 
22400	455 
22401	684 
22402	759 
22403	154 
22404	59 
22405	342 
22406	661 
22407	127 
22408	158 
22409	135 
22410	543 
22411	411 
22412	342 
22413	16 
22414	224 
22415	529 
22416	623 
22417	597 
22418	832 
22419	432 
22420	656 
22421	127 
22422	595 
22423	141 
22424	526 
22425	350 
22426	390 
22427	372 
22428	453 
22429	407 
22430	611 
22431	517 
22432	460 
22433	139 
22434	869 
22435	745 
22436	352 
22437	343 
22438	105 
22439	864 
22440	488 
22441	433 
22442	203 
22443	191 
22444	240 
22445	875 
22446	39 
22447	549 
22448	260 
22449	848 
22450	736 
22451	820 
22452	922 
22453	475 
22454	911 
22455	96 
22456	587 
22457	219 
22458	525 
22459	465 
22460	359 
22461	696 
22462	402 
22463	635 
22464	928 
22465	797 
22466	78 
22467	238 
22468	561 
22469	148 
22470	730 
22471	92 
22472	786 
22473	560 
22474	320 
22475	117 
22476	563 
22477	886 
22478	820 
22479	597 
22480	475 
22481	467 
22482	430 
22483	507 
22484	836 
22485	199 
22486	227 
22487	725 
22488	352 
22489	25 
22490	792 
22491	506 
22492	661 
22493	71 
22494	804 
22495	208 
22496	21 
22497	171 
22498	352 
22499	678 
22500	816 
22501	106 
22502	241 
22503	158 
22504	465 
22505	263 
22506	911 
22507	925 
22508	541 
22509	730 
22510	817 
22511	128 
22512	35 
22513	807 
22514	635 
22515	117 
22516	419 
22517	580 
22518	482 
22519	96 
22520	842 
22521	14 
22522	875 
22523	199 
22524	623 
22525	901 
22526	208 
22527	608 
22528	437 
22529	52 
22530	578 
22531	832 
22532	193 
22533	251 
22534	13 
22535	945 
22536	913 
22537	560 
22538	878 
22539	233 
22540	269 
22541	818 
22542	388 
22543	488 
22544	675 
22545	39 
22546	691 
22547	405 
22548	259 
22549	837 
22550	494 
22551	886 
22552	637 
22553	529 
22554	161 
22555	936 
22556	557 
22557	790 
22558	652 
22559	244 
22560	916 
22561	127 
22562	554 
22563	518 
22564	457 
22565	312 
22566	889 
22567	702 
22568	554 
22569	560 
22570	199 
22571	707 
22572	356 
22573	210 
22574	859 
22575	668 
22576	582 
22577	587 
22578	290 
22579	875 
22580	480 
22581	635 
22582	24 
22583	329 
22584	208 
22585	359 
22586	745 
22587	198 
22588	469 
22589	377 
22590	599 
22591	596 
22592	250 
22593	491 
22594	808 
22595	920 
22596	319 
22597	485 
22598	262 
22599	457 
22600	504 
22601	154 
22602	61 
22603	102 
22604	207 
22605	214 
22606	125 
22607	199 
22608	285 
22609	711 
22610	875 
22611	798 
22612	750 
22613	494 
22614	279 
22615	912 
22616	588 
22617	396 
22618	699 
22619	904 
22620	77 
22621	112 
22622	48 
22623	275 
22624	276 
22625	623 
22626	264 
22627	133 
22628	678 
22629	754 
22630	804 
22631	90 
22632	411 
22633	880 
22634	263 
22635	892 
22636	625 
22637	884 
22638	640 
22639	199 
22640	344 
22641	754 
22642	56 
22643	812 
22644	408 
22645	786 
22646	675 
22647	42 
22648	767 
22649	353 
22650	792 
22651	702 
22652	628 
22653	453 
22654	443 
22655	225 
22656	717 
22657	319 
22658	925 
22659	636 
22660	141 
22661	626 
22662	408 
22663	302 
22664	924 
22665	760 
22666	70 
22667	302 
22668	382 
22669	84 
22670	884 
22671	331 
22672	352 
22673	48 
22674	924 
22675	134 
22676	32 
22677	596 
22678	124 
22679	274 
22680	72 
22681	779 
22682	222 
22683	70 
22684	224 
22685	302 
22686	281 
22687	346 
22688	544 
22689	506 
22690	102 
22691	216 
22692	161 
22693	865 
22694	66 
22695	449 
22696	792 
22697	529 
22698	529 
22699	626 
22700	495 
22701	353 
22702	31 
22703	780 
22704	89 
22705	80 
22706	159 
22707	381 
22708	82 
22709	543 
22710	560 
22711	99 
22712	887 
22713	886 
22714	745 
22715	1 
22716	330 
22717	124 
22718	392 
22719	889 
22720	581 
22721	888 
22722	815 
22723	789 
22724	805 
22725	285 
22726	800 
22727	568 
22728	839 
22729	207 
22730	558 
22731	155 
22732	236 
22733	893 
22734	707 
22735	500 
22736	717 
22737	83 
22738	35 
22739	116 
22740	921 
22741	677 
22742	373 
22743	623 
22744	675 
22745	870 
22746	654 
22747	763 
22748	783 
22749	29 
22750	332 
22751	563 
22752	180 
22753	352 
22754	19 
22755	675 
22756	494 
22757	636 
22758	602 
22759	612 
22760	217 
22761	473 
22762	281 
22763	529 
22764	437 
22765	944 
22766	175 
22767	194 
22768	160 
22769	238 
22770	541 
22771	804 
22772	154 
22773	342 
22774	932 
22775	91 
22776	597 
22777	743 
22778	882 
22779	121 
22780	395 
22781	529 
22782	526 
22783	869 
22784	912 
22785	536 
22786	423 
22787	51 
22788	865 
22789	396 
22790	115 
22791	593 
22792	658 
22793	640 
22794	402 
22795	886 
22796	786 
22797	472 
22798	360 
22799	213 
22800	759 
22801	321 
22802	793 
22803	714 
22804	554 
22805	742 
22806	52 
22807	53 
22808	124 
22809	506 
22810	570 
22811	631 
22812	639 
22813	353 
22814	322 
22815	610 
22816	503 
22817	440 
22818	692 
22819	725 
22820	346 
22821	86 
22822	135 
22823	468 
22824	767 
22825	385 
22826	449 
22827	691 
22828	800 
22829	258 
22830	402 
22831	319 
22832	370 
22833	246 
22834	274 
22835	889 
22836	944 
22837	229 
22838	341 
22839	58 
22840	49 
22841	163 
22842	111 
22843	229 
22844	365 
22845	922 
22846	64 
22847	573 
22848	5 
22849	425 
22850	411 
22851	64 
22852	593 
22853	611 
22854	745 
22855	584 
22856	824 
22857	938 
22858	360 
22859	683 
22860	870 
22861	607 
22862	584 
22863	263 
22864	285 
22865	437 
22866	248 
22867	568 
22868	812 
22869	770 
22870	213 
22871	223 
22872	236 
22873	603 
22874	457 
22875	550 
22876	693 
22877	238 
22878	528 
22879	133 
22880	770 
22881	730 
22882	675 
22883	562 
22884	437 
22885	696 
22886	225 
22887	242 
22888	171 
22889	642 
22890	19 
22891	573 
22892	479 
22893	134 
22894	279 
22895	243 
22896	693 
22897	128 
22898	547 
22899	927 
22900	80 
22901	70 
22902	760 
22903	600 
22904	203 
22905	663 
22906	258 
22907	208 
22908	616 
22909	96 
22910	404 
22911	361 
22912	817 
22913	63 
22914	67 
22915	55 
22916	660 
22917	51 
22918	103 
22919	56 
22920	50 
22921	932 
22922	508 
22923	882 
22924	927 
22925	331 
22926	626 
22927	141 
22928	820 
22929	614 
22930	820 
22931	345 
22932	813 
22933	169 
22934	740 
22935	663 
22936	596 
22937	63 
22938	767 
22939	450 
22940	78 
22941	319 
22942	494 
22943	769 
22944	573 
22945	304 
22946	242 
22947	656 
22948	775 
22949	231 
22950	810 
22951	880 
22952	887 
22953	835 
22954	644 
22955	543 
22956	19 
22957	836 
22958	656 
22959	372 
22960	290 
22961	670 
22962	16 
22963	812 
22964	10 
22965	648 
22966	679 
22967	578 
22968	562 
22969	89 
22970	869 
22971	691 
22972	717 
22973	562 
22974	941 
22975	472 
22976	157 
22977	353 
22978	880 
22979	599 
22980	544 
22981	374 
22982	541 
22983	262 
22984	126 
22985	748 
22986	801 
22987	1 
22988	541 
22989	836 
22990	275 
22991	451 
22992	941 
22993	69 
22994	667 
22995	315 
22996	210 
22997	289 
22998	329 
22999	506 
23000	526 
23001	311 
23002	329 
23003	837 
23004	210 
23005	621 
23006	279 
23007	25 
23008	543 
23009	451 
23010	364 
23011	154 
23012	743 
23013	909 
23014	793 
23015	772 
23016	279 
23017	917 
23018	47 
23019	557 
23020	141 
23021	217 
23022	578 
23023	380 
23024	402 
23025	793 
23026	529 
23027	550 
23028	483 
23029	180 
23030	911 
23031	787 
23032	600 
23033	181 
23034	476 
23035	550 
23036	154 
23037	922 
23038	692 
23039	435 
23040	531 
23041	474 
23042	742 
23043	16 
23044	882 
23045	812 
23046	928 
23047	121 
23048	503 
23049	732 
23050	181 
23051	81 
23052	842 
23053	310 
23054	583 
23055	51 
23056	160 
23057	470 
23058	812 
23059	346 
23060	488 
23061	221 
23062	718 
23063	49 
23064	808 
23065	34 
23066	10 
23067	367 
23068	639 
23069	600 
23070	654 
23071	863 
23072	599 
23073	69 
23074	133 
23075	154 
23076	673 
23077	248 
23078	491 
23079	743 
23080	45 
23081	684 
23082	829 
23083	437 
23084	248 
23085	748 
23086	692 
23087	353 
23088	787 
23089	495 
23090	913 
23091	474 
23092	621 
23093	52 
23094	77 
23095	328 
23096	430 
23097	387 
23098	475 
23099	276 
23100	111 
23101	943 
23102	210 
23103	692 
23104	37 
23105	221 
23106	169 
23107	596 
23108	573 
23109	32 
23110	573 
23111	471 
23112	224 
23113	460 
23114	575 
23115	276 
23116	834 
23117	802 
23118	278 
23119	70 
23120	503 
23121	10 
23122	262 
23123	79 
23124	425 
23125	32 
23126	359 
23127	438 
23128	591 
23129	273 
23130	562 
23131	886 
23132	558 
23133	570 
23134	483 
23135	389 
23136	352 
23137	772 
23138	922 
23139	290 
23140	160 
23141	263 
23142	819 
23143	780 
23144	248 
23145	109 
23146	791 
23147	725 
23148	900 
23149	403 
23150	754 
23151	767 
23152	265 
23153	834 
23154	849 
23155	427 
23156	433 
23157	593 
23158	528 
23159	778 
23160	127 
23161	494 
23162	331 
23163	100 
23164	880 
23165	628 
23166	681 
23167	531 
23168	886 
23169	370 
23170	575 
23171	551 
23172	163 
23173	406 
23174	810 
23175	476 
23176	610 
23177	104 
23178	328 
23179	266 
23180	229 
23181	739 
23182	485 
23183	859 
23184	77 
23185	320 
23186	67 
23187	535 
23188	763 
23189	163 
23190	851 
23191	245 
23192	279 
23193	759 
23194	668 
23195	781 
23196	162 
23197	200 
23198	210 
23199	175 
23200	227 
23201	646 
23202	290 
23203	199 
23204	833 
23205	157 
23206	568 
23207	557 
23208	485 
23209	121 
23210	440 
23211	646 
23212	24 
23213	516 
23214	14 
23215	247 
23216	659 
23217	676 
23218	623 
23219	277 
23220	353 
23221	3 
23222	191 
23223	345 
23224	533 
23225	208 
23226	627 
23227	892 
23228	67 
23229	112 
23230	747 
23231	728 
23232	690 
23233	287 
23234	125 
23235	31 
23236	10 
23237	452 
23238	361 
23239	497 
23240	319 
23241	283 
23242	124 
23243	250 
23244	531 
23245	374 
23246	410 
23247	227 
23248	667 
23249	743 
23250	721 
23251	344 
23252	1 
23253	24 
23254	745 
23255	162 
23256	599 
23257	770 
23258	618 
23259	603 
23260	226 
23261	835 
23262	652 
23263	616 
23264	668 
23265	614 
23266	55 
23267	244 
23268	644 
23269	459 
23270	65 
23271	162 
23272	329 
23273	78 
23274	772 
23275	865 
23276	130 
23277	80 
23278	865 
23279	520 
23280	803 
23281	909 
23282	353 
23283	486 
23284	408 
23285	159 
23286	48 
23287	618 
23288	128 
23289	804 
23290	251 
23291	849 
23292	715 
23293	89 
23294	770 
23295	614 
23296	281 
23297	884 
23298	17 
23299	507 
23300	759 
23301	245 
23302	227 
23303	376 
23304	868 
23305	898 
23306	87 
23307	477 
23308	491 
23309	409 
23310	485 
23311	24 
23312	206 
23313	786 
23314	363 
23315	560 
23316	832 
23317	912 
23318	531 
23319	875 
23320	675 
23321	839 
23322	21 
23323	285 
23324	334 
23325	410 
23326	483 
23327	475 
23328	460 
23329	915 
23330	898 
23331	50 
23332	312 
23333	621 
23334	552 
23335	430 
23336	123 
23337	884 
23338	762 
23339	481 
23340	199 
23341	559 
23342	24 
23343	226 
23344	402 
23345	497 
23346	661 
23347	856 
23348	835 
23349	159 
23350	825 
23351	202 
23352	772 
23353	256 
23354	862 
23355	924 
23356	884 
23357	817 
23358	349 
23359	51 
23360	531 
23361	373 
23362	115 
23363	396 
23364	181 
23365	277 
23366	180 
23367	571 
23368	734 
23369	135 
23370	661 
23371	183 
23372	656 
23373	886 
23374	224 
23375	626 
23376	864 
23377	16 
23378	599 
23379	718 
23380	221 
23381	748 
23382	363 
23383	558 
23384	31 
23385	181 
23386	927 
23387	922 
23388	719 
23389	897 
23390	668 
23391	536 
23392	354 
23393	315 
23394	398 
23395	332 
23396	922 
23397	322 
23398	774 
23399	128 
23400	163 
23401	164 
23402	577 
23403	454 
23404	476 
23405	229 
23406	255 
23407	676 
23408	829 
23409	78 
23410	786 
23411	841 
23412	341 
23413	623 
23414	512 
23415	441 
23416	335 
23417	598 
23418	217 
23419	272 
23420	315 
23421	851 
23422	455 
23423	518 
23424	504 
23425	197 
23426	656 
23427	675 
23428	286 
23429	302 
23430	171 
23431	587 
23432	909 
23433	156 
23434	466 
23435	279 
23436	17 
23437	459 
23438	661 
23439	332 
23440	678 
23441	175 
23442	53 
23443	924 
23444	865 
23445	378 
23446	668 
23447	613 
23448	761 
23449	121 
23450	780 
23451	290 
23452	840 
23453	293 
23454	524 
23455	743 
23456	817 
23457	692 
23458	265 
23459	839 
23460	345 
23461	933 
23462	644 
23463	943 
23464	377 
23465	319 
23466	802 
23467	735 
23468	777 
23469	121 
23470	880 
23471	175 
23472	347 
23473	913 
23474	262 
23475	475 
23476	479 
23477	240 
23478	922 
23479	504 
23480	411 
23481	476 
23482	172 
23483	94 
23484	887 
23485	159 
23486	546 
23487	718 
23488	207 
23489	39 
23490	692 
23491	18 
23492	667 
23493	70 
23494	675 
23495	471 
23496	102 
23497	226 
23498	824 
23499	527 
23500	792 
23501	77 
23502	224 
23503	547 
23504	927 
23505	483 
23506	242 
23507	812 
23508	917 
23509	225 
23510	208 
23511	579 
23512	659 
23513	646 
23514	330 
23515	238 
23516	777 
23517	519 
23518	933 
23519	576 
23520	787 
23521	331 
23522	494 
23523	363 
23524	409 
23525	387 
23526	708 
23527	225 
23528	67 
23529	562 
23530	154 
23531	833 
23532	787 
23533	840 
23534	409 
23535	541 
23536	651 
23537	334 
23538	239 
23539	154 
23540	642 
23541	7 
23542	227 
23543	932 
23544	320 
23545	660 
23546	156 
23547	417 
23548	279 
23549	352 
23550	933 
23551	453 
23552	259 
23553	198 
23554	24 
23555	504 
23556	763 
23557	660 
23558	640 
23559	34 
23560	566 
23561	116 
23562	944 
23563	635 
23564	742 
23565	783 
23566	695 
23567	53 
23568	927 
23569	251 
23570	331 
23571	887 
23572	488 
23573	529 
23574	661 
23575	391 
23576	207 
23577	248 
23578	183 
23579	624 
23580	273 
23581	599 
23582	169 
23583	768 
23584	141 
23585	945 
23586	504 
23587	572 
23588	378 
23589	834 
23590	553 
23591	736 
23592	200 
23593	839 
23594	483 
23595	825 
23596	886 
23597	615 
23598	616 
23599	440 
23600	281 
23601	562 
23602	835 
23603	695 
23604	157 
23605	84 
23606	475 
23607	124 
23608	35 
23609	621 
23610	808 
23611	577 
23612	483 
23613	803 
23614	912 
23615	172 
23616	863 
23617	888 
23618	826 
23619	298 
23620	158 
23621	181 
23622	684 
23623	213 
23624	304 
23625	788 
23626	519 
23627	264 
23628	327 
23629	728 
23630	598 
23631	676 
23632	667 
23633	265 
23634	379 
23635	77 
23636	763 
23637	740 
23638	820 
23639	453 
23640	535 
23641	206 
23642	148 
23643	286 
23644	315 
23645	535 
23646	541 
23647	17 
23648	763 
23649	547 
23650	374 
23651	463 
23652	331 
23653	402 
23654	493 
23655	376 
23656	425 
23657	157 
23658	915 
23659	248 
23660	30 
23661	224 
23662	522 
23663	506 
23664	205 
23665	430 
23666	194 
23667	328 
23668	152 
23669	531 
23670	1 
23671	562 
23672	415 
23673	89 
23674	341 
23675	911 
23676	884 
23677	528 
23678	31 
23679	699 
23680	541 
23681	757 
23682	58 
23683	478 
23684	220 
23685	29 
23686	459 
23687	754 
23688	138 
23689	473 
23690	260 
23691	455 
23692	781 
23693	630 
23694	349 
23695	911 
23696	44 
23697	581 
23698	356 
23699	278 
23700	832 
23701	97 
23702	22 
23703	636 
23704	419 
23705	320 
23706	157 
23707	730 
23708	884 
23709	587 
23710	670 
23711	843 
23712	889 
23713	754 
23714	16 
23715	558 
23716	870 
23717	14 
23718	621 
23719	575 
23720	810 
23721	287 
23722	869 
23723	158 
23724	97 
23725	945 
23726	69 
23727	803 
23728	848 
23729	33 
23730	494 
23731	568 
23732	629 
23733	590 
23734	737 
23735	626 
23736	123 
23737	720 
23738	743 
23739	244 
23740	557 
23741	134 
23742	226 
23743	89 
23744	231 
23745	859 
23746	875 
23747	692 
23748	451 
23749	534 
23750	229 
23751	452 
23752	16 
23753	653 
23754	227 
23755	865 
23756	595 
23757	628 
23758	640 
23759	315 
23760	199 
23761	725 
23762	494 
23763	239 
23764	233 
23765	874 
23766	255 
23767	379 
23768	604 
23769	414 
23770	903 
23771	636 
23772	537 
23773	559 
23774	365 
23775	68 
23776	846 
23777	251 
23778	547 
23779	577 
23780	925 
23781	392 
23782	384 
23783	658 
23784	681 
23785	333 
23786	343 
23787	696 
23788	577 
23789	265 
23790	714 
23791	618 
23792	486 
23793	509 
23794	262 
23795	315 
23796	681 
23797	56 
23798	210 
23799	159 
23800	849 
23801	34 
23802	792 
23803	933 
23804	372 
23805	756 
23806	792 
23807	377 
23808	704 
23809	868 
23810	471 
23811	834 
23812	945 
23813	506 
23814	563 
23815	459 
23816	939 
23817	52 
23818	271 
23819	814 
23820	3 
23821	904 
23822	364 
23823	839 
23824	520 
23825	185 
23826	408 
23827	377 
23828	461 
23829	626 
23830	392 
23831	198 
23832	653 
23833	158 
23834	48 
23835	672 
23836	560 
23837	340 
23838	861 
23839	656 
23840	745 
23841	384 
23842	51 
23843	449 
23844	262 
23845	520 
23846	276 
23847	875 
23848	455 
23849	438 
23850	561 
23851	242 
23852	810 
23853	729 
23854	344 
23855	558 
23856	358 
23857	375 
23858	120 
23859	585 
23860	269 
23861	781 
23862	154 
23863	399 
23864	745 
23865	24 
23866	444 
23867	5 
23868	918 
23869	233 
23870	560 
23871	190 
23872	893 
23873	299 
23874	27 
23875	730 
23876	636 
23877	902 
23878	451 
23879	884 
23880	202 
23881	347 
23882	121 
23883	537 
23884	759 
23885	770 
23886	763 
23887	783 
23888	14 
23889	659 
23890	884 
23891	373 
23892	508 
23893	597 
23894	122 
23895	342 
23896	402 
23897	936 
23898	290 
23899	602 
23900	797 
23901	391 
23902	257 
23903	281 
23904	631 
23905	183 
23906	748 
23907	575 
23908	642 
23909	78 
23910	815 
23911	557 
23912	157 
23913	304 
23914	425 
23915	91 
23916	518 
23917	837 
23918	24 
23919	356 
23920	242 
23921	158 
23922	627 
23923	925 
23924	164 
23925	681 
23926	50 
23927	483 
23928	872 
23929	643 
23930	387 
23931	568 
23932	1 
23933	848 
23934	856 
23935	544 
23936	814 
23937	39 
23938	361 
23939	797 
23940	851 
23941	239 
23942	672 
23943	561 
23944	482 
23945	435 
23946	770 
23947	290 
23948	598 
23949	895 
23950	391 
23951	230 
23952	340 
23953	213 
23954	879 
23955	330 
23956	159 
23957	924 
23958	450 
23959	254 
23960	244 
23961	776 
23962	640 
23963	603 
23964	471 
23965	148 
23966	925 
23967	875 
23968	811 
23969	861 
23970	696 
23971	485 
23972	726 
23973	706 
23974	229 
23975	81 
23976	915 
23977	210 
23978	13 
23979	777 
23980	880 
23981	258 
23982	48 
23983	210 
23984	721 
23985	275 
23986	391 
23987	792 
23988	450 
23989	191 
23990	30 
23991	475 
23992	29 
23993	927 
23994	824 
23995	290 
23996	746 
23997	770 
23998	516 
23999	652 
24000	128 
24001	138 
24002	759 
24003	472 
24004	478 
24005	412 
24006	230 
24007	450 
24008	198 
24009	1 
24010	205 
24011	99 
24012	945 
24013	884 
24014	928 
24015	636 
24016	696 
24017	188 
24018	511 
24019	51 
24020	230 
24021	285 
24022	767 
24023	581 
24024	18 
24025	147 
24026	434 
24027	221 
24028	276 
24029	196 
24030	132 
24031	304 
24032	748 
24033	544 
24034	16 
24035	811 
24036	610 
24037	450 
24038	429 
24039	392 
24040	342 
24041	455 
24042	628 
24043	911 
24044	913 
24045	385 
24046	635 
24047	246 
24048	47 
24049	836 
24050	520 
24051	430 
24052	121 
24053	156 
24054	300 
24055	188 
24056	455 
24057	759 
24058	146 
24059	886 
24060	924 
24061	549 
24062	494 
24063	897 
24064	813 
24065	927 
24066	125 
24067	423 
24068	390 
24069	554 
24070	80 
24071	761 
24072	634 
24073	483 
24074	479 
24075	635 
24076	56 
24077	579 
24078	651 
24079	863 
24080	315 
24081	427 
24082	692 
24083	392 
24084	652 
24085	872 
24086	52 
24087	232 
24088	31 
24089	911 
24090	543 
24091	172 
24092	148 
24093	592 
24094	529 
24095	915 
24096	105 
24097	363 
24098	332 
24099	75 
24100	924 
24101	512 
24102	208 
24103	17 
24104	935 
24105	96 
24106	730 
24107	726 
24108	151 
24109	50 
24110	210 
24111	213 
24112	106 
24113	672 
24114	936 
24115	706 
24116	64 
24117	677 
24118	855 
24119	920 
24120	306 
24121	782 
24122	58 
24123	798 
24124	918 
24125	740 
24126	510 
24127	327 
24128	194 
24129	588 
24130	548 
24131	493 
24132	837 
24133	648 
24134	326 
24135	192 
24136	869 
24137	415 
24138	55 
24139	725 
24140	887 
24141	210 
24142	886 
24143	783 
24144	206 
24145	906 
24146	599 
24147	503 
24148	461 
24149	488 
24150	128 
24151	152 
24152	82 
24153	939 
24154	867 
24155	342 
24156	451 
24157	163 
24158	856 
24159	64 
24160	130 
24161	280 
24162	461 
24163	483 
24164	743 
24165	158 
24166	395 
24167	526 
24168	70 
24169	411 
24170	791 
24171	1 
24172	786 
24173	18 
24174	813 
24175	56 
24176	35 
24177	931 
24178	878 
24179	57 
24180	286 
24181	63 
24182	203 
24183	279 
24184	132 
24185	566 
24186	127 
24187	528 
24188	924 
24189	761 
24190	808 
24191	913 
24192	667 
24193	451 
24194	752 
24195	532 
24196	56 
24197	276 
24198	872 
24199	51 
24200	258 
24201	819 
24202	635 
24203	247 
24204	430 
24205	304 
24206	459 
24207	690 
24208	142 
24209	221 
24210	120 
24211	144 
24212	410 
24213	695 
24214	682 
24215	14 
24216	491 
24217	449 
24218	660 
24219	14 
24220	208 
24221	739 
24222	920 
24223	846 
24224	193 
24225	555 
24226	42 
24227	410 
24228	450 
24229	566 
24230	181 
24231	361 
24232	293 
24233	211 
24234	884 
24235	867 
24236	542 
24237	737 
24238	865 
24239	506 
24240	682 
24241	463 
24242	354 
24243	889 
24244	152 
24245	290 
24246	124 
24247	672 
24248	124 
24249	780 
24250	943 
24251	52 
24252	83 
24253	849 
24254	356 
24255	101 
24256	325 
24257	141 
24258	724 
24259	391 
24260	922 
24261	419 
24262	887 
24263	26 
24264	682 
24265	291 
24266	314 
24267	743 
24268	236 
24269	263 
24270	631 
24271	247 
24272	342 
24273	16 
24274	772 
24275	732 
24276	643 
24277	581 
24278	704 
24279	623 
24280	563 
24281	315 
24282	767 
24283	266 
24284	459 
24285	451 
24286	601 
24287	928 
24288	387 
24289	656 
24290	426 
24291	257 
24292	208 
24293	782 
24294	936 
24295	615 
24296	244 
24297	389 
24298	16 
24299	603 
24300	886 
24301	18 
24302	385 
24303	924 
24304	29 
24305	24 
24306	643 
24307	443 
24308	925 
24309	238 
24310	884 
24311	790 
24312	466 
24313	83 
24314	888 
24315	126 
24316	877 
24317	359 
24318	290 
24319	266 
24320	25 
24321	886 
24322	884 
24323	627 
24324	886 
24325	281 
24326	430 
24327	328 
24328	346 
24329	518 
24330	517 
24331	78 
24332	541 
24333	353 
24334	474 
24335	168 
24336	152 
24337	31 
24338	269 
24339	471 
24340	691 
24341	668 
24342	904 
24343	291 
24344	707 
24345	924 
24346	366 
24347	777 
24348	812 
24349	343 
24350	410 
24351	573 
24352	124 
24353	587 
24354	779 
24355	643 
24356	262 
24357	356 
24358	314 
24359	522 
24360	199 
24361	723 
24362	324 
24363	88 
24364	385 
24365	506 
24366	576 
24367	132 
24368	579 
24369	660 
24370	43 
24371	159 
24372	916 
24373	29 
24374	49 
24375	378 
24376	932 
24377	141 
24378	15 
24379	262 
24380	288 
24381	723 
24382	96 
24383	745 
24384	602 
24385	737 
24386	189 
24387	924 
24388	890 
24389	402 
24390	148 
24391	521 
24392	552 
24393	455 
24394	921 
24395	282 
24396	571 
24397	237 
24398	159 
24399	408 
24400	550 
24401	725 
24402	874 
24403	30 
24404	236 
24405	635 
24406	330 
24407	552 
24408	44 
24409	629 
24410	154 
24411	203 
24412	903 
24413	450 
24414	132 
24415	691 
24416	813 
24417	493 
24418	163 
24419	409 
24420	809 
24421	263 
24422	548 
24423	392 
24424	847 
24425	60 
24426	935 
24427	356 
24428	898 
24429	401 
24430	660 
24431	481 
24432	29 
24433	839 
24434	707 
24435	171 
24436	804 
24437	813 
24438	460 
24439	315 
24440	916 
24441	918 
24442	793 
24443	377 
24444	900 
24445	74 
24446	248 
24447	378 
24448	352 
24449	616 
24450	797 
24451	304 
24452	676 
24453	531 
24454	194 
24455	164 
24456	579 
24457	886 
24458	88 
24459	306 
24460	77 
24461	884 
24462	251 
24463	839 
24464	636 
24465	599 
24466	327 
24467	224 
24468	702 
24469	459 
24470	154 
24471	570 
24472	123 
24473	99 
24474	455 
24475	590 
24476	528 
24477	762 
24478	154 
24479	283 
24480	271 
24481	581 
24482	379 
24483	376 
24484	631 
24485	54 
24486	315 
24487	384 
24488	341 
24489	743 
24490	568 
24491	176 
24492	419 
24493	688 
24494	724 
24495	927 
24496	578 
24497	130 
24498	68 
24499	691 
24500	587 
24501	635 
24502	678 
24503	628 
24504	595 
24505	141 
24506	34 
24507	519 
24508	55 
24509	895 
24510	175 
24511	697 
24512	126 
24513	792 
24514	266 
24515	623 
24516	344 
24517	914 
24518	558 
24519	141 
24520	599 
24521	475 
24522	135 
24523	149 
24524	75 
24525	185 
24526	124 
24527	285 
24528	58 
24529	226 
24530	10 
24531	275 
24532	909 
24533	725 
24534	281 
24535	47 
24536	50 
24537	159 
24538	696 
24539	610 
24540	537 
24541	199 
24542	296 
24543	610 
24544	34 
24545	343 
24546	281 
24547	130 
24548	616 
24549	739 
24550	53 
24551	924 
24552	499 
24553	643 
24554	834 
24555	554 
24556	673 
24557	11 
24558	126 
24559	907 
24560	820 
24561	1 
24562	529 
24563	342 
24564	105 
24565	555 
24566	654 
24567	786 
24568	842 
24569	39 
24570	145 
24571	720 
24572	77 
24573	87 
24574	60 
24575	731 
24576	754 
24577	419 
24578	554 
24579	783 
24580	188 
24581	504 
24582	514 
24583	557 
24584	775 
24585	354 
24586	57 
24587	157 
24588	293 
24589	169 
24590	126 
24591	799 
24592	935 
24593	449 
24594	361 
24595	331 
24596	488 
24597	108 
24598	529 
24599	343 
24600	704 
24601	19 
24602	591 
24603	889 
24604	745 
24605	718 
24606	725 
24607	542 
24608	550 
24609	902 
24610	152 
24611	593 
24612	1 
24613	461 
24614	476 
24615	520 
24616	591 
24617	544 
24618	99 
24619	258 
24620	51 
24621	58 
24622	89 
24623	812 
24624	740 
24625	263 
24626	52 
24627	221 
24628	107 
24629	185 
24630	290 
24631	837 
24632	831 
24633	391 
24634	901 
24635	512 
24636	792 
24637	558 
24638	364 
24639	387 
24640	812 
24641	884 
24642	49 
24643	794 
24644	193 
24645	912 
24646	169 
24647	14 
24648	660 
24649	374 
24650	199 
24651	835 
24652	430 
24653	221 
24654	521 
24655	512 
24656	345 
24657	603 
24658	474 
24659	290 
24660	63 
24661	607 
24662	511 
24663	94 
24664	932 
24665	822 
24666	486 
24667	562 
24668	248 
24669	504 
24670	286 
24671	111 
24672	188 
24673	437 
24674	788 
24675	208 
24676	618 
24677	374 
24678	12 
24679	352 
24680	618 
24681	754 
24682	50 
24683	786 
24684	659 
24685	184 
24686	321 
24687	745 
24688	127 
24689	325 
24690	803 
24691	159 
24692	572 
24693	99 
24694	197 
24695	77 
24696	628 
24697	717 
24698	692 
24699	227 
24700	357 
24701	211 
24702	198 
24703	248 
24704	676 
24705	24 
24706	792 
24707	471 
24708	885 
24709	839 
24710	759 
24711	444 
24712	271 
24713	343 
24714	48 
24715	546 
24716	248 
24717	819 
24718	206 
24719	636 
24720	518 
24721	226 
24722	596 
24723	196 
24724	224 
24725	263 
24726	651 
24727	638 
24728	463 
24729	779 
24730	387 
24731	660 
24732	402 
24733	314 
24734	236 
24735	171 
24736	506 
24737	239 
24738	529 
24739	941 
24740	590 
24741	257 
24742	89 
24743	45 
24744	377 
24745	339 
24746	550 
24747	884 
24748	467 
24749	96 
24750	408 
24751	717 
24752	503 
24753	77 
24754	410 
24755	827 
24756	319 
24757	97 
24758	644 
24759	417 
24760	16 
24761	349 
24762	759 
24763	213 
24764	300 
24765	328 
24766	158 
24767	509 
24768	472 
24769	457 
24770	491 
24771	107 
24772	603 
24773	571 
24774	780 
24775	331 
24776	32 
24777	503 
24778	856 
24779	818 
24780	330 
24781	162 
24782	79 
24783	783 
24784	325 
24785	83 
24786	922 
24787	542 
24788	372 
24789	745 
24790	414 
24791	68 
24792	405 
24793	909 
24794	437 
24795	213 
24796	263 
24797	541 
24798	213 
24799	408 
24800	497 
24801	820 
24802	392 
24803	935 
24804	474 
24805	470 
24806	878 
24807	648 
24808	25 
24809	304 
24810	911 
24811	353 
24812	459 
24813	49 
24814	379 
24815	555 
24816	315 
24817	483 
24818	801 
24819	677 
24820	17 
24821	814 
24822	281 
24823	33 
24824	328 
24825	488 
24826	831 
24827	298 
24828	863 
24829	157 
24830	255 
24831	875 
24832	99 
24833	822 
24834	77 
24835	920 
24836	835 
24837	835 
24838	417 
24839	911 
24840	121 
24841	21 
24842	34 
24843	328 
24844	528 
24845	411 
24846	859 
24847	92 
24848	621 
24849	640 
24850	325 
24851	631 
24852	221 
24853	121 
24854	537 
24855	207 
24856	345 
24857	236 
24858	555 
24859	561 
24860	238 
24861	743 
24862	935 
24863	333 
24864	621 
24865	307 
24866	62 
24867	914 
24868	227 
24869	19 
24870	111 
24871	494 
24872	161 
24873	327 
24874	869 
24875	813 
24876	402 
24877	688 
24878	340 
24879	449 
24880	194 
24881	688 
24882	391 
24883	922 
24884	763 
24885	780 
24886	804 
24887	443 
24888	804 
24889	725 
24890	621 
24891	209 
24892	633 
24893	549 
24894	787 
24895	285 
24896	712 
24897	18 
24898	387 
24899	31 
24900	623 
24901	238 
24902	820 
24903	671 
24904	124 
24905	248 
24906	913 
24907	328 
24908	10 
24909	908 
24910	745 
24911	944 
24912	456 
24913	636 
24914	233 
24915	802 
24916	379 
24917	561 
24918	343 
24919	825 
24920	372 
24921	341 
24922	925 
24923	736 
24924	788 
24925	730 
24926	629 
24927	847 
24928	315 
24929	164 
24930	520 
24931	623 
24932	243 
24933	453 
24934	597 
24935	67 
24936	5 
24937	466 
24938	208 
24939	250 
24940	500 
24941	159 
24942	642 
24943	277 
24944	909 
24945	59 
24946	277 
24947	725 
24948	342 
24949	364 
24950	550 
24951	60 
24952	116 
24953	822 
24954	24 
24955	67 
24956	511 
24957	541 
24958	511 
24959	443 
24960	667 
24961	729 
24962	757 
24963	227 
24964	255 
24965	692 
24966	681 
24967	918 
24968	759 
24969	725 
24970	643 
24971	63 
24972	790 
24973	938 
24974	911 
24975	157 
24976	102 
24977	80 
24978	590 
24979	296 
24980	543 
24981	787 
24982	646 
24983	207 
24984	353 
24985	780 
24986	410 
24987	103 
24988	932 
24989	122 
24990	375 
24991	936 
24992	441 
24993	51 
24994	812 
24995	718 
24996	285 
24997	10 
24998	900 
24999	836 
25000	79 
25001	164 
25002	661 
25003	463 
25004	588 
25005	154 
25006	936 
25007	40 
25008	384 
25009	402 
25010	504 
25011	217 
25012	936 
25013	924 
25014	504 
25015	892 
25016	651 
25017	147 
25018	901 
25019	470 
25020	264 
25021	911 
25022	584 
25023	14 
25024	606 
25025	257 
25026	262 
25027	437 
25028	820 
25029	903 
25030	18 
25031	934 
25032	837 
25033	757 
25034	614 
25035	918 
25036	740 
25037	72 
25038	781 
25039	32 
25040	494 
25041	824 
25042	584 
25043	745 
25044	928 
25045	437 
25046	692 
25047	126 
25048	587 
25049	172 
25050	839 
25051	335 
25052	475 
25053	172 
25054	884 
25055	77 
25056	621 
25057	512 
25058	560 
25059	450 
25060	164 
25061	124 
25062	591 
25063	745 
25064	109 
25065	603 
25066	233 
25067	492 
25068	122 
25069	886 
25070	159 
25071	298 
25072	909 
25073	471 
25074	79 
25075	24 
25076	133 
25077	596 
25078	242 
25079	387 
25080	64 
25081	154 
25082	743 
25083	319 
25084	799 
25085	510 
25086	483 
25087	163 
25088	100 
25089	623 
25090	194 
25091	835 
25092	51 
25093	266 
25094	640 
25095	469 
25096	16 
25097	342 
25098	463 
25099	529 
25100	363 
25101	49 
25102	597 
25103	67 
25104	663 
25105	112 
25106	350 
25107	67 
25108	67 
25109	290 
25110	494 
25111	607 
25112	214 
25113	787 
25114	683 
25115	844 
25116	194 
25117	133 
25118	70 
25119	19 
25120	869 
25121	575 
25122	163 
25123	451 
25124	56 
25125	402 
25126	339 
25127	111 
25128	780 
25129	903 
25130	181 
25131	633 
25132	899 
25133	328 
25134	829 
25135	358 
25136	777 
25137	185 
25138	44 
25139	610 
25140	194 
25141	77 
25142	363 
25143	570 
25144	884 
25145	583 
25146	922 
25147	485 
25148	767 
25149	342 
25150	849 
25151	859 
25152	510 
25153	50 
25154	887 
25155	563 
25156	909 
25157	859 
25158	865 
25159	920 
25160	913 
25161	730 
25162	600 
25163	559 
25164	904 
25165	518 
25166	491 
25167	68 
25168	925 
25169	512 
25170	920 
25171	601 
25172	121 
25173	438 
25174	127 
25175	192 
25176	142 
25177	82 
25178	786 
25179	691 
25180	900 
25181	213 
25182	510 
25183	215 
25184	604 
25185	121 
25186	923 
25187	342 
25188	435 
25189	550 
25190	53 
25191	419 
25192	229 
25193	109 
25194	875 
25195	202 
25196	443 
25197	691 
25198	936 
25199	70 
25200	596 
25201	234 
25202	54 
25203	512 
25204	433 
25205	545 
25206	600 
25207	185 
25208	757 
25209	485 
25210	745 
25211	262 
25212	613 
25213	524 
25214	5 
25215	373 
25216	580 
25217	642 
25218	295 
25219	51 
25220	877 
25221	718 
25222	806 
25223	865 
25224	24 
25225	216 
25226	29 
25227	536 
25228	787 
25229	43 
25230	924 
25231	752 
25232	331 
25233	343 
25234	675 
25235	819 
25236	172 
25237	5 
25238	385 
25239	731 
25240	121 
25241	448 
25242	826 
25243	504 
25244	277 
25245	510 
25246	767 
25247	373 
25248	507 
25249	494 
25250	92 
25251	210 
25252	804 
25253	107 
25254	518 
25255	882 
25256	911 
25257	21 
25258	37 
25259	628 
25260	631 
25261	88 
25262	832 
25263	183 
25264	255 
25265	526 
25266	522 
25267	490 
25268	162 
25269	731 
25270	276 
25271	213 
25272	769 
25273	213 
25274	582 
25275	350 
25276	646 
25277	829 
25278	529 
25279	387 
25280	112 
25281	562 
25282	734 
25283	253 
25284	646 
25285	77 
25286	141 
25287	96 
25288	869 
25289	247 
25290	162 
25291	471 
25292	541 
25293	285 
25294	875 
25295	3 
25296	610 
25297	549 
25298	610 
25299	840 
25300	361 
25301	668 
25302	586 
25303	133 
25304	704 
25305	454 
25306	743 
25307	183 
25308	199 
25309	607 
25310	911 
25311	350 
25312	399 
25313	695 
25314	763 
25315	513 
25316	173 
25317	786 
25318	598 
25319	121 
25320	39 
25321	147 
25322	794 
25323	901 
25324	905 
25325	123 
25326	276 
25327	579 
25328	184 
25329	885 
25330	923 
25331	819 
25332	924 
25333	554 
25334	869 
25335	238 
25336	867 
25337	667 
25338	775 
25339	246 
25340	849 
25341	833 
25342	938 
25343	161 
25344	404 
25345	24 
25346	875 
25347	932 
25348	277 
25349	820 
25350	281 
25351	344 
25352	376 
25353	562 
25354	787 
25355	550 
25356	135 
25357	330 
25358	434 
25359	865 
25360	856 
25361	740 
25362	901 
25363	542 
25364	133 
25365	61 
25366	900 
25367	610 
25368	250 
25369	732 
25370	909 
25371	193 
25372	579 
25373	543 
25374	745 
25375	924 
25376	364 
25377	134 
25378	558 
25379	713 
25380	617 
25381	149 
25382	635 
25383	574 
25384	748 
25385	551 
25386	915 
25387	805 
25388	121 
25389	856 
25390	364 
25391	688 
25392	832 
25393	672 
25394	430 
25395	861 
25396	704 
25397	321 
25398	865 
25399	712 
25400	278 
25401	154 
25402	302 
25403	563 
25404	754 
25405	276 
25406	780 
25407	80 
25408	488 
25409	387 
25410	312 
25411	384 
25412	875 
25413	856 
25414	247 
25415	347 
25416	848 
25417	109 
25418	123 
25419	331 
25420	725 
25421	644 
25422	859 
25423	563 
25424	818 
25425	414 
25426	223 
25427	786 
25428	119 
25429	922 
25430	120 
25431	819 
25432	387 
25433	616 
25434	692 
25435	365 
25436	451 
25437	775 
25438	541 
25439	891 
25440	89 
25441	820 
25442	177 
25443	463 
25444	643 
25445	849 
25446	210 
25447	701 
25448	794 
25449	483 
25450	437 
25451	72 
25452	135 
25453	730 
25454	826 
25455	748 
25456	481 
25457	628 
25458	233 
25459	519 
25460	677 
25461	872 
25462	607 
25463	109 
25464	626 
25465	579 
25466	229 
25467	514 
25468	541 
25469	532 
25470	563 
25471	570 
25472	667 
25473	461 
25474	730 
25475	213 
25476	364 
25477	157 
25478	531 
25479	718 
25480	792 
25481	760 
25482	31 
25483	542 
25484	455 
25485	863 
25486	661 
25487	679 
25488	99 
25489	635 
25490	563 
25491	121 
25492	213 
25493	328 
25494	404 
25495	185 
25496	475 
25497	519 
25498	396 
25499	630 
25500	391 
25501	839 
25502	70 
25503	677 
25504	302 
25505	67 
25506	423 
25507	829 
25508	180 
25509	225 
25510	92 
25511	922 
25512	210 
25513	640 
25514	494 
25515	843 
25516	769 
25517	582 
25518	132 
25519	875 
25520	602 
25521	224 
25522	803 
25523	558 
25524	836 
25525	112 
25526	826 
25527	209 
25528	325 
25529	574 
25530	927 
25531	185 
25532	410 
25533	164 
25534	783 
25535	510 
25536	89 
25537	676 
25538	813 
25539	328 
25540	263 
25541	33 
25542	282 
25543	578 
25544	887 
25545	646 
25546	488 
25547	87 
25548	805 
25549	887 
25550	356 
25551	248 
25552	506 
25553	340 
25554	603 
25555	4 
25556	149 
25557	408 
25558	537 
25559	513 
25560	253 
25561	285 
25562	913 
25563	810 
25564	557 
25565	754 
25566	34 
25567	405 
25568	941 
25569	381 
25570	16 
25571	227 
25572	921 
25573	745 
25574	290 
25575	886 
25576	392 
25577	158 
25578	806 
25579	311 
25580	488 
25581	363 
25582	387 
25583	528 
25584	243 
25585	945 
25586	430 
25587	202 
25588	541 
25589	60 
25590	473 
25591	53 
25592	238 
25593	739 
25594	14 
25595	450 
25596	562 
25597	426 
25598	598 
25599	812 
25600	83 
25601	811 
25602	558 
25603	327 
25604	891 
25605	911 
25606	610 
25607	180 
25608	384 
25609	485 
25610	923 
25611	697 
25612	244 
25613	264 
25614	782 
25615	257 
25616	814 
25617	279 
25618	676 
25619	325 
25620	25 
25621	819 
25622	922 
25623	836 
25624	50 
25625	275 
25626	410 
25627	696 
25628	385 
25629	767 
25630	5 
25631	184 
25632	199 
25633	325 
25634	32 
25635	603 
25636	501 
25637	169 
25638	43 
25639	414 
25640	531 
25641	563 
25642	628 
25643	87 
25644	321 
25645	139 
25646	186 
25647	915 
25648	559 
25649	363 
25650	581 
25651	849 
25652	636 
25653	368 
25654	745 
25655	96 
25656	31 
25657	528 
25658	207 
25659	841 
25660	536 
25661	387 
25662	142 
25663	168 
25664	11 
25665	831 
25666	618 
25667	792 
25668	488 
25669	219 
25670	586 
25671	717 
25672	848 
25673	759 
25674	290 
25675	494 
25676	494 
25677	488 
25678	568 
25679	417 
25680	57 
25681	384 
25682	358 
25683	676 
25684	407 
25685	67 
25686	49 
25687	684 
25688	265 
25689	54 
25690	141 
25691	433 
25692	342 
25693	592 
25694	119 
25695	592 
25696	628 
25697	207 
25698	157 
25699	134 
25700	534 
25701	154 
25702	287 
25703	511 
25704	936 
25705	227 
25706	159 
25707	48 
25708	597 
25709	506 
25710	469 
25711	747 
25712	928 
25713	111 
25714	374 
25715	671 
25716	181 
25717	467 
25718	635 
25719	704 
25720	911 
25721	636 
25722	279 
25723	912 
25724	825 
25725	204 
25726	869 
25727	813 
25728	660 
25729	495 
25730	354 
25731	918 
25732	163 
25733	856 
25734	844 
25735	878 
25736	287 
25737	180 
25738	454 
25739	746 
25740	409 
25741	124 
25742	77 
25743	813 
25744	404 
25745	878 
25746	631 
25747	558 
25748	499 
25749	759 
25750	194 
25751	124 
25752	154 
25753	26 
25754	260 
25755	848 
25756	482 
25757	450 
25758	816 
25759	646 
25760	560 
25761	610 
25762	510 
25763	880 
25764	419 
25765	924 
25766	330 
25767	592 
25768	440 
25769	177 
25770	407 
25771	70 
25772	675 
25773	467 
25774	491 
25775	827 
25776	835 
25777	692 
25778	314 
25779	574 
25780	202 
25781	295 
25782	763 
25783	801 
25784	128 
25785	590 
25786	769 
25787	748 
25788	411 
25789	161 
25790	312 
25791	141 
25792	586 
25793	247 
25794	324 
25795	675 
25796	13 
25797	713 
25798	497 
25799	573 
25800	364 
25801	763 
25802	327 
25803	457 
25804	626 
25805	122 
25806	542 
25807	563 
25808	508 
25809	546 
25810	200 
25811	506 
25812	59 
25813	813 
25814	603 
25815	743 
25816	109 
25817	516 
25818	327 
25819	13 
25820	343 
25821	880 
25822	181 
25823	827 
25824	264 
25825	904 
25826	157 
25827	651 
25828	554 
25829	117 
25830	29 
25831	475 
25832	283 
25833	774 
25834	613 
25835	717 
25836	440 
25837	543 
25838	60 
25839	86 
25840	109 
25841	675 
25842	45 
25843	304 
25844	208 
25845	901 
25846	159 
25847	148 
25848	315 
25849	687 
25850	792 
25851	640 
25852	211 
25853	449 
25854	343 
25855	54 
25856	692 
25857	763 
25858	840 
25859	343 
25860	405 
25861	264 
25862	893 
25863	476 
25864	675 
25865	278 
25866	456 
25867	783 
25868	681 
25869	752 
25870	748 
25871	471 
25872	730 
25873	45 
25874	514 
25875	232 
25876	470 
25877	889 
25878	531 
25879	492 
25880	368 
25881	167 
25882	374 
25883	151 
25884	387 
25885	430 
25886	208 
25887	886 
25888	22 
25889	623 
25890	238 
25891	42 
25892	164 
25893	463 
25894	63 
25895	128 
25896	430 
25897	1 
25898	35 
25899	723 
25900	257 
25901	851 
25902	379 
25903	526 
25904	283 
25905	361 
25906	122 
25907	528 
25908	693 
25909	527 
25910	494 
25911	542 
25912	221 
25913	356 
25914	189 
25915	482 
25916	430 
25917	668 
25918	78 
25919	541 
25920	848 
25921	24 
25922	34 
25923	82 
25924	588 
25925	497 
25926	193 
25927	789 
25928	189 
25929	811 
25930	181 
25931	158 
25932	629 
25933	56 
25934	102 
25935	287 
25936	377 
25937	246 
25938	124 
25939	198 
25940	791 
25941	450 
25942	9 
25943	277 
25944	635 
25945	558 
25946	5 
25947	725 
25948	640 
25949	599 
25950	230 
25951	407 
25952	19 
25953	939 
25954	206 
25955	475 
25956	171 
25957	262 
25958	340 
25959	285 
25960	746 
25961	491 
25962	76 
25963	378 
25964	603 
25965	402 
25966	730 
25967	159 
25968	827 
25969	378 
25970	315 
25971	756 
25972	701 
25973	16 
25974	859 
25975	812 
25976	278 
25977	327 
25978	60 
25979	618 
25980	618 
25981	933 
25982	623 
25983	614 
25984	932 
25985	471 
25986	810 
25987	863 
25988	134 
25989	229 
25990	510 
25991	147 
25992	690 
25993	560 
25994	712 
25995	704 
25996	75 
25997	659 
25998	652 
25999	411 
26000	603 
26001	96 
26002	124 
26003	181 
26004	62 
26005	840 
26006	183 
26007	281 
26008	89 
26009	353 
26010	576 
26011	519 
26012	319 
26013	3 
26014	691 
26015	148 
26016	890 
26017	169 
26018	550 
26019	457 
26020	70 
26021	121 
26022	884 
26023	754 
26024	637 
26025	77 
26026	120 
26027	248 
26028	70 
26029	352 
26030	172 
26031	810 
26032	814 
26033	762 
26034	812 
26035	545 
26036	227 
26037	670 
26038	58 
26039	154 
26040	133 
26041	456 
26042	266 
26043	146 
26044	582 
26045	37 
26046	829 
26047	475 
26048	117 
26049	704 
26050	327 
26051	77 
26052	675 
26053	281 
26054	631 
26055	124 
26056	719 
26057	510 
26058	844 
26059	115 
26060	315 
26061	155 
26062	50 
26063	613 
26064	44 
26065	839 
26066	51 
26067	510 
26068	777 
26069	596 
26070	812 
26071	409 
26072	792 
26073	115 
26074	730 
26075	419 
26076	474 
26077	415 
26078	493 
26079	695 
26080	560 
26081	868 
26082	177 
26083	740 
26084	603 
26085	325 
26086	132 
26087	802 
26088	621 
26089	193 
26090	889 
26091	194 
26092	558 
26093	818 
26094	528 
26095	203 
26096	527 
26097	151 
26098	141 
26099	279 
26100	884 
26101	730 
26102	132 
26103	913 
26104	449 
26105	75 
26106	355 
26107	181 
26108	17 
26109	343 
26110	767 
26111	34 
26112	943 
26113	640 
26114	355 
26115	53 
26116	164 
26117	543 
26118	494 
26119	785 
26120	779 
26121	811 
26122	163 
26123	373 
26124	224 
26125	164 
26126	861 
26127	112 
26128	629 
26129	391 
26130	166 
26131	119 
26132	939 
26133	803 
26134	725 
26135	829 
26136	886 
26137	927 
26138	704 
26139	838 
26140	275 
26141	717 
26142	207 
26143	528 
26144	913 
26145	917 
26146	527 
26147	506 
26148	909 
26149	718 
26150	229 
26151	905 
26152	239 
26153	459 
26154	742 
26155	283 
26156	78 
26157	837 
26158	343 
26159	560 
26160	183 
26161	164 
26162	121 
26163	924 
26164	104 
26165	607 
26166	103 
26167	133 
26168	599 
26169	603 
26170	847 
26171	256 
26172	506 
26173	668 
26174	573 
26175	656 
26176	127 
26177	411 
26178	96 
26179	746 
26180	757 
26181	34 
26182	903 
26183	626 
26184	125 
26185	138 
26186	392 
26187	455 
26188	119 
26189	558 
26190	887 
26191	296 
26192	939 
26193	126 
26194	456 
26195	688 
26196	836 
26197	848 
26198	22 
26199	321 
26200	644 
26201	263 
26202	234 
26203	943 
26204	80 
26205	754 
26206	914 
26207	675 
26208	736 
26209	16 
26210	330 
26211	745 
26212	631 
26213	550 
26214	315 
26215	913 
26216	592 
26217	865 
26218	51 
26219	763 
26220	915 
26221	354 
26222	485 
26223	53 
26224	44 
26225	466 
26226	921 
26227	327 
26228	311 
26229	859 
26230	389 
26231	128 
26232	748 
26233	535 
26234	780 
26235	408 
26236	256 
26237	50 
26238	360 
26239	164 
26240	536 
26241	377 
26242	747 
26243	37 
26244	759 
26245	676 
26246	224 
26247	519 
26248	575 
26249	829 
26250	671 
26251	579 
26252	154 
26253	319 
26254	145 
26255	745 
26256	696 
26257	900 
26258	531 
26259	164 
26260	624 
26261	903 
26262	560 
26263	29 
26264	383 
26265	529 
26266	185 
26267	875 
26268	793 
26269	15 
26270	832 
26271	516 
26272	34 
26273	925 
26274	470 
26275	377 
26276	387 
26277	792 
26278	861 
26279	825 
26280	217 
26281	488 
26282	277 
26283	175 
26284	568 
26285	476 
26286	319 
26287	865 
26288	363 
26289	434 
26290	99 
26291	211 
26292	818 
26293	742 
26294	819 
26295	314 
26296	410 
26297	170 
26298	932 
26299	849 
26300	597 
26301	692 
26302	675 
26303	899 
26304	401 
26305	206 
26306	723 
26307	695 
26308	717 
26309	96 
26310	392 
26311	356 
26312	488 
26313	579 
26314	495 
26315	754 
26316	248 
26317	278 
26318	712 
26319	377 
26320	415 
26321	763 
26322	927 
26323	58 
26324	943 
26325	491 
26326	763 
26327	92 
26328	911 
26329	504 
26330	563 
26331	550 
26332	562 
26333	396 
26334	26 
26335	292 
26336	696 
26337	408 
26338	141 
26339	792 
26340	75 
26341	944 
26342	890 
26343	872 
26344	476 
26345	343 
26346	169 
26347	851 
26348	315 
26349	304 
26350	236 
26351	298 
26352	99 
26353	12 
26354	603 
26355	24 
26356	875 
26357	863 
26358	675 
26359	769 
26360	49 
26361	541 
26362	24 
26363	157 
26364	286 
26365	138 
26366	529 
26367	156 
26368	560 
26369	353 
26370	913 
26371	909 
26372	81 
26373	719 
26374	350 
26375	554 
26376	154 
26377	122 
26378	740 
26379	659 
26380	415 
26381	644 
26382	163 
26383	745 
26384	748 
26385	157 
26386	290 
26387	676 
26388	330 
26389	621 
26390	10 
26391	628 
26392	801 
26393	133 
26394	334 
26395	763 
26396	75 
26397	288 
26398	364 
26399	932 
26400	51 
26401	504 
26402	748 
26403	384 
26404	599 
26405	936 
26406	759 
26407	409 
26408	864 
26409	546 
26410	531 
26411	257 
26412	638 
26413	756 
26414	5 
26415	945 
26416	217 
26417	444 
26418	127 
26419	837 
26420	555 
26421	80 
26422	402 
26423	893 
26424	782 
26425	836 
26426	820 
26427	76 
26428	664 
26429	106 
26430	70 
26431	474 
26432	555 
26433	490 
26434	839 
26435	693 
26436	296 
26437	430 
26438	836 
26439	887 
26440	202 
26441	477 
26442	64 
26443	298 
26444	848 
26445	897 
26446	262 
26447	802 
26448	922 
26449	450 
26450	699 
26451	506 
26452	511 
26453	167 
26454	831 
26455	522 
26456	808 
26457	288 
26458	81 
26459	729 
26460	918 
26461	378 
26462	648 
26463	479 
26464	433 
26465	603 
26466	10 
26467	646 
26468	479 
26469	504 
26470	154 
26471	861 
26472	471 
26473	82 
26474	672 
26475	911 
26476	224 
26477	239 
26478	550 
26479	900 
26480	825 
26481	504 
26482	936 
26483	683 
26484	938 
26485	12 
26486	504 
26487	745 
26488	759 
26489	248 
26490	120 
26491	457 
26492	124 
26493	754 
26494	75 
26495	568 
26496	649 
26497	794 
26498	377 
26499	29 
26500	373 
26501	607 
26502	300 
26503	731 
26504	623 
26505	224 
26506	78 
26507	99 
26508	6 
26509	491 
26510	87 
26511	775 
26512	411 
26513	311 
26514	448 
26515	315 
26516	945 
26517	941 
26518	676 
26519	542 
26520	920 
26521	127 
26522	298 
26523	229 
26524	847 
26525	279 
26526	437 
26527	534 
26528	474 
26529	191 
26530	141 
26531	604 
26532	87 
26533	63 
26534	48 
26535	872 
26536	583 
26537	17 
26538	396 
26539	290 
26540	578 
26541	227 
26542	315 
26543	939 
26544	30 
26545	923 
26546	207 
26547	210 
26548	407 
26549	675 
26550	759 
26551	156 
26552	138 
26553	661 
26554	450 
26555	453 
26556	570 
26557	485 
26558	578 
26559	924 
26560	745 
26561	687 
26562	290 
26563	285 
26564	377 
26565	149 
26566	541 
26567	373 
26568	544 
26569	549 
26570	520 
26571	642 
26572	659 
26573	238 
26574	224 
26575	24 
26576	745 
26577	592 
26578	721 
26579	597 
26580	32 
26581	402 
26582	281 
26583	363 
26584	364 
26585	358 
26586	587 
26587	678 
26588	939 
26589	598 
26590	115 
26591	109 
26592	626 
26593	287 
26594	207 
26595	278 
26596	652 
26597	124 
26598	315 
26599	411 
26600	804 
26601	878 
26602	646 
26603	125 
26604	651 
26605	603 
26606	65 
26607	904 
26608	67 
26609	623 
26610	342 
26611	471 
26612	374 
26613	477 
26614	900 
26615	529 
26616	735 
26617	628 
26618	166 
26619	224 
26620	40 
26621	696 
26622	646 
26623	843 
26624	206 
26625	732 
26626	938 
26627	745 
26628	266 
26629	560 
26630	535 
26631	387 
26632	22 
26633	203 
26634	595 
26635	247 
26636	813 
26637	361 
26638	550 
26639	938 
26640	236 
26641	808 
26642	817 
26643	886 
26644	16 
26645	18 
26646	937 
26647	390 
26648	775 
26649	743 
26650	792 
26651	35 
26652	156 
26653	350 
26654	221 
26655	725 
26656	193 
26657	719 
26658	862 
26659	562 
26660	531 
26661	587 
26662	453 
26663	748 
26664	932 
26665	759 
26666	520 
26667	701 
26668	799 
26669	154 
26670	415 
26671	258 
26672	920 
26673	353 
26674	326 
26675	278 
26676	451 
26677	96 
26678	331 
26679	663 
26680	268 
26681	611 
26682	667 
26683	281 
26684	99 
26685	542 
26686	454 
26687	793 
26688	35 
26689	788 
26690	713 
26691	675 
26692	812 
26693	512 
26694	199 
26695	578 
26696	865 
26697	754 
26698	540 
26699	813 
26700	9 
26701	454 
26702	757 
26703	528 
26704	783 
26705	13 
26706	644 
26707	40 
26708	452 
26709	780 
26710	15 
26711	225 
26712	64 
26713	160 
26714	72 
26715	668 
26716	912 
26717	142 
26718	5 
26719	52 
26720	390 
26721	221 
26722	135 
26723	628 
26724	676 
26725	899 
26726	672 
26727	820 
26728	330 
26729	168 
26730	117 
26731	591 
26732	225 
26733	835 
26734	124 
26735	264 
26736	835 
26737	203 
26738	939 
26739	511 
26740	762 
26741	425 
26742	331 
26743	282 
26744	903 
26745	644 
26746	482 
26747	775 
26748	553 
26749	477 
26750	315 
26751	96 
26752	221 
26753	679 
26754	766 
26755	547 
26756	220 
26757	775 
26758	154 
26759	792 
26760	390 
26761	278 
26762	42 
26763	818 
26764	849 
26765	437 
26766	229 
26767	825 
26768	385 
26769	704 
26770	1 
26771	326 
26772	875 
26773	29 
26774	793 
26775	26 
26776	329 
26777	847 
26778	466 
26779	75 
26780	492 
26781	54 
26782	551 
26783	467 
26784	80 
26785	518 
26786	775 
26787	597 
26788	575 
26789	829 
26790	718 
26791	77 
26792	57 
26793	549 
26794	915 
26795	242 
26796	848 
26797	748 
26798	181 
26799	503 
26800	754 
26801	851 
26802	778 
26803	497 
26804	62 
26805	205 
26806	206 
26807	558 
26808	915 
26809	803 
26810	811 
26811	793 
26812	938 
26813	466 
26814	541 
26815	238 
26816	635 
26817	676 
26818	62 
26819	740 
26820	363 
26821	696 
26822	518 
26823	938 
26824	724 
26825	198 
26826	730 
26827	535 
26828	518 
26829	777 
26830	921 
26831	344 
26832	483 
26833	45 
26834	837 
26835	909 
26836	477 
26837	494 
26838	104 
26839	254 
26840	833 
26841	568 
26842	922 
26843	562 
26844	811 
26845	649 
26846	740 
26847	676 
26848	802 
26849	646 
26850	921 
26851	660 
26852	886 
26853	555 
26854	725 
26855	743 
26856	777 
26857	884 
26858	269 
26859	227 
26860	476 
26861	78 
26862	269 
26863	788 
26864	100 
26865	504 
26866	16 
26867	683 
26868	932 
26869	410 
26870	24 
26871	725 
26872	549 
26873	675 
26874	163 
26875	408 
26876	729 
26877	158 
26878	414 
26879	887 
26880	642 
26881	596 
26882	459 
26883	780 
26884	551 
26885	542 
26886	344 
26887	183 
26888	5 
26889	739 
26890	210 
26891	494 
26892	886 
26893	355 
26894	754 
26895	121 
26896	211 
26897	818 
26898	62 
26899	643 
26900	718 
26901	925 
26902	325 
26903	16 
26904	723 
26905	552 
26906	835 
26907	549 
26908	476 
26909	159 
26910	459 
26911	152 
26912	437 
26913	886 
26914	239 
26915	681 
26916	528 
26917	1 
26918	149 
26919	141 
26920	25 
26921	335 
26922	941 
26923	693 
26924	50 
26925	915 
26926	263 
26927	373 
26928	528 
26929	939 
26930	667 
26931	463 
26932	211 
26933	704 
26934	886 
26935	278 
26936	276 
26937	708 
26938	563 
26939	575 
26940	531 
26941	911 
26942	543 
26943	59 
26944	900 
26945	412 
26946	402 
26947	925 
26948	518 
26949	836 
26950	717 
26951	924 
26952	848 
26953	164 
26954	47 
26955	512 
26956	234 
26957	529 
26958	127 
26959	58 
26960	19 
26961	385 
26962	283 
26963	359 
26964	607 
26965	162 
26966	927 
26967	675 
26968	127 
26969	215 
26970	10 
26971	793 
26972	612 
26973	642 
26974	842 
26975	67 
26976	897 
26977	345 
26978	485 
26979	559 
26980	888 
26981	549 
26982	13 
26983	374 
26984	365 
26985	691 
26986	683 
26987	612 
26988	33 
26989	213 
26990	359 
26991	535 
26992	286 
26993	307 
26994	730 
26995	133 
26996	269 
26997	659 
26998	483 
26999	720 
27000	127 
27001	469 
27002	941 
27003	886 
27004	630 
27005	292 
27006	410 
27007	651 
27008	510 
27009	343 
27010	839 
27011	457 
27012	293 
27013	443 
27014	415 
27015	373 
27016	472 
27017	639 
27018	725 
27019	560 
27020	133 
27021	350 
27022	16 
27023	520 
27024	768 
27025	24 
27026	820 
27027	26 
27028	83 
27029	493 
27030	849 
27031	944 
27032	315 
27033	373 
27034	499 
27035	206 
27036	471 
27037	931 
27038	391 
27039	312 
27040	777 
27041	679 
27042	387 
27043	752 
27044	820 
27045	242 
27046	24 
27047	820 
27048	47 
27049	884 
27050	844 
27051	260 
27052	34 
27053	353 
27054	356 
27055	18 
27056	681 
27057	366 
27058	18 
27059	718 
27060	651 
27061	900 
27062	124 
27063	690 
27064	116 
27065	885 
27066	643 
27067	225 
27068	471 
27069	361 
27070	759 
27071	887 
27072	575 
27073	520 
27074	387 
27075	161 
27076	463 
27077	890 
27078	783 
27079	206 
27080	342 
27081	506 
27082	513 
27083	391 
27084	670 
27085	70 
27086	558 
27087	488 
27088	501 
27089	849 
27090	754 
27091	138 
27092	882 
27093	760 
27094	892 
27095	550 
27096	440 
27097	488 
27098	811 
27099	889 
27100	377 
27101	761 
27102	293 
27103	405 
27104	546 
27105	483 
27106	878 
27107	543 
27108	224 
27109	191 
27110	243 
27111	813 
27112	471 
27113	793 
27114	862 
27115	859 
27116	501 
27117	50 
27118	529 
27119	128 
27120	878 
27121	356 
27122	81 
27123	547 
27124	837 
27125	668 
27126	231 
27127	32 
27128	276 
27129	501 
27130	459 
27131	913 
27132	637 
27133	325 
27134	587 
27135	132 
27136	616 
27137	141 
27138	331 
27139	415 
27140	154 
27141	543 
27142	63 
27143	681 
27144	812 
27145	63 
27146	660 
27147	587 
27148	851 
27149	186 
27150	356 
27151	141 
27152	667 
27153	615 
27154	635 
27155	558 
27156	219 
27157	355 
27158	616 
27159	344 
27160	356 
27161	613 
27162	203 
27163	678 
27164	789 
27165	543 
27166	938 
27167	96 
27168	627 
27169	197 
27170	725 
27171	597 
27172	208 
27173	925 
27174	721 
27175	677 
27176	320 
27177	511 
27178	50 
27179	154 
27180	311 
27181	640 
27182	279 
27183	725 
27184	811 
27185	142 
27186	481 
27187	763 
27188	211 
27189	91 
27190	207 
27191	642 
27192	745 
27193	319 
27194	587 
27195	552 
27196	922 
27197	392 
27198	626 
27199	374 
27200	106 
27201	475 
27202	836 
27203	820 
27204	10 
27205	668 
27206	656 
27207	875 
27208	341 
27209	430 
27210	125 
27211	290 
27212	485 
27213	160 
27214	285 
27215	164 
27216	161 
27217	725 
27218	640 
27219	152 
27220	296 
27221	875 
27222	441 
27223	6 
27224	266 
27225	890 
27226	449 
27227	793 
27228	350 
27229	560 
27230	121 
27231	766 
27232	275 
27233	37 
27234	99 
27235	5 
27236	651 
27237	331 
27238	293 
27239	812 
27240	224 
27241	69 
27242	25 
27243	483 
27244	600 
27245	37 
27246	849 
27247	130 
27248	475 
27249	409 
27250	623 
27251	637 
27252	260 
27253	227 
27254	134 
27255	396 
27256	575 
27257	915 
27258	714 
27259	347 
27260	695 
27261	238 
27262	223 
27263	932 
27264	843 
27265	781 
27266	607 
27267	478 
27268	900 
27269	693 
27270	884 
27271	24 
27272	676 
27273	156 
27274	550 
27275	707 
27276	37 
27277	568 
27278	184 
27279	314 
27280	50 
27281	693 
27282	283 
27283	542 
27284	865 
27285	358 
27286	387 
27287	577 
27288	603 
27289	104 
27290	719 
27291	157 
27292	644 
27293	900 
27294	196 
27295	236 
27296	34 
27297	134 
27298	202 
27299	792 
27300	255 
27301	782 
27302	229 
27303	849 
27304	407 
27305	127 
27306	692 
27307	328 
27308	326 
27309	156 
27310	577 
27311	18 
27312	886 
27313	671 
27314	688 
27315	578 
27316	392 
27317	941 
27318	80 
27319	117 
27320	284 
27321	815 
27322	251 
27323	171 
27324	109 
27325	806 
27326	748 
27327	763 
27328	304 
27329	793 
27330	146 
27331	569 
27332	140 
27333	792 
27334	67 
27335	361 
27336	667 
27337	50 
27338	889 
27339	248 
27340	402 
27341	157 
27342	675 
27343	391 
27344	764 
27345	504 
27346	702 
27347	325 
27348	504 
27349	782 
27350	558 
27351	838 
27352	825 
27353	378 
27354	865 
27355	787 
27356	343 
27357	299 
27358	775 
27359	186 
27360	825 
27361	368 
27362	331 
27363	154 
27364	527 
27365	595 
27366	840 
27367	704 
27368	692 
27369	636 
27370	938 
27371	279 
27372	124 
27373	754 
27374	603 
27375	398 
27376	401 
27377	26 
27378	660 
27379	549 
27380	75 
27381	913 
27382	225 
27383	277 
27384	363 
27385	543 
27386	56 
27387	547 
27388	825 
27389	407 
27390	813 
27391	219 
27392	938 
27393	872 
27394	673 
27395	904 
27396	306 
27397	899 
27398	18 
27399	775 
27400	221 
27401	409 
27402	557 
27403	885 
27404	924 
27405	119 
27406	466 
27407	754 
27408	921 
27409	912 
27410	135 
27411	17 
27412	562 
27413	374 
27414	358 
27415	81 
27416	124 
27417	328 
27418	558 
27419	518 
27420	277 
27421	205 
27422	26 
27423	152 
27424	115 
27425	818 
27426	636 
27427	754 
27428	377 
27429	438 
27430	285 
27431	164 
27432	130 
27433	713 
27434	282 
27435	120 
27436	591 
27437	835 
27438	431 
27439	491 
27440	509 
27441	591 
27442	781 
27443	287 
27444	820 
27445	578 
27446	6 
27447	1 
27448	712 
27449	459 
27450	226 
27451	938 
27452	875 
27453	141 
27454	96 
27455	777 
27456	396 
27457	527 
27458	158 
27459	730 
27460	874 
27461	743 
27462	1 
27463	542 
27464	763 
27465	80 
27466	759 
27467	636 
27468	361 
27469	701 
27470	777 
27471	759 
27472	37 
27473	320 
27474	205 
27475	673 
27476	380 
27477	890 
27478	356 
27479	748 
27480	287 
27481	239 
27482	197 
27483	287 
27484	194 
27485	43 
27486	354 
27487	859 
27488	900 
27489	387 
27490	696 
27491	675 
27492	692 
27493	10 
27494	759 
27495	385 
27496	644 
27497	712 
27498	410 
27499	164 
27500	262 
27501	450 
27502	938 
27503	839 
27504	219 
27505	640 
27506	767 
27507	296 
27508	675 
27509	454 
27510	148 
27511	884 
27512	691 
27513	610 
27514	820 
27515	89 
27516	456 
27517	49 
27518	167 
27519	328 
27520	676 
27521	364 
27522	200 
27523	283 
27524	566 
27525	472 
27526	702 
27527	558 
27528	945 
27529	471 
27530	642 
27531	199 
27532	886 
27533	109 
27534	485 
27535	384 
27536	924 
27537	42 
27538	695 
27539	364 
27540	811 
27541	194 
27542	839 
27543	405 
27544	402 
27545	482 
27546	147 
27547	668 
27548	14 
27549	528 
27550	408 
27551	943 
27552	402 
27553	835 
27554	884 
27555	900 
27556	455 
27557	825 
27558	678 
27559	133 
27560	486 
27561	695 
27562	759 
27563	70 
27564	242 
27565	761 
27566	582 
27567	577 
27568	558 
27569	859 
27570	596 
27571	62 
27572	466 
27573	326 
27574	325 
27575	714 
27576	444 
27577	528 
27578	736 
27579	361 
27580	629 
27581	704 
27582	319 
27583	70 
27584	277 
27585	67 
27586	50 
27587	743 
27588	247 
27589	17 
27590	148 
27591	777 
27592	835 
27593	45 
27594	867 
27595	363 
27596	535 
27597	553 
27598	518 
27599	52 
27600	684 
27601	262 
27602	500 
27603	778 
27604	208 
27605	175 
27606	550 
27607	745 
27608	441 
27609	715 
27610	101 
27611	745 
27612	646 
27613	327 
27614	839 
27615	450 
27616	713 
27617	247 
27618	360 
27619	509 
27620	224 
27621	449 
27622	819 
27623	660 
27624	839 
27625	327 
27626	166 
27627	236 
27628	211 
27629	900 
27630	760 
27631	48 
27632	156 
27633	215 
27634	660 
27635	797 
27636	782 
27637	3 
27638	148 
27639	364 
27640	944 
27641	193 
27642	660 
27643	914 
27644	124 
27645	731 
27646	459 
27647	628 
27648	684 
27649	164 
27650	659 
27651	723 
27652	621 
27653	932 
27654	763 
27655	759 
27656	12 
27657	587 
27658	285 
27659	266 
27660	598 
27661	45 
27662	366 
27663	197 
27664	471 
27665	676 
27666	882 
27667	761 
27668	801 
27669	577 
27670	168 
27671	504 
27672	511 
27673	157 
27674	191 
27675	886 
27676	900 
27677	847 
27678	513 
27679	210 
27680	374 
27681	455 
27682	591 
27683	892 
27684	536 
27685	242 
27686	748 
27687	292 
27688	549 
27689	135 
27690	512 
27691	56 
27692	353 
27693	637 
27694	342 
27695	308 
27696	266 
27697	277 
27698	89 
27699	584 
27700	563 
27701	210 
27702	191 
27703	723 
27704	315 
27705	141 
27706	557 
27707	892 
27708	34 
27709	279 
27710	341 
27711	315 
27712	786 
27713	411 
27714	511 
27715	736 
27716	164 
27717	350 
27718	856 
27719	450 
27720	886 
27721	194 
27722	616 
27723	175 
27724	342 
27725	675 
27726	211 
27727	51 
27728	678 
27729	571 
27730	667 
27731	310 
27732	77 
27733	601 
27734	914 
27735	593 
27736	591 
27737	181 
27738	18 
27739	886 
27740	756 
27741	453 
27742	521 
27743	435 
27744	808 
27745	213 
27746	34 
27747	812 
27748	941 
27749	922 
27750	1 
27751	154 
27752	437 
27753	211 
27754	779 
27755	549 
27756	552 
27757	242 
27758	210 
27759	528 
27760	692 
27761	675 
27762	331 
27763	936 
27764	932 
27765	509 
27766	552 
27767	571 
27768	660 
27769	138 
27770	554 
27771	584 
27772	701 
27773	933 
27774	29 
27775	581 
27776	402 
27777	587 
27778	340 
27779	230 
27780	14 
27781	285 
27782	519 
27783	45 
27784	76 
27785	238 
27786	390 
27787	550 
27788	290 
27789	134 
27790	563 
27791	364 
27792	70 
27793	27 
27794	277 
27795	247 
27796	550 
27797	247 
27798	158 
27799	455 
27800	31 
27801	856 
27802	623 
27803	225 
27804	549 
27805	544 
27806	80 
27807	221 
27808	596 
27809	132 
27810	691 
27811	839 
27812	529 
27813	839 
27814	430 
27815	558 
27816	111 
27817	850 
27818	154 
27819	707 
27820	156 
27821	777 
27822	80 
27823	191 
27824	58 
27825	754 
27826	457 
27827	811 
27828	144 
27829	629 
27830	396 
27831	17 
27832	111 
27833	653 
27834	14 
27835	17 
27836	5 
27837	226 
27838	712 
27839	355 
27840	679 
27841	614 
27842	628 
27843	640 
27844	849 
27845	559 
27846	579 
27847	328 
27848	158 
27849	510 
27850	562 
27851	173 
27852	181 
27853	832 
27854	485 
27855	134 
27856	192 
27857	217 
27858	324 
27859	361 
27860	19 
27861	566 
27862	507 
27863	77 
27864	127 
27865	390 
27866	598 
27867	491 
27868	936 
27869	918 
27870	579 
27871	437 
27872	373 
27873	97 
27874	325 
27875	25 
27876	21 
27877	520 
27878	763 
27879	740 
27880	87 
27881	859 
27882	501 
27883	370 
27884	856 
27885	762 
27886	849 
27887	675 
27888	290 
27889	138 
27890	157 
27891	344 
27892	319 
27893	152 
27894	820 
27895	457 
27896	902 
27897	12 
27898	856 
27899	62 
27900	160 
27901	661 
27902	787 
27903	206 
27904	67 
27905	661 
27906	848 
27907	941 
27908	913 
27909	740 
27910	169 
27911	652 
27912	575 
27913	629 
27914	10 
27915	571 
27916	37 
27917	263 
27918	856 
27919	718 
27920	283 
27921	221 
27922	676 
27923	90 
27924	31 
27925	213 
27926	471 
27927	792 
27928	158 
27929	105 
27930	915 
27931	211 
27932	499 
27933	248 
27934	50 
27935	254 
27936	34 
27937	681 
27938	778 
27939	34 
27940	375 
27941	155 
27942	193 
27943	696 
27944	836 
27945	748 
27946	238 
27947	323 
27948	597 
27949	1 
27950	560 
27951	126 
27952	84 
27953	770 
27954	43 
27955	70 
27956	263 
27957	361 
27958	112 
27959	898 
27960	374 
27961	353 
27962	922 
27963	859 
27964	124 
27965	454 
27966	725 
27967	159 
27968	719 
27969	430 
27970	128 
27971	214 
27972	506 
27973	35 
27974	52 
27975	521 
27976	117 
27977	862 
27978	163 
27979	528 
27980	748 
27981	578 
27982	536 
27983	359 
27984	558 
27985	35 
27986	576 
27987	117 
27988	475 
27989	587 
27990	285 
27991	904 
27992	495 
27993	640 
27994	78 
27995	911 
27996	933 
27997	200 
27998	233 
27999	263 
28000	793 
28001	938 
28002	812 
28003	391 
28004	246 
28005	185 
28006	836 
28007	691 
28008	612 
28009	448 
28010	202 
28011	466 
28012	791 
28013	134 
28014	229 
28015	390 
28016	554 
28017	884 
28018	504 
28019	848 
28020	441 
28021	257 
28022	549 
28023	121 
28024	459 
28025	628 
28026	743 
28027	3 
28028	16 
28029	596 
28030	379 
28031	696 
28032	945 
28033	633 
28034	236 
28035	511 
28036	737 
28037	820 
28038	486 
28039	779 
28040	814 
28041	214 
28042	97 
28043	654 
28044	840 
28045	816 
28046	281 
28047	365 
28048	122 
28049	402 
28050	760 
28051	324 
28052	820 
28053	825 
28054	586 
28055	562 
28056	656 
28057	651 
28058	452 
28059	250 
28060	239 
28061	379 
28062	109 
28063	754 
28064	370 
28065	526 
28066	106 
28067	763 
28068	302 
28069	63 
28070	138 
28071	122 
28072	590 
28073	691 
28074	144 
28075	840 
28076	368 
28077	835 
28078	494 
28079	50 
28080	900 
28081	817 
28082	134 
28083	135 
28084	693 
28085	220 
28086	17 
28087	281 
28088	16 
28089	404 
28090	886 
28091	924 
28092	555 
28093	287 
28094	932 
28095	287 
28096	325 
28097	754 
28098	199 
28099	900 
28100	392 
28101	550 
28102	861 
28103	551 
28104	735 
28105	644 
28106	292 
28107	627 
28108	542 
28109	869 
28110	134 
28111	470 
28112	226 
28113	882 
28114	713 
28115	938 
28116	97 
28117	849 
28118	902 
28119	171 
28120	754 
28121	886 
28122	128 
28123	820 
28124	124 
28125	88 
28126	511 
28127	924 
28128	679 
28129	104 
28130	780 
28131	450 
28132	109 
28133	246 
28134	62 
28135	158 
28136	437 
28137	596 
28138	513 
28139	739 
28140	59 
28141	226 
28142	803 
28143	63 
28144	16 
28145	527 
28146	889 
28147	825 
28148	704 
28149	88 
28150	512 
28151	922 
28152	363 
28153	67 
28154	874 
28155	804 
28156	923 
28157	126 
28158	359 
28159	173 
28160	96 
28161	163 
28162	192 
28163	199 
28164	102 
28165	748 
28166	835 
28167	864 
28168	889 
28169	230 
28170	888 
28171	793 
28172	649 
28173	558 
28174	48 
28175	742 
28176	745 
28177	524 
28178	128 
28179	247 
28180	425 
28181	911 
28182	331 
28183	133 
28184	404 
28185	11 
28186	887 
28187	865 
28188	867 
28189	276 
28190	342 
28191	544 
28192	865 
28193	834 
28194	163 
28195	887 
28196	401 
28197	736 
28198	52 
28199	750 
28200	24 
28201	889 
28202	125 
28203	911 
28204	825 
28205	208 
28206	886 
28207	451 
28208	452 
28209	361 
28210	430 
28211	486 
28212	636 
28213	939 
28214	677 
28215	105 
28216	780 
28217	548 
28218	901 
28219	450 
28220	166 
28221	21 
28222	676 
28223	35 
28224	164 
28225	225 
28226	359 
28227	455 
28228	121 
28229	356 
28230	815 
28231	825 
28232	683 
28233	528 
28234	344 
28235	156 
28236	260 
28237	675 
28238	485 
28239	282 
28240	306 
28241	907 
28242	410 
28243	888 
28244	763 
28245	583 
28246	514 
28247	534 
28248	188 
28249	542 
28250	914 
28251	427 
28252	58 
28253	777 
28254	937 
28255	475 
28256	335 
28257	511 
28258	130 
28259	225 
28260	885 
28261	528 
28262	206 
28263	19 
28264	628 
28265	475 
28266	208 
28267	347 
28268	134 
28269	848 
28270	859 
28271	319 
28272	560 
28273	236 
28274	526 
28275	52 
28276	824 
28277	743 
28278	552 
28279	557 
28280	914 
28281	494 
28282	71 
28283	536 
28284	888 
28285	30 
28286	81 
28287	486 
28288	475 
28289	78 
28290	675 
28291	220 
28292	175 
28293	752 
28294	69 
28295	840 
28296	193 
28297	286 
28298	45 
28299	384 
28300	251 
28301	675 
28302	661 
28303	145 
28304	409 
28305	366 
28306	667 
28307	924 
28308	623 
28309	236 
28310	529 
28311	32 
28312	878 
28313	27 
28314	898 
28315	78 
28316	696 
28317	441 
28318	944 
28319	925 
28320	575 
28321	77 
28322	459 
28323	598 
28324	492 
28325	550 
28326	292 
28327	92 
28328	483 
28329	264 
28330	813 
28331	569 
28332	343 
28333	578 
28334	897 
28335	211 
28336	157 
28337	558 
28338	3 
28339	364 
28340	907 
28341	71 
28342	1 
28343	157 
28344	111 
28345	663 
28346	552 
28347	173 
28348	80 
28349	314 
28350	725 
28351	262 
28352	777 
28353	319 
28354	702 
28355	238 
28356	944 
28357	759 
28358	353 
28359	112 
28360	342 
28361	219 
28362	128 
28363	257 
28364	266 
28365	827 
28366	938 
28367	384 
28368	923 
28369	96 
28370	6 
28371	923 
28372	391 
28373	35 
28374	656 
28375	818 
28376	281 
28377	491 
28378	900 
28379	67 
28380	757 
28381	283 
28382	481 
28383	610 
28384	701 
28385	189 
28386	907 
28387	621 
28388	927 
28389	154 
28390	725 
28391	78 
28392	925 
28393	901 
28394	925 
28395	343 
28396	68 
28397	29 
28398	889 
28399	229 
28400	865 
28401	117 
28402	376 
28403	897 
28404	69 
28405	392 
28406	407 
28407	135 
28408	837 
28409	912 
28410	511 
28411	718 
28412	603 
28413	646 
28414	813 
28415	224 
28416	138 
28417	827 
28418	225 
28419	276 
28420	676 
28421	693 
28422	184 
28423	181 
28424	939 
28425	787 
28426	536 
28427	130 
28428	900 
28429	155 
28430	568 
28431	48 
28432	312 
28433	666 
28434	897 
28435	121 
28436	70 
28437	660 
28438	392 
28439	230 
28440	353 
28441	659 
28442	817 
28443	820 
28444	811 
28445	248 
28446	559 
28447	577 
28448	763 
28449	291 
28450	282 
28451	521 
28452	792 
28453	541 
28454	67 
28455	361 
28456	361 
28457	552 
28458	231 
28459	573 
28460	168 
28461	780 
28462	323 
28463	141 
28464	510 
28465	5 
28466	901 
28467	763 
28468	53 
28469	275 
28470	126 
28471	154 
28472	872 
28473	463 
28474	643 
28475	19 
28476	59 
28477	623 
28478	330 
28479	550 
28480	887 
28481	678 
28482	82 
28483	364 
28484	279 
28485	44 
28486	541 
28487	528 
28488	67 
28489	652 
28490	504 
28491	262 
28492	389 
28493	279 
28494	183 
28495	675 
28496	781 
28497	146 
28498	596 
28499	865 
28500	17 
28501	844 
28502	809 
28503	718 
28504	35 
28505	759 
28506	836 
28507	743 
28508	244 
28509	74 
28510	577 
28511	886 
28512	692 
28513	783 
28514	59 
28515	229 
28516	27 
28517	615 
28518	16 
28519	100 
28520	220 
28521	504 
28522	626 
28523	618 
28524	936 
28525	169 
28526	925 
28527	504 
28528	603 
28529	731 
28530	373 
28531	725 
28532	378 
28533	244 
28534	542 
28535	759 
28536	199 
28537	172 
28538	631 
28539	586 
28540	861 
28541	729 
28542	715 
28543	849 
28544	557 
28545	208 
28546	408 
28547	219 
28548	707 
28549	520 
28550	616 
28551	292 
28552	453 
28553	70 
28554	427 
28555	377 
28556	97 
28557	262 
28558	767 
28559	643 
28560	936 
28561	19 
28562	282 
28563	106 
28564	209 
28565	497 
28566	777 
28567	804 
28568	168 
28569	24 
28570	628 
28571	562 
28572	205 
28573	667 
28574	848 
28575	596 
28576	488 
28577	631 
28578	16 
28579	180 
28580	735 
28581	215 
28582	24 
28583	817 
28584	485 
28585	202 
28586	837 
28587	225 
28588	72 
28589	549 
28590	546 
28591	401 
28592	202 
28593	575 
28594	349 
28595	473 
28596	803 
28597	183 
28598	909 
28599	943 
28600	408 
28601	197 
28602	375 
28603	35 
28604	208 
28605	450 
28606	157 
28607	401 
28608	684 
28609	746 
28610	717 
28611	158 
28612	377 
28613	914 
28614	692 
28615	911 
28616	219 
28617	331 
28618	587 
28619	506 
28620	373 
28621	882 
28622	264 
28623	449 
28624	862 
28625	83 
28626	825 
28627	616 
28628	49 
28629	663 
28630	127 
28631	463 
28632	772 
28633	378 
28634	872 
28635	64 
28636	767 
28637	762 
28638	813 
28639	80 
28640	226 
28641	408 
28642	667 
28643	391 
28644	720 
28645	164 
28646	84 
28647	790 
28648	467 
28649	763 
28650	654 
28651	820 
28652	668 
28653	661 
28654	124 
28655	518 
28656	129 
28657	844 
28658	231 
28659	324 
28660	486 
28661	597 
28662	742 
28663	134 
28664	126 
28665	147 
28666	659 
28667	419 
28668	656 
28669	211 
28670	558 
28671	891 
28672	474 
28673	373 
28674	211 
28675	792 
28676	872 
28677	177 
28678	791 
28679	254 
28680	917 
28681	57 
28682	569 
28683	471 
28684	745 
28685	526 
28686	171 
28687	472 
28688	164 
28689	206 
28690	884 
28691	864 
28692	762 
28693	56 
28694	213 
28695	149 
28696	803 
28697	732 
28698	810 
28699	944 
28700	410 
28701	892 
28702	67 
28703	102 
28704	202 
28705	867 
28706	194 
28707	644 
28708	635 
28709	509 
28710	396 
28711	600 
28712	210 
28713	259 
28714	105 
28715	407 
28716	888 
28717	475 
28718	788 
28719	696 
28720	34 
28721	672 
28722	304 
28723	757 
28724	62 
28725	580 
28726	227 
28727	60 
28728	835 
28729	789 
28730	392 
28731	822 
28732	786 
28733	693 
28734	148 
28735	762 
28736	562 
28737	531 
28738	546 
28739	210 
28740	451 
28741	626 
28742	290 
28743	719 
28744	328 
28745	89 
28746	78 
28747	205 
28748	607 
28749	644 
28750	402 
28751	725 
28752	423 
28753	236 
28754	374 
28755	159 
28756	675 
28757	488 
28758	563 
28759	646 
28760	573 
28761	452 
28762	213 
28763	691 
28764	330 
28765	481 
28766	402 
28767	6 
28768	164 
28769	529 
28770	797 
28771	869 
28772	775 
28773	250 
28774	867 
28775	482 
28776	510 
28777	70 
28778	914 
28779	810 
28780	646 
28781	328 
28782	813 
28783	743 
28784	732 
28785	109 
28786	615 
28787	541 
28788	849 
28789	377 
28790	168 
28791	352 
28792	240 
28793	603 
28794	849 
28795	563 
28796	247 
28797	924 
28798	16 
28799	636 
28800	812 
28801	454 
28802	300 
28803	936 
28804	127 
28805	331 
28806	550 
28807	508 
28808	134 
28809	34 
28810	909 
28811	290 
28812	67 
28813	251 
28814	392 
28815	266 
28816	579 
28817	646 
28818	748 
28819	219 
28820	102 
28821	811 
28822	780 
28823	154 
28824	702 
28825	457 
28826	290 
28827	230 
28828	384 
28829	677 
28830	134 
28831	808 
28832	554 
28833	676 
28834	772 
28835	64 
28836	175 
28837	761 
28838	882 
28839	549 
28840	67 
28841	426 
28842	430 
28843	688 
28844	18 
28845	268 
28846	269 
28847	164 
28848	27 
28849	396 
28850	692 
28851	575 
28852	203 
28853	832 
28854	69 
28855	668 
28856	287 
28857	236 
28858	242 
28859	292 
28860	549 
28861	803 
28862	838 
28863	24 
28864	331 
28865	227 
28866	847 
28867	509 
28868	786 
28869	640 
28870	287 
28871	283 
28872	45 
28873	745 
28874	359 
28875	232 
28876	777 
28877	377 
28878	723 
28879	813 
28880	935 
28881	138 
28882	551 
28883	892 
28884	887 
28885	640 
28886	155 
28887	283 
28888	181 
28889	455 
28890	221 
28891	255 
28892	843 
28893	835 
28894	359 
28895	169 
28896	343 
28897	656 
28898	229 
28899	225 
28900	616 
28901	886 
28902	602 
28903	633 
28904	379 
28905	834 
28906	675 
28907	792 
28908	154 
28909	864 
28910	840 
28911	840 
28912	767 
28913	550 
28914	180 
28915	631 
28916	557 
28917	363 
28918	56 
28919	644 
28920	342 
28921	5 
28922	886 
28923	352 
28924	921 
28925	356 
28926	437 
28927	851 
28928	717 
28929	454 
28930	244 
28931	529 
28932	483 
28933	851 
28934	74 
28935	181 
28936	49 
28937	16 
28938	236 
28939	811 
28940	128 
28941	483 
28942	844 
28943	426 
28944	84 
28945	825 
28946	596 
28947	121 
28948	79 
28949	344 
28950	263 
28951	109 
28952	412 
28953	124 
28954	848 
28955	399 
28956	527 
28957	306 
28958	455 
28959	797 
28960	870 
28961	935 
28962	300 
28963	558 
28964	372 
28965	191 
28966	696 
28967	390 
28968	599 
28969	328 
28970	549 
28971	121 
28972	704 
28973	607 
28974	812 
28975	368 
28976	627 
28977	511 
28978	10 
28979	932 
28980	45 
28981	15 
28982	224 
28983	264 
28984	938 
28985	695 
28986	154 
28987	208 
28988	911 
28989	678 
28990	47 
28991	684 
28992	163 
28993	244 
28994	344 
28995	343 
28996	924 
28997	772 
28998	933 
28999	145 
29000	247 
29001	814 
29002	725 
29003	461 
29004	278 
29005	936 
29006	171 
29007	156 
29008	304 
29009	217 
29010	659 
29011	936 
29012	392 
29013	587 
29014	575 
29015	653 
29016	782 
29017	568 
29018	508 
29019	455 
29020	177 
29021	933 
29022	549 
29023	96 
29024	408 
29025	656 
29026	562 
29027	411 
29028	516 
29029	822 
29030	512 
29031	754 
29032	277 
29033	132 
29034	60 
29035	494 
29036	177 
29037	343 
29038	922 
29039	872 
29040	207 
29041	780 
29042	848 
29043	376 
29044	16 
29045	558 
29046	392 
29047	602 
29048	69 
29049	59 
29050	911 
29051	915 
29052	493 
29053	808 
29054	211 
29055	380 
29056	880 
29057	63 
29058	450 
29059	820 
29060	97 
29061	168 
29062	159 
29063	75 
29064	719 
29065	245 
29066	534 
29067	126 
29068	754 
29069	117 
29070	155 
29071	233 
29072	64 
29073	50 
29074	704 
29075	903 
29076	668 
29077	696 
29078	463 
29079	440 
29080	304 
29081	332 
29082	827 
29083	532 
29084	269 
29085	563 
29086	611 
29087	100 
29088	343 
29089	45 
29090	851 
29091	100 
29092	401 
29093	774 
29094	283 
29095	481 
29096	433 
29097	372 
29098	237 
29099	805 
29100	377 
29101	777 
29102	571 
29103	599 
29104	229 
29105	595 
29106	924 
29107	675 
29108	927 
29109	580 
29110	927 
29111	16 
29112	262 
29113	558 
29114	134 
29115	387 
29116	220 
29117	742 
29118	558 
29119	14 
29120	330 
29121	579 
29122	213 
29123	932 
29124	743 
29125	417 
29126	210 
29127	640 
29128	99 
29129	656 
29130	238 
29131	259 
29132	555 
29133	184 
29134	343 
29135	189 
29136	704 
29137	248 
29138	935 
29139	211 
29140	408 
29141	719 
29142	732 
29143	134 
29144	793 
29145	932 
29146	596 
29147	791 
29148	649 
29149	677 
29150	815 
29151	120 
29152	263 
29153	579 
29154	714 
29155	455 
29156	175 
29157	373 
29158	865 
29159	80 
29160	236 
29161	745 
29162	904 
29163	221 
29164	763 
29165	832 
29166	467 
29167	157 
29168	763 
29169	835 
29170	219 
29171	527 
29172	792 
29173	527 
29174	10 
29175	266 
29176	117 
29177	149 
29178	391 
29179	677 
29180	913 
29181	82 
29182	259 
29183	746 
29184	171 
29185	675 
29186	157 
29187	349 
29188	196 
29189	16 
29190	33 
29191	148 
29192	161 
29193	780 
29194	563 
29195	257 
29196	459 
29197	152 
29198	283 
29199	67 
29200	859 
29201	102 
29202	77 
29203	290 
29204	855 
29205	34 
29206	6 
29207	865 
29208	548 
29209	67 
29210	909 
29211	321 
29212	684 
29213	391 
29214	875 
29215	219 
29216	276 
29217	849 
29218	779 
29219	584 
29220	266 
29221	441 
29222	263 
29223	34 
29224	3 
29225	471 
29226	419 
29227	70 
29228	398 
29229	329 
29230	518 
29231	780 
29232	558 
29233	104 
29234	80 
29235	924 
29236	880 
29237	626 
29238	96 
29239	869 
29240	660 
29241	525 
29242	611 
29243	133 
29244	342 
29245	875 
29246	542 
29247	766 
29248	804 
29249	668 
29250	880 
29251	407 
29252	652 
29253	196 
29254	407 
29255	839 
29256	885 
29257	48 
29258	48 
29259	387 
29260	359 
29261	134 
29262	319 
29263	181 
29264	380 
29265	684 
29266	226 
29267	166 
29268	133 
29269	53 
29270	117 
29271	938 
29272	60 
29273	759 
29274	612 
29275	516 
29276	96 
29277	232 
29278	824 
29279	402 
29280	718 
29281	172 
29282	87 
29283	506 
29284	681 
29285	683 
29286	474 
29287	892 
29288	732 
29289	847 
29290	743 
29291	512 
29292	497 
29293	224 
29294	321 
29295	836 
29296	623 
29297	542 
29298	224 
29299	747 
29300	508 
29301	82 
29302	87 
29303	247 
29304	472 
29305	938 
29306	884 
29307	77 
29308	909 
29309	568 
29310	172 
29311	691 
29312	134 
29313	628 
29314	254 
29315	623 
29316	225 
29317	50 
29318	640 
29319	287 
29320	5 
29321	100 
29322	859 
29323	591 
29324	227 
29325	880 
29326	385 
29327	60 
29328	24 
29329	804 
29330	384 
29331	198 
29332	225 
29333	885 
29334	862 
29335	410 
29336	534 
29337	16 
29338	452 
29339	26 
29340	551 
29341	247 
29342	391 
29343	759 
29344	892 
29345	563 
29346	691 
29347	34 
29348	812 
29349	186 
29350	21 
29351	618 
29352	138 
29353	433 
29354	816 
29355	334 
29356	459 
29357	92 
29358	687 
29359	1 
29360	353 
29361	666 
29362	238 
29363	838 
29364	10 
29365	99 
29366	172 
29367	87 
29368	16 
29369	900 
29370	923 
29371	900 
29372	935 
29373	640 
29374	943 
29375	681 
29376	92 
29377	368 
29378	119 
29379	361 
29380	534 
29381	358 
29382	886 
29383	10 
29384	612 
29385	111 
29386	719 
29387	16 
29388	92 
29389	537 
29390	384 
29391	135 
29392	342 
29393	156 
29394	672 
29395	342 
29396	16 
29397	263 
29398	692 
29399	772 
29400	676 
29401	402 
29402	865 
29403	328 
29404	1 
29405	262 
29406	203 
29407	127 
29408	96 
29409	577 
29410	740 
29411	812 
29412	792 
29413	649 
29414	75 
29415	483 
29416	359 
29417	554 
29418	42 
29419	932 
29420	544 
29421	423 
29422	780 
29423	483 
29424	675 
29425	616 
29426	344 
29427	558 
29428	743 
29429	384 
29430	550 
29431	932 
29432	210 
29433	485 
29434	913 
29435	884 
29436	518 
29437	126 
29438	914 
29439	804 
29440	764 
29441	903 
29442	927 
29443	35 
29444	225 
29445	813 
29446	635 
29447	401 
29448	735 
29449	134 
29450	836 
29451	300 
29452	44 
29453	863 
29454	659 
29455	587 
29456	186 
29457	311 
29458	330 
29459	156 
29460	256 
29461	387 
29462	715 
29463	16 
29464	269 
29465	312 
29466	679 
29467	886 
29468	568 
29469	691 
29470	673 
29471	333 
29472	849 
29473	631 
29474	177 
29475	699 
29476	628 
29477	271 
29478	542 
29479	173 
29480	472 
29481	121 
29482	463 
29483	180 
29484	893 
29485	596 
29486	607 
29487	427 
29488	550 
29489	315 
29490	111 
29491	763 
29492	924 
29493	512 
29494	363 
29495	242 
29496	323 
29497	544 
29498	328 
29499	730 
29500	806 
29501	24 
29502	236 
29503	157 
29504	693 
29505	725 
29506	331 
29507	87 
29508	629 
29509	743 
29510	142 
29511	635 
29512	72 
29513	185 
29514	636 
29515	675 
29516	368 
29517	544 
29518	865 
29519	205 
29520	435 
29521	699 
29522	640 
29523	278 
29524	276 
29525	725 
29526	104 
29527	832 
29528	356 
29529	810 
29530	692 
29531	659 
29532	366 
29533	603 
29534	628 
29535	922 
29536	673 
29537	889 
29538	590 
29539	398 
29540	181 
29541	328 
29542	45 
29543	220 
29544	831 
29545	99 
29546	457 
29547	450 
29548	141 
29549	767 
29550	154 
29551	122 
29552	315 
29553	819 
29554	678 
29555	745 
29556	213 
29557	230 
29558	254 
29559	375 
29560	616 
29561	783 
29562	646 
29563	356 
29564	597 
29565	324 
29566	357 
29567	60 
29568	546 
29569	27 
29570	211 
29571	756 
29572	191 
29573	547 
29574	474 
29575	304 
29576	600 
29577	169 
29578	843 
29579	455 
29580	99 
29581	499 
29582	119 
29583	225 
29584	907 
29585	469 
29586	352 
29587	379 
29588	494 
29589	783 
29590	775 
29591	327 
29592	475 
29593	494 
29594	603 
29595	48 
29596	471 
29597	670 
29598	518 
29599	759 
29600	391 
29601	656 
29602	157 
29603	478 
29604	642 
29605	859 
29606	552 
29607	895 
29608	477 
29609	767 
29610	541 
29611	343 
29612	224 
29613	494 
29614	630 
29615	759 
29616	839 
29617	892 
29618	48 
29619	884 
29620	12 
29621	425 
29622	847 
29623	163 
29624	761 
29625	568 
29626	797 
29627	257 
29628	471 
29629	175 
29630	148 
29631	939 
29632	35 
29633	660 
29634	454 
29635	276 
29636	587 
29637	561 
29638	67 
29639	491 
29640	935 
29641	262 
29642	35 
29643	64 
29644	903 
29645	372 
29646	471 
29647	290 
29648	745 
29649	494 
29650	266 
29651	477 
29652	939 
29653	26 
29654	120 
29655	848 
29656	298 
29657	229 
29658	849 
29659	204 
29660	891 
29661	408 
29662	932 
29663	120 
29664	67 
29665	778 
29666	791 
29667	597 
29668	450 
29669	311 
29670	763 
29671	783 
29672	409 
29673	226 
29674	938 
29675	236 
29676	242 
29677	328 
29678	154 
29679	206 
29680	14 
29681	425 
29682	126 
29683	767 
29684	863 
29685	550 
29686	932 
29687	13 
29688	844 
29689	6 
29690	411 
29691	646 
29692	844 
29693	676 
29694	793 
29695	199 
29696	792 
29697	789 
29698	410 
29699	699 
29700	572 
29701	25 
29702	813 
29703	629 
29704	354 
29705	488 
29706	471 
29707	616 
29708	204 
29709	124 
29710	162 
29711	472 
29712	391 
29713	836 
29714	127 
29715	213 
29716	494 
29717	607 
29718	541 
29719	254 
29720	526 
29721	558 
29722	900 
29723	120 
29724	603 
29725	391 
29726	248 
29727	352 
29728	717 
29729	488 
29730	135 
29731	486 
29732	886 
29733	343 
29734	878 
29735	54 
29736	343 
29737	181 
29738	277 
29739	475 
29740	851 
29741	35 
29742	941 
29743	635 
29744	344 
29745	330 
29746	885 
29747	691 
29748	124 
29749	922 
29750	508 
29751	936 
29752	347 
29753	808 
29754	923 
29755	640 
29756	225 
29757	24 
29758	60 
29759	159 
29760	193 
29761	368 
29762	869 
29763	932 
29764	450 
29765	569 
29766	123 
29767	408 
29768	452 
29769	878 
29770	312 
29771	141 
29772	79 
29773	87 
29774	739 
29775	430 
29776	569 
29777	506 
29778	819 
29779	571 
29780	684 
29781	865 
29782	661 
29783	481 
29784	678 
29785	607 
29786	917 
29787	663 
29788	146 
29789	616 
29790	543 
29791	626 
29792	708 
29793	430 
29794	497 
29795	230 
29796	748 
29797	610 
29798	419 
29799	100 
29800	203 
29801	19 
29802	344 
29803	449 
29804	486 
29805	806 
29806	349 
29807	208 
29808	936 
29809	915 
29810	578 
29811	819 
29812	937 
29813	544 
29814	220 
29815	597 
29816	742 
29817	651 
29818	156 
29819	661 
29820	230 
29821	469 
29822	693 
29823	558 
29824	550 
29825	328 
29826	787 
29827	676 
29828	504 
29829	587 
29830	901 
29831	286 
29832	3 
29833	83 
29834	691 
29835	817 
29836	213 
29837	529 
29838	903 
29839	238 
29840	122 
29841	374 
29842	191 
29843	374 
29844	207 
29845	797 
29846	409 
29847	932 
29848	788 
29849	656 
29850	453 
29851	457 
29852	610 
29853	133 
29854	494 
29855	26 
29856	635 
29857	558 
29858	469 
29859	578 
29860	346 
29861	53 
29862	566 
29863	185 
29864	775 
29865	936 
29866	659 
29867	345 
29868	905 
29869	19 
29870	158 
29871	255 
29872	415 
29873	599 
29874	944 
29875	124 
29876	775 
29877	190 
29878	494 
29879	646 
29880	603 
29881	704 
29882	714 
29883	223 
29884	130 
29885	100 
29886	368 
29887	797 
29888	471 
29889	283 
29890	803 
29891	154 
29892	1 
29893	116 
29894	361 
29895	53 
29896	164 
29897	280 
29898	551 
29899	593 
29900	52 
29901	353 
29902	100 
29903	681 
29904	636 
29905	359 
29906	450 
29907	225 
29908	506 
29909	32 
29910	12 
29911	88 
29912	739 
29913	48 
29914	740 
29915	440 
29916	675 
29917	759 
29918	94 
29919	450 
29920	667 
29921	89 
29922	466 
29923	792 
29924	387 
29925	292 
29926	913 
29927	354 
29928	659 
29929	159 
29930	401 
29931	11 
29932	790 
29933	226 
29934	663 
29935	938 
29936	246 
29937	494 
29938	916 
29939	324 
29940	579 
29941	886 
29942	763 
29943	745 
29944	587 
29945	560 
29946	262 
29947	644 
29948	528 
29949	718 
29950	938 
29951	180 
29952	932 
29953	363 
29954	387 
29955	285 
29956	554 
29957	820 
29958	865 
29959	636 
29960	814 
29961	692 
29962	762 
29963	936 
29964	775 
29965	693 
29966	230 
29967	175 
29968	701 
29969	819 
29970	474 
29971	849 
29972	924 
29973	483 
29974	122 
29975	797 
29976	437 
29977	250 
29978	312 
29979	792 
29980	80 
29981	360 
29982	342 
29983	229 
29984	832 
29985	77 
29986	512 
29987	343 
29988	610 
29989	147 
29990	666 
29991	34 
29992	69 
29993	147 
29994	290 
29995	676 
29996	328 
29997	365 
29998	769 
29999	233 
30000	52 
30001	425 
30002	748 
30003	819 
30004	64 
30005	10 
30006	129 
30007	529 
30008	692 
30009	124 
30010	470 
30011	419 
30012	372 
30013	889 
30014	172 
30015	939 
30016	568 
30017	67 
30018	181 
30019	580 
30020	199 
30021	531 
30022	425 
30023	3 
30024	607 
30025	251 
30026	745 
30027	917 
30028	789 
30029	435 
30030	290 
30031	861 
30032	225 
30033	684 
30034	725 
30035	35 
30036	196 
30037	266 
30038	402 
30039	652 
30040	494 
30041	58 
30042	599 
30043	392 
30044	257 
30045	797 
30046	193 
30047	229 
30048	552 
30049	21 
30050	788 
30051	693 
30052	455 
30053	186 
30054	599 
30055	183 
30056	396 
30057	607 
30058	92 
30059	328 
30060	124 
30061	483 
30062	889 
30063	265 
30064	836 
30065	837 
30066	878 
30067	865 
30068	138 
30069	852 
30070	217 
30071	759 
30072	692 
30073	469 
30074	238 
30075	129 
30076	905 
30077	180 
30078	673 
30079	133 
30080	939 
30081	287 
30082	748 
30083	623 
30084	286 
30085	190 
30086	772 
30087	162 
30088	34 
30089	378 
30090	37 
30091	621 
30092	603 
30093	613 
30094	24 
30095	595 
30096	269 
30097	172 
30098	354 
30099	43 
30100	631 
30101	780 
30102	667 
30103	209 
30104	754 
30105	408 
30106	651 
30107	661 
30108	217 
30109	215 
30110	291 
30111	225 
30112	887 
30113	229 
30114	242 
30115	304 
30116	692 
30117	350 
30118	77 
30119	173 
30120	12 
30121	483 
30122	18 
30123	127 
30124	542 
30125	221 
30126	629 
30127	875 
30128	667 
30129	224 
30130	506 
30131	923 
30132	221 
30133	311 
30134	552 
30135	712 
30136	247 
30137	402 
30138	488 
30139	891 
30140	389 
30141	13 
30142	511 
30143	224 
30144	52 
30145	599 
30146	401 
30147	263 
30148	643 
30149	483 
30150	48 
30151	321 
30152	427 
30153	27 
30154	27 
30155	185 
30156	552 
30157	50 
30158	804 
30159	76 
30160	219 
30161	932 
30162	787 
30163	148 
30164	331 
30165	277 
30166	158 
30167	895 
30168	730 
30169	537 
30170	363 
30171	121 
30172	899 
30173	916 
30174	884 
30175	529 
30176	936 
30177	86 
30178	777 
30179	163 
30180	878 
30181	148 
30182	254 
30183	839 
30184	251 
30185	238 
30186	304 
30187	870 
30188	60 
30189	513 
30190	12 
30191	340 
30192	82 
30193	419 
30194	467 
30195	856 
30196	675 
30197	623 
30198	836 
30199	676 
30200	792 
30201	610 
30202	887 
30203	84 
30204	111 
30205	486 
30206	279 
30207	503 
30208	583 
30209	286 
30210	631 
30211	183 
30212	541 
30213	276 
30214	221 
30215	552 
30216	782 
30217	859 
30218	767 
30219	91 
30220	850 
30221	702 
30222	587 
30223	111 
30224	884 
30225	52 
30226	729 
30227	531 
30228	290 
30229	221 
30230	815 
30231	409 
30232	897 
30233	405 
30234	491 
30235	172 
30236	913 
30237	667 
30238	48 
30239	244 
30240	631 
30241	35 
30242	550 
30243	283 
30244	134 
30245	811 
30246	192 
30247	234 
30248	200 
30249	790 
30250	210 
30251	27 
30252	283 
30253	898 
30254	352 
30255	208 
30256	863 
30257	922 
30258	342 
30259	535 
30260	42 
30261	579 
30262	389 
30263	825 
30264	185 
30265	792 
30266	169 
30267	875 
30268	232 
30269	943 
30270	281 
30271	534 
30272	206 
30273	642 
30274	276 
30275	939 
30276	125 
30277	162 
30278	907 
30279	704 
30280	837 
30281	262 
30282	844 
30283	787 
30284	510 
30285	596 
30286	923 
30287	44 
30288	198 
30289	359 
30290	549 
30291	91 
30292	939 
30293	437 
30294	485 
30295	504 
30296	425 
30297	759 
30298	379 
30299	328 
30300	635 
30301	923 
30302	911 
30303	125 
30304	246 
30305	551 
30306	164 
30307	614 
30308	459 
30309	82 
30310	681 
30311	892 
30312	213 
30313	848 
30314	134 
30315	25 
30316	832 
30317	825 
30318	449 
30319	713 
30320	389 
30321	372 
30322	175 
30323	269 
30324	551 
30325	661 
30326	412 
30327	889 
30328	945 
30329	50 
30330	818 
30331	399 
30332	618 
30333	476 
30334	204 
30335	262 
30336	696 
30337	865 
30338	185 
30339	681 
30340	574 
30341	547 
30342	560 
30343	53 
30344	599 
30345	69 
30346	138 
30347	628 
30348	825 
30349	759 
30350	872 
30351	549 
30352	832 
30353	725 
30354	328 
30355	180 
30356	483 
30357	390 
30358	324 
30359	453 
30360	623 
30361	886 
30362	600 
30363	97 
30364	600 
30365	542 
30366	167 
30367	488 
30368	778 
30369	259 
30370	155 
30371	681 
30372	411 
30373	903 
30374	663 
30375	277 
30376	920 
30377	210 
30378	493 
30379	554 
30380	812 
30381	666 
30382	193 
30383	132 
30384	820 
30385	779 
30386	499 
30387	224 
30388	737 
30389	494 
30390	840 
30391	63 
30392	506 
30393	922 
30394	646 
30395	282 
30396	526 
30397	944 
30398	263 
30399	408 
30400	687 
30401	720 
30402	766 
30403	826 
30404	699 
30405	34 
30406	123 
30407	452 
30408	130 
30409	293 
30410	208 
30411	696 
30412	675 
30413	285 
30414	167 
30415	50 
30416	88 
30417	660 
30418	16 
30419	19 
30420	50 
30421	534 
30422	87 
30423	562 
30424	124 
30425	513 
30426	163 
30427	287 
30428	124 
30429	834 
30430	128 
30431	32 
30432	32 
30433	558 
30434	219 
30435	210 
30436	635 
30437	5 
30438	610 
30439	628 
30440	259 
30441	247 
30442	70 
30443	208 
30444	281 
30445	601 
30446	453 
30447	194 
30448	506 
30449	391 
30450	844 
30451	67 
30452	191 
30453	865 
30454	824 
30455	205 
30456	812 
30457	1 
30458	132 
30459	761 
30460	492 
30461	90 
30462	739 
30463	488 
30464	597 
30465	269 
30466	701 
30467	717 
30468	77 
30469	816 
30470	127 
30471	486 
30472	227 
30473	104 
30474	793 
30475	470 
30476	384 
30477	215 
30478	735 
30479	884 
30480	938 
30481	924 
30482	659 
30483	543 
30484	162 
30485	134 
30486	13 
30487	292 
30488	628 
30489	721 
30490	889 
30491	401 
30492	291 
30493	175 
30494	147 
30495	757 
30496	601 
30497	282 
30498	341 
30499	770 
30500	139 
30501	363 
30502	648 
30503	224 
30504	511 
30505	836 
30506	678 
30507	692 
30508	160 
30509	636 
30510	485 
30511	922 
30512	812 
30513	841 
30514	321 
30515	225 
30516	456 
30517	60 
30518	687 
30519	812 
30520	438 
30521	714 
30522	475 
30523	292 
30524	470 
30525	18 
30526	199 
30527	725 
30528	900 
30529	510 
30530	885 
30531	401 
30532	725 
30533	591 
30534	559 
30535	449 
30536	204 
30537	266 
30538	384 
30539	220 
30540	848 
30541	542 
30542	430 
30543	34 
30544	207 
30545	491 
30546	522 
30547	506 
30548	29 
30549	514 
30550	34 
30551	769 
30552	838 
30553	770 
30554	19 
30555	161 
30556	621 
30557	227 
30558	290 
30559	596 
30560	450 
30561	488 
30562	121 
30563	912 
30564	772 
30565	623 
30566	359 
30567	935 
30568	656 
30569	51 
30570	242 
30571	407 
30572	402 
30573	130 
30574	60 
30575	227 
30576	224 
30577	676 
30578	25 
30579	633 
30580	693 
30581	812 
30582	759 
30583	899 
30584	912 
30585	847 
30586	360 
30587	287 
30588	558 
30589	739 
30590	138 
30591	636 
30592	50 
30593	945 
30594	138 
30595	587 
30596	186 
30597	188 
30598	344 
30599	777 
30600	528 
30601	263 
30602	550 
30603	640 
30604	793 
30605	197 
30606	24 
30607	449 
30608	656 
30609	72 
30610	613 
30611	793 
30612	229 
30613	754 
30614	285 
30615	361 
30616	822 
30617	181 
30618	344 
30619	528 
30620	121 
30621	83 
30622	526 
30623	748 
30624	343 
30625	786 
30626	116 
30627	521 
30628	865 
30629	742 
30630	30 
30631	280 
30632	600 
30633	781 
30634	183 
30635	361 
30636	812 
30637	704 
30638	169 
30639	384 
30640	476 
30641	373 
30642	835 
30643	213 
30644	343 
30645	207 
30646	211 
30647	882 
30648	781 
30649	210 
30650	149 
30651	482 
30652	913 
30653	836 
30654	214 
30655	911 
30656	660 
30657	754 
30658	675 
30659	391 
30660	528 
30661	411 
30662	746 
30663	719 
30664	39 
30665	865 
30666	820 
30667	852 
30668	577 
30669	922 
30670	399 
30671	610 
30672	687 
30673	891 
30674	699 
30675	943 
30676	453 
30677	148 
30678	366 
30679	356 
30680	713 
30681	510 
30682	529 
30683	485 
30684	332 
30685	525 
30686	208 
30687	529 
30688	849 
30689	806 
30690	595 
30691	928 
30692	15 
30693	87 
30694	379 
30695	361 
30696	745 
30697	693 
30698	740 
30699	459 
30700	16 
30701	935 
30702	652 
30703	435 
30704	48 
30705	820 
30706	837 
30707	944 
30708	849 
30709	583 
30710	587 
30711	97 
30712	471 
30713	813 
30714	331 
30715	230 
30716	440 
30717	74 
30718	628 
30719	24 
30720	714 
30721	290 
30722	911 
30723	596 
30724	314 
30725	121 
30726	359 
30727	510 
30728	748 
30729	913 
30730	878 
30731	552 
30732	374 
30733	547 
30734	31 
30735	281 
30736	621 
30737	936 
30738	834 
30739	607 
30740	508 
30741	869 
30742	225 
30743	326 
30744	473 
30745	396 
30746	575 
30747	944 
30748	213 
30749	888 
30750	116 
30751	603 
30752	780 
30753	158 
30754	852 
30755	839 
30756	844 
30757	531 
30758	141 
30759	819 
30760	70 
30761	596 
30762	219 
30763	121 
30764	780 
30765	116 
30766	247 
30767	350 
30768	12 
30769	74 
30770	167 
30771	568 
30772	675 
30773	172 
30774	635 
30775	258 
30776	649 
30777	155 
30778	797 
30779	829 
30780	156 
30781	849 
30782	844 
30783	453 
30784	562 
30785	558 
30786	53 
30787	779 
30788	453 
30789	271 
30790	213 
30791	121 
30792	775 
30793	595 
30794	681 
30795	509 
30796	196 
30797	341 
30798	577 
30799	177 
30800	923 
30801	874 
30802	494 
30803	141 
30804	542 
30805	799 
30806	352 
30807	5 
30808	775 
30809	636 
30810	147 
30811	812 
30812	392 
30813	549 
30814	188 
30815	19 
30816	590 
30817	132 
30818	57 
30819	554 
30820	242 
30821	72 
30822	832 
30823	932 
30824	603 
30825	757 
30826	405 
30827	745 
30828	408 
30829	70 
30830	720 
30831	227 
30832	933 
30833	660 
30834	32 
30835	138 
30836	314 
30837	60 
30838	520 
30839	29 
30840	725 
30841	75 
30842	899 
30843	256 
30844	87 
30845	534 
30846	269 
30847	631 
30848	668 
30849	326 
30850	476 
30851	276 
30852	52 
30853	247 
30854	127 
30855	300 
30856	321 
30857	820 
30858	543 
30859	106 
30860	892 
30861	208 
30862	280 
30863	53 
30864	39 
30865	327 
30866	213 
30867	298 
30868	923 
30869	616 
30870	679 
30871	391 
30872	575 
30873	730 
30874	832 
30875	675 
30876	911 
30877	486 
30878	57 
30879	171 
30880	402 
30881	440 
30882	675 
30883	797 
30884	408 
30885	109 
30886	875 
30887	141 
30888	683 
30889	405 
30890	626 
30891	575 
30892	560 
30893	859 
30894	792 
30895	141 
30896	832 
30897	17 
30898	183 
30899	906 
30900	676 
30901	194 
30902	582 
30903	522 
30904	790 
30905	206 
30906	660 
30907	333 
30908	247 
30909	368 
30910	451 
30911	636 
30912	693 
30913	927 
30914	283 
30915	158 
30916	324 
30917	376 
30918	160 
30919	302 
30920	623 
30921	882 
30922	713 
30923	725 
30924	725 
30925	936 
30926	911 
30927	864 
30928	115 
30929	696 
30930	691 
30931	676 
30932	49 
30933	914 
30934	528 
30935	353 
30936	169 
30937	584 
30938	575 
30939	328 
30940	53 
30941	944 
30942	661 
30943	141 
30944	419 
30945	304 
30946	134 
30947	875 
30948	236 
30949	127 
30950	141 
30951	279 
30952	644 
30953	718 
30954	271 
30955	757 
30956	188 
30957	266 
30958	626 
30959	407 
30960	610 
30961	135 
30962	175 
30963	474 
30964	133 
30965	368 
30966	229 
30967	419 
30968	25 
30969	520 
30970	522 
30971	675 
30972	885 
30973	725 
30974	331 
30975	452 
30976	763 
30977	328 
30978	224 
30979	766 
30980	825 
30981	508 
30982	817 
30983	100 
30984	157 
30985	158 
30986	483 
30987	789 
30988	602 
30989	452 
30990	220 
30991	754 
30992	582 
30993	224 
30994	666 
30995	71 
30996	51 
30997	600 
30998	127 
30999	488 
31000	813 
31001	244 
31002	817 
31003	379 
31004	905 
31005	884 
31006	457 
31007	34 
31008	486 
31009	558 
31010	120 
31011	836 
31012	452 
31013	159 
31014	772 
31015	186 
31016	815 
31017	199 
31018	127 
31019	691 
31020	839 
31021	529 
31022	886 
31023	387 
31024	851 
31025	901 
31026	62 
31027	692 
31028	346 
31029	242 
31030	455 
31031	100 
31032	848 
31033	526 
31034	286 
31035	277 
31036	692 
31037	164 
31038	149 
31039	891 
31040	557 
31041	266 
31042	162 
31043	642 
31044	927 
31045	927 
31046	128 
31047	504 
31048	626 
31049	864 
31050	152 
31051	488 
31052	37 
31053	64 
31054	251 
31055	939 
31056	511 
31057	817 
31058	512 
31059	226 
31060	503 
31061	405 
31062	457 
31063	618 
31064	865 
31065	441 
31066	315 
31067	895 
31068	363 
31069	211 
31070	614 
31071	89 
31072	122 
31073	320 
31074	817 
31075	704 
31076	659 
31077	687 
31078	410 
31079	763 
31080	238 
31081	531 
31082	583 
31083	575 
31084	712 
31085	835 
31086	684 
31087	725 
31088	158 
31089	427 
31090	315 
31091	215 
31092	387 
31093	135 
31094	603 
31095	851 
31096	19 
31097	64 
31098	466 
31099	485 
31100	804 
31101	13 
31102	911 
31103	819 
31104	832 
31105	14 
31106	332 
31107	1 
31108	504 
31109	833 
31110	614 
31111	869 
31112	718 
31113	96 
31114	211 
31115	193 
31116	584 
31117	50 
31118	234 
31119	555 
31120	210 
31121	892 
31122	592 
31123	75 
31124	417 
31125	1 
31126	531 
31127	836 
31128	81 
31129	385 
31130	578 
31131	826 
31132	158 
31133	80 
31134	392 
31135	584 
31136	626 
31137	783 
31138	470 
31139	285 
31140	127 
31141	880 
31142	944 
31143	775 
31144	123 
31145	611 
31146	811 
31147	455 
31148	266 
31149	775 
31150	839 
31151	925 
31152	343 
31153	375 
31154	670 
31155	410 
31156	534 
31157	128 
31158	615 
31159	506 
31160	477 
31161	164 
31162	342 
31163	628 
31164	944 
31165	543 
31166	652 
31167	455 
31168	904 
31169	263 
31170	783 
31171	516 
31172	748 
31173	70 
31174	725 
31175	354 
31176	409 
31177	72 
31178	696 
31179	529 
31180	343 
31181	26 
31182	211 
31183	651 
31184	488 
31185	486 
31186	526 
31187	285 
31188	417 
31189	629 
31190	864 
31191	886 
31192	631 
31193	67 
31194	844 
31195	138 
31196	459 
31197	887 
31198	345 
31199	597 
31200	840 
31201	916 
31202	26 
31203	311 
31204	160 
31205	780 
31206	836 
31207	537 
31208	939 
31209	26 
31210	342 
31211	343 
31212	213 
31213	509 
31214	121 
31215	590 
31216	506 
31217	893 
31218	320 
31219	377 
31220	438 
31221	166 
31222	884 
31223	127 
31224	202 
31225	199 
31226	154 
31227	661 
31228	227 
31229	667 
31230	941 
31231	449 
31232	269 
31233	775 
31234	692 
31235	121 
31236	96 
31237	188 
31238	199 
31239	376 
31240	740 
31241	99 
31242	109 
31243	34 
31244	401 
31245	820 
31246	15 
31247	262 
31248	372 
31249	341 
31250	717 
31251	455 
31252	396 
31253	67 
31254	475 
31255	236 
31256	69 
31257	141 
31258	454 
31259	29 
31260	283 
31261	276 
31262	822 
31263	479 
31264	77 
31265	578 
31266	154 
31267	558 
31268	430 
31269	907 
31270	932 
31271	292 
31272	459 
31273	518 
31274	936 
31275	691 
31276	343 
31277	13 
31278	213 
31279	125 
31280	262 
31281	718 
31282	510 
31283	529 
31284	324 
31285	603 
31286	3 
31287	205 
31288	463 
31289	681 
31290	528 
31291	927 
31292	529 
31293	927 
31294	257 
31295	234 
31296	626 
31297	646 
31298	884 
31299	718 
31300	504 
31301	353 
31302	611 
31303	223 
31304	219 
31305	285 
31306	453 
31307	238 
31308	425 
31309	185 
31310	865 
31311	211 
31312	99 
31313	621 
31314	601 
31315	659 
31316	455 
31317	886 
31318	410 
31319	461 
31320	91 
31321	891 
31322	183 
31323	927 
31324	483 
31325	356 
31326	921 
31327	717 
31328	806 
31329	290 
31330	356 
31331	77 
31332	806 
31333	806 
31334	687 
31335	459 
31336	356 
31337	549 
31338	191 
31339	570 
31340	63 
31341	652 
31342	543 
31343	766 
31344	732 
31345	841 
31346	635 
31347	549 
31348	646 
31349	568 
31350	486 
31351	717 
31352	138 
31353	64 
31354	899 
31355	740 
31356	623 
31357	370 
31358	471 
31359	875 
31360	392 
31361	285 
31362	713 
31363	154 
31364	285 
31365	34 
31366	229 
31367	746 
31368	10 
31369	304 
31370	740 
31371	568 
31372	230 
31373	683 
31374	925 
31375	554 
31376	353 
31377	52 
31378	392 
31379	319 
31380	912 
31381	787 
31382	410 
31383	83 
31384	792 
31385	259 
31386	652 
31387	83 
31388	844 
31389	597 
31390	759 
31391	541 
31392	133 
31393	719 
31394	392 
31395	112 
31396	529 
31397	704 
31398	87 
31399	787 
31400	25 
31401	938 
31402	163 
31403	660 
31404	68 
31405	511 
31406	936 
31407	735 
31408	615 
31409	50 
31410	787 
31411	748 
31412	72 
31413	163 
31414	48 
31415	215 
31416	550 
31417	374 
31418	408 
31419	743 
31420	562 
31421	547 
31422	676 
31423	315 
31424	42 
31425	266 
31426	944 
31427	541 
31428	577 
31429	419 
31430	166 
31431	411 
31432	936 
31433	528 
31434	373 
31435	531 
31436	550 
31437	642 
31438	372 
31439	932 
31440	667 
31441	865 
31442	115 
31443	407 
31444	193 
31445	278 
31446	419 
31447	939 
31448	867 
31449	553 
31450	331 
31451	557 
31452	805 
31453	425 
31454	96 
31455	825 
31456	343 
31457	213 
31458	120 
31459	15 
31460	467 
31461	135 
31462	578 
31463	277 
31464	166 
31465	37 
31466	913 
31467	142 
31468	226 
31469	139 
31470	18 
31471	387 
31472	45 
31473	190 
31474	474 
31475	578 
31476	701 
31477	825 
31478	780 
31479	157 
31480	859 
31481	392 
31482	537 
31483	552 
31484	939 
31485	757 
31486	640 
31487	334 
31488	746 
31489	718 
31490	344 
31491	328 
31492	683 
31493	518 
31494	740 
31495	211 
31496	238 
31497	675 
31498	600 
31499	280 
31500	133 
31501	158 
31502	695 
31503	262 
31504	563 
31505	836 
31506	704 
31507	392 
31508	646 
31509	945 
31510	571 
31511	787 
31512	763 
31513	219 
31514	675 
31515	359 
31516	704 
31517	832 
31518	455 
31519	49 
31520	292 
31521	321 
31522	914 
31523	630 
31524	651 
31525	610 
31526	290 
31527	899 
31528	885 
31529	512 
31530	361 
31531	712 
31532	692 
31533	938 
31534	536 
31535	813 
31536	909 
31537	132 
31538	839 
31539	663 
31540	791 
31541	597 
31542	483 
31543	75 
31544	206 
31545	392 
31546	817 
31547	542 
31548	453 
31549	633 
31550	184 
31551	660 
31552	921 
31553	743 
31554	550 
31555	78 
31556	644 
31557	832 
31558	875 
31559	913 
31560	154 
31561	939 
31562	183 
31563	160 
31564	199 
31565	172 
31566	123 
31567	693 
31568	34 
31569	44 
31570	791 
31571	597 
31572	474 
31573	379 
31574	550 
31575	628 
31576	835 
31577	898 
31578	944 
31579	44 
31580	820 
31581	14 
31582	704 
31583	449 
31584	696 
31585	825 
31586	148 
31587	675 
31588	130 
31589	225 
31590	529 
31591	927 
31592	67 
31593	812 
31594	527 
31595	501 
31596	696 
31597	374 
31598	528 
31599	639 
31600	96 
31601	33 
31602	159 
31603	163 
31604	475 
31605	67 
31606	71 
31607	944 
31608	757 
31609	913 
31610	349 
31611	511 
31612	514 
31613	319 
31614	142 
31615	892 
31616	610 
31617	811 
31618	223 
31619	279 
31620	754 
31621	925 
31622	551 
31623	628 
31624	82 
31625	587 
31626	122 
31627	583 
31628	356 
31629	780 
31630	159 
31631	739 
31632	441 
31633	643 
31634	491 
31635	757 
31636	99 
31637	164 
31638	616 
31639	889 
31640	14 
31641	644 
31642	127 
31643	292 
31644	520 
31645	459 
31646	760 
31647	296 
31648	938 
31649	924 
31650	384 
31651	184 
31652	520 
31653	506 
31654	659 
31655	70 
31656	247 
31657	504 
31658	226 
31659	692 
31660	64 
31661	470 
31662	379 
31663	11 
31664	287 
31665	889 
31666	159 
31667	391 
31668	321 
31669	797 
31670	905 
31671	901 
31672	479 
31673	387 
31674	160 
31675	48 
31676	817 
31677	181 
31678	813 
31679	356 
31680	359 
31681	472 
31682	331 
31683	102 
31684	343 
31685	104 
31686	163 
31687	887 
31688	390 
31689	343 
31690	541 
31691	886 
31692	521 
31693	761 
31694	745 
31695	497 
31696	754 
31697	568 
31698	696 
31699	225 
31700	848 
31701	185 
31702	550 
31703	578 
31704	344 
31705	285 
31706	499 
31707	169 
31708	787 
31709	126 
31710	410 
31711	847 
31712	296 
31713	24 
31714	203 
31715	677 
31716	851 
31717	560 
31718	504 
31719	185 
31720	542 
31721	67 
31722	936 
31723	529 
31724	646 
31725	718 
31726	304 
31727	506 
31728	528 
31729	392 
31730	117 
31731	747 
31732	236 
31733	5 
31734	550 
31735	628 
31736	298 
31737	550 
31738	673 
31739	255 
31740	820 
31741	224 
31742	52 
31743	346 
31744	914 
31745	562 
31746	350 
31747	129 
31748	835 
31749	825 
31750	915 
31751	211 
31752	932 
31753	475 
31754	124 
31755	642 
31756	938 
31757	793 
31758	933 
31759	234 
31760	719 
31761	77 
31762	409 
31763	482 
31764	875 
31765	688 
31766	64 
31767	475 
31768	134 
31769	552 
31770	324 
31771	521 
31772	928 
31773	472 
31774	659 
31775	748 
31776	581 
31777	811 
31778	111 
31779	535 
31780	922 
31781	391 
31782	623 
31783	506 
31784	763 
31785	790 
31786	636 
31787	603 
31788	186 
31789	786 
31790	730 
31791	754 
31792	438 
31793	848 
31794	836 
31795	224 
31796	135 
31797	53 
31798	636 
31799	392 
31800	748 
31801	157 
31802	134 
31803	720 
31804	534 
31805	15 
31806	670 
31807	520 
31808	925 
31809	448 
31810	157 
31811	96 
31812	332 
31813	199 
31814	491 
31815	512 
31816	599 
31817	478 
31818	213 
31819	808 
31820	600 
31821	31 
31822	45 
31823	757 
31824	32 
31825	880 
31826	124 
31827	792 
31828	453 
31829	77 
31830	247 
31831	493 
31832	692 
31833	725 
31834	375 
31835	290 
31836	614 
31837	535 
31838	31 
31839	171 
31840	102 
31841	743 
31842	188 
31843	219 
31844	145 
31845	836 
31846	777 
31847	188 
31848	782 
31849	213 
31850	29 
31851	14 
31852	939 
31853	875 
31854	623 
31855	503 
31856	437 
31857	410 
31858	914 
31859	342 
31860	450 
31861	719 
31862	775 
31863	616 
31864	483 
31865	659 
31866	834 
31867	506 
31868	528 
31869	60 
31870	32 
31871	14 
31872	59 
31873	277 
31874	477 
31875	410 
31876	472 
31877	812 
31878	903 
31879	39 
31880	932 
31881	904 
31882	19 
31883	111 
31884	587 
31885	257 
31886	568 
31887	740 
31888	579 
31889	713 
31890	263 
31891	667 
31892	181 
31893	528 
31894	463 
31895	764 
31896	450 
31897	334 
31898	70 
31899	872 
31900	53 
31901	154 
31902	777 
31903	610 
31904	675 
31905	236 
31906	591 
31907	714 
31908	24 
31909	835 
31910	352 
31911	204 
31912	506 
31913	804 
31914	766 
31915	158 
31916	353 
31917	234 
31918	106 
31919	180 
31920	677 
31921	5 
31922	229 
31923	379 
31924	872 
31925	248 
31926	80 
31927	472 
31928	441 
31929	905 
31930	743 
31931	927 
31932	901 
31933	314 
31934	344 
31935	376 
31936	529 
31937	811 
31938	535 
31939	914 
31940	790 
31941	856 
31942	529 
31943	280 
31944	208 
31945	115 
31946	116 
31947	99 
31948	471 
31949	457 
31950	759 
31951	504 
31952	233 
31953	454 
31954	677 
31955	262 
31956	914 
31957	387 
31958	933 
31959	485 
31960	730 
31961	18 
31962	695 
31963	75 
31964	401 
31965	891 
31966	5 
31967	584 
31968	636 
31969	62 
31970	797 
31971	829 
31972	834 
31973	328 
31974	384 
31975	851 
31976	290 
31977	788 
31978	285 
31979	450 
31980	805 
31981	903 
31982	829 
31983	748 
31984	231 
31985	62 
31986	391 
31987	50 
31988	526 
31989	597 
31990	244 
31991	356 
31992	387 
31993	454 
31994	792 
31995	603 
31996	869 
31997	454 
31998	692 
31999	902 
32000	717 
32001	345 
32002	51 
32003	426 
32004	563 
32005	552 
32006	820 
32007	820 
32008	459 
32009	717 
32010	290 
32011	670 
32012	740 
32013	387 
32014	628 
32015	859 
32016	903 
32017	475 
32018	833 
32019	281 
32020	197 
32021	573 
32022	562 
32023	352 
32024	666 
32025	834 
32026	560 
32027	142 
32028	3 
32029	365 
32030	239 
32031	76 
32032	895 
32033	898 
32034	863 
32035	939 
32036	902 
32037	646 
32038	820 
32039	924 
32040	14 
32041	788 
32042	159 
32043	805 
32044	211 
32045	661 
32046	278 
32047	811 
32048	803 
32049	247 
32050	227 
32051	580 
32052	616 
32053	455 
32054	334 
32055	824 
32056	646 
32057	200 
32058	92 
32059	37 
32060	562 
32061	903 
32062	410 
32063	702 
32064	115 
32065	30 
32066	488 
32067	451 
32068	835 
32069	886 
32070	668 
32071	427 
32072	471 
32073	327 
32074	315 
32075	225 
32076	787 
32077	827 
32078	944 
32079	477 
32080	856 
32081	116 
32082	263 
32083	886 
32084	285 
32085	304 
32086	725 
32087	227 
32088	126 
32089	404 
32090	691 
32091	692 
32092	542 
32093	507 
32094	219 
32095	169 
32096	932 
32097	39 
32098	280 
32099	379 
32100	97 
32101	345 
32102	661 
32103	643 
32104	791 
32105	401 
32106	87 
32107	328 
32108	659 
32109	278 
32110	435 
32111	269 
32112	884 
32113	166 
32114	927 
32115	214 
32116	82 
32117	872 
32118	812 
32119	938 
32120	754 
32121	943 
32122	743 
32123	542 
32124	527 
32125	537 
32126	88 
32127	695 
32128	483 
32129	819 
32130	767 
32131	285 
32132	786 
32133	812 
32134	269 
32135	676 
32136	887 
32137	374 
32138	15 
32139	568 
32140	155 
32141	566 
32142	96 
32143	799 
32144	154 
32145	863 
32146	834 
32147	875 
32148	81 
32149	591 
32150	509 
32151	236 
32152	757 
32153	415 
32154	553 
32155	411 
32156	802 
32157	302 
32158	561 
32159	405 
32160	51 
32161	518 
32162	206 
32163	922 
32164	326 
32165	185 
32166	39 
32167	825 
32168	912 
32169	835 
32170	837 
32171	359 
32172	478 
32173	791 
32174	162 
32175	552 
32176	247 
32177	895 
32178	224 
32179	171 
32180	571 
32181	943 
32182	537 
32183	693 
32184	797 
32185	72 
32186	163 
32187	922 
32188	326 
32189	227 
32190	344 
32191	286 
32192	315 
32193	269 
32194	472 
32195	597 
32196	938 
32197	504 
32198	99 
32199	116 
32200	24 
32201	417 
32202	306 
32203	939 
32204	112 
32205	117 
32206	504 
32207	193 
32208	820 
32209	172 
32210	437 
32211	377 
32212	17 
32213	124 
32214	521 
32215	262 
32216	277 
32217	847 
32218	643 
32219	467 
32220	44 
32221	134 
32222	806 
32223	575 
32224	352 
32225	64 
32226	598 
32227	730 
32228	932 
32229	595 
32230	587 
32231	285 
32232	922 
32233	889 
32234	224 
32235	793 
32236	119 
32237	812 
32238	872 
32239	849 
32240	719 
32241	675 
32242	541 
32243	122 
32244	248 
32245	528 
32246	343 
32247	298 
32248	70 
32249	199 
32250	70 
32251	775 
32252	769 
32253	869 
32254	251 
32255	161 
32256	890 
32257	696 
32258	488 
32259	321 
32260	534 
32261	62 
32262	607 
32263	511 
32264	730 
32265	643 
32266	225 
32267	130 
32268	811 
32269	343 
32270	829 
32271	186 
32272	483 
32273	597 
32274	654 
32275	410 
32276	675 
32277	635 
32278	875 
32279	471 
32280	99 
32281	471 
32282	835 
32283	463 
32284	587 
32285	739 
32286	506 
32287	554 
32288	561 
32289	628 
32290	661 
32291	471 
32292	900 
32293	63 
32294	820 
32295	296 
32296	435 
32297	287 
32298	835 
32299	893 
32300	42 
32301	783 
32302	599 
32303	401 
32304	865 
32305	199 
32306	829 
32307	154 
32308	285 
32309	191 
32310	596 
32311	912 
32312	64 
32313	731 
32314	848 
32315	221 
32316	25 
32317	199 
32318	402 
32319	330 
32320	354 
32321	75 
32322	35 
32323	913 
32324	19 
32325	293 
32326	330 
32327	159 
32328	928 
32329	155 
32330	83 
32331	392 
32332	344 
32333	792 
32334	783 
32335	580 
32336	745 
32337	913 
32338	804 
32339	802 
32340	563 
32341	379 
32342	483 
32343	660 
32344	924 
32345	542 
32346	575 
32347	287 
32348	759 
32349	306 
32350	314 
32351	675 
32352	117 
32353	80 
32354	924 
32355	635 
32356	592 
32357	269 
32358	922 
32359	869 
32360	286 
32361	207 
32362	166 
32363	35 
32364	678 
32365	928 
32366	912 
32367	508 
32368	392 
32369	345 
32370	707 
32371	70 
32372	704 
32373	17 
32374	824 
32375	507 
32376	128 
32377	614 
32378	691 
32379	276 
32380	202 
32381	89 
32382	599 
32383	454 
32384	739 
32385	171 
32386	191 
32387	554 
32388	635 
32389	138 
32390	79 
32391	281 
32392	52 
32393	5 
32394	120 
32395	169 
32396	70 
32397	14 
32398	18 
32399	266 
32400	94 
32401	667 
32402	486 
32403	911 
32404	922 
32405	783 
32406	693 
32407	747 
32408	596 
32409	704 
32410	471 
32411	885 
32412	472 
32413	410 
32414	558 
32415	587 
32416	730 
32417	754 
32418	932 
32419	58 
32420	396 
32421	345 
32422	42 
32423	922 
32424	213 
32425	859 
32426	780 
32427	56 
32428	891 
32429	501 
32430	269 
32431	863 
32432	290 
32433	507 
32434	811 
32435	692 
32436	69 
32437	200 
32438	475 
32439	22 
32440	155 
32441	327 
32442	14 
32443	695 
32444	430 
32445	31 
32446	349 
32447	10 
32448	300 
32449	544 
32450	22 
32451	939 
32452	132 
32453	562 
32454	542 
32455	84 
32456	29 
32457	818 
32458	743 
32459	391 
32460	884 
32461	263 
32462	670 
32463	640 
32464	786 
32465	808 
32466	470 
32467	438 
32468	720 
32469	119 
32470	635 
32471	455 
32472	29 
32473	130 
32474	279 
32475	224 
32476	730 
32477	762 
32478	210 
32479	887 
32480	747 
32481	663 
32482	757 
32483	391 
32484	629 
32485	543 
32486	211 
32487	392 
32488	690 
32489	570 
32490	285 
32491	276 
32492	712 
32493	238 
32494	646 
32495	513 
32496	10 
32497	290 
32498	175 
32499	688 
32500	83 
32501	912 
32502	690 
32503	723 
32504	675 
32505	396 
32506	510 
32507	402 
32508	760 
32509	410 
32510	528 
32511	451 
32512	30 
32513	379 
32514	478 
32515	541 
32516	75 
32517	410 
32518	45 
32519	227 
32520	247 
32521	470 
32522	799 
32523	158 
32524	573 
32525	592 
32526	806 
32527	280 
32528	133 
32529	739 
32530	587 
32531	562 
32532	494 
32533	535 
32534	345 
32535	169 
32536	229 
32537	819 
32538	903 
32539	42 
32540	180 
32541	49 
32542	372 
32543	141 
32544	172 
32545	691 
32546	53 
32547	560 
32548	483 
32549	42 
32550	472 
32551	763 
32552	1 
32553	441 
32554	945 
32555	152 
32556	377 
32557	555 
32558	494 
32559	812 
32560	670 
32561	145 
32562	281 
32563	869 
32564	315 
32565	827 
32566	16 
32567	742 
32568	818 
32569	77 
32570	25 
32571	326 
32572	675 
32573	763 
32574	623 
32575	628 
32576	687 
32577	5 
32578	762 
32579	356 
32580	154 
32581	298 
32582	29 
32583	45 
32584	120 
32585	783 
32586	777 
32587	892 
32588	459 
32589	649 
32590	389 
32591	37 
32592	251 
32593	631 
32594	835 
32595	87 
32596	223 
32597	714 
32598	834 
32599	229 
32600	631 
32601	50 
32602	233 
32603	466 
32604	596 
32605	642 
32606	635 
32607	285 
32608	423 
32609	575 
32610	162 
32611	805 
32612	229 
32613	334 
32614	437 
32615	714 
32616	356 
32617	373 
32618	618 
32619	668 
32620	661 
32621	911 
32622	292 
32623	282 
32624	528 
32625	453 
32626	578 
32627	838 
32628	42 
32629	745 
32630	106 
32631	936 
32632	320 
32633	58 
32634	451 
32635	449 
32636	50 
32637	87 
32638	263 
32639	924 
32640	640 
32641	628 
32642	754 
32643	746 
32644	529 
32645	635 
32646	96 
32647	939 
32648	139 
32649	717 
32650	848 
32651	242 
32652	933 
32653	331 
32654	18 
32655	646 
32656	501 
32657	77 
32658	906 
32659	844 
32660	787 
32661	787 
32662	49 
32663	787 
32664	87 
32665	887 
32666	732 
32667	729 
32668	127 
32669	580 
32670	221 
32671	880 
32672	518 
32673	437 
32674	587 
32675	849 
32676	851 
32677	37 
32678	24 
32679	696 
32680	543 
32681	754 
32682	280 
32683	86 
32684	717 
32685	86 
32686	651 
32687	172 
32688	246 
32689	160 
32690	646 
32691	743 
32692	230 
32693	392 
32694	481 
32695	440 
32696	286 
32697	169 
32698	731 
32699	668 
32700	757 
32701	813 
32702	191 
32703	225 
32704	92 
32705	659 
32706	278 
32707	832 
32708	922 
32709	328 
32710	597 
32711	824 
32712	888 
32713	63 
32714	587 
32715	915 
32716	158 
32717	922 
32718	224 
32719	16 
32720	568 
32721	584 
32722	376 
32723	817 
32724	44 
32725	172 
32726	292 
32727	596 
32728	912 
32729	676 
32730	68 
32731	3 
32732	788 
32733	328 
32734	224 
32735	361 
32736	584 
32737	563 
32738	321 
32739	863 
32740	282 
32741	793 
32742	34 
32743	596 
32744	635 
32745	849 
32746	488 
32747	141 
32748	221 
32749	130 
32750	438 
32751	86 
32752	266 
32753	74 
32754	407 
32755	719 
32756	116 
32757	717 
32758	511 
32759	217 
32760	780 
32761	285 
32762	387 
32763	884 
32764	311 
32765	217 
32766	806 
32767	300 
32768	660 
32769	856 
32770	364 
32771	944 
32772	938 
32773	849 
32774	552 
32775	470 
32776	172 
32777	754 
32778	198 
32779	361 
32780	211 
32781	199 
32782	488 
32783	597 
32784	915 
32785	559 
32786	591 
32787	225 
32788	175 
32789	257 
32790	158 
32791	770 
32792	296 
32793	451 
32794	923 
32795	225 
32796	836 
32797	72 
32798	512 
32799	344 
32800	293 
32801	407 
32802	839 
32803	792 
32804	229 
32805	206 
32806	551 
32807	111 
32808	656 
32809	83 
32810	172 
32811	343 
32812	34 
32813	696 
32814	181 
32815	236 
32816	628 
32817	466 
32818	18 
32819	152 
32820	363 
32821	49 
32822	777 
32823	566 
32824	793 
32825	577 
32826	238 
32827	863 
32828	246 
32829	834 
32830	813 
32831	350 
32832	812 
32833	319 
32834	408 
32835	813 
32836	450 
32837	463 
32838	597 
32839	474 
32840	199 
32841	412 
32842	837 
32843	48 
32844	213 
32845	944 
32846	79 
32847	387 
32848	890 
32849	603 
32850	797 
32851	560 
32852	836 
32853	810 
32854	248 
32855	141 
32856	463 
32857	835 
32858	941 
32859	488 
32860	595 
32861	640 
32862	835 
32863	922 
32864	704 
32865	791 
32866	635 
32867	262 
32868	341 
32869	740 
32870	642 
32871	730 
32872	814 
32873	401 
32874	164 
32875	238 
32876	922 
32877	96 
32878	848 
32879	900 
32880	236 
32881	134 
32882	872 
32883	79 
32884	504 
32885	501 
32886	354 
32887	646 
32888	494 
32889	527 
32890	501 
32891	483 
32892	851 
32893	836 
32894	35 
32895	912 
32896	15 
32897	618 
32898	884 
32899	681 
32900	50 
32901	402 
32902	578 
32903	837 
32904	341 
32905	27 
32906	123 
32907	839 
32908	623 
32909	134 
32910	849 
32911	875 
32912	440 
32913	248 
32914	44 
32915	387 
32916	713 
32917	451 
32918	449 
32919	824 
32920	390 
32921	104 
32922	384 
32923	145 
32924	124 
32925	754 
32926	419 
32927	510 
32928	312 
32929	536 
32930	166 
32931	70 
32932	799 
32933	815 
32934	435 
32935	735 
32936	745 
32937	659 
32938	554 
32939	882 
32940	691 
32941	224 
32942	558 
32943	603 
32944	739 
32945	102 
32946	449 
32947	180 
32948	471 
32949	938 
32950	553 
32951	346 
32952	84 
32953	701 
32954	18 
32955	16 
32956	115 
32957	886 
32958	630 
32959	939 
32960	757 
32961	229 
32962	83 
32963	550 
32964	820 
32965	208 
32966	163 
32967	49 
32968	944 
32969	742 
32970	553 
32971	238 
32972	587 
32973	646 
32974	96 
32975	387 
32976	838 
32977	510 
32978	181 
32979	32 
32980	213 
32981	193 
32982	379 
32983	263 
32984	938 
32985	50 
32986	437 
32987	909 
32988	732 
32989	117 
32990	806 
32991	636 
32992	208 
32993	298 
32994	890 
32995	509 
32996	535 
32997	50 
32998	459 
32999	907 
33000	837 
33001	848 
33002	598 
33003	384 
33004	748 
33005	248 
33006	476 
33007	25 
33008	628 
33009	202 
33010	155 
33011	915 
33012	944 
33013	60 
33014	344 
33015	193 
33016	848 
33017	276 
33018	472 
33019	470 
33020	817 
33021	835 
33022	430 
33023	364 
33024	920 
33025	494 
33026	497 
33027	688 
33028	922 
33029	183 
33030	743 
33031	546 
33032	676 
33033	629 
33034	109 
33035	286 
33036	797 
33037	12 
33038	315 
33039	542 
33040	5 
33041	885 
33042	67 
33043	49 
33044	343 
33045	775 
33046	531 
33047	396 
33048	331 
33049	635 
33050	163 
33051	196 
33052	16 
33053	344 
33054	123 
33055	374 
33056	787 
33057	24 
33058	553 
33059	486 
33060	199 
33061	731 
33062	588 
33063	757 
33064	51 
33065	772 
33066	905 
33067	668 
33068	851 
33069	391 
33070	775 
33071	552 
33072	692 
33073	636 
33074	787 
33075	1 
33076	221 
33077	568 
33078	643 
33079	248 
33080	486 
33081	717 
33082	194 
33083	80 
33084	281 
33085	411 
33086	163 
33087	183 
33088	483 
33089	70 
33090	263 
33091	792 
33092	826 
33093	543 
33094	704 
33095	497 
33096	126 
33097	562 
33098	636 
33099	543 
33100	277 
33101	141 
33102	888 
33103	375 
33104	455 
33105	141 
33106	629 
33107	675 
33108	64 
33109	675 
33110	411 
33111	864 
33112	238 
33113	359 
33114	880 
33115	359 
33116	884 
33117	880 
33118	24 
33119	3 
33120	790 
33121	814 
33122	803 
33123	508 
33124	62 
33125	587 
33126	904 
33127	89 
33128	745 
33129	254 
33130	885 
33131	248 
33132	208 
33133	725 
33134	804 
33135	219 
33136	719 
33137	430 
33138	933 
33139	80 
33140	707 
33141	712 
33142	503 
33143	875 
33144	51 
33145	494 
33146	390 
33147	922 
33148	227 
33149	494 
33150	635 
33151	1 
33152	520 
33153	542 
33154	377 
33155	133 
33156	69 
33157	511 
33158	603 
33159	392 
33160	344 
33161	717 
33162	157 
33163	810 
33164	100 
33165	10 
33166	901 
33167	690 
33168	328 
33169	837 
33170	719 
33171	32 
33172	453 
33173	748 
33174	121 
33175	287 
33176	204 
33177	221 
33178	865 
33179	717 
33180	573 
33181	34 
33182	459 
33183	660 
33184	914 
33185	829 
33186	224 
33187	541 
33188	306 
33189	454 
33190	541 
33191	779 
33192	33 
33193	754 
33194	558 
33195	154 
33196	463 
33197	890 
33198	704 
33199	77 
33200	449 
33201	391 
33202	552 
33203	191 
33204	31 
33205	783 
33206	575 
33207	189 
33208	924 
33209	922 
33210	80 
33211	167 
33212	287 
33213	158 
33214	643 
33215	504 
33216	315 
33217	405 
33218	504 
33219	552 
33220	158 
33221	196 
33222	255 
33223	292 
33224	342 
33225	636 
33226	909 
33227	50 
33228	740 
33229	259 
33230	651 
33231	211 
33232	213 
33233	402 
33234	116 
33235	646 
33236	266 
33237	591 
33238	145 
33239	763 
33240	283 
33241	688 
33242	681 
33243	405 
33244	290 
33245	835 
33246	859 
33247	568 
33248	835 
33249	869 
33250	550 
33251	488 
33252	725 
33253	504 
33254	157 
33255	621 
33256	704 
33257	507 
33258	757 
33259	692 
33260	943 
33261	607 
33262	185 
33263	729 
33264	203 
33265	102 
33266	304 
33267	656 
33268	713 
33269	180 
33270	127 
33271	835 
33272	353 
33273	847 
33274	349 
33275	938 
33276	527 
33277	19 
33278	34 
33279	75 
33280	230 
33281	614 
33282	327 
33283	266 
33284	186 
33285	552 
33286	636 
33287	206 
33288	922 
33289	238 
33290	939 
33291	306 
33292	130 
33293	786 
33294	315 
33295	374 
33296	614 
33297	675 
33298	247 
33299	211 
33300	704 
33301	623 
33302	921 
33303	832 
33304	661 
33305	470 
33306	196 
33307	488 
33308	224 
33309	159 
33310	699 
33311	330 
33312	865 
33313	157 
33314	491 
33315	331 
33316	578 
33317	725 
33318	441 
33319	534 
33320	278 
33321	692 
33322	482 
33323	56 
33324	531 
33325	636 
33326	387 
33327	320 
33328	599 
33329	159 
33330	856 
33331	849 
33332	688 
33333	905 
33334	588 
33335	255 
33336	792 
33337	330 
33338	792 
33339	886 
33340	210 
33341	466 
33342	550 
33343	247 
33344	701 
33345	25 
33346	675 
33347	435 
33348	506 
33349	159 
33350	226 
33351	571 
33352	374 
33353	343 
33354	558 
33355	315 
33356	880 
33357	226 
33358	907 
33359	39 
33360	675 
33361	562 
33362	575 
33363	87 
33364	152 
33365	587 
33366	159 
33367	529 
33368	159 
33369	941 
33370	359 
33371	199 
33372	787 
33373	675 
33374	374 
33375	887 
33376	16 
33377	748 
33378	745 
33379	824 
33380	199 
33381	346 
33382	542 
33383	603 
33384	559 
33385	944 
33386	797 
33387	354 
33388	878 
33389	372 
33390	643 
33391	412 
33392	10 
33393	775 
33394	635 
33395	476 
33396	848 
33397	559 
33398	631 
33399	508 
33400	599 
33401	677 
33402	173 
33403	844 
33404	912 
33405	763 
33406	903 
33407	494 
33408	562 
33409	872 
33410	60 
33411	219 
33412	714 
33413	558 
33414	449 
33415	133 
33416	763 
33417	518 
33418	410 
33419	419 
33420	408 
33421	743 
33422	924 
33423	327 
33424	892 
33425	211 
33426	109 
33427	100 
33428	582 
33429	787 
33430	748 
33431	374 
33432	849 
33433	587 
33434	202 
33435	51 
33436	911 
33437	880 
33438	554 
33439	67 
33440	75 
33441	499 
33442	50 
33443	636 
33444	96 
33445	912 
33446	780 
33447	878 
33448	802 
33449	147 
33450	39 
33451	180 
33452	286 
33453	162 
33454	811 
33455	550 
33456	287 
33457	560 
33458	610 
33459	839 
33460	99 
33461	471 
33462	824 
33463	805 
33464	97 
33465	628 
33466	155 
33467	425 
33468	368 
33469	835 
33470	822 
33471	872 
33472	265 
33473	412 
33474	15 
33475	290 
33476	281 
33477	924 
33478	767 
33479	18 
33480	159 
33481	99 
33482	865 
33483	24 
33484	704 
33485	688 
33486	817 
33487	529 
33488	100 
33489	435 
33490	780 
33491	451 
33492	106 
33493	518 
33494	283 
33495	815 
33496	760 
33497	69 
33498	119 
33499	152 
33500	529 
33501	246 
33502	164 
33503	579 
33504	48 
33505	24 
33506	450 
33507	64 
33508	78 
33509	419 
33510	782 
33511	563 
33512	835 
33513	676 
33514	646 
33515	42 
33516	559 
33517	77 
33518	676 
33519	865 
33520	869 
33521	701 
33522	342 
33523	875 
33524	409 
33525	787 
33526	127 
33527	640 
33528	835 
33529	476 
33530	543 
33531	285 
33532	602 
33533	913 
33534	777 
33535	342 
33536	127 
33537	558 
33538	932 
33539	481 
33540	820 
33541	286 
33542	78 
33543	786 
33544	596 
33545	886 
33546	193 
33547	471 
33548	820 
33549	127 
33550	451 
33551	571 
33552	3 
33553	927 
33554	128 
33555	844 
33556	893 
33557	230 
33558	832 
33559	651 
33560	141 
33561	70 
33562	262 
33563	470 
33564	162 
33565	717 
33566	905 
33567	119 
33568	77 
33569	121 
33570	124 
33571	257 
33572	631 
33573	832 
33574	50 
33575	242 
33576	379 
33577	745 
33578	341 
33579	499 
33580	909 
33581	691 
33582	668 
33583	72 
33584	129 
33585	330 
33586	340 
33587	759 
33588	642 
33589	183 
33590	636 
33591	127 
33592	875 
33593	701 
33594	149 
33595	791 
33596	31 
33597	659 
33598	344 
33599	159 
33600	880 
33601	123 
33602	646 
33603	199 
33604	944 
33605	340 
33606	457 
33607	161 
33608	43 
33609	676 
33610	596 
33611	837 
33612	343 
33613	762 
33614	804 
33615	238 
33616	900 
33617	901 
33618	279 
33619	712 
33620	825 
33621	805 
33622	80 
33623	441 
33624	89 
33625	691 
33626	281 
33627	269 
33628	646 
33629	451 
33630	199 
33631	739 
33632	5 
33633	704 
33634	5 
33635	99 
33636	939 
33637	676 
33638	941 
33639	667 
33640	587 
33641	832 
33642	748 
33643	859 
33644	247 
33645	99 
33646	743 
33647	246 
33648	31 
33649	915 
33650	508 
33651	806 
33652	111 
33653	695 
33654	180 
33655	385 
33656	275 
33657	568 
33658	692 
33659	869 
33660	100 
33661	183 
33662	924 
33663	33 
33664	358 
33665	699 
33666	754 
33667	628 
33668	754 
33669	772 
33670	872 
33671	255 
33672	820 
33673	361 
33674	504 
33675	550 
33676	661 
33677	869 
33678	130 
33679	219 
33680	392 
33681	430 
33682	84 
33683	882 
33684	43 
33685	649 
33686	865 
33687	840 
33688	782 
33689	83 
33690	696 
33691	512 
33692	180 
33693	692 
33694	907 
33695	614 
33696	475 
33697	5 
33698	262 
33699	922 
33700	415 
33701	558 
33702	83 
33703	518 
33704	70 
33705	70 
33706	886 
33707	298 
33708	513 
33709	221 
33710	917 
33711	86 
33712	14 
33713	321 
33714	824 
33715	375 
33716	560 
33717	56 
33718	602 
33719	654 
33720	561 
33721	820 
33722	14 
33723	557 
33724	77 
33725	128 
33726	13 
33727	5 
33728	681 
33729	34 
33730	600 
33731	396 
33732	889 
33733	719 
33734	467 
33735	783 
33736	494 
33737	186 
33738	780 
33739	459 
33740	404 
33741	279 
33742	558 
33743	377 
33744	12 
33745	266 
33746	67 
33747	341 
33748	762 
33749	597 
33750	88 
33751	277 
33752	813 
33753	829 
33754	127 
33755	392 
33756	315 
33757	754 
33758	255 
33759	704 
33760	814 
33761	504 
33762	5 
33763	124 
33764	344 
33765	408 
33766	459 
33767	356 
33768	742 
33769	531 
33770	521 
33771	80 
33772	535 
33773	597 
33774	89 
33775	740 
33776	723 
33777	573 
33778	882 
33779	687 
33780	836 
33781	133 
33782	600 
33783	844 
33784	775 
33785	450 
33786	451 
33787	35 
33788	56 
33789	557 
33790	1 
33791	205 
33792	759 
33793	646 
33794	157 
33795	584 
33796	283 
33797	112 
33798	640 
33799	51 
33800	531 
33801	506 
33802	18 
33803	198 
33804	494 
33805	833 
33806	5 
33807	615 
33808	640 
33809	788 
33810	99 
33811	769 
33812	1 
33813	485 
33814	16 
33815	636 
33816	283 
33817	27 
33818	217 
33819	392 
33820	410 
33821	912 
33822	430 
33823	364 
33824	735 
33825	817 
33826	826 
33827	285 
33828	449 
33829	121 
33830	483 
33831	181 
33832	457 
33833	767 
33834	909 
33835	328 
33836	121 
33837	99 
33838	920 
33839	909 
33840	667 
33841	266 
33842	504 
33843	286 
33844	411 
33845	203 
33846	640 
33847	453 
33848	128 
33849	793 
33850	461 
33851	321 
33852	332 
33853	375 
33854	678 
33855	426 
33856	599 
33857	229 
33858	944 
33859	226 
33860	558 
33861	925 
33862	486 
33863	541 
33864	449 
33865	148 
33866	713 
33867	269 
33868	189 
33869	75 
33870	154 
33871	455 
33872	494 
33873	161 
33874	430 
33875	16 
33876	849 
33877	552 
33878	554 
33879	640 
33880	562 
33881	550 
33882	159 
33883	344 
33884	18 
33885	279 
33886	681 
33887	227 
33888	735 
33889	112 
33890	181 
33891	281 
33892	154 
33893	558 
33894	904 
33895	327 
33896	923 
33897	629 
33898	835 
33899	887 
33900	520 
33901	331 
33902	510 
33903	603 
33904	354 
33905	903 
33906	344 
33907	693 
33908	660 
33909	935 
33910	319 
33911	707 
33912	112 
33913	745 
33914	607 
33915	486 
33916	869 
33917	148 
33918	127 
33919	459 
33920	1 
33921	247 
33922	763 
33923	687 
33924	676 
33925	427 
33926	677 
33927	717 
33928	352 
33929	780 
33930	787 
33931	546 
33932	787 
33933	869 
33934	321 
33935	471 
33936	844 
33937	927 
33938	100 
33939	266 
33940	266 
33941	346 
33942	475 
33943	848 
33944	344 
33945	531 
33946	29 
33947	281 
33948	676 
33949	181 
33950	780 
33951	300 
33952	884 
33953	193 
33954	676 
33955	451 
33956	550 
33957	344 
33958	75 
33959	723 
33960	932 
33961	692 
33962	221 
33963	342 
33964	293 
33965	361 
33966	595 
33967	941 
33968	903 
33969	14 
33970	488 
33971	331 
33972	34 
33973	67 
33974	32 
33975	628 
33976	121 
33977	344 
33978	292 
33979	127 
33980	160 
33981	695 
33982	159 
33983	646 
33984	345 
33985	660 
33986	596 
33987	512 
33988	60 
33989	558 
33990	419 
33991	163 
33992	24 
33993	835 
33994	628 
33995	35 
33996	704 
33997	124 
33998	12 
33999	591 
34000	812 
34001	804 
34002	96 
34003	551 
34004	315 
34005	376 
34006	630 
34007	623 
34008	19 
34009	943 
34010	596 
34011	616 
34012	825 
34013	909 
34014	52 
34015	529 
34016	670 
34017	832 
34018	763 
34019	541 
34020	13 
34021	644 
34022	60 
34023	157 
34024	88 
34025	549 
34026	287 
34027	279 
34028	193 
34029	786 
34030	813 
34031	390 
34032	286 
34033	463 
34034	149 
34035	837 
34036	359 
34037	450 
34038	815 
34039	757 
34040	646 
34041	186 
34042	509 
34043	482 
34044	859 
34045	762 
34046	142 
34047	900 
34048	859 
34049	475 
34050	725 
34051	676 
34052	25 
34053	120 
34054	102 
34055	56 
34056	531 
34057	211 
34058	181 
34059	631 
34060	833 
34061	175 
34062	438 
34063	742 
34064	238 
34065	84 
34066	196 
34067	130 
34068	372 
34069	96 
34070	451 
34071	844 
34072	39 
34073	886 
34074	702 
34075	42 
34076	769 
34077	117 
34078	719 
34079	13 
34080	16 
34081	547 
34082	481 
34083	717 
34084	83 
34085	162 
34086	506 
34087	102 
34088	692 
34089	772 
34090	482 
34091	236 
34092	511 
34093	368 
34094	88 
34095	775 
34096	869 
34097	160 
34098	11 
34099	366 
34100	441 
34101	737 
34102	59 
34103	340 
34104	283 
34105	673 
34106	471 
34107	646 
34108	696 
34109	588 
34110	772 
34111	557 
34112	89 
34113	18 
34114	278 
34115	518 
34116	725 
34117	80 
34118	792 
34119	120 
34120	242 
34121	154 
34122	529 
34123	909 
34124	922 
34125	631 
34126	560 
34127	283 
34128	746 
34129	169 
34130	227 
34131	221 
34132	599 
34133	578 
34134	154 
34135	330 
34136	475 
34137	759 
34138	904 
34139	615 
34140	155 
34141	692 
34142	70 
34143	35 
34144	476 
34145	623 
34146	902 
34147	471 
34148	127 
34149	691 
34150	886 
34151	186 
34152	511 
34153	844 
34154	488 
34155	296 
34156	885 
34157	595 
34158	399 
34159	825 
34160	836 
34161	194 
34162	437 
34163	597 
34164	159 
34165	735 
34166	343 
34167	824 
34168	304 
34169	10 
34170	792 
34171	742 
34172	191 
34173	31 
34174	158 
34175	300 
34176	884 
34177	790 
34178	477 
34179	541 
34180	477 
34181	402 
34182	129 
34183	359 
34184	130 
34185	127 
34186	461 
34187	226 
34188	370 
34189	230 
34190	928 
34191	859 
34192	819 
34193	660 
34194	181 
34195	588 
34196	618 
34197	10 
34198	83 
34199	419 
34200	596 
34201	676 
34202	353 
34203	363 
34204	476 
34205	132 
34206	454 
34207	186 
34208	887 
34209	472 
34210	453 
34211	139 
34212	277 
34213	837 
34214	563 
34215	96 
34216	372 
34217	290 
34218	169 
34219	562 
34220	763 
34221	290 
34222	128 
34223	469 
34224	43 
34225	278 
34226	343 
34227	938 
34228	248 
34229	616 
34230	415 
34231	825 
34232	112 
34233	943 
34234	806 
34235	52 
34236	263 
34237	912 
34238	466 
34239	127 
34240	438 
34241	667 
34242	696 
34243	330 
34244	511 
34245	67 
34246	343 
34247	813 
34248	96 
34249	12 
34250	820 
34251	224 
34252	89 
34253	26 
34254	226 
34255	374 
34256	320 
34257	621 
34258	154 
34259	944 
34260	713 
34261	832 
34262	740 
34263	825 
34264	163 
34265	451 
34266	16 
34267	661 
34268	283 
34269	67 
34270	92 
34271	236 
34272	159 
34273	646 
34274	183 
34275	667 
34276	575 
34277	748 
34278	483 
34279	718 
34280	541 
34281	283 
34282	111 
34283	754 
34284	835 
34285	219 
34286	191 
34287	463 
34288	343 
34289	767 
34290	618 
34291	743 
34292	922 
34293	599 
34294	384 
34295	396 
34296	693 
34297	718 
34298	683 
34299	457 
34300	194 
34301	417 
34302	321 
34303	224 
34304	482 
34305	32 
34306	370 
34307	777 
34308	890 
34309	636 
34310	725 
34311	354 
34312	550 
34313	453 
34314	67 
34315	366 
34316	44 
34317	224 
34318	14 
34319	932 
34320	96 
34321	133 
34322	166 
34323	459 
34324	944 
34325	300 
34326	396 
34327	802 
34328	276 
34329	62 
34330	117 
34331	528 
34332	719 
34333	328 
34334	775 
34335	221 
34336	88 
34337	597 
34338	69 
34339	467 
34340	889 
34341	340 
34342	278 
34343	743 
34344	748 
34345	644 
34346	172 
34347	829 
34348	786 
34349	554 
34350	762 
34351	541 
34352	704 
34353	281 
34354	208 
34355	356 
34356	825 
34357	550 
34358	220 
34359	185 
34360	759 
34361	815 
34362	506 
34363	693 
34364	226 
34365	463 
34366	191 
34367	148 
34368	554 
34369	668 
34370	945 
34371	779 
34372	52 
34373	263 
34374	138 
34375	932 
34376	787 
34377	775 
34378	889 
34379	419 
34380	684 
34381	668 
34382	70 
34383	550 
34384	92 
34385	111 
34386	387 
34387	847 
34388	430 
34389	740 
34390	512 
34391	504 
34392	219 
34393	825 
34394	623 
34395	745 
34396	285 
34397	867 
34398	74 
34399	70 
34400	459 
34401	164 
34402	856 
34403	185 
34404	520 
34405	631 
34406	373 
34407	5 
34408	304 
34409	163 
34410	485 
34411	368 
34412	757 
34413	60 
34414	80 
34415	34 
34416	482 
34417	692 
34418	410 
34419	884 
34420	225 
34421	372 
34422	181 
34423	158 
34424	207 
34425	453 
34426	430 
34427	53 
34428	865 
34429	888 
34430	63 
34431	911 
34432	836 
34433	588 
34434	777 
34435	602 
34436	377 
34437	257 
34438	83 
34439	63 
34440	832 
34441	542 
34442	518 
34443	610 
34444	312 
34445	579 
34446	50 
34447	368 
34448	882 
34449	453 
34450	315 
34451	780 
34452	591 
34453	441 
34454	157 
34455	588 
34456	246 
34457	692 
34458	676 
34459	441 
34460	561 
34461	157 
34462	51 
34463	885 
34464	236 
34465	482 
34466	884 
34467	628 
34468	312 
34469	824 
34470	172 
34471	915 
34472	127 
34473	77 
34474	163 
34475	675 
34476	263 
34477	836 
34478	208 
34479	577 
34480	230 
34481	401 
34482	127 
34483	353 
34484	123 
34485	811 
34486	817 
34487	777 
34488	769 
34489	839 
34490	478 
34491	875 
34492	913 
34493	408 
34494	374 
34495	450 
34496	932 
34497	814 
34498	865 
34499	189 
34500	531 
34501	387 
34502	872 
34503	587 
34504	635 
34505	312 
34506	621 
34507	597 
34508	820 
34509	819 
34510	183 
34511	832 
34512	435 
34513	678 
34514	330 
34515	450 
34516	824 
34517	869 
34518	476 
34519	602 
34520	379 
34521	63 
34522	677 
34523	62 
34524	374 
34525	793 
34526	69 
34527	106 
34528	234 
34529	415 
34530	203 
34531	731 
34532	474 
34533	449 
34534	147 
34535	839 
34536	504 
34537	847 
34538	554 
34539	803 
34540	762 
34541	109 
34542	32 
34543	924 
34544	219 
34545	939 
34546	96 
34547	520 
34548	227 
34549	731 
34550	1 
34551	519 
34552	676 
34553	936 
34554	745 
34555	824 
34556	104 
34557	892 
34558	494 
34559	24 
34560	172 
34561	10 
34562	754 
34563	569 
34564	528 
34565	134 
34566	528 
34567	106 
34568	259 
34569	786 
34570	315 
34571	387 
34572	449 
34573	276 
34574	399 
34575	901 
34576	562 
34577	196 
34578	636 
34579	691 
34580	100 
34581	248 
34582	419 
34583	74 
34584	483 
34585	836 
34586	330 
34587	745 
34588	33 
34589	902 
34590	279 
34591	806 
34592	331 
34593	1 
34594	263 
34595	927 
34596	363 
34597	754 
34598	64 
34599	597 
34600	509 
34601	207 
34602	575 
34603	568 
34604	124 
34605	723 
34606	754 
34607	547 
34608	262 
34609	568 
34610	757 
34611	922 
34612	640 
34613	219 
34614	470 
34615	319 
34616	599 
34617	262 
34618	621 
34619	599 
34620	557 
34621	642 
34622	887 
34623	283 
34624	792 
34625	743 
34626	154 
34627	328 
34628	306 
34629	825 
34630	844 
34631	730 
34632	296 
34633	588 
34634	32 
34635	34 
34636	183 
34637	262 
34638	789 
34639	221 
34640	50 
34641	49 
34642	811 
34643	631 
34644	463 
34645	485 
34646	411 
34647	713 
34648	84 
34649	472 
34650	901 
34651	109 
34652	569 
34653	789 
34654	704 
34655	938 
34656	441 
34657	127 
34658	169 
34659	203 
34660	878 
34661	560 
34662	615 
34663	343 
34664	575 
34665	189 
34666	692 
34667	520 
34668	119 
34669	911 
34670	356 
34671	833 
34672	466 
34673	597 
34674	19 
34675	193 
34676	494 
34677	124 
34678	387 
34679	748 
34680	157 
34681	455 
34682	725 
34683	227 
34684	401 
34685	251 
34686	746 
34687	321 
34688	521 
34689	24 
34690	402 
34691	759 
34692	361 
34693	596 
34694	183 
34695	248 
34696	825 
34697	166 
34698	315 
34699	875 
34700	142 
34701	278 
34702	356 
34703	225 
34704	660 
34705	679 
34706	304 
34707	924 
34708	518 
34709	568 
34710	848 
34711	783 
34712	391 
34713	932 
34714	507 
34715	455 
34716	181 
34717	320 
34718	12 
34719	488 
34720	692 
34721	806 
34722	290 
34723	544 
34724	789 
34725	269 
34726	33 
34727	363 
34728	124 
34729	835 
34730	67 
34731	300 
34732	185 
34733	138 
34734	78 
34735	63 
34736	825 
34737	62 
34738	111 
34739	780 
34740	856 
34741	132 
34742	872 
34743	364 
34744	760 
34745	234 
34746	584 
34747	247 
34748	328 
34749	51 
34750	783 
34751	440 
34752	285 
34753	59 
34754	893 
34755	238 
34756	62 
34757	356 
34758	577 
34759	290 
34760	221 
34761	405 
34762	296 
34763	584 
34764	520 
34765	875 
34766	75 
34767	115 
34768	35 
34769	251 
34770	302 
34771	454 
34772	264 
34773	642 
34774	536 
34775	786 
34776	77 
34777	745 
34778	628 
34779	463 
34780	737 
34781	56 
34782	646 
34783	812 
34784	234 
34785	550 
34786	127 
34787	833 
34788	607 
34789	512 
34790	229 
34791	824 
34792	549 
34793	780 
34794	745 
34795	549 
34796	72 
34797	856 
34798	224 
34799	59 
34800	597 
34801	667 
34802	928 
34803	396 
34804	248 
34805	869 
34806	792 
34807	864 
34808	158 
34809	924 
34810	915 
34811	558 
34812	263 
34813	26 
34814	610 
34815	676 
34816	64 
34817	287 
34818	106 
34819	901 
34820	508 
34821	825 
34822	244 
34823	377 
34824	763 
34825	157 
34826	328 
34827	914 
34828	491 
34829	52 
34830	77 
34831	863 
34832	787 
34833	849 
34834	602 
34835	281 
34836	481 
34837	324 
34838	849 
34839	172 
34840	884 
34841	158 
34842	824 
34843	399 
34844	805 
34845	528 
34846	304 
34847	813 
34848	80 
34849	508 
34850	331 
34851	696 
34852	331 
34853	224 
34854	825 
34855	550 
34856	67 
34857	159 
34858	696 
34859	100 
34860	792 
34861	805 
34862	745 
34863	48 
34864	281 
34865	147 
34866	880 
34867	636 
34868	603 
34869	287 
34870	840 
34871	763 
34872	122 
34873	29 
34874	229 
34875	621 
34876	191 
34877	769 
34878	909 
34879	892 
34880	352 
34881	227 
34882	77 
34883	198 
34884	35 
34885	341 
34886	923 
34887	902 
34888	518 
34889	719 
34890	777 
34891	328 
34892	544 
34893	732 
34894	702 
34895	11 
34896	213 
34897	745 
34898	820 
34899	52 
34900	887 
34901	304 
34902	932 
34903	278 
34904	878 
34905	292 
34906	441 
34907	635 
34908	872 
34909	861 
34910	631 
34911	922 
34912	610 
34913	285 
34914	147 
34915	542 
34916	141 
34917	762 
34918	878 
34919	358 
34920	884 
34921	559 
34922	887 
34923	402 
34924	115 
34925	875 
34926	265 
34927	812 
34928	558 
34929	115 
34930	558 
34931	944 
34932	35 
34933	731 
34934	820 
34935	60 
34936	718 
34937	327 
34938	159 
34939	315 
34940	909 
34941	269 
34942	578 
34943	775 
34944	747 
34945	69 
34946	83 
34947	547 
34948	759 
34949	48 
34950	629 
34951	290 
34952	122 
34953	928 
34954	72 
34955	18 
34956	227 
34957	568 
34958	207 
34959	430 
34960	127 
34961	822 
34962	536 
34963	603 
34964	595 
34965	534 
34966	503 
34967	554 
34968	911 
34969	558 
34970	450 
34971	1 
34972	932 
34973	522 
34974	451 
34975	287 
34976	206 
34977	390 
34978	207 
34979	472 
34980	701 
34981	344 
34982	191 
34983	875 
34984	221 
34985	667 
34986	510 
34987	70 
34988	780 
34989	819 
34990	175 
34991	549 
34992	181 
34993	352 
34994	748 
34995	80 
34996	166 
34997	772 
34998	64 
34999	106 
35000	401 
35001	128 
35002	893 
35003	550 
35004	377 
35005	701 
35006	849 
35007	597 
35008	14 
35009	472 
35010	319 
35011	759 
35012	45 
35013	763 
35014	834 
35015	283 
35016	571 
35017	928 
35018	158 
35019	415 
35020	577 
35021	813 
35022	172 
35023	407 
35024	731 
35025	159 
35026	29 
35027	134 
35028	62 
35029	14 
35030	569 
35031	392 
35032	474 
35033	921 
35034	913 
35035	535 
35036	437 
35037	618 
35038	886 
35039	255 
35040	225 
35041	32 
35042	343 
35043	541 
35044	24 
35045	792 
35046	790 
35047	615 
35048	328 
35049	884 
35050	635 
35051	602 
35052	45 
35053	528 
35054	696 
35055	820 
35056	18 
35057	599 
35058	839 
35059	359 
35060	717 
35061	321 
35062	463 
35063	207 
35064	745 
35065	529 
35066	714 
35067	628 
35068	863 
35069	467 
35070	840 
35071	746 
35072	775 
35073	701 
35074	213 
35075	419 
35076	571 
35077	67 
35078	577 
35079	730 
35080	745 
35081	277 
35082	59 
35083	276 
35084	939 
35085	345 
35086	304 
35087	717 
35088	45 
35089	238 
35090	315 
35091	482 
35092	205 
35093	935 
35094	832 
35095	356 
35096	78 
35097	913 
35098	644 
35099	203 
35100	330 
35101	832 
35102	596 
35103	470 
35104	578 
35105	904 
35106	936 
35107	792 
35108	921 
35109	48 
35110	376 
35111	504 
35112	471 
35113	340 
35114	283 
35115	221 
35116	264 
35117	242 
35118	324 
35119	193 
35120	56 
35121	550 
35122	112 
35123	748 
35124	621 
35125	865 
35126	588 
35127	928 
35128	296 
35129	911 
35130	491 
35131	24 
35132	541 
35133	356 
35134	529 
35135	575 
35136	276 
35137	396 
35138	320 
35139	16 
35140	238 
35141	70 
35142	777 
35143	163 
35144	607 
35145	938 
35146	49 
35147	901 
35148	127 
35149	506 
35150	169 
35151	51 
35152	599 
35153	587 
35154	740 
35155	891 
35156	259 
35157	368 
35158	80 
35159	203 
35160	599 
35161	812 
35162	399 
35163	111 
35164	754 
35165	213 
35166	225 
35167	477 
35168	471 
35169	5 
35170	812 
35171	283 
35172	927 
35173	865 
35174	244 
35175	158 
35176	757 
35177	236 
35178	226 
35179	276 
35180	470 
35181	70 
35182	283 
35183	915 
35184	506 
35185	839 
35186	149 
35187	822 
35188	278 
35189	676 
35190	353 
35191	157 
35192	69 
35193	837 
35194	24 
35195	287 
35196	872 
35197	745 
35198	913 
35199	654 
35200	719 
35201	499 
35202	72 
35203	74 
35204	661 
35205	342 
35206	596 
35207	867 
35208	485 
35209	266 
35210	743 
35211	437 
35212	474 
35213	520 
35214	616 
35215	368 
35216	242 
35217	501 
35218	368 
35219	555 
35220	675 
35221	64 
35222	328 
35223	220 
35224	199 
35225	909 
35226	37 
35227	571 
35228	856 
35229	331 
35230	667 
35231	80 
35232	191 
35233	875 
35234	777 
35235	359 
35236	835 
35237	45 
35238	266 
35239	494 
35240	691 
35241	812 
35242	455 
35243	324 
35244	315 
35245	702 
35246	157 
35247	512 
35248	631 
35249	379 
35250	331 
35251	707 
35252	10 
35253	925 
35254	122 
35255	116 
35256	50 
35257	924 
35258	124 
35259	121 
35260	356 
35261	549 
35262	542 
35263	519 
35264	247 
35265	463 
35266	119 
35267	783 
35268	262 
35269	225 
35270	426 
35271	211 
35272	370 
35273	635 
35274	878 
35275	463 
35276	558 
35277	5 
35278	878 
35279	319 
35280	847 
35281	748 
35282	820 
35283	575 
35284	276 
35285	292 
35286	628 
35287	762 
35288	893 
35289	892 
35290	475 
35291	483 
35292	374 
35293	64 
35294	89 
35295	34 
35296	803 
35297	623 
35298	343 
35299	156 
35300	486 
35301	396 
35302	405 
35303	626 
35304	763 
35305	815 
35306	411 
35307	319 
35308	25 
35309	392 
35310	75 
35311	659 
35312	290 
35313	893 
35314	558 
35315	121 
35316	324 
35317	676 
35318	889 
35319	208 
35320	17 
35321	358 
35322	213 
35323	512 
35324	714 
35325	230 
35326	210 
35327	745 
35328	558 
35329	163 
35330	610 
35331	162 
35332	783 
35333	903 
35334	474 
35335	550 
35336	75 
35337	181 
35338	714 
35339	255 
35340	596 
35341	746 
35342	225 
35343	225 
35344	122 
35345	803 
35346	472 
35347	588 
35348	226 
35349	560 
35350	504 
35351	341 
35352	588 
35353	884 
35354	886 
35355	154 
35356	909 
35357	668 
35358	887 
35359	923 
35360	813 
35361	49 
35362	717 
35363	506 
35364	552 
35365	408 
35366	757 
35367	859 
35368	164 
35369	227 
35370	557 
35371	486 
35372	459 
35373	554 
35374	536 
35375	528 
35376	681 
35377	921 
35378	544 
35379	199 
35380	886 
35381	832 
35382	449 
35383	696 
35384	867 
35385	713 
35386	269 
35387	506 
35388	542 
35389	203 
35390	425 
35391	155 
35392	116 
35393	340 
35394	558 
35395	361 
35396	225 
35397	449 
35398	607 
35399	654 
35400	25 
35401	219 
35402	159 
35403	343 
35404	717 
35405	74 
35406	328 
35407	820 
35408	938 
35409	449 
35410	676 
35411	224 
35412	157 
35413	343 
35414	312 
35415	740 
35416	835 
35417	328 
35418	832 
35419	324 
35420	563 
35421	193 
35422	304 
35423	550 
35424	754 
35425	656 
35426	345 
35427	224 
35428	754 
35429	477 
35430	603 
35431	449 
35432	471 
35433	67 
35434	450 
35435	115 
35436	936 
35437	127 
35438	529 
35439	933 
35440	924 
35441	902 
35442	575 
35443	494 
35444	534 
35445	440 
35446	449 
35447	18 
35448	224 
35449	79 
35450	127 
35451	927 
35452	763 
35453	129 
35454	3 
35455	629 
35456	808 
35457	221 
35458	359 
35459	453 
35460	52 
35461	688 
35462	391 
35463	78 
35464	213 
35465	208 
35466	263 
35467	780 
35468	915 
35469	526 
35470	437 
35471	229 
35472	441 
35473	504 
35474	642 
35475	745 
35476	364 
35477	471 
35478	909 
35479	359 
35480	506 
35481	889 
35482	635 
35483	562 
35484	628 
35485	646 
35486	865 
35487	678 
35488	933 
35489	563 
35490	591 
35491	157 
35492	437 
35493	475 
35494	276 
35495	14 
35496	142 
35497	290 
35498	578 
35499	11 
35500	451 
35501	70 
35502	384 
35503	25 
35504	39 
35505	229 
35506	579 
35507	743 
35508	529 
35509	541 
35510	155 
35511	15 
35512	691 
35513	234 
35514	1 
35515	344 
35516	558 
35517	128 
35518	1 
35519	453 
35520	628 
35521	878 
35522	426 
35523	328 
35524	626 
35525	667 
35526	730 
35527	932 
35528	49 
35529	159 
35530	210 
35531	547 
35532	320 
35533	130 
35534	226 
35535	343 
35536	467 
35537	449 
35538	814 
35539	494 
35540	138 
35541	575 
35542	67 
35543	836 
35544	552 
35545	368 
35546	293 
35547	911 
35548	116 
35549	573 
35550	18 
35551	701 
35552	3 
35553	476 
35554	911 
35555	900 
35556	405 
35557	122 
35558	661 
35559	227 
35560	536 
35561	759 
35562	263 
35563	740 
35564	263 
35565	373 
35566	535 
35567	63 
35568	92 
35569	875 
35570	494 
35571	569 
35572	591 
35573	569 
35574	292 
35575	783 
35576	14 
35577	262 
35578	193 
35579	224 
35580	315 
35581	141 
35582	402 
35583	70 
35584	158 
35585	757 
35586	675 
35587	18 
35588	409 
35589	628 
35590	63 
35591	636 
35592	281 
35593	372 
35594	78 
35595	839 
35596	475 
35597	529 
35598	345 
35599	450 
35600	132 
35601	163 
35602	506 
35603	70 
35604	183 
35605	408 
35606	526 
35607	194 
35608	266 
35609	287 
35610	678 
35611	52 
35612	266 
35613	425 
35614	92 
35615	69 
35616	87 
35617	221 
35618	72 
35619	276 
35620	42 
35621	882 
35622	587 
35623	17 
35624	296 
35625	555 
35626	875 
35627	526 
35628	550 
35629	84 
35630	875 
35631	281 
35632	887 
35633	377 
35634	713 
35635	568 
35636	56 
35637	812 
35638	75 
35639	631 
35640	213 
35641	886 
35642	207 
35643	25 
35644	528 
35645	227 
35646	891 
35647	558 
35648	745 
35649	550 
35650	328 
35651	72 
35652	829 
35653	811 
35654	851 
35655	743 
35656	262 
35657	353 
35658	787 
35659	856 
35660	676 
35661	603 
35662	802 
35663	331 
35664	451 
35665	327 
35666	875 
35667	573 
35668	26 
35669	494 
35670	865 
35671	748 
35672	455 
35673	263 
35674	87 
35675	889 
35676	837 
35677	162 
35678	651 
35679	239 
35680	797 
35681	621 
35682	597 
35683	51 
35684	730 
35685	52 
35686	226 
35687	149 
35688	526 
35689	911 
35690	568 
35691	410 
35692	330 
35693	851 
35694	257 
35695	1 
35696	837 
35697	449 
35698	635 
35699	373 
35700	164 
35701	19 
35702	111 
35703	304 
35704	607 
35705	166 
35706	667 
35707	534 
35708	835 
35709	783 
35710	555 
35711	102 
35712	372 
35713	844 
35714	745 
35715	849 
35716	692 
35717	529 
35718	943 
35719	58 
35720	832 
35721	64 
35722	14 
35723	872 
35724	77 
35725	544 
35726	296 
35727	510 
35728	676 
35729	269 
35730	563 
35731	859 
35732	578 
35733	888 
35734	599 
35735	943 
35736	49 
35737	471 
35738	884 
35739	534 
35740	112 
35741	31 
35742	430 
35743	667 
35744	531 
35745	526 
35746	229 
35747	569 
35748	696 
35749	26 
35750	922 
35751	205 
35752	206 
35753	172 
35754	210 
35755	122 
35756	602 
35757	509 
35758	526 
35759	550 
35760	483 
35761	903 
35762	77 
35763	754 
35764	396 
35765	287 
35766	482 
35767	569 
35768	385 
35769	568 
35770	707 
35771	848 
35772	331 
35773	471 
35774	319 
35775	811 
35776	824 
35777	363 
35778	262 
35779	80 
35780	859 
35781	159 
35782	851 
35783	510 
35784	763 
35785	56 
35786	70 
35787	748 
35788	692 
35789	578 
35790	276 
35791	911 
35792	321 
35793	24 
35794	74 
35795	315 
35796	463 
35797	913 
35798	112 
35799	345 
35800	257 
35801	811 
35802	312 
35803	412 
35804	836 
35805	191 
35806	887 
35807	331 
35808	511 
35809	145 
35810	562 
35811	787 
35812	849 
35813	399 
35814	210 
35815	477 
35816	155 
35817	244 
35818	64 
35819	865 
35820	466 
35821	913 
35822	207 
35823	285 
35824	276 
35825	430 
35826	914 
35827	226 
35828	169 
35829	163 
35830	372 
35831	635 
35832	122 
35833	208 
35834	743 
35835	49 
35836	661 
35837	327 
35838	702 
35839	623 
35840	396 
35841	763 
35842	504 
35843	453 
35844	278 
35845	77 
35846	64 
35847	391 
35848	725 
35849	29 
35850	287 
35851	287 
35852	520 
35853	263 
35854	172 
35855	844 
35856	677 
35857	352 
35858	875 
35859	75 
35860	194 
35861	99 
35862	635 
35863	138 
35864	64 
35865	164 
35866	343 
35867	89 
35868	415 
35869	474 
35870	676 
35871	890 
35872	106 
35873	812 
35874	149 
35875	180 
35876	626 
35877	552 
35878	24 
35879	836 
35880	80 
35881	656 
35882	939 
35883	64 
35884	191 
35885	485 
35886	742 
35887	806 
35888	621 
35889	560 
35890	169 
35891	504 
35892	787 
35893	154 
35894	163 
35895	825 
35896	100 
35897	96 
35898	262 
35899	149 
35900	32 
35901	488 
35902	848 
35903	915 
35904	598 
35905	45 
35906	667 
35907	542 
35908	718 
35909	376 
35910	373 
35911	19 
35912	180 
35913	544 
35914	5 
35915	835 
35916	626 
35917	31 
35918	172 
35919	558 
35920	884 
35921	817 
35922	340 
35923	141 
35924	152 
35925	385 
35926	213 
35927	554 
35928	463 
35929	772 
35930	651 
35931	262 
35932	220 
35933	124 
35934	904 
35935	575 
35936	64 
35937	224 
35938	419 
35939	935 
35940	78 
35941	528 
35942	676 
35943	202 
35944	568 
35945	84 
35946	300 
35947	875 
35948	587 
35949	180 
35950	412 
35951	528 
35952	77 
35953	867 
35954	825 
35955	248 
35956	410 
35957	511 
35958	50 
35959	623 
35960	568 
35961	312 
35962	266 
35963	743 
35964	121 
35965	63 
35966	263 
35967	157 
35968	440 
35969	248 
35970	80 
35971	169 
35972	579 
35973	342 
35974	49 
35975	510 
35976	819 
35977	763 
35978	813 
35979	922 
35980	64 
35981	483 
35982	100 
35983	471 
35984	742 
35985	453 
35986	640 
35987	832 
35988	944 
35989	162 
35990	675 
35991	87 
35992	10 
35993	154 
35994	616 
35995	640 
35996	812 
35997	939 
35998	300 
35999	754 
36000	587 
36001	725 
36002	936 
36003	149 
36004	32 
36005	743 
36006	938 
36007	777 
36008	504 
36009	597 
36010	276 
36011	96 
36012	157 
36013	600 
36014	34 
36015	549 
36016	266 
36017	835 
36018	77 
36019	872 
36020	856 
36021	557 
36022	603 
36023	886 
36024	29 
36025	247 
36026	904 
36027	676 
36028	96 
36029	695 
36030	262 
36031	832 
36032	528 
36033	67 
36034	569 
36035	172 
36036	470 
36037	740 
36038	363 
36039	691 
36040	635 
36041	767 
36042	836 
36043	812 
36044	213 
36045	185 
36046	702 
36047	704 
36048	171 
36049	293 
36050	865 
36051	164 
36052	368 
36053	529 
36054	811 
36055	544 
36056	835 
36057	251 
36058	675 
36059	835 
36060	844 
36061	865 
36062	527 
36063	14 
36064	607 
36065	364 
36066	49 
36067	824 
36068	330 
36069	181 
36070	527 
36071	554 
36072	872 
36073	285 
36074	552 
36075	494 
36076	824 
36077	457 
36078	230 
36079	718 
36080	571 
36081	191 
36082	321 
36083	696 
36084	678 
36085	941 
36086	542 
36087	754 
36088	520 
36089	117 
36090	156 
36091	154 
36092	128 
36093	558 
36094	477 
36095	763 
36096	596 
36097	75 
36098	390 
36099	579 
36100	893 
36101	234 
36102	121 
36103	890 
36104	56 
36105	124 
36106	263 
36107	410 
36108	121 
36109	457 
36110	154 
36111	875 
36112	780 
36113	542 
36114	911 
36115	851 
36116	156 
36117	691 
36118	425 
36119	792 
36120	193 
36121	660 
36122	129 
36123	408 
36124	276 
36125	60 
36126	759 
36127	790 
36128	37 
36129	880 
36130	358 
36131	342 
36132	412 
36133	932 
36134	472 
36135	50 
36136	520 
36137	300 
36138	731 
36139	64 
36140	628 
36141	13 
36142	441 
36143	227 
36144	603 
36145	134 
36146	616 
36147	257 
36148	528 
36149	181 
36150	504 
36151	542 
36152	506 
36153	1 
36154	504 
36155	748 
36156	269 
36157	157 
36158	224 
36159	550 
36160	933 
36161	25 
36162	242 
36163	494 
36164	725 
36165	133 
36166	430 
36167	832 
36168	175 
36169	937 
36170	888 
36171	133 
36172	640 
36173	285 
36174	813 
36175	234 
36176	922 
36177	549 
36178	745 
36179	803 
36180	83 
36181	293 
36182	718 
36183	922 
36184	373 
36185	754 
36186	739 
36187	569 
36188	470 
36189	112 
36190	596 
36191	441 
36192	459 
36193	430 
36194	635 
36195	292 
36196	213 
36197	356 
36198	128 
36199	596 
36200	441 
36201	96 
36202	83 
36203	561 
36204	893 
36205	509 
36206	629 
36207	909 
36208	229 
36209	869 
36210	149 
36211	384 
36212	359 
36213	3 
36214	159 
36215	457 
36216	878 
36217	459 
36218	677 
36219	558 
36220	528 
36221	219 
36222	921 
36223	328 
36224	163 
36225	283 
36226	635 
36227	837 
36228	342 
36229	315 
36230	483 
36231	384 
36232	811 
36233	909 
36234	542 
36235	251 
36236	598 
36237	210 
36238	269 
36239	913 
36240	24 
36241	561 
36242	925 
36243	193 
36244	141 
36245	133 
36246	229 
36247	933 
36248	276 
36249	880 
36250	646 
36251	735 
36252	527 
36253	569 
36254	560 
36255	884 
36256	224 
36257	92 
36258	229 
36259	536 
36260	812 
36261	16 
36262	631 
36263	363 
36264	162 
36265	730 
36266	340 
36267	541 
36268	344 
36269	569 
36270	754 
36271	529 
36272	157 
36273	290 
36274	646 
36275	293 
36276	528 
36277	219 
36278	247 
36279	361 
36280	477 
36281	99 
36282	839 
36283	35 
36284	486 
36285	780 
36286	618 
36287	180 
36288	528 
36289	341 
36290	754 
36291	683 
36292	542 
36293	359 
36294	920 
36295	571 
36296	257 
36297	390 
36298	77 
36299	1 
36300	659 
36301	714 
36302	511 
36303	748 
36304	344 
36305	743 
36306	596 
36307	285 
36308	77 
36309	87 
36310	89 
36311	450 
36312	330 
36313	135 
36314	643 
36315	206 
36316	560 
36317	531 
36318	343 
36319	643 
36320	281 
36321	667 
36322	529 
36323	476 
36324	48 
36325	286 
36326	511 
36327	543 
36328	477 
36329	463 
36330	763 
36331	780 
36332	396 
36333	901 
36334	138 
36335	869 
36336	159 
36337	731 
36338	49 
36339	739 
36340	578 
36341	836 
36342	520 
36343	643 
36344	745 
36345	331 
36346	936 
36347	80 
36348	691 
36349	408 
36350	644 
36351	804 
36352	126 
36353	646 
36354	379 
36355	89 
36356	126 
36357	449 
36358	531 
36359	208 
36360	346 
36361	562 
36362	229 
36363	340 
36364	535 
36365	343 
36366	754 
36367	455 
36368	181 
36369	359 
36370	99 
36371	628 
36372	70 
36373	693 
36374	839 
36375	825 
36376	829 
36377	504 
36378	600 
36379	266 
36380	247 
36381	836 
36382	124 
36383	330 
36384	440 
36385	16 
36386	832 
36387	663 
36388	699 
36389	292 
36390	328 
36391	133 
36392	769 
36393	529 
36394	426 
36395	450 
36396	37 
36397	283 
36398	35 
36399	759 
36400	815 
36401	555 
36402	304 
36403	652 
36404	559 
36405	851 
36406	427 
36407	597 
36408	363 
36409	560 
36410	471 
36411	366 
36412	51 
36413	886 
36414	806 
36415	119 
36416	568 
36417	783 
36418	49 
36419	485 
36420	485 
36421	208 
36422	213 
36423	922 
36424	512 
36425	924 
36426	569 
36427	119 
36428	550 
36429	327 
36430	236 
36431	542 
36432	856 
36433	207 
36434	786 
36435	677 
36436	87 
36437	503 
36438	696 
36439	122 
36440	652 
36441	911 
36442	410 
36443	587 
36444	675 
36445	920 
36446	366 
36447	356 
36448	89 
36449	635 
36450	102 
36451	327 
36452	820 
36453	159 
36454	562 
36455	162 
36456	890 
36457	681 
36458	263 
36459	324 
36460	696 
36461	287 
36462	618 
36463	568 
36464	449 
36465	133 
36466	640 
36467	213 
36468	92 
36469	882 
36470	266 
36471	913 
36472	185 
36473	573 
36474	528 
36475	353 
36476	392 
36477	119 
36478	817 
36479	599 
36480	64 
36481	509 
36482	315 
36483	24 
36484	123 
36485	482 
36486	359 
36487	408 
36488	859 
36489	924 
36490	34 
36491	911 
36492	704 
36493	562 
36494	331 
36495	324 
36496	718 
36497	238 
36498	560 
36499	652 
36500	290 
36501	494 
36502	203 
36503	263 
36504	543 
36505	839 
36506	410 
36507	164 
36508	35 
36509	691 
36510	392 
36511	550 
36512	372 
36513	527 
36514	374 
36515	10 
36516	520 
36517	52 
36518	485 
36519	60 
36520	938 
36521	5 
36522	283 
36523	34 
36524	819 
36525	402 
36526	754 
36527	346 
36528	340 
36529	141 
36530	379 
36531	471 
36532	922 
36533	748 
36534	725 
36535	242 
36536	343 
36537	304 
36538	880 
36539	121 
36540	122 
36541	459 
36542	266 
36543	558 
36544	859 
36545	512 
36546	134 
36547	763 
36548	242 
36549	840 
36550	285 
36551	644 
36552	503 
36553	803 
36554	230 
36555	681 
36556	875 
36557	109 
36558	127 
36559	743 
36560	242 
36561	229 
36562	869 
36563	835 
36564	29 
36565	77 
36566	646 
36567	762 
36568	849 
36569	211 
36570	164 
36571	938 
36572	269 
36573	767 
36574	328 
36575	767 
36576	941 
36577	213 
36578	911 
36579	839 
36580	725 
36581	13 
36582	610 
36583	158 
36584	693 
36585	226 
36586	50 
36587	909 
36588	903 
36589	315 
36590	121 
36591	247 
36592	889 
36593	699 
36594	463 
36595	543 
36596	884 
36597	812 
36598	128 
36599	441 
36600	688 
36601	925 
36602	867 
36603	53 
36604	18 
36605	18 
36606	172 
36607	730 
36608	224 
36609	912 
36610	50 
36611	757 
36612	542 
36613	391 
36614	603 
36615	225 
36616	221 
36617	123 
36618	49 
36619	678 
36620	688 
36621	488 
36622	775 
36623	600 
36624	14 
36625	676 
36626	471 
36627	610 
36628	363 
36629	535 
36630	48 
36631	878 
36632	164 
36633	463 
36634	450 
36635	319 
36636	562 
36637	792 
36638	607 
36639	596 
36640	276 
36641	692 
36642	889 
36643	463 
36644	208 
36645	453 
36646	748 
36647	392 
36648	652 
36649	221 
36650	410 
36651	851 
36652	229 
36653	529 
36654	251 
36655	453 
36656	851 
36657	743 
36658	616 
36659	437 
36660	667 
36661	549 
36662	426 
36663	392 
36664	909 
36665	688 
36666	175 
36667	117 
36668	16 
36669	67 
36670	780 
36671	732 
36672	884 
36673	913 
36674	124 
36675	286 
36676	661 
36677	528 
36678	247 
36679	643 
36680	19 
36681	704 
36682	171 
36683	600 
36684	48 
36685	603 
36686	811 
36687	731 
36688	247 
36689	909 
36690	159 
36691	129 
36692	242 
36693	635 
36694	865 
36695	384 
36696	836 
36697	80 
36698	425 
36699	123 
36700	312 
36701	99 
36702	366 
36703	99 
36704	5 
36705	194 
36706	158 
36707	494 
36708	472 
36709	408 
36710	56 
36711	475 
36712	100 
36713	640 
36714	621 
36715	560 
36716	880 
36717	290 
36718	359 
36719	646 
36720	83 
36721	767 
36722	266 
36723	387 
36724	471 
36725	786 
36726	944 
36727	224 
36728	804 
36729	536 
36730	616 
36731	199 
36732	824 
36733	437 
36734	780 
36735	392 
36736	491 
36737	402 
36738	19 
36739	193 
36740	476 
36741	64 
36742	169 
36743	549 
36744	124 
36745	157 
36746	549 
36747	52 
36748	924 
36749	642 
36750	24 
36751	640 
36752	482 
36753	247 
36754	927 
36755	667 
36756	181 
36757	247 
36758	83 
36759	324 
36760	437 
36761	820 
36762	640 
36763	725 
36764	740 
36765	491 
36766	353 
36767	603 
36768	359 
36769	391 
36770	577 
36771	320 
36772	277 
36773	558 
36774	410 
36775	504 
36776	560 
36777	132 
36778	597 
36779	775 
36780	635 
36781	471 
36782	938 
36783	848 
36784	279 
36785	725 
36786	837 
36787	599 
36788	191 
36789	342 
36790	618 
36791	824 
36792	506 
36793	277 
36794	1 
36795	162 
36796	695 
36797	550 
36798	520 
36799	96 
36800	166 
36801	285 
36802	247 
36803	42 
36804	111 
36805	575 
36806	835 
36807	463 
36808	636 
36809	277 
36810	528 
36811	450 
36812	34 
36813	471 
36814	893 
36815	34 
36816	69 
36817	939 
36818	324 
36819	441 
36820	719 
36821	467 
36822	471 
36823	558 
36824	281 
36825	470 
36826	921 
36827	121 
36828	227 
36829	569 
36830	410 
36831	506 
36832	340 
36833	123 
36834	180 
36835	775 
36836	169 
36837	266 
36838	408 
36839	691 
36840	409 
36841	925 
36842	529 
36843	210 
36844	16 
36845	550 
36846	45 
36847	836 
36848	936 
36849	568 
36850	279 
36851	410 
36852	34 
36853	266 
36854	281 
36855	520 
36856	457 
36857	859 
36858	628 
36859	121 
36860	391 
36861	10 
36862	825 
36863	494 
36864	849 
36865	99 
36866	409 
36867	676 
36868	50 
36869	683 
36870	277 
36871	342 
36872	483 
36873	890 
36874	450 
36875	603 
36876	550 
36877	783 
36878	331 
36879	675 
36880	466 
36881	454 
36882	37 
36883	541 
36884	35 
36885	466 
36886	224 
36887	494 
36888	392 
36889	247 
36890	518 
36891	129 
36892	552 
36893	63 
36894	719 
36895	186 
36896	277 
36897	10 
36898	451 
36899	341 
36900	327 
36901	450 
36902	396 
36903	221 
36904	783 
36905	569 
36906	935 
36907	531 
36908	909 
36909	185 
36910	558 
36911	820 
36912	762 
36913	166 
36914	893 
36915	279 
36916	748 
36917	99 
36918	575 
36919	221 
36920	865 
36921	848 
36922	832 
36923	922 
36924	401 
36925	379 
36926	474 
36927	718 
36928	518 
36929	24 
36930	695 
36931	944 
36932	865 
36933	377 
36934	812 
36935	180 
36936	555 
36937	319 
36938	123 
36939	642 
36940	221 
36941	875 
36942	640 
36943	115 
36944	141 
36945	230 
36946	621 
36947	890 
36948	754 
36949	475 
36950	451 
36951	915 
36952	887 
36953	636 
36954	836 
36955	943 
36956	483 
36957	373 
36958	591 
36959	820 
36960	175 
36961	892 
36962	504 
36963	754 
36964	194 
36965	292 
36966	236 
36967	111 
36968	549 
36969	467 
36970	449 
36971	512 
36972	364 
36973	372 
36974	660 
36975	158 
36976	660 
36977	31 
36978	872 
36979	69 
36980	892 
36981	848 
36982	527 
36983	754 
36984	759 
36985	387 
36986	287 
36987	213 
36988	276 
36989	812 
36990	571 
36991	837 
36992	660 
36993	889 
36994	128 
36995	597 
36996	384 
36997	159 
36998	587 
36999	128 
37000	806 
37001	668 
37002	89 
37003	865 
37004	238 
37005	676 
37006	616 
37007	938 
37008	701 
37009	11 
37010	628 
37011	886 
37012	224 
37013	534 
37014	437 
37015	563 
37016	763 
37017	924 
37018	849 
37019	70 
37020	112 
37021	836 
37022	121 
37023	775 
37024	194 
37025	731 
37026	471 
37027	35 
37028	869 
37029	675 
37030	558 
37031	320 
37032	321 
37033	757 
37034	133 
37035	387 
37036	286 
37037	477 
37038	875 
37039	600 
37040	340 
37041	127 
37042	290 
37043	208 
37044	263 
37045	730 
37046	373 
37047	372 
37048	14 
37049	884 
37050	396 
37051	909 
37052	618 
37053	780 
37054	911 
37055	819 
37056	96 
37057	743 
37058	626 
37059	884 
37060	344 
37061	745 
37062	777 
37063	702 
37064	304 
37065	812 
37066	172 
37067	675 
37068	681 
37069	475 
37070	562 
37071	542 
37072	913 
37073	158 
37074	914 
37075	754 
37076	32 
37077	321 
37078	234 
37079	149 
37080	331 
37081	825 
37082	944 
37083	900 
37084	116 
37085	87 
37086	26 
37087	616 
37088	663 
37089	455 
37090	886 
37091	63 
37092	16 
37093	134 
37094	865 
37095	506 
37096	374 
37097	552 
37098	377 
37099	754 
37100	483 
37101	541 
37102	285 
37103	344 
37104	64 
37105	677 
37106	463 
37107	865 
37108	331 
37109	29 
37110	757 
37111	596 
37112	37 
37113	731 
37114	482 
37115	636 
37116	528 
37117	345 
37118	780 
37119	607 
37120	408 
37121	659 
37122	835 
37123	18 
37124	64 
37125	884 
37126	518 
37127	16 
37128	914 
37129	372 
37130	743 
37131	466 
37132	623 
37133	748 
37134	59 
37135	550 
37136	659 
37137	482 
37138	229 
37139	185 
37140	138 
37141	757 
37142	124 
37143	221 
37144	248 
37145	646 
37146	251 
37147	618 
37148	938 
37149	835 
37150	696 
37151	180 
37152	569 
37153	34 
37154	52 
37155	154 
37156	278 
37157	87 
37158	692 
37159	483 
37160	32 
37161	725 
37162	290 
37163	923 
37164	812 
37165	820 
37166	45 
37167	661 
37168	701 
37169	111 
37170	482 
37171	522 
37172	667 
37173	67 
37174	159 
37175	476 
37176	757 
37177	691 
37178	769 
37179	527 
37180	32 
37181	552 
37182	767 
37183	535 
37184	203 
37185	759 
37186	939 
37187	359 
37188	557 
37189	208 
37190	552 
37191	304 
37192	238 
37193	281 
37194	163 
37195	154 
37196	549 
37197	575 
37198	63 
37199	777 
37200	691 
37201	607 
37202	924 
37203	466 
37204	269 
37205	407 
37206	52 
37207	130 
37208	361 
37209	628 
37210	628 
37211	762 
37212	211 
37213	938 
37214	696 
37215	283 
37216	208 
37217	820 
37218	628 
37219	554 
37220	304 
37221	528 
37222	449 
37223	34 
37224	224 
37225	547 
37226	520 
37227	531 
37228	748 
37229	99 
37230	111 
37231	135 
37232	199 
37233	599 
37234	780 
37235	315 
37236	99 
37237	542 
37238	562 
37239	390 
37240	283 
37241	99 
37242	725 
37243	194 
37244	536 
37245	865 
37246	569 
37247	748 
37248	529 
37249	642 
37250	227 
37251	238 
37252	1 
37253	408 
37254	924 
37255	848 
37256	675 
37257	328 
37258	748 
37259	754 
37260	455 
37261	45 
37262	185 
37263	901 
37264	730 
37265	169 
37266	927 
37267	571 
37268	269 
37269	596 
37270	587 
37271	470 
37272	769 
37273	13 
37274	512 
37275	806 
37276	677 
37277	379 
37278	913 
37279	14 
37280	704 
37281	924 
37282	474 
37283	701 
37284	865 
37285	345 
37286	19 
37287	610 
37288	520 
37289	236 
37290	922 
37291	571 
37292	541 
37293	286 
37294	13 
37295	391 
37296	315 
37297	18 
37298	569 
37299	320 
37300	912 
37301	748 
37302	181 
37303	304 
37304	889 
37305	813 
37306	363 
37307	181 
37308	616 
37309	730 
37310	704 
37311	922 
37312	511 
37313	518 
37314	835 
37315	820 
37316	509 
37317	526 
37318	159 
37319	117 
37320	820 
37321	884 
37322	923 
37323	449 
37324	25 
37325	402 
37326	377 
37327	510 
37328	121 
37329	555 
37330	327 
37331	491 
37332	130 
37333	659 
37334	911 
37335	99 
37336	290 
37337	402 
37338	89 
37339	304 
37340	341 
37341	659 
37342	803 
37343	503 
37344	667 
37345	743 
37346	134 
37347	557 
37348	851 
37349	869 
37350	825 
37351	542 
37352	656 
37353	743 
37354	494 
37355	221 
37356	343 
37357	14 
37358	392 
37359	702 
37360	16 
37361	207 
37362	631 
37363	141 
37364	494 
37365	754 
37366	391 
37367	748 
37368	157 
37369	642 
37370	52 
37371	11 
37372	541 
37373	242 
37374	75 
37375	10 
37376	372 
37377	763 
37378	696 
37379	19 
37380	191 
37381	569 
37382	154 
37383	345 
37384	789 
37385	141 
37386	903 
37387	384 
37388	835 
37389	292 
37390	262 
37391	221 
37392	99 
37393	769 
37394	511 
37395	411 
37396	628 
37397	832 
37398	759 
37399	717 
37400	359 
37401	550 
37402	193 
37403	731 
37404	390 
37405	763 
37406	696 
37407	372 
37408	213 
37409	186 
37410	213 
37411	504 
37412	644 
37413	5 
37414	725 
37415	562 
37416	262 
37417	408 
37418	740 
37419	944 
37420	903 
37421	763 
37422	511 
37423	262 
37424	939 
37425	277 
37426	607 
37427	494 
37428	210 
37429	558 
37430	396 
37431	661 
37432	14 
37433	909 
37434	450 
37435	903 
37436	353 
37437	535 
37438	234 
37439	242 
37440	158 
37441	133 
37442	745 
37443	290 
37444	596 
37445	730 
37446	886 
37447	225 
37448	156 
37449	194 
37450	543 
37451	596 
37452	52 
37453	279 
37454	792 
37455	236 
37456	181 
37457	730 
37458	631 
37459	510 
37460	644 
37461	757 
37462	236 
37463	281 
37464	558 
37465	718 
37466	359 
37467	124 
37468	675 
37469	777 
37470	242 
37471	652 
37472	587 
37473	24 
37474	835 
37475	745 
37476	652 
37477	100 
37478	740 
37479	568 
37480	832 
37481	691 
37482	880 
37483	226 
37484	819 
37485	287 
37486	287 
37487	208 
37488	675 
37489	287 
37490	719 
37491	730 
37492	643 
37493	199 
37494	675 
37495	667 
37496	359 
37497	32 
37498	319 
37499	603 
37500	618 
37501	483 
37502	635 
37503	391 
37504	520 
37505	692 
37506	865 
37507	236 
37508	130 
37509	943 
37510	133 
37511	575 
37512	509 
37513	549 
37514	718 
37515	175 
37516	227 
37517	290 
37518	206 
37519	315 
37520	644 
37521	92 
37522	172 
37523	425 
37524	494 
37525	780 
37526	392 
37527	343 
37528	535 
37529	234 
37530	691 
37531	924 
37532	875 
37533	344 
37534	292 
37535	24 
37536	660 
37537	911 
37538	356 
37539	117 
37540	486 
37541	281 
37542	319 
37543	16 
37544	701 
37545	158 
37546	769 
37547	832 
37548	208 
37549	285 
37550	185 
37551	646 
37552	407 
37553	457 
37554	743 
37555	575 
37556	191 
37557	450 
37558	922 
37559	34 
37560	35 
37561	748 
37562	224 
37563	562 
37564	482 
37565	623 
37566	568 
37567	342 
37568	555 
37569	591 
37570	229 
37571	213 
37572	324 
37573	185 
37574	236 
37575	292 
37576	476 
37577	510 
37578	859 
37579	226 
37580	555 
37581	555 
37582	642 
37583	224 
37584	678 
37585	180 
37586	342 
37587	730 
37588	181 
37589	759 
37590	786 
37591	111 
37592	659 
37593	37 
37594	304 
37595	466 
37596	31 
37597	183 
37598	812 
37599	163 
37600	392 
37601	558 
37602	780 
37603	936 
37604	451 
37605	364 
37606	99 
37607	234 
37608	510 
37609	725 
37610	884 
37611	269 
37612	485 
37613	225 
37614	549 
37615	878 
37616	856 
37617	242 
37618	315 
37619	596 
37620	834 
37621	851 
37622	67 
37623	50 
37624	531 
37625	529 
37626	717 
37627	229 
37628	69 
37629	482 
37630	745 
37631	787 
37632	157 
37633	163 
37634	923 
37635	315 
37636	792 
37637	725 
37638	238 
37639	836 
37640	207 
37641	343 
37642	759 
37643	130 
37644	739 
37645	356 
37646	568 
37647	419 
37648	263 
37649	135 
37650	767 
37651	587 
37652	944 
37653	377 
37654	149 
37655	391 
37656	236 
37657	19 
37658	169 
37659	157 
37660	122 
37661	159 
37662	777 
37663	225 
37664	536 
37665	373 
37666	154 
37667	528 
37668	466 
37669	407 
37670	542 
37671	599 
37672	396 
37673	483 
37674	681 
37675	450 
37676	887 
37677	914 
37678	835 
37679	459 
37680	32 
37681	875 
37682	109 
37683	278 
37684	230 
37685	467 
37686	550 
37687	450 
37688	53 
37689	229 
37690	106 
37691	263 
37692	549 
37693	474 
37694	531 
37695	504 
37696	748 
37697	578 
37698	656 
37699	552 
37700	92 
37701	745 
37702	713 
37703	793 
37704	290 
37705	542 
37706	759 
37707	541 
37708	558 
37709	742 
37710	206 
37711	913 
37712	396 
37713	213 
37714	175 
37715	792 
37716	390 
37717	207 
37718	159 
37719	194 
37720	466 
37721	471 
37722	162 
37723	99 
37724	163 
37725	330 
37726	283 
37727	363 
37728	410 
37729	578 
37730	455 
37731	396 
37732	467 
37733	42 
37734	70 
37735	157 
37736	53 
37737	353 
37738	748 
37739	529 
37740	695 
37741	106 
37742	236 
37743	286 
37744	391 
37745	667 
37746	229 
37747	472 
37748	915 
37749	903 
37750	911 
37751	610 
37752	430 
37753	675 
37754	320 
37755	472 
37756	387 
37757	872 
37758	471 
37759	667 
37760	266 
37761	342 
37762	450 
37763	825 
37764	787 
37765	886 
37766	668 
37767	24 
37768	283 
37769	832 
37770	304 
37771	804 
37772	618 
37773	37 
37774	149 
37775	911 
37776	343 
37777	562 
37778	804 
37779	387 
37780	837 
37781	3 
37782	528 
37783	568 
37784	748 
37785	859 
37786	466 
37787	550 
37788	820 
37789	531 
37790	5 
37791	207 
37792	884 
37793	324 
37794	474 
37795	696 
37796	384 
37797	743 
37798	157 
37799	374 
37800	529 
37801	889 
37802	646 
37803	541 
37804	328 
37805	226 
37806	45 
37807	225 
37808	157 
37809	159 
37810	640 
37811	867 
37812	410 
37813	577 
37814	229 
37815	48 
37816	529 
37817	128 
37818	390 
37819	558 
37820	563 
37821	713 
37822	430 
37823	575 
37824	628 
37825	520 
37826	229 
37827	286 
37828	281 
37829	511 
37830	656 
37831	387 
37832	483 
37833	577 
37834	408 
37835	925 
37836	812 
37837	213 
37838	251 
37839	10 
37840	56 
37841	16 
37842	199 
37843	646 
37844	387 
37845	618 
37846	550 
37847	485 
37848	643 
37849	224 
37850	859 
37851	396 
37852	227 
37853	678 
37854	520 
37855	277 
37856	34 
37857	14 
37858	208 
37859	320 
37860	163 
37861	251 
37862	106 
37863	927 
37864	34 
37865	623 
37866	1 
37867	668 
37868	913 
37869	64 
37870	391 
37871	491 
37872	491 
37873	520 
37874	221 
37875	70 
37876	835 
37877	504 
37878	541 
37879	263 
37880	825 
37881	92 
37882	410 
37883	485 
37884	320 
37885	603 
37886	783 
37887	229 
37888	387 
37889	191 
37890	269 
37891	162 
37892	610 
37893	691 
37894	506 
37895	820 
37896	51 
37897	886 
37898	185 
37899	238 
37900	402 
37901	45 
37902	290 
37903	504 
37904	342 
37905	224 
37906	886 
37907	849 
37908	644 
37909	199 
37910	203 
37911	541 
37912	839 
37913	616 
37914	343 
37915	5 
37916	719 
37917	793 
37918	163 
37919	597 
37920	763 
37921	72 
37922	80 
37923	578 
37924	227 
37925	226 
37926	848 
37927	80 
37928	701 
37929	87 
37930	656 
37931	529 
37932	263 
37933	191 
37934	804 
37935	518 
37936	599 
37937	70 
37938	552 
37939	402 
37940	35 
37941	872 
37942	377 
37943	725 
37944	875 
37945	359 
37946	506 
37947	5 
37948	820 
37949	676 
37950	262 
37951	717 
37952	343 
37953	292 
37954	541 
37955	384 
37956	475 
37957	542 
37958	909 
37959	754 
37960	463 
37961	5 
37962	459 
37963	130 
37964	37 
37965	226 
37966	278 
37967	628 
37968	391 
37969	552 
37970	486 
37971	915 
37972	944 
37973	441 
37974	387 
37975	3 
37976	411 
37977	279 
37978	621 
37979	247 
37980	865 
37981	693 
37982	159 
37983	923 
37984	511 
37985	138 
37986	474 
37987	504 
37988	911 
37989	70 
37990	213 
37991	911 
37992	900 
37993	884 
37994	642 
37995	80 
37996	411 
37997	361 
37998	692 
37999	911 
38000	474 
38001	363 
38002	277 
38003	457 
38004	552 
38005	14 
38006	247 
38007	208 
38008	943 
38009	455 
38010	117 
38011	343 
38012	520 
38013	880 
38014	762 
38015	848 
38016	285 
38017	506 
38018	14 
38019	558 
38020	312 
38021	558 
38022	472 
38023	661 
38024	804 
38025	867 
38026	157 
38027	475 
38028	562 
38029	623 
38030	542 
38031	832 
38032	29 
38033	763 
38034	45 
38035	912 
38036	851 
38037	226 
38038	10 
38039	372 
38040	869 
38041	127 
38042	19 
38043	911 
38044	775 
38045	925 
38046	315 
38047	154 
38048	158 
38049	24 
38050	867 
38051	48 
38052	667 
38053	616 
38054	327 
38055	238 
38056	745 
38057	597 
38058	1 
38059	269 
38060	207 
38061	851 
38062	225 
38063	242 
38064	1 
38065	939 
38066	225 
38067	392 
38068	628 
38069	471 
38070	123 
38071	163 
38072	450 
38073	668 
38074	16 
38075	659 
38076	363 
38077	328 
38078	277 
38079	292 
38080	328 
38081	387 
38082	194 
38083	486 
38084	169 
38085	526 
38086	121 
38087	379 
38088	675 
38089	636 
38090	836 
38091	229 
38092	53 
38093	472 
38094	63 
38095	225 
38096	668 
38097	374 
38098	922 
38099	408 
38100	504 
38101	396 
38102	938 
38103	34 
38104	285 
38105	621 
38106	757 
38107	640 
38108	315 
38109	486 
38110	792 
38111	455 
38112	646 
38113	725 
38114	901 
38115	286 
38116	763 
38117	936 
38118	644 
38119	242 
38120	122 
38121	83 
38122	636 
38123	158 
38124	677 
38125	932 
38126	865 
38127	373 
38128	696 
38129	63 
38130	558 
38131	312 
38132	924 
38133	290 
38134	224 
38135	892 
38136	457 
38137	96 
38138	342 
38139	64 
38140	767 
38141	571 
38142	837 
38143	304 
38144	476 
38145	377 
38146	353 
38147	652 
38148	767 
38149	292 
38150	571 
38151	599 
38152	543 
38153	869 
38154	552 
38155	825 
38156	359 
38157	262 
38158	640 
38159	5 
38160	491 
38161	157 
38162	213 
38163	837 
38164	924 
38165	285 
38166	372 
38167	207 
38168	194 
38169	390 
38170	913 
38171	780 
38172	391 
38173	483 
38174	269 
38175	410 
38176	528 
38177	618 
38178	37 
38179	869 
38180	141 
38181	206 
38182	459 
38183	164 
38184	315 
38185	820 
38186	391 
38187	872 
38188	331 
38189	64 
38190	51 
38191	691 
38192	767 
38193	236 
38194	379 
38195	10 
38196	504 
38197	193 
38198	236 
38199	603 
38200	392 
38201	544 
38202	696 
38203	797 
38204	681 
38205	849 
38206	675 
38207	49 
38208	287 
38209	535 
38210	886 
38211	35 
38212	804 
38213	696 
38214	180 
38215	865 
38216	156 
38217	32 
38218	80 
38219	49 
38220	527 
38221	10 
38222	31 
38223	285 
38224	851 
38225	596 
38226	229 
38227	48 
38228	25 
38229	667 
38230	356 
38231	281 
38232	884 
38233	87 
38234	213 
38235	483 
38236	45 
38237	193 
38238	374 
38239	128 
38240	531 
38241	474 
38242	571 
38243	763 
38244	596 
38245	122 
38246	792 
38247	396 
38248	676 
38249	692 
38250	391 
38251	704 
38252	213 
38253	169 
38254	518 
38255	562 
38256	506 
38257	14 
38258	836 
38259	482 
38260	77 
38261	283 
38262	820 
38263	610 
38264	704 
38265	449 
38266	759 
38267	763 
38268	224 
38269	848 
38270	740 
38271	636 
38272	488 
38273	644 
38274	77 
38275	356 
38276	872 
38277	759 
38278	884 
38279	227 
38280	628 
38281	24 
38282	157 
38283	455 
38284	922 
38285	872 
38286	236 
38287	875 
38288	290 
38289	599 
38290	865 
38291	16 
38292	1 
38293	248 
38294	506 
38295	219 
38296	704 
38297	745 
38298	486 
38299	483 
38300	169 
38301	488 
38302	740 
38303	849 
38304	813 
38305	911 
38306	472 
38307	704 
38308	24 
38309	623 
38310	869 
38311	315 
38312	16 
38313	635 
38314	290 
38315	730 
38316	437 
38317	635 
38318	616 
38319	18 
38320	269 
38321	596 
38322	661 
38323	932 
38324	504 
38325	449 
38326	772 
38327	315 
38328	319 
38329	676 
38330	820 
38331	938 
38332	29 
38333	731 
38334	219 
38335	884 
38336	31 
38337	754 
38338	133 
38339	529 
38340	909 
38341	743 
38342	869 
38343	208 
38344	53 
38345	527 
38346	531 
38347	49 
38348	939 
38349	742 
38350	441 
38351	181 
38352	836 
38353	141 
38354	238 
38355	208 
38356	372 
38357	754 
38358	24 
38359	786 
38360	482 
38361	37 
38362	34 
38363	449 
38364	159 
38365	224 
38366	248 
38367	667 
38368	63 
38369	925 
38370	889 
38371	183 
38372	471 
38373	342 
38374	471 
38375	504 
38376	141 
38377	50 
38378	60 
38379	219 
38380	408 
38381	24 
38382	5 
38383	283 
38384	48 
38385	819 
38386	644 
38387	550 
38388	824 
38389	208 
38390	725 
38391	330 
38392	667 
38393	939 
38394	287 
38395	725 
38396	345 
38397	599 
38398	757 
38399	717 
38400	518 
38401	226 
38402	610 
38403	224 
38404	279 
38405	596 
38406	123 
38407	886 
38408	402 
38409	696 
38410	865 
38411	824 
38412	938 
38413	506 
38414	225 
38415	504 
38416	453 
38417	819 
38418	562 
38419	124 
38420	793 
38421	353 
38422	754 
38423	511 
38424	80 
38425	486 
38426	642 
38427	848 
38428	3 
38429	607 
38430	494 
38431	767 
38432	820 
38433	603 
38434	183 
38435	48 
38436	18 
38437	474 
38438	485 
38439	391 
38440	925 
38441	936 
38442	226 
38443	543 
38444	889 
38445	676 
38446	927 
38447	281 
38448	915 
38449	745 
38450	865 
38451	419 
38452	549 
38453	24 
38454	52 
38455	331 
38456	717 
38457	520 
38458	50 
38459	717 
38460	742 
38461	767 
38462	437 
38463	285 
38464	247 
38465	213 
38466	701 
38467	207 
38468	290 
38469	377 
38470	331 
38471	811 
38472	780 
38473	504 
38474	924 
38475	696 
38476	384 
38477	411 
38478	408 
38479	812 
38480	900 
38481	875 
38482	248 
38483	915 
38484	927 
38485	730 
38486	34 
38487	938 
38488	24 
38489	757 
38490	869 
38491	377 
38492	208 
38493	892 
38494	392 
38495	472 
38496	164 
38497	621 
38498	51 
38499	224 
38500	402 
38501	163 
38502	121 
38503	730 
38504	486 
38505	767 
38506	730 
38507	410 
38508	550 
38509	520 
38510	628 
38511	49 
38512	463 
38513	911 
38514	743 
38515	319 
38516	875 
38517	441 
38518	550 
38519	599 
38520	80 
38521	53 
38522	786 
38523	290 
38524	668 
38525	704 
38526	263 
38527	157 
38528	793 
38529	373 
38530	597 
38531	408 
38532	717 
38533	181 
38534	450 
38535	578 
38536	50 
38537	872 
38538	550 
38539	635 
38540	283 
38541	392 
38542	304 
38543	836 
38544	475 
38545	631 
38546	408 
38547	18 
38548	512 
38549	213 
38550	943 
38551	667 
38552	836 
38553	277 
38554	130 
38555	3 
38556	344 
38557	793 
38558	238 
38559	730 
38560	211 
38561	99 
38562	835 
38563	111 
38564	549 
38565	812 
38566	704 
38567	16 
38568	453 
38569	772 
38570	549 
38571	449 
38572	247 
38573	319 
38574	596 
38575	67 
38576	875 
38577	67 
38578	379 
38579	780 
38580	922 
38581	276 
38582	70 
38583	811 
38584	656 
38585	466 
38586	391 
38587	599 
38588	646 
38589	880 
38590	675 
38591	482 
38592	550 
38593	692 
38594	133 
38595	772 
38596	80 
38597	599 
38598	631 
38599	159 
38600	387 
38601	262 
38602	621 
38603	717 
38604	792 
38605	865 
38606	676 
38607	597 
38608	219 
38609	667 
38610	775 
38611	402 
38612	772 
38613	229 
38614	696 
38615	607 
38616	599 
38617	111 
38618	158 
38619	646 
38620	783 
38621	668 
38622	610 
38623	922 
38624	504 
38625	134 
38626	164 
38627	363 
38628	675 
38629	475 
38630	342 
38631	100 
38632	616 
38633	475 
38634	520 
38635	780 
38636	471 
38637	596 
38638	730 
38639	763 
38640	180 
38641	449 
38642	344 
38643	283 
38644	762 
38645	754 
38646	718 
38647	290 
38648	128 
38649	944 
38650	157 
38651	459 
38652	603 
38653	24 
38654	836 
38655	518 
38656	402 
38657	283 
38658	224 
38659	80 
38660	549 
38661	157 
38662	597 
38663	924 
38664	793 
38665	396 
38666	459 
38667	767 
38668	208 
38669	865 
38670	748 
38671	319 
38672	506 
38673	832 
38674	936 
38675	315 
38676	287 
38677	550 
38678	185 
38679	692 
38680	83 
38681	635 
38682	832 
38683	25 
38684	851 
38685	603 
38686	878 
38687	740 
38688	463 
38689	603 
38690	832 
38691	786 
38692	775 
38693	124 
38694	392 
38695	287 
38696	636 
38697	410 
38698	884 
38699	504 
38700	67 
38701	531 
38702	471 
38703	911 
38704	748 
38705	315 
38706	127 
38707	391 
38708	373 
38709	562 
38710	384 
38711	18 
38712	820 
38713	441 
38714	80 
38715	290 
38716	704 
38717	356 
38718	229 
38719	844 
38720	225 
38721	373 
38722	122 
38723	199 
38724	693 
38725	767 
38726	518 
38727	266 
38728	859 
38729	512 
38730	544 
38731	121 
38732	886 
38733	780 
38734	748 
38735	909 
38736	208 
38737	675 
38738	787 
38739	16 
38740	70 
38741	693 
38742	740 
38743	449 
38744	681 
38745	330 
38746	777 
38747	154 
38748	754 
38749	745 
38750	936 
38751	361 
38752	450 
38753	676 
38754	290 
38755	269 
38756	14 
38757	597 
38758	379 
38759	225 
38760	820 
38761	759 
38762	675 
38763	482 
38764	676 
38765	463 
38766	408 
38767	506 
38768	704 
38769	227 
38770	578 
38771	763 
38772	659 
38773	531 
38774	563 
38775	344 
38776	134 
38777	578 
38778	775 
38779	812 
38780	568 
38781	18 
38782	825 
38783	506 
38784	528 
38785	777 
38786	725 
38787	678 
38788	342 
38789	281 
38790	646 
38791	35 
38792	837 
38793	154 
38794	262 
38795	379 
38796	227 
38797	832 
38798	269 
38799	466 
38800	900 
38801	676 
38802	886 
38803	944 
38804	543 
38805	70 
38806	607 
38807	319 
38808	377 
38809	718 
38810	194 
38811	285 
38812	631 
38813	775 
38814	661 
38815	488 
38816	327 
38817	925 
38818	132 
38819	924 
38820	10 
38821	718 
38822	848 
38823	504 
38824	646 
38825	34 
38826	121 
38827	285 
38828	247 
38829	759 
38830	242 
38831	691 
38832	450 
38833	661 
38834	603 
38835	763 
38836	675 
38837	128 
38838	763 
38839	646 
38840	596 
38841	154 
38842	247 
38843	892 
38844	518 
38845	221 
38846	718 
38847	3 
38848	374 
38849	356 
38850	134 
38851	455 
38852	869 
38853	924 
38854	944 
38855	191 
38856	227 
38857	475 
38858	932 
38859	875 
38860	229 
38861	441 
38862	621 
38863	558 
38864	494 
38865	163 
38866	328 
38867	99 
38868	610 
38869	936 
38870	886 
38871	568 
38872	541 
38873	932 
38874	283 
38875	691 
38876	5 
38877	512 
38878	208 
38879	731 
38880	661 
38881	410 
38882	659 
38883	660 
38884	328 
38885	944 
38886	226 
38887	938 
38888	483 
38889	754 
38890	247 
38891	717 
38892	763 
38893	824 
38894	121 
38895	859 
38896	225 
38897	449 
38898	285 
38899	342 
38900	471 
38901	676 
38902	10 
38903	787 
38904	704 
38905	63 
38906	315 
38907	718 
38908	667 
38909	675 
38910	78 
38911	159 
38912	812 
38913	825 
38914	25 
38915	825 
38916	229 
38917	154 
38918	578 
38919	924 
38920	865 
38921	865 
38922	623 
38923	441 
38924	944 
38925	437 
38926	157 
38927	3 
38928	285 
38929	181 
38930	543 
38931	281 
38932	832 
38933	543 
38934	471 
38935	824 
38936	909 
38937	304 
38938	859 
38939	221 
38940	541 
38941	48 
38942	792 
38943	277 
38944	644 
38945	825 
38946	16 
38947	596 
38948	512 
38949	225 
38950	743 
38951	558 
38952	80 
38953	225 
38954	924 
38955	356 
38956	859 
38957	277 
38958	506 
38959	210 
38960	804 
38961	408 
38962	610 
38963	159 
38964	482 
38965	453 
38966	64 
38967	661 
38968	518 
38969	225 
38970	865 
38971	49 
38972	471 
38973	783 
38974	628 
38975	459 
38976	482 
38977	121 
38978	610 
38979	510 
38980	292 
38981	488 
38982	924 
38983	248 
38984	453 
38985	725 
38986	886 
38987	374 
38988	248 
38989	510 
38990	518 
38991	96 
38992	290 
38993	344 
38994	410 
38995	475 
38996	743 
38997	483 
38998	488 
38999	692 
39000	213 
39001	886 
39002	3 
39003	372 
39004	211 
39005	792 
39006	610 
39007	518 
39008	32 
39009	596 
39010	77 
39011	353 
39012	510 
39013	331 
39014	10 
39015	459 
39016	35 
39017	292 
39018	450 
39019	483 
39020	229 
39021	596 
39022	99 
39023	848 
39024	597 
39025	80 
39026	635 
39027	793 
39028	575 
39029	922 
39030	865 
39031	936 
39032	924 
39033	247 
39034	449 
39035	124 
39036	550 
39037	743 
39038	387 
39039	463 
39040	25 
39041	277 
39042	865 
39043	859 
39044	10 
39045	225 
39046	562 
39047	775 
39048	96 
39049	635 
39050	410 
39051	402 
39052	488 
39053	844 
39054	887 
39055	213 
39056	825 
39057	35 
39058	643 
39059	558 
39060	872 
39061	221 
39062	16 
39063	512 
39064	743 
39065	328 
39066	248 
39067	599 
39068	775 
39069	437 
39070	1 
39071	64 
39072	636 
39073	80 
39074	872 
39075	191 
39076	24 
39077	596 
39078	825 
39079	944 
39080	510 
39081	691 
39082	643 
39083	849 
39084	121 
39085	157 
39086	506 
39087	878 
39088	812 
39089	820 
39090	377 
39091	194 
39092	248 
39093	575 
39094	603 
39095	342 
39096	757 
39097	763 
39098	359 
39099	568 
39100	18 
39101	865 
39102	127 
39103	944 
39104	63 
39105	48 
39106	745 
39107	836 
39108	859 
39109	812 
39110	506 
39111	678 
39112	607 
39113	279 
39114	848 
39115	763 
39116	315 
39117	392 
39118	248 
39119	743 
39120	623 
39121	191 
39122	52 
39123	430 
39124	328 
39125	597 
39126	511 
39127	227 
39128	374 
39129	623 
39130	35 
39131	575 
39132	628 
39133	506 
39134	24 
39135	520 
39136	568 
39137	610 
39138	127 
39139	127 
39140	16 
39141	568 
39142	80 
39143	494 
39144	494 
39145	757 
39146	745 
39147	164 
39148	191 
39149	164 
39150	631 
39151	938 
39152	353 
39153	865 
39154	676 
39155	191 
39156	767 
39157	938 
39158	558 
39159	568 
39160	199 
39161	568 
39162	158 
39163	924 
39164	191 
39165	229 
39166	745 
39167	330 
39168	900 
39169	35 
39170	743 
39171	455 
39172	67 
39173	819 
39174	824 
39175	725 
39176	936 
39177	441 
39178	743 
39179	825 
39180	725 
39181	932 
39182	330 
39183	169 
39184	704 
39185	392 
39186	121 
39187	819 
39188	730 
39189	471 
39190	330 
39191	938 
39192	676 
39193	909 
39194	835 
39195	124 
39196	837 
39197	353 
39198	483 
39199	471 
39200	849 
39201	356 
39202	578 
39203	541 
39204	560 
39205	441 
39206	225 
39207	924 
39208	402 
39209	134 
39210	281 
39211	342 
39212	471 
39213	193 
39214	725 
39215	158 
39216	936 
39217	342 
39218	290 
39219	199 
39220	696 
39221	191 
39222	124 
39223	780 
39224	1 
39225	191 
39226	936 
39227	780 
39228	560 
39229	528 
39230	96 
39231	224 
39232	832 
39233	286 
39234	909 
39235	163 
39236	780 
39237	506 
39238	597 
39239	913 
39240	363 
39241	281 
39242	696 
39243	820 
39244	99 
39245	330 
39246	541 
39247	748 
39248	453 
39249	238 
39250	219 
39251	597 
39252	704 
39253	391 
39254	878 
39255	374 
39256	550 
39257	506 
39258	459 
39259	287 
39260	449 
39261	330 
39262	704 
39263	391 
39264	635 
39265	18 
39266	775 
39267	763 
39268	134 
39269	266 
39270	24 
39271	159 
39272	77 
39273	777 
39274	281 
39275	887 
39276	70 
39277	560 
39278	262 
39279	597 
39280	909 
39281	134 
39282	191 
39283	287 
39284	193 
39285	865 
39286	820 
39287	792 
39288	528 
39289	210 
39290	455 
39291	820 
39292	528 
39293	884 
39294	944 
39295	759 
39296	463 
39297	283 
39298	248 
39299	377 
39300	646 
39301	180 
39302	224 
39303	208 
39304	922 
39305	287 
39306	330 
39307	529 
39308	372 
39309	718 
39310	471 
39311	281 
39312	875 
39313	909 
39314	181 
39315	748 
39316	158 
39317	813 
39318	387 
39319	290 
39320	506 
39321	811 
39322	276 
39323	599 
39324	813 
39325	754 
39326	562 
39327	518 
39328	263 
39329	936 
39330	578 
39331	441 
39332	410 
39333	743 
39334	944 
39335	134 
39336	549 
39337	410 
39338	552 
39339	777 
39340	678 
39341	597 
39342	763 
39343	780 
39344	158 
39345	266 
39346	372 
39347	550 
39348	455 
39349	1 
39350	884 
39351	529 
39352	5 
39353	328 
39354	164 
39355	913 
39356	134 
39357	96 
39358	667 
39359	50 
39360	837 
39361	504 
39362	455 
39363	285 
39364	463 
39365	529 
39366	511 
39367	550 
39368	886 
39369	704 
39370	191 
39371	820 
39372	825 
39373	730 
39374	568 
39375	384 
39376	623 
39377	568 
39378	430 
39379	410 
39380	290 
39381	528 
39382	549 
39383	541 
39384	936 
39385	34 
39386	623 
39387	759 
39388	494 
39389	759 
39390	636 
39391	922 
39392	64 
39393	35 
39394	757 
39395	277 
39396	922 
39397	542 
39398	740 
39399	504 
39400	717 
39401	141 
39402	290 
39403	410 
39404	410 
39405	560 
39406	494 
39407	283 
39408	675 
39409	374 
39410	541 
39411	285 
39412	342 
39413	392 
39414	437 
39415	229 
39416	353 
39417	363 
39418	475 
39419	50 
39420	304 
39421	494 
39422	213 
39423	359 
39424	759 
39425	331 
39426	869 
39427	18 
39428	603 
39429	1 
39430	628 
39431	221 
39432	692 
39433	623 
39434	792 
39435	154 
39436	813 
39437	691 
39438	124 
39439	549 
39440	875 
39441	494 
39442	780 
39443	24 
39444	488 
39445	596 
39446	224 
39447	859 
39448	825 
39449	353 
39450	568 
39451	875 
39452	909 
39453	343 
39454	213 
39455	725 
39456	281 
39457	483 
39458	696 
39459	924 
39460	213 
39461	884 
39462	763 
39463	377 
39464	668 
39465	437 
39466	226 
39467	759 
39468	597 
39469	603 
39470	441 
39471	562 
39472	67 
39473	865 
39474	599 
39475	342 
39476	225 
39477	552 
39478	463 
39479	780 
39480	884 
39481	754 
39482	1 
39483	227 
39484	290 
39485	900 
39486	542 
39487	780 
39488	754 
39489	343 
39490	67 
39491	80 
39492	913 
39493	328 
39494	455 
39495	441 
39496	660 
39497	812 
39498	575 
39499	780 
39500	792 
39501	636 
39502	164 
39503	745 
39504	24 
39505	236 
39506	848 
39507	549 
39508	283 
39509	356 
39510	550 
39511	247 
39512	121 
39513	667 
39514	331 
39515	759 
39516	353 
39517	730 
39518	562 
39519	159 
39520	392 
39521	213 
39522	80 
39523	226 
39524	328 
39525	938 
39526	529 
39527	248 
39528	562 
39529	528 
39530	134 
39531	483 
39532	886 
39533	552 
39534	848 
39535	560 
39536	754 
39537	875 
39538	158 
39539	504 
39540	127 
39541	356 
39542	328 
39543	247 
39544	64 
39545	181 
39546	596 
39547	696 
39548	285 
39549	124 
39550	780 
39551	96 
39552	16 
39553	1 
39554	221 
39555	763 
39556	475 
39557	932 
39558	628 
39559	224 
39560	494 
39561	159 
39562	528 
39563	262 
39564	410 
39565	16 
39566	763 
39567	392 
39568	441 
39569	96 
39570	213 
39571	387 
39572	704 
39573	99 
39574	504 
39575	506 
39576	283 
39577	759 
39578	283 
39579	754 
39580	285 
39581	832 
39582	154 
39583	562 
39584	763 
39585	623 
39586	922 
39587	763 
39588	410 
39589	402 
39590	691 
39591	64 
39592	67 
39593	836 
39594	121 
39595	70 
39596	550 
39597	208 
39598	628 
39599	356 
39600	754 
39601	70 
39602	70 
39603	562 
39604	560 
39605	377 
39606	730 
39607	568 
39608	696 
39609	494 
39610	812 
39611	159 
39612	938 
39613	70 
39614	597 
39615	437 
39616	754 
39617	757 
39618	459 
39619	675 
39620	610 
39621	558 
39622	229 
39623	596 
39624	667 
39625	754 
39626	227 
39627	67 
39628	848 
39629	392 
39630	596 
39631	402 
39632	635 
39633	213 
39634	16 
39635	718 
39636	676 
39637	455 
39638	597 
39639	290 
39640	229 
39641	596 
39642	848 
39643	792 
39644	387 
39645	163 
39646	328 
39647	159 
39648	488 
39649	597 
39650	164 
39651	506 
39652	1 
39653	263 
39654	587 
39655	932 
39656	944 
39657	127 
39658	70 
39659	181 
39660	763 
39661	835 
39662	558 
39663	745 
39664	812 
39665	780 
39666	353 
39667	922 
39668	696 
39669	676 
39670	449 
39671	392 
39672	825 
39673	552 
39674	266 
39675	541 
39676	848 
39677	550 
39678	568 
39679	596 
39680	290 
39681	96 
39682	667 
39683	471 
39684	924 
39685	127 
39686	754 
39687	562 
39688	636 
39689	488 
39690	759 
39691	266 
39692	597 
39693	835 
39694	449 
39695	792 
39696	886 
39697	359 
39698	562 
39699	886 
39700	287 
39701	181 
39702	263 
39703	408 
39704	158 
39705	587 
39706	506 
39707	884 
39708	596 
39709	938 
39710	410 
39711	70 
39712	127 
39713	667 
39714	636 
39715	225 
39716	675 
39717	886 
39718	549 
39719	849 
39720	1 
39721	725 
39722	932 
39723	623 
39724	154 
39725	725 
39726	875 
39727	623 
39728	692 
39729	558 
39730	865 
39731	359 
39732	597 
39733	471 
39734	745 
39735	884 
39736	675 
39737	542 
39738	568 
39739	676 
39740	494 
39741	392 
39742	488 
39743	506 
39744	80 
39745	449 
39746	99 
39747	67 
39748	248 
39749	213 
39750	247 
39751	121 
39752	449 
39753	402 
39754	99 
39755	675 
39756	640 
39757	392 
39758	359 
39759	353 
39760	163 
39761	542 
39762	24 
39763	221 
39764	224 
39765	596 
39766	745 
39767	743 
39768	124 
39769	704 
39770	315 
39771	227 
39772	70 
39773	377 
39774	832 
39775	488 
39776	748 
39777	623 
39778	780 
39779	696 
39780	696 
39781	886 
39782	494 
39783	359 
39784	24 
39785	99 
39786	359 
39787	402 
39788	77 
39789	820 
39790	331 
39791	528 
39792	936 
39793	157 
39794	504 
39795	623 
39796	455 
39797	725 
39798	792 
39799	331 
39800	835 
39801	227 
39802	50 
39803	221 
39804	692 
39805	157 
39806	80 
39807	849 
39808	646 
39809	77 
39810	356 
39811	247 
39812	812 
39813	628 
39814	471 
39815	692 
39816	696 
39817	832 
39818	483 
39819	575 
39820	938 
39821	494 
39822	835 
39823	449 
39824	597 
39825	263 
39826	229 
39827	636 
39828	50 
39829	675 
39830	80 
39831	471 
39832	730 
39833	529 
39834	529 
39835	471 
39836	471 
39837	356 
39838	911 
39839	157 
39840	225 
39841	154 
39842	181 
39843	875 
39844	628 
39845	164 
39846	359 
39847	50 
39848	932 
39849	450 
39850	675 
39851	506 
39852	285 
39853	704 
39854	159 
39855	124 
39856	745 
39857	550 
39858	359 
39859	504 
39860	359 
39861	304 
39862	356 
39863	938 
39864	224 
39865	730 
39866	596 
39867	922 
39868	304 
39869	865 
39870	812 
39871	285 
39872	924 
39873	134 
39874	455 
39875	356 
39876	635 
39877	587 
39878	836 
39879	483 
39880	227 
39881	597 
39882	213 
39883	359 
39884	1 
39885	124 
39886	792 
39887	886 
39888	504 
39889	754 
39890	343 
39891	181 
39892	328 
39893	50 
39894	541 
39895	262 
39896	748 
39897	635 
39898	224 
39899	1 
39900	328 
39901	449 
39902	449 
39903	159 
39904	944 
39905	911 
39906	154 
39907	229 
39908	227 
39909	80 
39910	696 
39911	225 
39912	886 
39913	875 
39914	213 
39915	64 
39916	865 
39917	865 
39918	730 
39919	64 
39920	635 
39921	229 
39922	50 
39923	24 
39924	504 
39925	449 
39926	635 
39927	67 
39928	820 
39929	34 
39930	550 
39931	483 
39932	922 
39933	285 
39934	704 
39935	99 
39936	932 
39937	159 
39938	488 
39939	64 
39940	134 
39941	315 
39942	780 
39943	884 
39944	157 
39945	449 
39946	835 
39947	743 
39948	1 
39949	290 
39950	229 
39951	285 
39952	692 
39953	50 
39954	285 
39955	77 
39956	483 
39957	504 
39958	70 
39959	410 
39960	331 
39961	597 
39962	884 
39963	134 
39964	359 
39965	623 
39966	263 
39967	704 
39968	820 
39969	884 
39970	528 
39971	528 
39972	587 
39973	134 
39974	730 
39975	285 
39976	16 
39977	387 
39978	50 
39979	528 
39980	262 
39981	359 
39982	676 
39983	67 
39984	410 
39985	924 
39986	748 
39987	402 
39988	938 
39989	759 
39990	392 
39991	628 
39992	263 
39993	748 
39994	692 
39995	623 
39996	696 
39997	748 
39998	387 
39999	247 
40000	504 
