1	1194 
2	1233 
3	1718 
4	1341 
5	296 
6	1045 
7	1628 
8	193 
9	890 
10	127 
11	191 
12	91 
13	1014 
14	1128 
15	480 
16	1322 
17	855 
18	315 
19	673 
20	1532 
21	1445 
22	1007 
23	1440 
24	249 
25	637 
26	1188 
27	1671 
28	1417 
29	246 
30	347 
31	80 
32	812 
33	42 
34	163 
35	1457 
36	736 
37	484 
38	1643 
39	826 
40	1286 
41	1373 
42	1786 
43	1254 
44	361 
45	1286 
46	602 
47	1515 
48	1621 
49	961 
50	745 
51	1696 
52	930 
53	324 
54	145 
55	196 
56	1456 
57	540 
58	22 
59	1434 
60	1220 
61	1528 
62	1578 
63	377 
64	450 
65	383 
66	1434 
67	983 
68	1471 
69	965 
70	1807 
71	1609 
72	1434 
73	807 
74	807 
75	716 
76	1570 
77	1043 
78	1272 
79	457 
80	591 
81	658 
82	1369 
83	1307 
84	621 
85	574 
86	1643 
87	1134 
88	660 
89	734 
90	1127 
91	1687 
92	731 
93	1640 
94	14 
95	1143 
96	785 
97	1322 
98	242 
99	237 
100	1539 
101	1181 
102	564 
103	1488 
104	1331 
105	1047 
106	993 
107	1714 
108	530 
109	315 
110	383 
111	1282 
112	1381 
113	1469 
114	1765 
115	1217 
116	444 
117	1003 
118	730 
119	1614 
120	154 
121	258 
122	1263 
123	154 
124	1821 
125	1705 
126	320 
127	1798 
128	877 
129	9 
130	1819 
131	183 
132	1153 
133	22 
134	1326 
135	1663 
136	805 
137	14 
138	591 
139	246 
140	1318 
141	436 
142	1286 
143	259 
144	1393 
145	1553 
146	1315 
147	662 
148	283 
149	749 
150	1796 
151	1310 
152	630 
153	721 
154	230 
155	292 
156	47 
157	1086 
158	896 
159	373 
160	1385 
161	873 
162	758 
163	1463 
164	1471 
165	1606 
166	812 
167	1677 
168	598 
169	355 
170	1258 
171	1823 
172	1680 
173	579 
174	1760 
175	135 
176	733 
177	470 
178	1427 
179	703 
180	989 
181	4 
182	398 
183	1056 
184	1479 
185	748 
186	836 
187	864 
188	48 
189	1028 
190	955 
191	541 
192	956 
193	467 
194	1845 
195	1789 
196	686 
197	1591 
198	789 
199	1513 
200	1713 
201	1738 
202	344 
203	527 
204	1296 
205	1106 
206	1083 
207	545 
208	1218 
209	1461 
210	89 
211	739 
212	611 
213	968 
214	1579 
215	1445 
216	1812 
217	1775 
218	510 
219	307 
220	411 
221	367 
222	829 
223	1049 
224	506 
225	1775 
226	397 
227	1225 
228	701 
229	1759 
230	510 
231	667 
232	733 
233	1250 
234	186 
235	707 
236	1318 
237	400 
238	804 
239	272 
240	405 
241	353 
242	959 
243	1222 
244	481 
245	1469 
246	1136 
247	1168 
248	1516 
249	1723 
250	256 
251	444 
252	1031 
253	936 
254	1401 
255	152 
256	1055 
257	357 
258	1195 
259	1527 
260	1264 
261	892 
262	804 
263	1743 
264	1833 
265	941 
266	1820 
267	846 
268	98 
269	469 
270	983 
271	1614 
272	1141 
273	921 
274	1352 
275	1139 
276	1851 
277	1131 
278	318 
279	1027 
280	785 
281	258 
282	19 
283	1706 
284	1366 
285	1635 
286	1503 
287	1229 
288	1825 
289	90 
290	1709 
291	881 
292	958 
293	338 
294	1147 
295	1452 
296	725 
297	893 
298	1421 
299	989 
300	7 
301	1807 
302	1073 
303	1236 
304	808 
305	415 
306	1217 
307	291 
308	1449 
309	1093 
310	536 
311	1221 
312	1717 
313	1555 
314	1 
315	1698 
316	920 
317	391 
318	47 
319	1789 
320	412 
321	739 
322	1556 
323	1031 
324	238 
325	731 
326	886 
327	1585 
328	892 
329	1262 
330	1318 
331	1817 
332	136 
333	997 
334	1706 
335	1111 
336	1722 
337	212 
338	811 
339	31 
340	1378 
341	1226 
342	1250 
343	1680 
344	1005 
345	276 
346	1786 
347	1681 
348	1182 
349	80 
350	1820 
351	488 
352	692 
353	521 
354	1566 
355	1139 
356	12 
357	1714 
358	185 
359	1071 
360	1391 
361	928 
362	98 
363	730 
364	947 
365	1774 
366	163 
367	8 
368	315 
369	1366 
370	997 
371	829 
372	1550 
373	855 
374	258 
375	1236 
376	603 
377	135 
378	983 
379	1342 
380	1529 
381	1688 
382	805 
383	1426 
384	1272 
385	944 
386	1728 
387	1775 
388	1092 
389	791 
390	534 
391	289 
392	715 
393	1547 
394	71 
395	863 
396	748 
397	1263 
398	171 
399	98 
400	461 
401	989 
402	1749 
403	70 
404	1307 
405	346 
406	703 
407	448 
408	1794 
409	1774 
410	139 
411	149 
412	553 
413	336 
414	216 
415	1308 
416	1409 
417	742 
418	1150 
419	1441 
420	785 
421	1271 
422	490 
423	1774 
424	1381 
425	956 
426	1706 
427	821 
428	1207 
429	832 
430	599 
431	1564 
432	1450 
433	146 
434	397 
435	1019 
436	642 
437	666 
438	455 
439	832 
440	289 
441	611 
442	458 
443	565 
444	1502 
445	75 
446	1752 
447	1610 
448	1117 
449	1629 
450	1256 
451	643 
452	490 
453	469 
454	1589 
455	1821 
456	55 
457	596 
458	356 
459	1594 
460	78 
461	480 
462	1233 
463	1310 
464	8 
465	362 
466	994 
467	455 
468	1817 
469	1546 
470	1157 
471	927 
472	1694 
473	1516 
474	1811 
475	1186 
476	334 
477	387 
478	1751 
479	199 
480	693 
481	1372 
482	72 
483	891 
484	1624 
485	526 
486	1358 
487	636 
488	1376 
489	672 
490	564 
491	724 
492	512 
493	6 
494	1606 
495	1748 
496	53 
497	1021 
498	815 
499	692 
500	436 
501	1535 
502	869 
503	249 
504	1091 
505	1207 
506	695 
507	260 
508	211 
509	1318 
510	1293 
511	1355 
512	789 
513	152 
514	502 
515	76 
516	1104 
517	340 
518	640 
519	1247 
520	997 
521	1817 
522	1686 
523	1828 
524	1831 
525	529 
526	57 
527	961 
528	38 
529	1669 
530	431 
531	298 
532	1715 
533	342 
534	1320 
535	1775 
536	908 
537	481 
538	519 
539	995 
540	659 
541	1229 
542	1627 
543	456 
544	1814 
545	1819 
546	750 
547	1260 
548	1801 
549	615 
550	1549 
551	1396 
552	1124 
553	884 
554	1141 
555	1465 
556	435 
557	195 
558	51 
559	492 
560	296 
561	1183 
562	1403 
563	40 
564	612 
565	300 
566	761 
567	456 
568	808 
569	1342 
570	1307 
571	604 
572	764 
573	130 
574	1078 
575	485 
576	790 
577	704 
578	47 
579	229 
580	1257 
581	1039 
582	782 
583	367 
584	1386 
585	535 
586	1543 
587	544 
588	728 
589	843 
590	1208 
591	1785 
592	1404 
593	1775 
594	285 
595	1834 
596	510 
597	1337 
598	841 
599	1236 
600	1684 
601	165 
602	491 
603	1828 
604	21 
605	1055 
606	1589 
607	1525 
608	1525 
609	461 
610	1812 
611	1669 
612	948 
613	999 
614	51 
615	1523 
616	1296 
617	1615 
618	1728 
619	896 
620	1743 
621	1130 
622	922 
623	201 
624	808 
625	391 
626	1832 
627	892 
628	47 
629	227 
630	1289 
631	1648 
632	331 
633	1394 
634	1409 
635	1643 
636	368 
637	1480 
638	36 
639	1454 
640	205 
641	984 
642	805 
643	718 
644	1025 
645	1288 
646	1194 
647	1461 
648	1438 
649	114 
650	495 
651	48 
652	14 
653	1099 
654	145 
655	1277 
656	407 
657	1028 
658	1791 
659	1348 
660	1723 
661	1607 
662	137 
663	192 
664	1807 
665	285 
666	1214 
667	617 
668	1789 
669	330 
670	1817 
671	1810 
672	681 
673	1366 
674	1733 
675	1614 
676	1748 
677	1735 
678	1082 
679	1527 
680	1380 
681	1321 
682	993 
683	1473 
684	612 
685	410 
686	1539 
687	1337 
688	1483 
689	1584 
690	1306 
691	1379 
692	994 
693	695 
694	768 
695	1080 
696	582 
697	1039 
698	712 
699	1053 
700	1689 
701	1080 
702	211 
703	126 
704	953 
705	1046 
706	872 
707	1427 
708	1068 
709	1291 
710	6 
711	1146 
712	1284 
713	859 
714	25 
715	1689 
716	784 
717	1694 
718	1427 
719	808 
720	1520 
721	1246 
722	323 
723	606 
724	398 
725	793 
726	1814 
727	1238 
728	231 
729	1286 
730	1490 
731	114 
732	1681 
733	75 
734	1357 
735	318 
736	1126 
737	1021 
738	932 
739	996 
740	1356 
741	732 
742	1235 
743	702 
744	829 
745	1458 
746	521 
747	326 
748	167 
749	931 
750	545 
751	1465 
752	1709 
753	966 
754	514 
755	94 
756	1048 
757	260 
758	422 
759	862 
760	836 
761	1643 
762	1448 
763	1133 
764	1436 
765	819 
766	821 
767	1254 
768	1361 
769	1062 
770	421 
771	650 
772	510 
773	686 
774	422 
775	1358 
776	459 
777	907 
778	1260 
779	1801 
780	8 
781	1258 
782	1341 
783	1126 
784	289 
785	1531 
786	1668 
787	1746 
788	1026 
789	227 
790	99 
791	1005 
792	794 
793	59 
794	1610 
795	1198 
796	1722 
797	715 
798	1296 
799	1503 
800	968 
801	369 
802	801 
803	1346 
804	1566 
805	967 
806	95 
807	908 
808	1091 
809	535 
810	527 
811	377 
812	1663 
813	1688 
814	1160 
815	476 
816	97 
817	70 
818	242 
819	1348 
820	457 
821	1572 
822	1769 
823	1706 
824	564 
825	1539 
826	1686 
827	1028 
828	565 
829	1758 
830	1164 
831	1688 
832	544 
833	1526 
834	443 
835	108 
836	906 
837	1689 
838	404 
839	644 
840	487 
841	587 
842	855 
843	80 
844	889 
845	1362 
846	1488 
847	520 
848	1678 
849	542 
850	1851 
851	1606 
852	994 
853	1384 
854	1175 
855	1124 
856	778 
857	1603 
858	114 
859	1836 
860	1196 
861	334 
862	633 
863	1110 
864	308 
865	706 
866	568 
867	499 
868	1851 
869	1781 
870	1849 
871	1567 
872	105 
873	713 
874	1498 
875	171 
876	1718 
877	1589 
878	1825 
879	145 
880	1195 
881	1269 
882	1718 
883	1471 
884	456 
885	1412 
886	24 
887	1449 
888	612 
889	62 
890	1217 
891	153 
892	1073 
893	924 
894	1709 
895	723 
896	1562 
897	1420 
898	1513 
899	400 
900	1272 
901	1628 
902	1068 
903	1681 
904	1529 
905	357 
906	1471 
907	966 
908	1246 
909	661 
910	1356 
911	1272 
912	1466 
913	308 
914	816 
915	69 
916	1273 
917	1117 
918	732 
919	1013 
920	627 
921	571 
922	689 
923	763 
924	1755 
925	1128 
926	1139 
927	1257 
928	461 
929	730 
930	297 
931	756 
932	801 
933	1250 
934	661 
935	864 
936	1248 
937	1002 
938	209 
939	1252 
940	364 
941	1583 
942	709 
943	549 
944	693 
945	435 
946	769 
947	238 
948	1391 
949	1035 
950	1346 
951	1810 
952	1308 
953	1564 
954	1083 
955	806 
956	94 
957	1190 
958	1219 
959	1136 
960	1190 
961	921 
962	1567 
963	1432 
964	1325 
965	889 
966	222 
967	807 
968	1033 
969	1662 
970	446 
971	859 
972	614 
973	954 
974	62 
975	864 
976	667 
977	1218 
978	315 
979	67 
980	601 
981	1343 
982	796 
983	1088 
984	1824 
985	436 
986	135 
987	828 
988	1042 
989	7 
990	138 
991	272 
992	1765 
993	1273 
994	1596 
995	597 
996	564 
997	322 
998	417 
999	217 
1000	1482 
1001	1300 
1002	1855 
1003	1163 
1004	1292 
1005	1746 
1006	105 
1007	1058 
1008	256 
1009	322 
1010	434 
1011	319 
1012	806 
1013	1293 
1014	1415 
1015	328 
1016	559 
1017	1695 
1018	209 
1019	1744 
1020	105 
1021	1688 
1022	1500 
1023	891 
1024	163 
1025	646 
1026	1154 
1027	1255 
1028	818 
1029	1003 
1030	739 
1031	864 
1032	63 
1033	1220 
1034	344 
1035	1651 
1036	212 
1037	1345 
1038	1253 
1039	75 
1040	62 
1041	186 
1042	843 
1043	253 
1044	60 
1045	1052 
1046	788 
1047	1833 
1048	700 
1049	320 
1050	1230 
1051	1108 
1052	1519 
1053	545 
1054	203 
1055	108 
1056	1094 
1057	1451 
1058	452 
1059	1487 
1060	75 
1061	669 
1062	1338 
1063	1788 
1064	13 
1065	1234 
1066	1424 
1067	1071 
1068	1734 
1069	1090 
1070	521 
1071	1341 
1072	73 
1073	71 
1074	731 
1075	588 
1076	159 
1077	813 
1078	1065 
1079	1057 
1080	1178 
1081	729 
1082	1088 
1083	478 
1084	1694 
1085	836 
1086	47 
1087	602 
1088	456 
1089	373 
1090	754 
1091	1117 
1092	169 
1093	459 
1094	1828 
1095	230 
1096	845 
1097	1574 
1098	513 
1099	1421 
1100	860 
1101	1469 
1102	465 
1103	1848 
1104	1078 
1105	1131 
1106	967 
1107	1084 
1108	1836 
1109	415 
1110	846 
1111	272 
1112	209 
1113	363 
1114	1516 
1115	1161 
1116	1478 
1117	1175 
1118	250 
1119	515 
1120	1789 
1121	234 
1122	376 
1123	955 
1124	1078 
1125	791 
1126	1161 
1127	949 
1128	492 
1129	159 
1130	1828 
1131	1248 
1132	434 
1133	1577 
1134	643 
1135	1374 
1136	1585 
1137	578 
1138	1208 
1139	130 
1140	321 
1141	422 
1142	1782 
1143	1313 
1144	584 
1145	129 
1146	1720 
1147	1785 
1148	1056 
1149	1576 
1150	463 
1151	1549 
1152	277 
1153	1340 
1154	348 
1155	719 
1156	1117 
1157	379 
1158	72 
1159	1615 
1160	1831 
1161	853 
1162	886 
1163	1575 
1164	1068 
1165	334 
1166	887 
1167	368 
1168	1840 
1169	1365 
1170	646 
1171	440 
1172	1073 
1173	997 
1174	91 
1175	1162 
1176	1603 
1177	1164 
1178	1627 
1179	171 
1180	1579 
1181	1004 
1182	454 
1183	1176 
1184	1031 
1185	1572 
1186	1317 
1187	133 
1188	172 
1189	1632 
1190	116 
1191	1625 
1192	599 
1193	1210 
1194	239 
1195	357 
1196	1048 
1197	1025 
1198	430 
1199	901 
1200	1212 
1201	1139 
1202	1604 
1203	672 
1204	525 
1205	470 
1206	1688 
1207	759 
1208	1207 
1209	151 
1210	449 
1211	39 
1212	1218 
1213	1527 
1214	99 
1215	580 
1216	434 
1217	638 
1218	493 
1219	269 
1220	860 
1221	487 
1222	1173 
1223	1767 
1224	22 
1225	1313 
1226	1571 
1227	152 
1228	1696 
1229	20 
1230	161 
1231	1679 
1232	1131 
1233	730 
1234	452 
1235	963 
1236	1789 
1237	110 
1238	1404 
1239	211 
1240	1516 
1241	338 
1242	1540 
1243	919 
1244	1 
1245	1565 
1246	826 
1247	525 
1248	394 
1249	1462 
1250	1831 
1251	105 
1252	1236 
1253	1317 
1254	257 
1255	1291 
1256	1457 
1257	108 
1258	3 
1259	168 
1260	1286 
1261	285 
1262	786 
1263	794 
1264	384 
1265	958 
1266	927 
1267	1614 
1268	150 
1269	334 
1270	142 
1271	1503 
1272	1855 
1273	719 
1274	892 
1275	724 
1276	444 
1277	1701 
1278	714 
1279	1524 
1280	56 
1281	247 
1282	1346 
1283	642 
1284	631 
1285	804 
1286	289 
1287	1450 
1288	1322 
1289	493 
1290	1800 
1291	819 
1292	451 
1293	1220 
1294	733 
1295	1058 
1296	1627 
1297	1210 
1298	767 
1299	541 
1300	703 
1301	1374 
1302	478 
1303	1454 
1304	243 
1305	150 
1306	4 
1307	1706 
1308	1286 
1309	1794 
1310	1128 
1311	854 
1312	1153 
1313	1263 
1314	947 
1315	612 
1316	446 
1317	1823 
1318	812 
1319	1037 
1320	544 
1321	314 
1322	30 
1323	1445 
1324	290 
1325	712 
1326	1078 
1327	1178 
1328	1286 
1329	62 
1330	1330 
1331	1489 
1332	1575 
1333	867 
1334	586 
1335	672 
1336	1002 
1337	47 
1338	801 
1339	1774 
1340	987 
1341	1694 
1342	1059 
1343	1698 
1344	1606 
1345	1320 
1346	1452 
1347	1087 
1348	427 
1349	199 
1350	1030 
1351	542 
1352	946 
1353	604 
1354	175 
1355	370 
1356	1244 
1357	1425 
1358	1678 
1359	1385 
1360	1645 
1361	1735 
1362	1068 
1363	994 
1364	1746 
1365	1662 
1366	860 
1367	1407 
1368	754 
1369	1516 
1370	171 
1371	1327 
1372	913 
1373	1682 
1374	128 
1375	812 
1376	544 
1377	436 
1378	1760 
1379	1035 
1380	1021 
1381	518 
1382	648 
1383	105 
1384	295 
1385	1212 
1386	1527 
1387	455 
1388	247 
1389	1066 
1390	1070 
1391	1815 
1392	1583 
1393	1578 
1394	1062 
1395	1852 
1396	1746 
1397	276 
1398	1813 
1399	375 
1400	1845 
1401	129 
1402	1465 
1403	803 
1404	1248 
1405	1653 
1406	1853 
1407	1709 
1408	542 
1409	1625 
1410	671 
1411	1564 
1412	264 
1413	982 
1414	208 
1415	214 
1416	533 
1417	796 
1418	1810 
1419	1 
1420	1742 
1421	126 
1422	1416 
1423	856 
1424	127 
1425	255 
1426	1093 
1427	1151 
1428	1434 
1429	685 
1430	1673 
1431	1397 
1432	1446 
1433	91 
1434	1539 
1435	1044 
1436	613 
1437	1251 
1438	922 
1439	469 
1440	539 
1441	1096 
1442	1256 
1443	234 
1444	802 
1445	1765 
1446	1137 
1447	611 
1448	98 
1449	413 
1450	762 
1451	63 
1452	2 
1453	57 
1454	1346 
1455	1332 
1456	682 
1457	1139 
1458	598 
1459	202 
1460	377 
1461	155 
1462	292 
1463	129 
1464	1368 
1465	502 
1466	1663 
1467	1438 
1468	1469 
1469	1663 
1470	1686 
1471	361 
1472	1289 
1473	984 
1474	1209 
1475	8 
1476	498 
1477	1158 
1478	1086 
1479	1316 
1480	1480 
1481	749 
1482	1264 
1483	1774 
1484	1217 
1485	824 
1486	1469 
1487	1797 
1488	490 
1489	1347 
1490	71 
1491	974 
1492	89 
1493	626 
1494	1817 
1495	1092 
1496	1048 
1497	1688 
1498	988 
1499	1392 
1500	258 
1501	908 
1502	217 
1503	62 
1504	5 
1505	1524 
1506	1337 
1507	601 
1508	1404 
1509	1312 
1510	1796 
1511	1364 
1512	1794 
1513	1130 
1514	292 
1515	1358 
1516	1503 
1517	1850 
1518	1509 
1519	314 
1520	515 
1521	1517 
1522	267 
1523	1264 
1524	840 
1525	83 
1526	1001 
1527	1198 
1528	183 
1529	518 
1530	470 
1531	112 
1532	1293 
1533	591 
1534	317 
1535	574 
1536	1098 
1537	806 
1538	834 
1539	1746 
1540	1150 
1541	497 
1542	1356 
1543	1395 
1544	1671 
1545	1548 
1546	1634 
1547	308 
1548	731 
1549	1584 
1550	418 
1551	686 
1552	448 
1553	482 
1554	152 
1555	440 
1556	212 
1557	1689 
1558	947 
1559	1760 
1560	1718 
1561	1780 
1562	259 
1563	290 
1564	611 
1565	1471 
1566	1194 
1567	1380 
1568	709 
1569	466 
1570	1143 
1571	99 
1572	1521 
1573	845 
1574	1035 
1575	373 
1576	1647 
1577	313 
1578	461 
1579	369 
1580	1528 
1581	1337 
1582	956 
1583	1380 
1584	1617 
1585	298 
1586	1667 
1587	1739 
1588	1618 
1589	983 
1590	878 
1591	1248 
1592	74 
1593	1052 
1594	1317 
1595	338 
1596	1244 
1597	587 
1598	676 
1599	704 
1600	646 
1601	1465 
1602	16 
1603	1737 
1604	382 
1605	487 
1606	672 
1607	247 
1608	881 
1609	762 
1610	1477 
1611	54 
1612	1843 
1613	1500 
1614	1583 
1615	1602 
1616	672 
1617	1239 
1618	1119 
1619	1346 
1620	1339 
1621	75 
1622	216 
1623	631 
1624	1358 
1625	1035 
1626	446 
1627	881 
1628	286 
1629	367 
1630	1116 
1631	1434 
1632	398 
1633	413 
1634	785 
1635	98 
1636	327 
1637	1824 
1638	1368 
1639	806 
1640	1828 
1641	601 
1642	48 
1643	1021 
1644	1647 
1645	570 
1646	495 
1647	1503 
1648	670 
1649	1065 
1650	258 
1651	1532 
1652	635 
1653	831 
1654	568 
1655	1159 
1656	126 
1657	1078 
1658	1268 
1659	308 
1660	1141 
1661	1014 
1662	1144 
1663	363 
1664	481 
1665	1526 
1666	453 
1667	439 
1668	209 
1669	1438 
1670	611 
1671	997 
1672	1473 
1673	999 
1674	1773 
1675	997 
1676	1212 
1677	1252 
1678	791 
1679	1064 
1680	956 
1681	653 
1682	546 
1683	152 
1684	1818 
1685	535 
1686	862 
1687	118 
1688	565 
1689	1845 
1690	1765 
1691	1257 
1692	1674 
1693	744 
1694	380 
1695	1527 
1696	1412 
1697	1857 
1698	1521 
1699	696 
1700	1515 
1701	196 
1702	1152 
1703	1254 
1704	1455 
1705	1439 
1706	565 
1707	480 
1708	119 
1709	1630 
1710	510 
1711	958 
1712	385 
1713	1107 
1714	77 
1715	1208 
1716	1474 
1717	1516 
1718	1523 
1719	1348 
1720	1296 
1721	501 
1722	709 
1723	941 
1724	1264 
1725	1086 
1726	75 
1727	798 
1728	292 
1729	1322 
1730	989 
1731	399 
1732	1273 
1733	931 
1734	1694 
1735	356 
1736	1539 
1737	307 
1738	1544 
1739	1246 
1740	480 
1741	1022 
1742	616 
1743	336 
1744	1823 
1745	409 
1746	8 
1747	1689 
1748	712 
1749	510 
1750	981 
1751	789 
1752	353 
1753	155 
1754	277 
1755	377 
1756	815 
1757	1789 
1758	1752 
1759	1031 
1760	1730 
1761	1726 
1762	1459 
1763	1411 
1764	1089 
1765	182 
1766	319 
1767	1589 
1768	888 
1769	1104 
1770	1073 
1771	1177 
1772	75 
1773	1358 
1774	1084 
1775	1235 
1776	992 
1777	599 
1778	974 
1779	467 
1780	683 
1781	1005 
1782	665 
1783	357 
1784	699 
1785	1110 
1786	1185 
1787	1794 
1788	384 
1789	1449 
1790	1640 
1791	818 
1792	735 
1793	1148 
1794	597 
1795	152 
1796	1232 
1797	30 
1798	424 
1799	1845 
1800	951 
1801	145 
1802	1366 
1803	1360 
1804	1778 
1805	1328 
1806	36 
1807	493 
1808	1721 
1809	1551 
1810	7 
1811	633 
1812	1070 
1813	308 
1814	1328 
1815	864 
1816	367 
1817	1496 
1818	380 
1819	1117 
1820	1138 
1821	478 
1822	515 
1823	211 
1824	1416 
1825	686 
1826	390 
1827	1074 
1828	804 
1829	806 
1830	420 
1831	1540 
1832	436 
1833	782 
1834	1188 
1835	1630 
1836	87 
1837	29 
1838	1675 
1839	324 
1840	1789 
1841	1121 
1842	569 
1843	101 
1844	694 
1845	1138 
1846	1284 
1847	1263 
1848	1275 
1849	1199 
1850	1532 
1851	1080 
1852	1502 
1853	1821 
1854	779 
1855	860 
1856	1332 
1857	76 
1858	1075 
1859	211 
1860	1454 
1861	367 
1862	1425 
1863	315 
1864	954 
1865	1163 
1866	864 
1867	958 
1868	1266 
1869	322 
1870	49 
1871	945 
1872	490 
1873	560 
1874	390 
1875	1303 
1876	622 
1877	470 
1878	972 
1879	819 
1880	174 
1881	24 
1882	480 
1883	1016 
1884	715 
1885	128 
1886	1379 
1887	423 
1888	357 
1889	1503 
1890	892 
1891	604 
1892	1539 
1893	1780 
1894	4 
1895	356 
1896	1144 
1897	716 
1898	144 
1899	272 
1900	1362 
1901	806 
1902	1524 
1903	812 
1904	514 
1905	1106 
1906	1482 
1907	739 
1908	11 
1909	130 
1910	666 
1911	461 
1912	53 
1913	1053 
1914	227 
1915	1477 
1916	1175 
1917	1798 
1918	699 
1919	1378 
1920	1142 
1921	135 
1922	319 
1923	316 
1924	1629 
1925	1579 
1926	1765 
1927	819 
1928	16 
1929	654 
1930	1647 
1931	217 
1932	917 
1933	76 
1934	463 
1935	227 
1936	1040 
1937	212 
1938	800 
1939	755 
1940	1056 
1941	1062 
1942	369 
1943	886 
1944	1409 
1945	1386 
1946	1787 
1947	131 
1948	514 
1949	127 
1950	773 
1951	662 
1952	1647 
1953	438 
1954	1358 
1955	1807 
1956	730 
1957	1411 
1958	1474 
1959	931 
1960	658 
1961	1072 
1962	936 
1963	529 
1964	1254 
1965	695 
1966	420 
1967	1333 
1968	1142 
1969	404 
1970	1 
1971	1454 
1972	596 
1973	22 
1974	417 
1975	596 
1976	303 
1977	1595 
1978	748 
1979	243 
1980	1557 
1981	400 
1982	299 
1983	1172 
1984	1437 
1985	888 
1986	89 
1987	279 
1988	412 
1989	1083 
1990	1551 
1991	1801 
1992	1353 
1993	735 
1994	701 
1995	699 
1996	1774 
1997	868 
1998	1706 
1999	493 
2000	550 
2001	393 
2002	493 
2003	1530 
2004	1229 
2005	738 
2006	1606 
2007	622 
2008	856 
2009	37 
2010	1210 
2011	256 
2012	144 
2013	519 
2014	284 
2015	10 
2016	804 
2017	51 
2018	1039 
2019	1346 
2020	341 
2021	1362 
2022	1822 
2023	19 
2024	1540 
2025	1487 
2026	1516 
2027	1304 
2028	759 
2029	1648 
2030	568 
2031	791 
2032	1774 
2033	911 
2034	762 
2035	433 
2036	1794 
2037	1004 
2038	1568 
2039	542 
2040	385 
2041	272 
2042	1672 
2043	78 
2044	573 
2045	201 
2046	1308 
2047	1306 
2048	1233 
2049	888 
2050	621 
2051	1148 
2052	1436 
2053	1280 
2054	789 
2055	47 
2056	1368 
2057	204 
2058	51 
2059	635 
2060	732 
2061	1083 
2062	783 
2063	750 
2064	734 
2065	130 
2066	1057 
2067	1736 
2068	836 
2069	808 
2070	1467 
2071	1120 
2072	1850 
2073	36 
2074	977 
2075	997 
2076	1030 
2077	1576 
2078	1065 
2079	239 
2080	444 
2081	966 
2082	164 
2083	51 
2084	1423 
2085	1070 
2086	493 
2087	263 
2088	1076 
2089	327 
2090	1453 
2091	1413 
2092	212 
2093	1138 
2094	757 
2095	1394 
2096	367 
2097	693 
2098	1710 
2099	385 
2100	929 
2101	353 
2102	1774 
2103	1751 
2104	422 
2105	814 
2106	1331 
2107	805 
2108	230 
2109	557 
2110	931 
2111	72 
2112	1065 
2113	164 
2114	1181 
2115	850 
2116	749 
2117	1398 
2118	1789 
2119	1533 
2120	1124 
2121	1749 
2122	984 
2123	319 
2124	377 
2125	731 
2126	958 
2127	295 
2128	1368 
2129	858 
2130	1418 
2131	404 
2132	1019 
2133	1503 
2134	823 
2135	1425 
2136	1 
2137	404 
2138	879 
2139	1232 
2140	1845 
2141	1810 
2142	398 
2143	285 
2144	1512 
2145	1721 
2146	1300 
2147	168 
2148	1025 
2149	1713 
2150	1438 
2151	1035 
2152	367 
2153	391 
2154	1403 
2155	211 
2156	16 
2157	417 
2158	650 
2159	846 
2160	1840 
2161	1229 
2162	1517 
2163	436 
2164	905 
2165	377 
2166	514 
2167	136 
2168	1366 
2169	1052 
2170	1820 
2171	802 
2172	127 
2173	326 
2174	1384 
2175	257 
2176	659 
2177	1047 
2178	420 
2179	257 
2180	1544 
2181	1765 
2182	274 
2183	146 
2184	1 
2185	256 
2186	958 
2187	1318 
2188	1396 
2189	1027 
2190	1772 
2191	1610 
2192	56 
2193	215 
2194	1082 
2195	572 
2196	1601 
2197	1697 
2198	1770 
2199	672 
2200	1701 
2201	1595 
2202	1220 
2203	1412 
2204	1208 
2205	229 
2206	1775 
2207	1858 
2208	73 
2209	1341 
2210	1322 
2211	993 
2212	1063 
2213	1718 
2214	662 
2215	1836 
2216	1499 
2217	1143 
2218	958 
2219	1528 
2220	363 
2221	992 
2222	130 
2223	1716 
2224	1246 
2225	1735 
2226	1485 
2227	162 
2228	1266 
2229	1655 
2230	900 
2231	1615 
2232	437 
2233	127 
2234	679 
2235	1101 
2236	1415 
2237	810 
2238	1420 
2239	564 
2240	904 
2241	262 
2242	914 
2243	1400 
2244	1643 
2245	1468 
2246	758 
2247	498 
2248	1207 
2249	751 
2250	542 
2251	1618 
2252	1435 
2253	1357 
2254	450 
2255	599 
2256	703 
2257	56 
2258	620 
2259	1256 
2260	276 
2261	323 
2262	715 
2263	394 
2264	1180 
2265	151 
2266	31 
2267	1467 
2268	721 
2269	1272 
2270	1472 
2271	569 
2272	80 
2273	1325 
2274	877 
2275	1255 
2276	1194 
2277	192 
2278	832 
2279	238 
2280	1563 
2281	1826 
2282	481 
2283	701 
2284	329 
2285	842 
2286	1140 
2287	643 
2288	1680 
2289	953 
2290	564 
2291	748 
2292	1724 
2293	693 
2294	188 
2295	45 
2296	683 
2297	392 
2298	97 
2299	886 
2300	1650 
2301	834 
2302	473 
2303	1250 
2304	193 
2305	1098 
2306	1448 
2307	1552 
2308	172 
2309	136 
2310	1358 
2311	785 
2312	6 
2313	1717 
2314	1060 
2315	295 
2316	1588 
2317	1770 
2318	1483 
2319	295 
2320	1648 
2321	1547 
2322	444 
2323	204 
2324	628 
2325	1473 
2326	813 
2327	1764 
2328	508 
2329	99 
2330	974 
2331	1250 
2332	997 
2333	228 
2334	923 
2335	1778 
2336	174 
2337	1757 
2338	400 
2339	89 
2340	203 
2341	1285 
2342	363 
2343	689 
2344	482 
2345	503 
2346	1558 
2347	650 
2348	1188 
2349	652 
2350	851 
2351	24 
2352	1175 
2353	997 
2354	1718 
2355	1132 
2356	1616 
2357	1345 
2358	729 
2359	910 
2360	565 
2361	387 
2362	833 
2363	1264 
2364	1687 
2365	91 
2366	1655 
2367	1254 
2368	964 
2369	1614 
2370	1047 
2371	447 
2372	1836 
2373	1664 
2374	36 
2375	802 
2376	1579 
2377	1030 
2378	1547 
2379	493 
2380	460 
2381	1128 
2382	1842 
2383	330 
2384	972 
2385	1523 
2386	59 
2387	572 
2388	415 
2389	455 
2390	69 
2391	257 
2392	1263 
2393	762 
2394	1524 
2395	1019 
2396	1299 
2397	1105 
2398	210 
2399	1507 
2400	1353 
2401	450 
2402	1755 
2403	1384 
2404	425 
2405	808 
2406	1520 
2407	1139 
2408	845 
2409	435 
2410	362 
2411	1767 
2412	976 
2413	1763 
2414	1628 
2415	1106 
2416	1661 
2417	1789 
2418	832 
2419	184 
2420	1155 
2421	1336 
2422	159 
2423	612 
2424	258 
2425	69 
2426	1300 
2427	957 
2428	110 
2429	1688 
2430	1019 
2431	1486 
2432	167 
2433	35 
2434	1801 
2435	73 
2436	1781 
2437	1671 
2438	992 
2439	686 
2440	1045 
2441	1246 
2442	430 
2443	1833 
2444	453 
2445	256 
2446	974 
2447	568 
2448	1467 
2449	319 
2450	1761 
2451	1426 
2452	61 
2453	1338 
2454	1268 
2455	493 
2456	299 
2457	1728 
2458	808 
2459	189 
2460	1778 
2461	732 
2462	1154 
2463	568 
2464	890 
2465	1314 
2466	724 
2467	565 
2468	1743 
2469	203 
2470	69 
2471	1091 
2472	178 
2473	1617 
2474	862 
2475	1132 
2476	1597 
2477	553 
2478	1226 
2479	1830 
2480	1774 
2481	334 
2482	1238 
2483	1614 
2484	552 
2485	1232 
2486	317 
2487	744 
2488	1083 
2489	1722 
2490	924 
2491	872 
2492	1548 
2493	1824 
2494	24 
2495	1789 
2496	1135 
2497	1307 
2498	1065 
2499	838 
2500	629 
2501	420 
2502	258 
2503	435 
2504	1759 
2505	583 
2506	591 
2507	769 
2508	1858 
2509	809 
2510	1452 
2511	211 
2512	1449 
2513	1170 
2514	837 
2515	1368 
2516	1361 
2517	1609 
2518	1128 
2519	129 
2520	1221 
2521	1792 
2522	391 
2523	1556 
2524	378 
2525	1188 
2526	1505 
2527	1566 
2528	1526 
2529	1768 
2530	277 
2531	1822 
2532	1208 
2533	532 
2534	1726 
2535	316 
2536	116 
2537	983 
2538	1304 
2539	703 
2540	179 
2541	1321 
2542	842 
2543	1664 
2544	1243 
2545	661 
2546	391 
2547	1857 
2548	824 
2549	1086 
2550	482 
2551	1622 
2552	225 
2553	1432 
2554	1683 
2555	446 
2556	29 
2557	34 
2558	274 
2559	306 
2560	1612 
2561	1301 
2562	832 
2563	187 
2564	373 
2565	1218 
2566	658 
2567	1584 
2568	1694 
2569	963 
2570	452 
2571	760 
2572	1849 
2573	1143 
2574	1810 
2575	18 
2576	201 
2577	346 
2578	1124 
2579	1465 
2580	808 
2581	864 
2582	76 
2583	545 
2584	1815 
2585	62 
2586	991 
2587	692 
2588	1807 
2589	1807 
2590	171 
2591	1223 
2592	1617 
2593	801 
2594	1090 
2595	446 
2596	598 
2597	1029 
2598	1775 
2599	807 
2600	416 
2601	211 
2602	260 
2603	1812 
2604	1272 
2605	1085 
2606	806 
2607	1409 
2608	1773 
2609	1220 
2610	469 
2611	1609 
2612	769 
2613	398 
2614	802 
2615	703 
2616	242 
2617	274 
2618	1298 
2619	885 
2620	1417 
2621	1530 
2622	983 
2623	988 
2624	1177 
2625	1185 
2626	788 
2627	661 
2628	411 
2629	1629 
2630	758 
2631	1088 
2632	1153 
2633	69 
2634	1070 
2635	1456 
2636	747 
2637	1237 
2638	196 
2639	1240 
2640	855 
2641	1293 
2642	996 
2643	1132 
2644	426 
2645	171 
2646	1220 
2647	1494 
2648	76 
2649	731 
2650	686 
2651	499 
2652	1165 
2653	242 
2654	256 
2655	1063 
2656	529 
2657	456 
2658	1318 
2659	1190 
2660	439 
2661	1120 
2662	1028 
2663	1514 
2664	1164 
2665	1794 
2666	1149 
2667	73 
2668	1297 
2669	633 
2670	944 
2671	364 
2672	490 
2673	342 
2674	1810 
2675	996 
2676	1639 
2677	996 
2678	1661 
2679	1639 
2680	1282 
2681	1341 
2682	1637 
2683	456 
2684	809 
2685	418 
2686	738 
2687	64 
2688	683 
2689	1284 
2690	581 
2691	1165 
2692	1381 
2693	95 
2694	1230 
2695	383 
2696	1455 
2697	1328 
2698	1472 
2699	557 
2700	1595 
2701	567 
2702	1400 
2703	916 
2704	842 
2705	98 
2706	492 
2707	1814 
2708	1025 
2709	1846 
2710	431 
2711	407 
2712	434 
2713	249 
2714	1345 
2715	1292 
2716	1063 
2717	1211 
2718	285 
2719	829 
2720	203 
2721	129 
2722	672 
2723	1266 
2724	1283 
2725	633 
2726	153 
2727	1044 
2728	1781 
2729	44 
2730	70 
2731	1182 
2732	1350 
2733	1789 
2734	645 
2735	1208 
2736	404 
2737	814 
2738	1792 
2739	357 
2740	1410 
2741	1578 
2742	188 
2743	1283 
2744	1290 
2745	1819 
2746	355 
2747	690 
2748	748 
2749	58 
2750	1206 
2751	1728 
2752	549 
2753	844 
2754	493 
2755	161 
2756	1709 
2757	954 
2758	1266 
2759	1241 
2760	300 
2761	695 
2762	540 
2763	420 
2764	1236 
2765	1708 
2766	1313 
2767	1165 
2768	708 
2769	310 
2770	1836 
2771	884 
2772	481 
2773	1317 
2774	1004 
2775	419 
2776	535 
2777	511 
2778	852 
2779	282 
2780	487 
2781	828 
2782	45 
2783	666 
2784	715 
2785	451 
2786	983 
2787	999 
2788	993 
2789	1836 
2790	1138 
2791	417 
2792	597 
2793	1839 
2794	131 
2795	1774 
2796	69 
2797	600 
2798	1335 
2799	99 
2800	1338 
2801	320 
2802	1753 
2803	414 
2804	1428 
2805	1269 
2806	1824 
2807	1562 
2808	1532 
2809	1502 
2810	1025 
2811	1503 
2812	1514 
2813	318 
2814	1425 
2815	1295 
2816	453 
2817	692 
2818	574 
2819	1640 
2820	1295 
2821	216 
2822	353 
2823	1384 
2824	603 
2825	788 
2826	1155 
2827	745 
2828	103 
2829	486 
2830	1188 
2831	232 
2832	21 
2833	15 
2834	809 
2835	1494 
2836	334 
2837	1718 
2838	470 
2839	1082 
2840	424 
2841	1803 
2842	1084 
2843	444 
2844	1052 
2845	1746 
2846	1666 
2847	782 
2848	129 
2849	177 
2850	1807 
2851	42 
2852	939 
2853	1490 
2854	617 
2855	212 
2856	806 
2857	602 
2858	797 
2859	1250 
2860	763 
2861	626 
2862	286 
2863	703 
2864	1567 
2865	1845 
2866	1188 
2867	6 
2868	529 
2869	1285 
2870	87 
2871	389 
2872	1180 
2873	1689 
2874	1146 
2875	907 
2876	1742 
2877	70 
2878	1781 
2879	1754 
2880	1597 
2881	1775 
2882	1609 
2883	307 
2884	831 
2885	1256 
2886	373 
2887	1794 
2888	1648 
2889	1541 
2890	1264 
2891	1387 
2892	308 
2893	531 
2894	1384 
2895	1001 
2896	1300 
2897	1476 
2898	976 
2899	924 
2900	334 
2901	485 
2902	15 
2903	487 
2904	1564 
2905	738 
2906	1457 
2907	475 
2908	888 
2909	499 
2910	1293 
2911	1407 
2912	89 
2913	227 
2914	1230 
2915	451 
2916	1497 
2917	710 
2918	1436 
2919	1462 
2920	520 
2921	533 
2922	619 
2923	701 
2924	1528 
2925	843 
2926	483 
2927	1058 
2928	438 
2929	760 
2930	62 
2931	974 
2932	1380 
2933	1055 
2934	1490 
2935	1082 
2936	340 
2937	91 
2938	1382 
2939	1532 
2940	219 
2941	1479 
2942	203 
2943	47 
2944	80 
2945	1157 
2946	203 
2947	490 
2948	441 
2949	1411 
2950	1692 
2951	1325 
2952	1684 
2953	353 
2954	1780 
2955	621 
2956	267 
2957	461 
2958	1490 
2959	1718 
2960	130 
2961	1030 
2962	744 
2963	411 
2964	320 
2965	569 
2966	409 
2967	513 
2968	1120 
2969	1016 
2970	889 
2971	947 
2972	1628 
2973	1016 
2974	1084 
2975	1093 
2976	876 
2977	212 
2978	1263 
2979	1599 
2980	1766 
2981	1583 
2982	52 
2983	1653 
2984	1606 
2985	144 
2986	1272 
2987	906 
2988	1812 
2989	178 
2990	1701 
2991	1694 
2992	832 
2993	1583 
2994	1337 
2995	1074 
2996	1129 
2997	872 
2998	20 
2999	1453 
3000	199 
3001	1019 
3002	1145 
3003	1663 
3004	486 
3005	1835 
3006	377 
3007	353 
3008	904 
3009	25 
3010	78 
3011	954 
3012	142 
3013	1029 
3014	1369 
3015	880 
3016	529 
3017	881 
3018	556 
3019	591 
3020	450 
3021	1358 
3022	699 
3023	1420 
3024	1152 
3025	60 
3026	1441 
3027	56 
3028	356 
3029	57 
3030	480 
3031	1003 
3032	19 
3033	1580 
3034	1310 
3035	427 
3036	1515 
3037	105 
3038	516 
3039	1410 
3040	1702 
3041	184 
3042	1649 
3043	1407 
3044	1215 
3045	1677 
3046	1408 
3047	1774 
3048	599 
3049	3 
3050	1481 
3051	1767 
3052	1647 
3053	98 
3054	374 
3055	889 
3056	541 
3057	808 
3058	916 
3059	974 
3060	747 
3061	16 
3062	399 
3063	843 
3064	377 
3065	746 
3066	775 
3067	282 
3068	1692 
3069	69 
3070	708 
3071	1291 
3072	836 
3073	305 
3074	327 
3075	91 
3076	701 
3077	1614 
3078	1671 
3079	41 
3080	205 
3081	372 
3082	1462 
3083	567 
3084	1208 
3085	1018 
3086	1755 
3087	1723 
3088	1689 
3089	1273 
3090	479 
3091	247 
3092	1313 
3093	1644 
3094	523 
3095	1477 
3096	356 
3097	1148 
3098	1068 
3099	597 
3100	1342 
3101	1589 
3102	76 
3103	1326 
3104	996 
3105	700 
3106	399 
3107	385 
3108	1677 
3109	1403 
3110	1223 
3111	1733 
3112	1821 
3113	1777 
3114	1550 
3115	131 
3116	1495 
3117	154 
3118	1539 
3119	1616 
3120	1226 
3121	1490 
3122	753 
3123	482 
3124	1750 
3125	1027 
3126	1731 
3127	1126 
3128	754 
3129	1595 
3130	1313 
3131	974 
3132	1122 
3133	982 
3134	153 
3135	1131 
3136	490 
3137	108 
3138	1802 
3139	686 
3140	1821 
3141	695 
3142	1527 
3143	1069 
3144	1722 
3145	1855 
3146	970 
3147	367 
3148	867 
3149	1778 
3150	738 
3151	1758 
3152	1375 
3153	94 
3154	811 
3155	1441 
3156	1836 
3157	266 
3158	959 
3159	198 
3160	1052 
3161	672 
3162	4 
3163	320 
3164	889 
3165	966 
3166	1348 
3167	754 
3168	222 
3169	1817 
3170	1597 
3171	911 
3172	324 
3173	927 
3174	801 
3175	1460 
3176	598 
3177	1080 
3178	921 
3179	232 
3180	181 
3181	1318 
3182	1495 
3183	599 
3184	1457 
3185	14 
3186	1489 
3187	1532 
3188	1361 
3189	1336 
3190	1789 
3191	1734 
3192	533 
3193	1160 
3194	202 
3195	1421 
3196	715 
3197	1246 
3198	1539 
3199	1070 
3200	1597 
3201	308 
3202	1432 
3203	179 
3204	1191 
3205	1630 
3206	216 
3207	33 
3208	818 
3209	356 
3210	1715 
3211	413 
3212	1451 
3213	275 
3214	760 
3215	1694 
3216	432 
3217	232 
3218	1277 
3219	606 
3220	1463 
3221	466 
3222	1379 
3223	1790 
3224	1262 
3225	974 
3226	105 
3227	1746 
3228	1307 
3229	120 
3230	602 
3231	1597 
3232	773 
3233	739 
3234	1659 
3235	226 
3236	920 
3237	1503 
3238	984 
3239	974 
3240	719 
3241	1463 
3242	1837 
3243	654 
3244	1478 
3245	277 
3246	806 
3247	76 
3248	345 
3249	1052 
3250	1218 
3251	994 
3252	1603 
3253	41 
3254	1657 
3255	981 
3256	1083 
3257	1131 
3258	1394 
3259	931 
3260	1798 
3261	1016 
3262	1190 
3263	1434 
3264	1347 
3265	815 
3266	1715 
3267	1499 
3268	1348 
3269	671 
3270	1313 
3271	1106 
3272	1401 
3273	1646 
3274	298 
3275	1659 
3276	1045 
3277	1395 
3278	978 
3279	578 
3280	1824 
3281	931 
3282	583 
3283	430 
3284	1696 
3285	930 
3286	1400 
3287	1666 
3288	481 
3289	21 
3290	130 
3291	410 
3292	553 
3293	410 
3294	1088 
3295	339 
3296	1080 
3297	214 
3298	1504 
3299	422 
3300	1750 
3301	661 
3302	835 
3303	1076 
3304	812 
3305	1412 
3306	335 
3307	1323 
3308	529 
3309	310 
3310	1843 
3311	1258 
3312	323 
3313	1101 
3314	260 
3315	533 
3316	800 
3317	1194 
3318	808 
3319	1735 
3320	611 
3321	829 
3322	1261 
3323	1438 
3324	58 
3325	1574 
3326	1687 
3327	114 
3328	1808 
3329	812 
3330	1533 
3331	1218 
3332	1654 
3333	542 
3334	983 
3335	1469 
3336	1620 
3337	860 
3338	1262 
3339	1688 
3340	437 
3341	988 
3342	1790 
3343	794 
3344	291 
3345	130 
3346	174 
3347	944 
3348	466 
3349	629 
3350	736 
3351	1039 
3352	1639 
3353	976 
3354	466 
3355	332 
3356	1765 
3357	114 
3358	1188 
3359	1781 
3360	963 
3361	889 
3362	380 
3363	299 
3364	725 
3365	243 
3366	1852 
3367	523 
3368	40 
3369	921 
3370	1806 
3371	158 
3372	1792 
3373	1733 
3374	1526 
3375	420 
3376	304 
3377	553 
3378	1318 
3379	1512 
3380	354 
3381	1297 
3382	769 
3383	1368 
3384	977 
3385	1131 
3386	1677 
3387	1367 
3388	1218 
3389	242 
3390	1500 
3391	1846 
3392	969 
3393	1293 
3394	1194 
3395	1150 
3396	341 
3397	318 
3398	576 
3399	1125 
3400	1755 
3401	516 
3402	1677 
3403	1308 
3404	1713 
3405	1371 
3406	7 
3407	1511 
3408	830 
3409	1511 
3410	1677 
3411	909 
3412	1449 
3413	584 
3414	1697 
3415	695 
3416	564 
3417	199 
3418	362 
3419	1770 
3420	583 
3421	1528 
3422	1489 
3423	1706 
3424	1379 
3425	1661 
3426	1524 
3427	1545 
3428	448 
3429	1374 
3430	618 
3431	553 
3432	517 
3433	1622 
3434	121 
3435	662 
3436	646 
3437	1040 
3438	1135 
3439	39 
3440	983 
3441	1236 
3442	1430 
3443	94 
3444	925 
3445	612 
3446	546 
3447	449 
3448	1532 
3449	836 
3450	958 
3451	1159 
3452	1643 
3453	1437 
3454	516 
3455	1397 
3456	971 
3457	1144 
3458	634 
3459	1603 
3460	1765 
3461	1217 
3462	1195 
3463	1643 
3464	1084 
3465	1157 
3466	1515 
3467	192 
3468	1622 
3469	131 
3470	876 
3471	1367 
3472	756 
3473	1057 
3474	1506 
3475	703 
3476	749 
3477	1055 
3478	263 
3479	1557 
3480	611 
3481	529 
3482	56 
3483	1632 
3484	904 
3485	470 
3486	1760 
3487	1286 
3488	1104 
3489	968 
3490	732 
3491	1524 
3492	1351 
3493	64 
3494	1756 
3495	1628 
3496	216 
3497	1058 
3498	892 
3499	744 
3500	819 
3501	424 
3502	956 
3503	519 
3504	1706 
3505	699 
3506	1161 
3507	841 
3508	767 
3509	921 
3510	1341 
3511	46 
3512	1498 
3513	1774 
3514	108 
3515	1414 
3516	540 
3517	598 
3518	353 
3519	1162 
3520	1032 
3521	773 
3522	1190 
3523	882 
3524	534 
3525	647 
3526	319 
3527	716 
3528	1126 
3529	391 
3530	1057 
3531	1498 
3532	230 
3533	411 
3534	473 
3535	1203 
3536	1006 
3537	155 
3538	1595 
3539	1217 
3540	989 
3541	267 
3542	75 
3543	862 
3544	1078 
3545	1052 
3546	1068 
3547	916 
3548	1317 
3549	661 
3550	1085 
3551	1029 
3552	334 
3553	1188 
3554	1117 
3555	130 
3556	1503 
3557	1633 
3558	1648 
3559	396 
3560	1048 
3561	1763 
3562	482 
3563	845 
3564	19 
3565	73 
3566	1631 
3567	742 
3568	805 
3569	1315 
3570	808 
3571	1718 
3572	783 
3573	353 
3574	444 
3575	1608 
3576	499 
3577	439 
3578	1528 
3579	1352 
3580	1503 
3581	1377 
3582	1080 
3583	14 
3584	1349 
3585	1396 
3586	314 
3587	1688 
3588	418 
3589	1375 
3590	385 
3591	721 
3592	1465 
3593	274 
3594	100 
3595	1197 
3596	802 
3597	75 
3598	464 
3599	1265 
3600	667 
3601	808 
3602	1256 
3603	233 
3604	1666 
3605	259 
3606	461 
3607	436 
3608	1841 
3609	897 
3610	360 
3611	832 
3612	843 
3613	13 
3614	739 
3615	1379 
3616	1338 
3617	535 
3618	1028 
3619	1101 
3620	377 
3621	1568 
3622	266 
3623	456 
3624	1723 
3625	892 
3626	1217 
3627	1091 
3628	867 
3629	692 
3630	355 
3631	819 
3632	442 
3633	1577 
3634	367 
3635	1567 
3636	716 
3637	935 
3638	1807 
3639	621 
3640	1655 
3641	362 
3642	1780 
3643	1783 
3644	796 
3645	554 
3646	791 
3647	1217 
3648	1139 
3649	1114 
3650	57 
3651	214 
3652	1217 
3653	1294 
3654	436 
3655	1837 
3656	652 
3657	523 
3658	1327 
3659	1236 
3660	1709 
3661	693 
3662	331 
3663	293 
3664	909 
3665	1486 
3666	994 
3667	1467 
3668	1625 
3669	563 
3670	1024 
3671	1613 
3672	288 
3673	1735 
3674	164 
3675	927 
3676	28 
3677	1532 
3678	75 
3679	1194 
3680	105 
3681	660 
3682	650 
3683	1004 
3684	1718 
3685	399 
3686	982 
3687	1376 
3688	1843 
3689	889 
3690	70 
3691	205 
3692	767 
3693	1207 
3694	1610 
3695	1202 
3696	241 
3697	1538 
3698	1578 
3699	1444 
3700	1772 
3701	550 
3702	852 
3703	1347 
3704	1726 
3705	653 
3706	182 
3707	363 
3708	699 
3709	1048 
3710	1448 
3711	901 
3712	599 
3713	171 
3714	422 
3715	1705 
3716	1578 
3717	46 
3718	1809 
3719	814 
3720	296 
3721	1609 
3722	168 
3723	1409 
3724	960 
3725	806 
3726	235 
3727	1188 
3728	757 
3729	1073 
3730	397 
3731	835 
3732	292 
3733	1831 
3734	1643 
3735	1721 
3736	1688 
3737	308 
3738	1833 
3739	1533 
3740	435 
3741	1122 
3742	1697 
3743	1831 
3744	640 
3745	967 
3746	1326 
3747	1284 
3748	1755 
3749	625 
3750	1463 
3751	806 
3752	1257 
3753	1721 
3754	1335 
3755	801 
3756	941 
3757	858 
3758	1264 
3759	835 
3760	731 
3761	1256 
3762	968 
3763	78 
3764	129 
3765	241 
3766	886 
3767	422 
3768	1748 
3769	1490 
3770	308 
3771	720 
3772	584 
3773	739 
3774	1568 
3775	90 
3776	1816 
3777	824 
3778	1563 
3779	134 
3780	1506 
3781	1161 
3782	1194 
3783	527 
3784	1550 
3785	1650 
3786	1836 
3787	528 
3788	1163 
3789	1614 
3790	1279 
3791	1308 
3792	1663 
3793	646 
3794	24 
3795	25 
3796	202 
3797	1384 
3798	629 
3799	685 
3800	583 
3801	1469 
3802	1647 
3803	40 
3804	1780 
3805	404 
3806	911 
3807	462 
3808	1259 
3809	842 
3810	1062 
3811	1504 
3812	1628 
3813	1725 
3814	446 
3815	998 
3816	685 
3817	612 
3818	607 
3819	135 
3820	1114 
3821	1733 
3822	499 
3823	565 
3824	784 
3825	832 
3826	946 
3827	129 
3828	1170 
3829	1175 
3830	795 
3831	1585 
3832	829 
3833	190 
3834	319 
3835	1052 
3836	1574 
3837	747 
3838	1633 
3839	239 
3840	1011 
3841	565 
3842	715 
3843	1580 
3844	368 
3845	367 
3846	1201 
3847	781 
3848	73 
3849	1713 
3850	290 
3851	836 
3852	1231 
3853	617 
3854	565 
3855	57 
3856	1034 
3857	1 
3858	1680 
3859	1755 
3860	1672 
3861	1765 
3862	61 
3863	1325 
3864	287 
3865	1695 
3866	1132 
3867	916 
3868	14 
3869	1321 
3870	206 
3871	1510 
3872	864 
3873	1609 
3874	420 
3875	277 
3876	158 
3877	91 
3878	1680 
3879	1188 
3880	1683 
3881	1753 
3882	686 
3883	1188 
3884	813 
3885	579 
3886	621 
3887	44 
3888	1127 
3889	255 
3890	390 
3891	1386 
3892	858 
3893	106 
3894	76 
3895	191 
3896	482 
3897	842 
3898	753 
3899	397 
3900	185 
3901	667 
3902	1075 
3903	383 
3904	1102 
3905	383 
3906	1283 
3907	1676 
3908	1532 
3909	464 
3910	1326 
3911	919 
3912	1773 
3913	1577 
3914	1749 
3915	212 
3916	286 
3917	736 
3918	1401 
3919	988 
3920	1000 
3921	442 
3922	233 
3923	582 
3924	1009 
3925	1475 
3926	277 
3927	384 
3928	209 
3929	1759 
3930	1664 
3931	1830 
3932	498 
3933	882 
3934	1671 
3935	4 
3936	1162 
3937	300 
3938	1704 
3939	644 
3940	703 
3941	205 
3942	1477 
3943	24 
3944	537 
3945	1478 
3946	1135 
3947	159 
3948	565 
3949	1130 
3950	1485 
3951	199 
3952	1693 
3953	1130 
3954	1221 
3955	857 
3956	69 
3957	1332 
3958	1843 
3959	1810 
3960	1353 
3961	911 
3962	710 
3963	757 
3964	65 
3965	236 
3966	365 
3967	1711 
3968	182 
3969	658 
3970	994 
3971	340 
3972	29 
3973	749 
3974	1758 
3975	1840 
3976	1083 
3977	602 
3978	557 
3979	1669 
3980	323 
3981	242 
3982	1386 
3983	8 
3984	1821 
3985	1769 
3986	1374 
3987	876 
3988	1471 
3989	549 
3990	614 
3991	503 
3992	531 
3993	203 
3994	1554 
3995	668 
3996	1154 
3997	591 
3998	1264 
3999	951 
4000	679 
4001	1698 
4002	689 
4003	1729 
4004	8 
4005	1761 
4006	1746 
4007	1722 
4008	1840 
4009	18 
4010	144 
4011	670 
4012	1657 
4013	1130 
4014	1490 
4015	1158 
4016	1571 
4017	42 
4018	789 
4019	1746 
4020	89 
4021	626 
4022	36 
4023	479 
4024	1440 
4025	703 
4026	702 
4027	1665 
4028	1142 
4029	428 
4030	1834 
4031	257 
4032	955 
4033	342 
4034	359 
4035	1725 
4036	1283 
4037	662 
4038	709 
4039	1232 
4040	41 
4041	557 
4042	1222 
4043	308 
4044	1578 
4045	1303 
4046	989 
4047	8 
4048	1447 
4049	622 
4050	1452 
4051	1589 
4052	157 
4053	613 
4054	1822 
4055	845 
4056	354 
4057	983 
4058	1482 
4059	1368 
4060	1570 
4061	814 
4062	601 
4063	775 
4064	1624 
4065	1673 
4066	1212 
4067	311 
4068	563 
4069	677 
4070	1682 
4071	1843 
4072	1571 
4073	989 
4074	1774 
4075	201 
4076	584 
4077	262 
4078	1120 
4079	1011 
4080	636 
4081	574 
4082	470 
4083	1493 
4084	222 
4085	802 
4086	10 
4087	776 
4088	1226 
4089	1412 
4090	1311 
4091	1024 
4092	1841 
4093	1027 
4094	1453 
4095	1188 
4096	20 
4097	1043 
4098	983 
4099	131 
4100	323 
4101	452 
4102	623 
4103	91 
4104	919 
4105	1431 
4106	1806 
4107	1712 
4108	1428 
4109	701 
4110	1299 
4111	260 
4112	992 
4113	921 
4114	902 
4115	872 
4116	1824 
4117	567 
4118	1628 
4119	8 
4120	724 
4121	397 
4122	194 
4123	1433 
4124	185 
4125	1404 
4126	1629 
4127	941 
4128	66 
4129	842 
4130	1658 
4131	1502 
4132	1004 
4133	996 
4134	672 
4135	936 
4136	156 
4137	1630 
4138	256 
4139	1712 
4140	286 
4141	1697 
4142	164 
4143	519 
4144	698 
4145	1504 
4146	1146 
4147	127 
4148	1284 
4149	1775 
4150	1105 
4151	775 
4152	767 
4153	112 
4154	1515 
4155	242 
4156	964 
4157	633 
4158	223 
4159	921 
4160	1435 
4161	722 
4162	917 
4163	843 
4164	1366 
4165	1391 
4166	526 
4167	537 
4168	315 
4169	331 
4170	14 
4171	62 
4172	643 
4173	584 
4174	258 
4175	1836 
4176	1566 
4177	541 
4178	502 
4179	671 
4180	769 
4181	1486 
4182	377 
4183	1286 
4184	320 
4185	261 
4186	1274 
4187	27 
4188	981 
4189	1822 
4190	1256 
4191	556 
4192	1167 
4193	411 
4194	1272 
4195	979 
4196	1258 
4197	730 
4198	1030 
4199	1515 
4200	893 
4201	342 
4202	1682 
4203	892 
4204	958 
4205	1514 
4206	966 
4207	1585 
4208	1322 
4209	902 
4210	1583 
4211	1091 
4212	683 
4213	1367 
4214	1690 
4215	1757 
4216	470 
4217	1778 
4218	1799 
4219	1596 
4220	332 
4221	1049 
4222	703 
4223	699 
4224	1025 
4225	1108 
4226	1643 
4227	77 
4228	1773 
4229	637 
4230	1163 
4231	1378 
4232	531 
4233	962 
4234	394 
4235	1305 
4236	1 
4237	1342 
4238	1220 
4239	179 
4240	782 
4241	1760 
4242	820 
4243	4 
4244	1598 
4245	568 
4246	1052 
4247	1263 
4248	105 
4249	384 
4250	234 
4251	1001 
4252	1817 
4253	1493 
4254	729 
4255	409 
4256	1797 
4257	960 
4258	773 
4259	1465 
4260	1668 
4261	664 
4262	230 
4263	330 
4264	1103 
4265	1226 
4266	162 
4267	1830 
4268	1116 
4269	1528 
4270	1064 
4271	1068 
4272	1462 
4273	394 
4274	1246 
4275	404 
4276	1723 
4277	997 
4278	756 
4279	1331 
4280	1101 
4281	871 
4282	683 
4283	1518 
4284	808 
4285	1584 
4286	230 
4287	1029 
4288	709 
4289	57 
4290	1579 
4291	1427 
4292	721 
4293	1182 
4294	112 
4295	650 
4296	584 
4297	1721 
4298	1287 
4299	433 
4300	1378 
4301	1629 
4302	1143 
4303	1516 
4304	407 
4305	172 
4306	554 
4307	750 
4308	872 
4309	1533 
4310	1530 
4311	889 
4312	209 
4313	1232 
4314	990 
4315	579 
4316	1718 
4317	1062 
4318	1254 
4319	1656 
4320	1638 
4321	614 
4322	209 
4323	979 
4324	1274 
4325	219 
4326	205 
4327	430 
4328	1552 
4329	85 
4330	886 
4331	744 
4332	636 
4333	786 
4334	131 
4335	1169 
4336	842 
4337	1157 
4338	1609 
4339	843 
4340	1502 
4341	1698 
4342	930 
4343	1451 
4344	1100 
4345	1341 
4346	1318 
4347	1112 
4348	30 
4349	216 
4350	839 
4351	75 
4352	272 
4353	151 
4354	583 
4355	165 
4356	945 
4357	1065 
4358	1726 
4359	1588 
4360	1818 
4361	944 
4362	14 
4363	259 
4364	1420 
4365	276 
4366	322 
4367	1712 
4368	162 
4369	222 
4370	1776 
4371	99 
4372	935 
4373	1026 
4374	1764 
4375	836 
4376	1745 
4377	709 
4378	1814 
4379	1408 
4380	318 
4381	1773 
4382	845 
4383	674 
4384	797 
4385	1069 
4386	19 
4387	522 
4388	1510 
4389	1356 
4390	1582 
4391	30 
4392	1616 
4393	1657 
4394	612 
4395	341 
4396	697 
4397	1594 
4398	1212 
4399	983 
4400	362 
4401	1387 
4402	506 
4403	469 
4404	696 
4405	646 
4406	782 
4407	1432 
4408	737 
4409	1771 
4410	1086 
4411	1553 
4412	543 
4413	804 
4414	806 
4415	708 
4416	73 
4417	272 
4418	1337 
4419	738 
4420	98 
4421	1168 
4422	843 
4423	1624 
4424	1841 
4425	578 
4426	1191 
4427	1143 
4428	1290 
4429	192 
4430	237 
4431	889 
4432	1755 
4433	1766 
4434	115 
4435	1467 
4436	1273 
4437	1359 
4438	738 
4439	416 
4440	666 
4441	553 
4442	41 
4443	705 
4444	367 
4445	1798 
4446	289 
4447	806 
4448	1099 
4449	1785 
4450	1633 
4451	832 
4452	287 
4453	1774 
4454	1758 
4455	1284 
4456	788 
4457	590 
4458	1615 
4459	1341 
4460	613 
4461	680 
4462	1469 
4463	806 
4464	105 
4465	1774 
4466	1682 
4467	894 
4468	1296 
4469	1300 
4470	1595 
4471	875 
4472	867 
4473	591 
4474	993 
4475	554 
4476	325 
4477	815 
4478	537 
4479	1688 
4480	1040 
4481	223 
4482	1188 
4483	205 
4484	516 
4485	307 
4486	267 
4487	1528 
4488	1396 
4489	1004 
4490	758 
4491	1780 
4492	1042 
4493	90 
4494	709 
4495	1575 
4496	1125 
4497	832 
4498	1467 
4499	596 
4500	148 
4501	451 
4502	1562 
4503	129 
4504	391 
4505	286 
4506	664 
4507	1728 
4508	13 
4509	1221 
4510	574 
4511	1409 
4512	1369 
4513	1525 
4514	155 
4515	533 
4516	742 
4517	1509 
4518	1243 
4519	598 
4520	1554 
4521	340 
4522	1402 
4523	689 
4524	1139 
4525	360 
4526	1298 
4527	1004 
4528	291 
4529	1325 
4530	1561 
4531	1006 
4532	812 
4533	1179 
4534	1337 
4535	323 
4536	296 
4537	1139 
4538	312 
4539	510 
4540	1389 
4541	1661 
4542	1771 
4543	741 
4544	1852 
4545	1688 
4546	1338 
4547	1300 
4548	742 
4549	1362 
4550	1054 
4551	1821 
4552	289 
4553	1270 
4554	1226 
4555	498 
4556	802 
4557	1753 
4558	155 
4559	1172 
4560	605 
4561	864 
4562	1806 
4563	1743 
4564	1345 
4565	1680 
4566	739 
4567	1492 
4568	806 
4569	905 
4570	61 
4571	51 
4572	456 
4573	70 
4574	1547 
4575	966 
4576	262 
4577	503 
4578	1223 
4579	1254 
4580	484 
4581	513 
4582	466 
4583	150 
4584	1672 
4585	313 
4586	135 
4587	234 
4588	187 
4589	94 
4590	175 
4591	1818 
4592	540 
4593	341 
4594	156 
4595	98 
4596	1147 
4597	724 
4598	1733 
4599	1237 
4600	1663 
4601	1824 
4602	455 
4603	1454 
4604	217 
4605	870 
4606	1208 
4607	1196 
4608	1141 
4609	29 
4610	607 
4611	948 
4612	969 
4613	1249 
4614	578 
4615	1748 
4616	441 
4617	147 
4618	1263 
4619	92 
4620	363 
4621	503 
4622	1311 
4623	1471 
4624	860 
4625	31 
4626	1675 
4627	1068 
4628	918 
4629	1102 
4630	509 
4631	158 
4632	1514 
4633	321 
4634	751 
4635	1828 
4636	1361 
4637	48 
4638	573 
4639	21 
4640	324 
4641	169 
4642	1210 
4643	1480 
4644	161 
4645	1358 
4646	1206 
4647	612 
4648	759 
4649	1448 
4650	976 
4651	1639 
4652	1449 
4653	1748 
4654	820 
4655	1671 
4656	130 
4657	10 
4658	1723 
4659	1110 
4660	6 
4661	1508 
4662	131 
4663	124 
4664	1830 
4665	1588 
4666	530 
4667	732 
4668	1138 
4669	1224 
4670	110 
4671	745 
4672	1276 
4673	470 
4674	1443 
4675	564 
4676	1117 
4677	1064 
4678	372 
4679	1434 
4680	1564 
4681	1736 
4682	178 
4683	1758 
4684	1516 
4685	1733 
4686	166 
4687	966 
4688	813 
4689	1463 
4690	548 
4691	156 
4692	697 
4693	482 
4694	842 
4695	890 
4696	1162 
4697	1352 
4698	1318 
4699	997 
4700	486 
4701	393 
4702	922 
4703	1018 
4704	243 
4705	1559 
4706	200 
4707	545 
4708	1649 
4709	1663 
4710	1846 
4711	373 
4712	735 
4713	1586 
4714	1648 
4715	334 
4716	1124 
4717	1718 
4718	1497 
4719	194 
4720	420 
4721	587 
4722	602 
4723	1830 
4724	733 
4725	1216 
4726	1097 
4727	1144 
4728	706 
4729	994 
4730	733 
4731	911 
4732	83 
4733	420 
4734	1225 
4735	526 
4736	1376 
4737	127 
4738	1807 
4739	1450 
4740	533 
4741	6 
4742	407 
4743	1409 
4744	1503 
4745	1828 
4746	1 
4747	1664 
4748	579 
4749	1806 
4750	1021 
4751	410 
4752	553 
4753	1191 
4754	51 
4755	506 
4756	706 
4757	1141 
4758	1490 
4759	667 
4760	596 
4761	944 
4762	244 
4763	62 
4764	222 
4765	599 
4766	1445 
4767	1355 
4768	1546 
4769	907 
4770	1358 
4771	802 
4772	383 
4773	320 
4774	1221 
4775	758 
4776	470 
4777	1706 
4778	315 
4779	319 
4780	1784 
4781	892 
4782	1857 
4783	1361 
4784	800 
4785	1593 
4786	461 
4787	7 
4788	446 
4789	183 
4790	258 
4791	762 
4792	1039 
4793	1718 
4794	1617 
4795	77 
4796	864 
4797	154 
4798	574 
4799	1397 
4800	1528 
4801	1502 
4802	40 
4803	604 
4804	1758 
4805	802 
4806	322 
4807	1190 
4808	273 
4809	531 
4810	1068 
4811	367 
4812	1579 
4813	553 
4814	1601 
4815	956 
4816	996 
4817	13 
4818	1562 
4819	1362 
4820	703 
4821	163 
4822	841 
4823	152 
4824	337 
4825	308 
4826	48 
4827	1690 
4828	1217 
4829	1665 
4830	602 
4831	1840 
4832	1340 
4833	271 
4834	1493 
4835	801 
4836	733 
4837	1769 
4838	1650 
4839	819 
4840	818 
4841	331 
4842	580 
4843	808 
4844	285 
4845	145 
4846	906 
4847	1264 
4848	42 
4849	1747 
4850	1001 
4851	927 
4852	1056 
4853	892 
4854	1502 
4855	1264 
4856	1246 
4857	1203 
4858	880 
4859	1787 
4860	1210 
4861	1501 
4862	1029 
4863	21 
4864	1322 
4865	24 
4866	949 
4867	1232 
4868	343 
4869	124 
4870	880 
4871	591 
4872	929 
4873	370 
4874	1449 
4875	1028 
4876	342 
4877	1503 
4878	526 
4879	1001 
4880	321 
4881	1198 
4882	666 
4883	46 
4884	213 
4885	1502 
4886	461 
4887	1508 
4888	1294 
4889	1266 
4890	617 
4891	43 
4892	1468 
4893	1457 
4894	806 
4895	805 
4896	568 
4897	1606 
4898	622 
4899	1769 
4900	1449 
4901	204 
4902	921 
4903	1554 
4904	1311 
4905	446 
4906	130 
4907	821 
4908	99 
4909	604 
4910	1794 
4911	1345 
4912	1083 
4913	1248 
4914	895 
4915	808 
4916	996 
4917	1285 
4918	531 
4919	1194 
4920	371 
4921	217 
4922	146 
4923	480 
4924	976 
4925	385 
4926	257 
4927	1614 
4928	470 
4929	1380 
4930	99 
4931	1039 
4932	1770 
4933	988 
4934	1643 
4935	1378 
4936	1423 
4937	747 
4938	1139 
4939	1749 
4940	71 
4941	695 
4942	215 
4943	367 
4944	128 
4945	1718 
4946	1482 
4947	1821 
4948	1554 
4949	409 
4950	234 
4951	959 
4952	1661 
4953	171 
4954	1313 
4955	993 
4956	1390 
4957	62 
4958	124 
4959	1701 
4960	1240 
4961	274 
4962	260 
4963	1464 
4964	1446 
4965	1746 
4966	692 
4967	889 
4968	172 
4969	214 
4970	1239 
4971	421 
4972	890 
4973	1725 
4974	1294 
4975	818 
4976	1810 
4977	1844 
4978	66 
4979	282 
4980	1020 
4981	1771 
4982	93 
4983	1188 
4984	105 
4985	1749 
4986	61 
4987	1238 
4988	410 
4989	672 
4990	741 
4991	829 
4992	1743 
4993	1165 
4994	1157 
4995	720 
4996	748 
4997	1415 
4998	1709 
4999	1733 
5000	435 
5001	334 
5002	412 
5003	1213 
5004	1293 
5005	1 
5006	512 
5007	906 
5008	714 
5009	416 
5010	1441 
5011	68 
5012	661 
5013	1463 
5014	470 
5015	1273 
5016	1760 
5017	279 
5018	87 
5019	232 
5020	1021 
5021	1161 
5022	222 
5023	1335 
5024	1532 
5025	996 
5026	529 
5027	895 
5028	1233 
5029	1651 
5030	1409 
5031	550 
5032	23 
5033	864 
5034	1380 
5035	94 
5036	683 
5037	436 
5038	685 
5039	841 
5040	843 
5041	1103 
5042	780 
5043	644 
5044	373 
5045	564 
5046	925 
5047	542 
5048	704 
5049	1039 
5050	1226 
5051	69 
5052	560 
5053	908 
5054	643 
5055	915 
5056	748 
5057	1210 
5058	907 
5059	772 
5060	785 
5061	1016 
5062	1843 
5063	1289 
5064	1388 
5065	1520 
5066	1321 
5067	1393 
5068	494 
5069	1610 
5070	546 
5071	1471 
5072	162 
5073	1259 
5074	1828 
5075	578 
5076	1406 
5077	756 
5078	1286 
5079	1711 
5080	966 
5081	144 
5082	857 
5083	1814 
5084	946 
5085	875 
5086	581 
5087	668 
5088	477 
5089	627 
5090	94 
5091	1073 
5092	461 
5093	1190 
5094	1256 
5095	13 
5096	82 
5097	568 
5098	1433 
5099	234 
5100	1735 
5101	308 
5102	1600 
5103	211 
5104	1636 
5105	836 
5106	1590 
5107	1111 
5108	239 
5109	1437 
5110	1662 
5111	171 
5112	1460 
5113	493 
5114	1790 
5115	1678 
5116	153 
5117	1527 
5118	978 
5119	1117 
5120	303 
5121	731 
5122	1727 
5123	878 
5124	89 
5125	643 
5126	744 
5127	88 
5128	1344 
5129	410 
5130	435 
5131	292 
5132	767 
5133	1362 
5134	237 
5135	357 
5136	444 
5137	1054 
5138	582 
5139	1004 
5140	586 
5141	872 
5142	21 
5143	1807 
5144	1453 
5145	903 
5146	461 
5147	761 
5148	1157 
5149	1486 
5150	1737 
5151	1069 
5152	1438 
5153	343 
5154	1126 
5155	1272 
5156	1515 
5157	816 
5158	1668 
5159	961 
5160	856 
5161	1337 
5162	1223 
5163	699 
5164	1538 
5165	1380 
5166	1384 
5167	748 
5168	404 
5169	870 
5170	912 
5171	1810 
5172	43 
5173	958 
5174	178 
5175	1051 
5176	1388 
5177	1492 
5178	1785 
5179	1031 
5180	1038 
5181	344 
5182	1410 
5183	1671 
5184	468 
5185	939 
5186	650 
5187	1550 
5188	248 
5189	183 
5190	78 
5191	1188 
5192	367 
5193	1278 
5194	1074 
5195	525 
5196	30 
5197	75 
5198	43 
5199	1461 
5200	716 
5201	1114 
5202	1528 
5203	25 
5204	876 
5205	941 
5206	128 
5207	773 
5208	232 
5209	1680 
5210	1019 
5211	699 
5212	388 
5213	1843 
5214	1024 
5215	1758 
5216	968 
5217	454 
5218	570 
5219	1212 
5220	1675 
5221	233 
5222	1470 
5223	1592 
5224	1759 
5225	204 
5226	504 
5227	850 
5228	1780 
5229	377 
5230	1394 
5231	948 
5232	1781 
5233	1694 
5234	1039 
5235	907 
5236	317 
5237	396 
5238	1840 
5239	958 
5240	1827 
5241	1534 
5242	792 
5243	822 
5244	938 
5245	52 
5246	234 
5247	495 
5248	328 
5249	1648 
5250	470 
5251	631 
5252	844 
5253	1175 
5254	1447 
5255	239 
5256	179 
5257	1139 
5258	196 
5259	1342 
5260	1101 
5261	75 
5262	459 
5263	376 
5264	756 
5265	755 
5266	516 
5267	24 
5268	1647 
5269	80 
5270	261 
5271	4 
5272	1118 
5273	995 
5274	1513 
5275	685 
5276	1185 
5277	1715 
5278	1798 
5279	327 
5280	1260 
5281	1376 
5282	410 
5283	1039 
5284	256 
5285	1053 
5286	1563 
5287	1486 
5288	277 
5289	1404 
5290	435 
5291	1016 
5292	1142 
5293	1308 
5294	1269 
5295	1148 
5296	436 
5297	1833 
5298	459 
5299	412 
5300	721 
5301	158 
5302	1226 
5303	738 
5304	1746 
5305	1064 
5306	587 
5307	563 
5308	217 
5309	1378 
5310	1765 
5311	158 
5312	658 
5313	748 
5314	966 
5315	1341 
5316	1128 
5317	1647 
5318	439 
5319	1469 
5320	1387 
5321	1092 
5322	1562 
5323	1491 
5324	457 
5325	567 
5326	330 
5327	449 
5328	67 
5329	1721 
5330	1755 
5331	377 
5332	8 
5333	958 
5334	983 
5335	1473 
5336	232 
5337	89 
5338	397 
5339	779 
5340	630 
5341	1011 
5342	726 
5343	449 
5344	184 
5345	830 
5346	157 
5347	1614 
5348	772 
5349	446 
5350	1369 
5351	1024 
5352	260 
5353	1534 
5354	1257 
5355	143 
5356	69 
5357	1162 
5358	1850 
5359	1264 
5360	1346 
5361	205 
5362	954 
5363	1366 
5364	1409 
5365	550 
5366	1479 
5367	1499 
5368	1632 
5369	1817 
5370	1508 
5371	531 
5372	1278 
5373	821 
5374	1469 
5375	470 
5376	1045 
5377	1115 
5378	286 
5379	958 
5380	161 
5381	889 
5382	1319 
5383	1400 
5384	863 
5385	1383 
5386	1743 
5387	71 
5388	491 
5389	1087 
5390	215 
5391	1549 
5392	1042 
5393	262 
5394	1586 
5395	1280 
5396	1073 
5397	48 
5398	1083 
5399	353 
5400	396 
5401	1682 
5402	258 
5403	892 
5404	1825 
5405	1073 
5406	808 
5407	1464 
5408	429 
5409	1728 
5410	772 
5411	217 
5412	904 
5413	171 
5414	1009 
5415	1071 
5416	1525 
5417	703 
5418	1114 
5419	353 
5420	694 
5421	413 
5422	564 
5423	1507 
5424	22 
5425	1794 
5426	907 
5427	1711 
5428	1830 
5429	249 
5430	1128 
5431	1582 
5432	1746 
5433	1075 
5434	1082 
5435	1043 
5436	735 
5437	1721 
5438	317 
5439	1131 
5440	1024 
5441	1713 
5442	599 
5443	1095 
5444	1383 
5445	601 
5446	16 
5447	1288 
5448	490 
5449	286 
5450	709 
5451	164 
5452	1141 
5453	544 
5454	95 
5455	290 
5456	788 
5457	1732 
5458	148 
5459	1342 
5460	1854 
5461	1358 
5462	1025 
5463	693 
5464	529 
5465	1630 
5466	1781 
5467	853 
5468	441 
5469	836 
5470	1554 
5471	367 
5472	1425 
5473	267 
5474	243 
5475	1049 
5476	819 
5477	1774 
5478	1338 
5479	377 
5480	591 
5481	212 
5482	39 
5483	1712 
5484	1833 
5485	1139 
5486	145 
5487	373 
5488	1 
5489	1595 
5490	1343 
5491	1124 
5492	990 
5493	1693 
5494	946 
5495	446 
5496	277 
5497	225 
5498	267 
5499	1005 
5500	360 
5501	1482 
5502	715 
5503	207 
5504	812 
5505	946 
5506	1826 
5507	398 
5508	1386 
5509	686 
5510	195 
5511	1 
5512	8 
5513	1662 
5514	237 
5515	205 
5516	1280 
5517	1541 
5518	1091 
5519	394 
5520	1333 
5521	1029 
5522	1335 
5523	1359 
5524	548 
5525	456 
5526	1721 
5527	908 
5528	98 
5529	1628 
5530	792 
5531	889 
5532	695 
5533	1816 
5534	1303 
5535	789 
5536	1162 
5537	277 
5538	224 
5539	10 
5540	356 
5541	1442 
5542	89 
5543	530 
5544	417 
5545	116 
5546	1549 
5547	1597 
5548	324 
5549	697 
5550	721 
5551	697 
5552	1442 
5553	1048 
5554	1723 
5555	1266 
5556	1746 
5557	1293 
5558	630 
5559	1360 
5560	452 
5561	1699 
5562	1735 
5563	566 
5564	744 
5565	1124 
5566	62 
5567	691 
5568	1574 
5569	719 
5570	1645 
5571	383 
5572	318 
5573	89 
5574	1462 
5575	994 
5576	1014 
5577	1519 
5578	970 
5579	22 
5580	1820 
5581	695 
5582	835 
5583	1792 
5584	876 
5585	1688 
5586	822 
5587	550 
5588	1345 
5589	217 
5590	89 
5591	1004 
5592	991 
5593	538 
5594	303 
5595	1368 
5596	1533 
5597	1525 
5598	568 
5599	163 
5600	481 
5601	307 
5602	1613 
5603	56 
5604	1192 
5605	1454 
5606	956 
5607	1221 
5608	212 
5609	243 
5610	145 
5611	858 
5612	292 
5613	6 
5614	1817 
5615	657 
5616	906 
5617	1013 
5618	433 
5619	368 
5620	1627 
5621	968 
5622	1056 
5623	858 
5624	361 
5625	746 
5626	942 
5627	107 
5628	470 
5629	299 
5630	226 
5631	502 
5632	1521 
5633	1022 
5634	1376 
5635	1262 
5636	258 
5637	487 
5638	266 
5639	1210 
5640	1775 
5641	1266 
5642	557 
5643	1126 
5644	1824 
5645	1095 
5646	1199 
5647	648 
5648	738 
5649	1124 
5650	1649 
5651	1012 
5652	204 
5653	135 
5654	1323 
5655	1443 
5656	1437 
5657	950 
5658	274 
5659	795 
5660	730 
5661	484 
5662	168 
5663	118 
5664	9 
5665	208 
5666	1749 
5667	1571 
5668	598 
5669	185 
5670	1136 
5671	390 
5672	446 
5673	1770 
5674	800 
5675	1126 
5676	1634 
5677	239 
5678	857 
5679	1116 
5680	212 
5681	1336 
5682	1376 
5683	1131 
5684	205 
5685	1283 
5686	163 
5687	123 
5688	282 
5689	519 
5690	1071 
5691	1014 
5692	1663 
5693	1652 
5694	1768 
5695	1678 
5696	625 
5697	1568 
5698	1722 
5699	1573 
5700	363 
5701	841 
5702	209 
5703	858 
5704	1819 
5705	30 
5706	1790 
5707	390 
5708	1707 
5709	1745 
5710	324 
5711	989 
5712	1073 
5713	1239 
5714	911 
5715	778 
5716	1004 
5717	99 
5718	1260 
5719	1103 
5720	974 
5721	1564 
5722	785 
5723	181 
5724	950 
5725	687 
5726	609 
5727	598 
5728	1693 
5729	120 
5730	1821 
5731	1313 
5732	735 
5733	1566 
5734	1783 
5735	1672 
5736	877 
5737	386 
5738	94 
5739	905 
5740	1678 
5741	482 
5742	680 
5743	1788 
5744	1694 
5745	1116 
5746	314 
5747	783 
5748	1221 
5749	880 
5750	1333 
5751	1572 
5752	461 
5753	272 
5754	1547 
5755	1807 
5756	1699 
5757	1614 
5758	1579 
5759	1628 
5760	735 
5761	568 
5762	1630 
5763	1639 
5764	806 
5765	1776 
5766	670 
5767	2 
5768	1527 
5769	1220 
5770	1284 
5771	75 
5772	73 
5773	295 
5774	1025 
5775	1578 
5776	1490 
5777	444 
5778	154 
5779	1028 
5780	1721 
5781	1090 
5782	387 
5783	94 
5784	1007 
5785	461 
5786	888 
5787	1726 
5788	455 
5789	36 
5790	545 
5791	1794 
5792	993 
5793	1676 
5794	376 
5795	1147 
5796	284 
5797	1847 
5798	1504 
5799	1697 
5800	663 
5801	1857 
5802	1221 
5803	1284 
5804	1166 
5805	1322 
5806	974 
5807	14 
5808	1426 
5809	372 
5810	586 
5811	470 
5812	1219 
5813	448 
5814	1787 
5815	1718 
5816	1141 
5817	490 
5818	843 
5819	1486 
5820	143 
5821	186 
5822	1610 
5823	1749 
5824	1305 
5825	335 
5826	756 
5827	773 
5828	1498 
5829	1553 
5830	604 
5831	407 
5832	1069 
5833	769 
5834	597 
5835	622 
5836	1770 
5837	1264 
5838	1664 
5839	522 
5840	259 
5841	1645 
5842	531 
5843	21 
5844	296 
5845	381 
5846	1293 
5847	1021 
5848	890 
5849	1567 
5850	985 
5851	507 
5852	1250 
5853	1279 
5854	1769 
5855	988 
5856	595 
5857	1759 
5858	686 
5859	1084 
5860	1196 
5861	305 
5862	1079 
5863	836 
5864	455 
5865	805 
5866	1723 
5867	205 
5868	38 
5869	1424 
5870	1747 
5871	561 
5872	1378 
5873	1519 
5874	110 
5875	799 
5876	1128 
5877	731 
5878	969 
5879	1639 
5880	1327 
5881	1493 
5882	461 
5883	212 
5884	1429 
5885	220 
5886	1814 
5887	334 
5888	1157 
5889	823 
5890	1709 
5891	16 
5892	435 
5893	65 
5894	975 
5895	890 
5896	120 
5897	1262 
5898	748 
5899	170 
5900	162 
5901	1632 
5902	470 
5903	1578 
5904	1643 
5905	901 
5906	894 
5907	695 
5908	1337 
5909	84 
5910	729 
5911	729 
5912	1398 
5913	857 
5914	114 
5915	713 
5916	1607 
5917	285 
5918	903 
5919	1647 
5920	801 
5921	721 
5922	1677 
5923	352 
5924	162 
5925	1032 
5926	884 
5927	921 
5928	1068 
5929	1094 
5930	1806 
5931	919 
5932	193 
5933	1192 
5934	1179 
5935	1276 
5936	1174 
5937	274 
5938	34 
5939	1678 
5940	232 
5941	970 
5942	94 
5943	1188 
5944	70 
5945	197 
5946	1015 
5947	1035 
5948	662 
5949	379 
5950	376 
5951	325 
5952	688 
5953	1228 
5954	25 
5955	1055 
5956	355 
5957	782 
5958	18 
5959	840 
5960	446 
5961	1322 
5962	1022 
5963	885 
5964	211 
5965	747 
5966	466 
5967	1384 
5968	1038 
5969	331 
5970	1450 
5971	159 
5972	864 
5973	972 
5974	921 
5975	1064 
5976	1442 
5977	961 
5978	1112 
5979	76 
5980	1577 
5981	1841 
5982	1367 
5983	605 
5984	533 
5985	38 
5986	713 
5987	1654 
5988	325 
5989	1441 
5990	229 
5991	1284 
5992	656 
5993	1174 
5994	8 
5995	277 
5996	1566 
5997	1547 
5998	397 
5999	1808 
6000	798 
6001	1310 
6002	95 
6003	192 
6004	308 
6005	1274 
6006	1214 
6007	1468 
6008	1124 
6009	1615 
6010	380 
6011	1528 
6012	1157 
6013	1454 
6014	519 
6015	354 
6016	1010 
6017	322 
6018	60 
6019	487 
6020	1415 
6021	1338 
6022	1807 
6023	228 
6024	1336 
6025	1454 
6026	1398 
6027	1653 
6028	1633 
6029	318 
6030	842 
6031	992 
6032	1445 
6033	324 
6034	664 
6035	709 
6036	79 
6037	1613 
6038	1801 
6039	818 
6040	762 
6041	822 
6042	1597 
6043	1289 
6044	456 
6045	1278 
6046	531 
6047	227 
6048	692 
6049	1091 
6050	848 
6051	994 
6052	1368 
6053	1760 
6054	1828 
6055	991 
6056	490 
6057	531 
6058	788 
6059	998 
6060	1348 
6061	1812 
6062	1443 
6063	842 
6064	661 
6065	1332 
6066	357 
6067	288 
6068	221 
6069	904 
6070	1539 
6071	162 
6072	1426 
6073	98 
6074	1578 
6075	1312 
6076	1722 
6077	842 
6078	1633 
6079	1028 
6080	1748 
6081	1502 
6082	1400 
6083	33 
6084	1762 
6085	633 
6086	1119 
6087	633 
6088	487 
6089	1639 
6090	1773 
6091	767 
6092	262 
6093	829 
6094	114 
6095	432 
6096	879 
6097	878 
6098	975 
6099	679 
6100	1614 
6101	1503 
6102	446 
6103	303 
6104	1375 
6105	939 
6106	203 
6107	1220 
6108	1307 
6109	57 
6110	1316 
6111	1080 
6112	890 
6113	437 
6114	493 
6115	618 
6116	695 
6117	411 
6118	1384 
6119	1083 
6120	1537 
6121	57 
6122	1663 
6123	251 
6124	1790 
6125	1301 
6126	1771 
6127	203 
6128	1857 
6129	330 
6130	6 
6131	230 
6132	1594 
6133	1337 
6134	574 
6135	184 
6136	289 
6137	1503 
6138	1524 
6139	412 
6140	808 
6141	800 
6142	625 
6143	674 
6144	1103 
6145	185 
6146	1441 
6147	906 
6148	1498 
6149	1170 
6150	473 
6151	319 
6152	514 
6153	789 
6154	1601 
6155	1210 
6156	626 
6157	455 
6158	1643 
6159	211 
6160	452 
6161	591 
6162	282 
6163	568 
6164	556 
6165	171 
6166	436 
6167	721 
6168	5 
6169	75 
6170	1730 
6171	1218 
6172	120 
6173	1326 
6174	1215 
6175	147 
6176	598 
6177	724 
6178	377 
6179	318 
6180	1448 
6181	1735 
6182	161 
6183	566 
6184	1775 
6185	162 
6186	1758 
6187	636 
6188	427 
6189	920 
6190	377 
6191	976 
6192	53 
6193	373 
6194	1597 
6195	1610 
6196	754 
6197	232 
6198	731 
6199	1712 
6200	446 
6201	832 
6202	540 
6203	22 
6204	1384 
6205	1320 
6206	1504 
6207	46 
6208	1692 
6209	1 
6210	1254 
6211	545 
6212	876 
6213	422 
6214	1126 
6215	864 
6216	1576 
6217	70 
6218	730 
6219	598 
6220	812 
6221	516 
6222	40 
6223	1568 
6224	930 
6225	1729 
6226	324 
6227	568 
6228	458 
6229	455 
6230	207 
6231	1361 
6232	129 
6233	203 
6234	400 
6235	191 
6236	1263 
6237	1857 
6238	331 
6239	533 
6240	360 
6241	1553 
6242	499 
6243	673 
6244	78 
6245	1490 
6246	1795 
6247	815 
6248	322 
6249	715 
6250	537 
6251	1838 
6252	818 
6253	1292 
6254	927 
6255	1755 
6256	1322 
6257	1648 
6258	1473 
6259	807 
6260	126 
6261	314 
6262	1008 
6263	8 
6264	163 
6265	1380 
6266	1001 
6267	579 
6268	298 
6269	1647 
6270	1817 
6271	349 
6272	482 
6273	1499 
6274	420 
6275	1814 
6276	649 
6277	237 
6278	66 
6279	1718 
6280	1143 
6281	1736 
6282	1241 
6283	1828 
6284	257 
6285	1612 
6286	1040 
6287	1270 
6288	968 
6289	380 
6290	272 
6291	41 
6292	521 
6293	331 
6294	1016 
6295	319 
6296	864 
6297	1528 
6298	1078 
6299	121 
6300	1317 
6301	1208 
6302	1465 
6303	1486 
6304	334 
6305	1698 
6306	956 
6307	334 
6308	1138 
6309	1068 
6310	1672 
6311	1296 
6312	805 
6313	647 
6314	1840 
6315	239 
6316	1110 
6317	1482 
6318	1456 
6319	132 
6320	730 
6321	863 
6322	525 
6323	354 
6324	1614 
6325	285 
6326	232 
6327	243 
6328	36 
6329	216 
6330	583 
6331	1409 
6332	1579 
6333	1688 
6334	1685 
6335	875 
6336	1138 
6337	653 
6338	967 
6339	1139 
6340	599 
6341	169 
6342	982 
6343	1039 
6344	906 
6345	423 
6346	1805 
6347	551 
6348	251 
6349	583 
6350	617 
6351	420 
6352	809 
6353	68 
6354	450 
6355	1748 
6356	1330 
6357	1485 
6358	958 
6359	678 
6360	377 
6361	622 
6362	78 
6363	10 
6364	1194 
6365	90 
6366	1083 
6367	1578 
6368	1045 
6369	296 
6370	1362 
6371	123 
6372	862 
6373	1301 
6374	230 
6375	1503 
6376	703 
6377	321 
6378	1289 
6379	1615 
6380	1005 
6381	1004 
6382	1614 
6383	292 
6384	1440 
6385	849 
6386	1490 
6387	1830 
6388	845 
6389	75 
6390	342 
6391	164 
6392	1163 
6393	1245 
6394	1428 
6395	695 
6396	532 
6397	150 
6398	1855 
6399	519 
6400	1560 
6401	981 
6402	563 
6403	686 
6404	1266 
6405	1400 
6406	1062 
6407	49 
6408	1793 
6409	166 
6410	825 
6411	727 
6412	408 
6413	1760 
6414	1183 
6415	1409 
6416	1400 
6417	806 
6418	567 
6419	591 
6420	1850 
6421	77 
6422	465 
6423	1467 
6424	155 
6425	452 
6426	277 
6427	1554 
6428	88 
6429	1055 
6430	1119 
6431	37 
6432	459 
6433	1511 
6434	1528 
6435	1081 
6436	785 
6437	1255 
6438	1347 
6439	1562 
6440	89 
6441	1004 
6442	1162 
6443	686 
6444	1425 
6445	120 
6446	256 
6447	222 
6448	103 
6449	1333 
6450	1748 
6451	1263 
6452	966 
6453	1441 
6454	130 
6455	247 
6456	1029 
6457	71 
6458	1006 
6459	1318 
6460	829 
6461	1058 
6462	400 
6463	1384 
6464	400 
6465	126 
6466	773 
6467	1195 
6468	228 
6469	586 
6470	1807 
6471	1438 
6472	1013 
6473	1841 
6474	216 
6475	1362 
6476	760 
6477	1332 
6478	689 
6479	1284 
6480	599 
6481	210 
6482	804 
6483	107 
6484	633 
6485	14 
6486	396 
6487	211 
6488	482 
6489	467 
6490	98 
6491	334 
6492	243 
6493	604 
6494	699 
6495	782 
6496	637 
6497	948 
6498	1498 
6499	1153 
6500	598 
6501	342 
6502	347 
6503	185 
6504	77 
6505	874 
6506	1800 
6507	290 
6508	1069 
6509	941 
6510	304 
6511	1606 
6512	446 
6513	1674 
6514	250 
6515	390 
6516	896 
6517	1226 
6518	1073 
6519	1272 
6520	1426 
6521	1073 
6522	105 
6523	1226 
6524	322 
6525	892 
6526	1490 
6527	1264 
6528	211 
6529	1505 
6530	1663 
6531	1283 
6532	1027 
6533	204 
6534	625 
6535	585 
6536	407 
6537	1298 
6538	1729 
6539	71 
6540	769 
6541	1027 
6542	1638 
6543	1256 
6544	1055 
6545	1524 
6546	809 
6547	114 
6548	46 
6549	1697 
6550	1438 
6551	956 
6552	71 
6553	369 
6554	423 
6555	452 
6556	385 
6557	1178 
6558	919 
6559	931 
6560	81 
6561	786 
6562	1498 
6563	723 
6564	692 
6565	1635 
6566	1582 
6567	1150 
6568	1274 
6569	1610 
6570	630 
6571	1091 
6572	1327 
6573	543 
6574	266 
6575	1284 
6576	1291 
6577	1342 
6578	1194 
6579	1187 
6580	1071 
6581	792 
6582	427 
6583	239 
6584	1503 
6585	234 
6586	227 
6587	452 
6588	1024 
6589	572 
6590	29 
6591	888 
6592	1762 
6593	436 
6594	698 
6595	809 
6596	466 
6597	510 
6598	1654 
6599	704 
6600	61 
6601	1444 
6602	1004 
6603	174 
6604	508 
6605	1321 
6606	1700 
6607	1161 
6608	6 
6609	154 
6610	466 
6611	1788 
6612	832 
6613	1246 
6614	1422 
6615	730 
6616	693 
6617	444 
6618	920 
6619	910 
6620	162 
6621	967 
6622	6 
6623	544 
6624	403 
6625	1153 
6626	735 
6627	472 
6628	1801 
6629	968 
6630	1783 
6631	1767 
6632	1283 
6633	171 
6634	697 
6635	958 
6636	838 
6637	1663 
6638	685 
6639	814 
6640	1262 
6641	1581 
6642	721 
6643	1539 
6644	867 
6645	1390 
6646	36 
6647	392 
6648	1628 
6649	127 
6650	1781 
6651	1516 
6652	1689 
6653	1188 
6654	818 
6655	1029 
6656	1498 
6657	246 
6658	706 
6659	969 
6660	1239 
6661	1264 
6662	1505 
6663	662 
6664	171 
6665	407 
6666	1080 
6667	534 
6668	1282 
6669	193 
6670	356 
6671	1595 
6672	409 
6673	804 
6674	950 
6675	545 
6676	741 
6677	1491 
6678	1647 
6679	1057 
6680	257 
6681	762 
6682	1486 
6683	522 
6684	907 
6685	20 
6686	1071 
6687	709 
6688	25 
6689	1136 
6690	1282 
6691	1369 
6692	1743 
6693	1111 
6694	445 
6695	1721 
6696	473 
6697	1351 
6698	1307 
6699	1286 
6700	1116 
6701	1755 
6702	1387 
6703	665 
6704	832 
6705	42 
6706	57 
6707	490 
6708	1634 
6709	992 
6710	234 
6711	1322 
6712	1091 
6713	1659 
6714	1752 
6715	819 
6716	807 
6717	533 
6718	1647 
6719	1590 
6720	1527 
6721	1654 
6722	908 
6723	567 
6724	189 
6725	68 
6726	48 
6727	681 
6728	339 
6729	951 
6730	9 
6731	334 
6732	430 
6733	727 
6734	1726 
6735	1825 
6736	1532 
6737	365 
6738	161 
6739	1594 
6740	297 
6741	1221 
6742	1516 
6743	960 
6744	503 
6745	1749 
6746	818 
6747	499 
6748	1260 
6749	1155 
6750	1246 
6751	82 
6752	684 
6753	591 
6754	545 
6755	1836 
6756	367 
6757	598 
6758	1557 
6759	911 
6760	1582 
6761	1844 
6762	633 
6763	994 
6764	1393 
6765	1663 
6766	997 
6767	729 
6768	1828 
6769	303 
6770	540 
6771	989 
6772	178 
6773	372 
6774	1659 
6775	145 
6776	590 
6777	47 
6778	1623 
6779	355 
6780	409 
6781	1138 
6782	1048 
6783	947 
6784	813 
6785	1012 
6786	384 
6787	1722 
6788	1480 
6789	612 
6790	1057 
6791	1788 
6792	1348 
6793	1086 
6794	1307 
6795	924 
6796	254 
6797	238 
6798	1656 
6799	277 
6800	1710 
6801	557 
6802	651 
6803	48 
6804	1790 
6805	66 
6806	153 
6807	236 
6808	398 
6809	1633 
6810	1342 
6811	1347 
6812	1274 
6813	1774 
6814	452 
6815	1672 
6816	241 
6817	824 
6818	533 
6819	703 
6820	829 
6821	1755 
6822	1248 
6823	529 
6824	1025 
6825	662 
6826	951 
6827	373 
6828	131 
6829	733 
6830	35 
6831	1620 
6832	282 
6833	530 
6834	1749 
6835	7 
6836	1609 
6837	690 
6838	1644 
6839	1189 
6840	859 
6841	451 
6842	1753 
6843	574 
6844	989 
6845	1694 
6846	5 
6847	1577 
6848	136 
6849	1663 
6850	1610 
6851	1004 
6852	1143 
6853	1274 
6854	818 
6855	1055 
6856	1823 
6857	184 
6858	739 
6859	1230 
6860	535 
6861	1517 
6862	1574 
6863	869 
6864	1482 
6865	258 
6866	400 
6867	1846 
6868	1778 
6869	179 
6870	493 
6871	1706 
6872	217 
6873	1838 
6874	1400 
6875	663 
6876	43 
6877	22 
6878	1811 
6879	1567 
6880	1427 
6881	1000 
6882	1746 
6883	1059 
6884	563 
6885	864 
6886	1769 
6887	1239 
6888	1560 
6889	858 
6890	129 
6891	421 
6892	1263 
6893	278 
6894	1004 
6895	278 
6896	983 
6897	646 
6898	106 
6899	1018 
6900	414 
6901	1427 
6902	1412 
6903	1231 
6904	881 
6905	1539 
6906	788 
6907	368 
6908	19 
6909	1655 
6910	1374 
6911	1636 
6912	383 
6913	819 
6914	136 
6915	1368 
6916	1516 
6917	98 
6918	1137 
6919	236 
6920	397 
6921	1633 
6922	676 
6923	916 
6924	1615 
6925	1677 
6926	11 
6927	1694 
6928	466 
6929	1381 
6930	835 
6931	67 
6932	991 
6933	662 
6934	1310 
6935	883 
6936	1049 
6937	1584 
6938	589 
6939	732 
6940	1 
6941	1412 
6942	1394 
6943	1070 
6944	753 
6945	179 
6946	292 
6947	128 
6948	407 
6949	990 
6950	956 
6951	71 
6952	739 
6953	1294 
6954	1675 
6955	1227 
6956	1436 
6957	320 
6958	1157 
6959	215 
6960	1438 
6961	269 
6962	1062 
6963	1558 
6964	120 
6965	1122 
6966	288 
6967	730 
6968	1229 
6969	1329 
6970	473 
6971	1517 
6972	941 
6973	804 
6974	214 
6975	518 
6976	1226 
6977	1721 
6978	1081 
6979	1624 
6980	481 
6981	1222 
6982	7 
6983	589 
6984	1228 
6985	256 
6986	811 
6987	1378 
6988	1358 
6989	1850 
6990	171 
6991	455 
6992	1573 
6993	508 
6994	709 
6995	1751 
6996	231 
6997	598 
6998	19 
6999	412 
7000	1260 
7001	197 
7002	1554 
7003	1482 
7004	416 
7005	932 
7006	410 
7007	683 
7008	1274 
7009	1639 
7010	199 
7011	1315 
7012	482 
7013	638 
7014	753 
7015	931 
7016	1022 
7017	503 
7018	1601 
7019	1705 
7020	598 
7021	184 
7022	450 
7023	554 
7024	1815 
7025	325 
7026	989 
7027	1648 
7028	1027 
7029	1049 
7030	906 
7031	1338 
7032	1153 
7033	1755 
7034	1661 
7035	1543 
7036	267 
7037	708 
7038	994 
7039	1734 
7040	764 
7041	1453 
7042	819 
7043	654 
7044	562 
7045	845 
7046	1797 
7047	468 
7048	376 
7049	1775 
7050	569 
7051	212 
7052	1516 
7053	1605 
7054	102 
7055	281 
7056	1136 
7057	503 
7058	686 
7059	954 
7060	1419 
7061	82 
7062	597 
7063	1482 
7064	1387 
7065	1661 
7066	1400 
7067	1633 
7068	1092 
7069	296 
7070	1228 
7071	51 
7072	320 
7073	1480 
7074	559 
7075	1464 
7076	1661 
7077	1053 
7078	156 
7079	612 
7080	290 
7081	862 
7082	243 
7083	1447 
7084	232 
7085	552 
7086	1759 
7087	451 
7088	292 
7089	1 
7090	47 
7091	1668 
7092	1598 
7093	262 
7094	214 
7095	454 
7096	1482 
7097	461 
7098	1785 
7099	553 
7100	944 
7101	722 
7102	596 
7103	1609 
7104	1767 
7105	1651 
7106	59 
7107	1133 
7108	828 
7109	272 
7110	1463 
7111	738 
7112	1089 
7113	846 
7114	69 
7115	476 
7116	1068 
7117	758 
7118	556 
7119	1745 
7120	1399 
7121	1003 
7122	159 
7123	509 
7124	1060 
7125	56 
7126	1673 
7127	1134 
7128	852 
7129	154 
7130	1073 
7131	690 
7132	530 
7133	1842 
7134	1618 
7135	1760 
7136	204 
7137	424 
7138	1381 
7139	1821 
7140	541 
7141	274 
7142	1357 
7143	332 
7144	105 
7145	1101 
7146	1583 
7147	1450 
7148	674 
7149	1209 
7150	1153 
7151	1378 
7152	61 
7153	974 
7154	824 
7155	1628 
7156	1224 
7157	497 
7158	8 
7159	1697 
7160	1176 
7161	814 
7162	116 
7163	487 
7164	904 
7165	523 
7166	1367 
7167	1635 
7168	572 
7169	61 
7170	477 
7171	1633 
7172	1735 
7173	1236 
7174	488 
7175	852 
7176	108 
7177	303 
7178	216 
7179	234 
7180	333 
7181	1196 
7182	431 
7183	1578 
7184	1807 
7185	799 
7186	1612 
7187	379 
7188	1082 
7189	1066 
7190	452 
7191	1081 
7192	242 
7193	1087 
7194	530 
7195	1266 
7196	1688 
7197	129 
7198	457 
7199	1205 
7200	5 
7201	1386 
7202	1782 
7203	1030 
7204	878 
7205	1045 
7206	1114 
7207	1055 
7208	902 
7209	1722 
7210	632 
7211	54 
7212	1117 
7213	299 
7214	78 
7215	188 
7216	1694 
7217	204 
7218	1192 
7219	491 
7220	130 
7221	1556 
7222	1418 
7223	482 
7224	1349 
7225	376 
7226	533 
7227	678 
7228	14 
7229	410 
7230	307 
7231	824 
7232	288 
7233	114 
7234	231 
7235	604 
7236	1233 
7237	1263 
7238	994 
7239	666 
7240	262 
7241	836 
7242	127 
7243	1114 
7244	1679 
7245	330 
7246	503 
7247	1763 
7248	329 
7249	1120 
7250	948 
7251	1718 
7252	1534 
7253	652 
7254	322 
7255	1048 
7256	338 
7257	801 
7258	1579 
7259	344 
7260	1758 
7261	1772 
7262	1062 
7263	540 
7264	329 
7265	866 
7266	1124 
7267	409 
7268	217 
7269	360 
7270	599 
7271	1283 
7272	1757 
7273	114 
7274	1490 
7275	1422 
7276	302 
7277	1840 
7278	482 
7279	1841 
7280	1652 
7281	1781 
7282	1833 
7283	732 
7284	475 
7285	269 
7286	734 
7287	862 
7288	1359 
7289	1533 
7290	1621 
7291	967 
7292	749 
7293	651 
7294	232 
7295	1552 
7296	1262 
7297	154 
7298	1375 
7299	554 
7300	127 
7301	993 
7302	503 
7303	1516 
7304	177 
7305	292 
7306	29 
7307	889 
7308	1139 
7309	1292 
7310	608 
7311	1188 
7312	621 
7313	1102 
7314	1084 
7315	201 
7316	1514 
7317	1131 
7318	999 
7319	1532 
7320	1498 
7321	1674 
7322	1384 
7323	933 
7324	391 
7325	1409 
7326	514 
7327	1147 
7328	163 
7329	415 
7330	459 
7331	1840 
7332	389 
7333	78 
7334	1132 
7335	262 
7336	1539 
7337	104 
7338	1527 
7339	650 
7340	1381 
7341	1120 
7342	1701 
7343	415 
7344	398 
7345	1752 
7346	1468 
7347	171 
7348	337 
7349	89 
7350	329 
7351	172 
7352	1645 
7353	1045 
7354	1138 
7355	1279 
7356	1590 
7357	1055 
7358	1088 
7359	654 
7360	406 
7361	1203 
7362	1115 
7363	565 
7364	175 
7365	1293 
7366	1528 
7367	1504 
7368	1414 
7369	1547 
7370	491 
7371	769 
7372	1085 
7373	542 
7374	1780 
7375	907 
7376	1589 
7377	1040 
7378	1385 
7379	1595 
7380	1163 
7381	1368 
7382	175 
7383	1374 
7384	1221 
7385	650 
7386	453 
7387	797 
7388	70 
7389	1624 
7390	199 
7391	525 
7392	1515 
7393	1313 
7394	1505 
7395	932 
7396	1313 
7397	130 
7398	1726 
7399	709 
7400	1705 
7401	1131 
7402	1555 
7403	854 
7404	153 
7405	1739 
7406	1004 
7407	1574 
7408	1085 
7409	1378 
7410	1635 
7411	1157 
7412	1670 
7413	1749 
7414	1735 
7415	807 
7416	989 
7417	1074 
7418	556 
7419	1836 
7420	183 
7421	405 
7422	362 
7423	67 
7424	1083 
7425	719 
7426	1340 
7427	537 
7428	1083 
7429	137 
7430	1765 
7431	864 
7432	1733 
7433	1091 
7434	672 
7435	1318 
7436	1480 
7437	306 
7438	1843 
7439	1287 
7440	1375 
7441	662 
7442	223 
7443	843 
7444	395 
7445	1108 
7446	882 
7447	1836 
7448	1028 
7449	6 
7450	1336 
7451	509 
7452	1682 
7453	266 
7454	1287 
7455	1428 
7456	1322 
7457	531 
7458	234 
7459	889 
7460	466 
7461	112 
7462	1578 
7463	646 
7464	505 
7465	51 
7466	122 
7467	1 
7468	380 
7469	867 
7470	836 
7471	1818 
7472	1603 
7473	1844 
7474	407 
7475	203 
7476	94 
7477	535 
7478	1149 
7479	1678 
7480	1494 
7481	1384 
7482	1629 
7483	1773 
7484	974 
7485	1002 
7486	811 
7487	255 
7488	762 
7489	1429 
7490	1525 
7491	674 
7492	656 
7493	1758 
7494	567 
7495	1780 
7496	691 
7497	966 
7498	1678 
7499	913 
7500	648 
7501	1633 
7502	360 
7503	318 
7504	1277 
7505	253 
7506	283 
7507	980 
7508	1073 
7509	36 
7510	47 
7511	1472 
7512	1649 
7513	1157 
7514	1336 
7515	1186 
7516	1183 
7517	162 
7518	904 
7519	957 
7520	943 
7521	1264 
7522	679 
7523	189 
7524	21 
7525	452 
7526	128 
7527	1507 
7528	400 
7529	94 
7530	939 
7531	1008 
7532	1696 
7533	499 
7534	11 
7535	1236 
7536	1258 
7537	249 
7538	435 
7539	1195 
7540	527 
7541	7 
7542	1528 
7543	1226 
7544	1130 
7545	129 
7546	144 
7547	1406 
7548	1345 
7549	135 
7550	1735 
7551	1138 
7552	921 
7553	1384 
7554	1139 
7555	1296 
7556	1124 
7557	114 
7558	1076 
7559	611 
7560	1749 
7561	1850 
7562	1539 
7563	1274 
7564	1502 
7565	1004 
7566	1232 
7567	39 
7568	1601 
7569	383 
7570	709 
7571	981 
7572	1067 
7573	990 
7574	1437 
7575	521 
7576	1585 
7577	733 
7578	1089 
7579	682 
7580	1529 
7581	1130 
7582	381 
7583	91 
7584	354 
7585	308 
7586	941 
7587	1854 
7588	98 
7589	353 
7590	1778 
7591	792 
7592	1640 
7593	1400 
7594	1797 
7595	1293 
7596	705 
7597	1380 
7598	175 
7599	385 
7600	1042 
7601	55 
7602	721 
7603	788 
7604	1783 
7605	6 
7606	507 
7607	989 
7608	14 
7609	573 
7610	1088 
7611	482 
7612	1706 
7613	1333 
7614	1847 
7615	1688 
7616	1410 
7617	1394 
7618	1226 
7619	406 
7620	1432 
7621	182 
7622	409 
7623	1533 
7624	1628 
7625	126 
7626	274 
7627	535 
7628	1007 
7629	690 
7630	211 
7631	321 
7632	1236 
7633	1577 
7634	530 
7635	1032 
7636	985 
7637	1437 
7638	268 
7639	1212 
7640	926 
7641	321 
7642	1735 
7643	878 
7644	239 
7645	683 
7646	534 
7647	779 
7648	1503 
7649	582 
7650	1050 
7651	842 
7652	1097 
7653	1128 
7654	75 
7655	1048 
7656	733 
7657	211 
7658	1830 
7659	448 
7660	11 
7661	1610 
7662	367 
7663	875 
7664	1465 
7665	7 
7666	331 
7667	152 
7668	1274 
7669	988 
7670	1850 
7671	1746 
7672	836 
7673	224 
7674	795 
7675	1801 
7676	931 
7677	409 
7678	274 
7679	147 
7680	1342 
7681	996 
7682	813 
7683	179 
7684	1013 
7685	1725 
7686	101 
7687	626 
7688	1163 
7689	835 
7690	1739 
7691	1143 
7692	272 
7693	1471 
7694	1321 
7695	92 
7696	1586 
7697	1400 
7698	174 
7699	1264 
7700	994 
7701	482 
7702	1659 
7703	813 
7704	1462 
7705	1338 
7706	607 
7707	19 
7708	493 
7709	245 
7710	234 
7711	931 
7712	778 
7713	1806 
7714	1157 
7715	1653 
7716	1282 
7717	840 
7718	1590 
7719	542 
7720	1818 
7721	1357 
7722	1653 
7723	1169 
7724	1404 
7725	504 
7726	70 
7727	289 
7728	1090 
7729	430 
7730	1546 
7731	1149 
7732	578 
7733	436 
7734	1769 
7735	1256 
7736	824 
7737	1455 
7738	667 
7739	201 
7740	1263 
7741	1561 
7742	916 
7743	1341 
7744	1140 
7745	1242 
7746	1184 
7747	584 
7748	1030 
7749	529 
7750	70 
7751	94 
7752	1602 
7753	668 
7754	912 
7755	1540 
7756	12 
7757	709 
7758	1825 
7759	1645 
7760	1328 
7761	1841 
7762	1498 
7763	1733 
7764	921 
7765	1445 
7766	416 
7767	767 
7768	1388 
7769	1489 
7770	41 
7771	300 
7772	149 
7773	1290 
7774	1546 
7775	247 
7776	435 
7777	843 
7778	1671 
7779	1028 
7780	1220 
7781	13 
7782	1485 
7783	1791 
7784	1527 
7785	1704 
7786	895 
7787	24 
7788	602 
7789	358 
7790	1120 
7791	274 
7792	963 
7793	20 
7794	1742 
7795	642 
7796	1751 
7797	538 
7798	11 
7799	166 
7800	1852 
7801	958 
7802	817 
7803	269 
7804	1502 
7805	687 
7806	1013 
7807	1088 
7808	1661 
7809	1188 
7810	1157 
7811	499 
7812	583 
7813	1112 
7814	800 
7815	801 
7816	669 
7817	61 
7818	348 
7819	509 
7820	1358 
7821	1597 
7822	234 
7823	76 
7824	334 
7825	1767 
7826	1048 
7827	420 
7828	890 
7829	944 
7830	1088 
7831	864 
7832	1444 
7833	1828 
7834	234 
7835	1284 
7836	1497 
7837	974 
7838	1550 
7839	1360 
7840	1812 
7841	1474 
7842	28 
7843	261 
7844	396 
7845	1629 
7846	888 
7847	1443 
7848	366 
7849	1091 
7850	1226 
7851	1500 
7852	903 
7853	319 
7854	1692 
7855	328 
7856	1763 
7857	1120 
7858	1754 
7859	5 
7860	818 
7861	1352 
7862	369 
7863	1450 
7864	358 
7865	1784 
7866	363 
7867	20 
7868	412 
7869	127 
7870	1648 
7871	973 
7872	460 
7873	1697 
7874	98 
7875	862 
7876	528 
7877	1609 
7878	1262 
7879	209 
7880	1056 
7881	203 
7882	48 
7883	858 
7884	1318 
7885	222 
7886	1266 
7887	1057 
7888	1780 
7889	372 
7890	1120 
7891	819 
7892	1625 
7893	967 
7894	805 
7895	701 
7896	200 
7897	1609 
7898	545 
7899	1241 
7900	1445 
7901	1628 
7902	1067 
7903	81 
7904	291 
7905	8 
7906	1279 
7907	835 
7908	1648 
7909	1720 
7910	1219 
7911	71 
7912	1511 
7913	480 
7914	1527 
7915	1161 
7916	455 
7917	807 
7918	1502 
7919	789 
7920	1818 
7921	734 
7922	1220 
7923	367 
7924	1688 
7925	1233 
7926	1759 
7927	1218 
7928	1239 
7929	721 
7930	1137 
7931	8 
7932	1303 
7933	1161 
7934	547 
7935	1755 
7936	1528 
7937	1046 
7938	659 
7939	211 
7940	36 
7941	1260 
7942	41 
7943	1341 
7944	1161 
7945	1614 
7946	639 
7947	1491 
7948	188 
7949	321 
7950	1635 
7951	606 
7952	1126 
7953	130 
7954	1662 
7955	1353 
7956	1160 
7957	534 
7958	192 
7959	1437 
7960	542 
7961	105 
7962	1696 
7963	1202 
7964	1725 
7965	166 
7966	1655 
7967	1409 
7968	889 
7969	817 
7970	482 
7971	1471 
7972	1554 
7973	1646 
7974	1247 
7975	1482 
7976	1843 
7977	461 
7978	1498 
7979	191 
7980	1263 
7981	155 
7982	906 
7983	436 
7984	1773 
7985	1823 
7986	62 
7987	129 
7988	923 
7989	1525 
7990	594 
7991	699 
7992	1021 
7993	828 
7994	892 
7995	418 
7996	1051 
7997	292 
7998	297 
7999	1071 
8000	391 
8001	1841 
8002	168 
8003	990 
8004	461 
8005	1403 
8006	47 
8007	90 
8008	903 
8009	814 
8010	1415 
8011	1226 
8012	543 
8013	431 
8014	1270 
8015	1688 
8016	931 
8017	1243 
8018	1288 
8019	1094 
8020	889 
8021	533 
8022	1618 
8023	14 
8024	755 
8025	1786 
8026	503 
8027	226 
8028	52 
8029	1055 
8030	1335 
8031	991 
8032	801 
8033	1510 
8034	1567 
8035	1688 
8036	587 
8037	748 
8038	968 
8039	369 
8040	35 
8041	1547 
8042	1408 
8043	1628 
8044	1388 
8045	105 
8046	994 
8047	876 
8048	1811 
8049	43 
8050	999 
8051	1647 
8052	423 
8053	1058 
8054	1718 
8055	839 
8056	209 
8057	488 
8058	938 
8059	1628 
8060	1696 
8061	1775 
8062	729 
8063	1850 
8064	1790 
8065	369 
8066	1643 
8067	1360 
8068	1689 
8069	425 
8070	409 
8071	996 
8072	809 
8073	1718 
8074	1510 
8075	338 
8076	1384 
8077	761 
8078	565 
8079	1254 
8080	394 
8081	1514 
8082	1824 
8083	1450 
8084	1552 
8085	1647 
8086	202 
8087	751 
8088	1493 
8089	162 
8090	164 
8091	1176 
8092	308 
8093	391 
8094	1645 
8095	1817 
8096	99 
8097	1475 
8098	890 
8099	376 
8100	994 
8101	587 
8102	862 
8103	1658 
8104	967 
8105	1694 
8106	1073 
8107	24 
8108	211 
8109	179 
8110	81 
8111	1218 
8112	1045 
8113	504 
8114	1368 
8115	1614 
8116	881 
8117	540 
8118	1080 
8119	1357 
8120	890 
8121	21 
8122	1503 
8123	1106 
8124	1429 
8125	213 
8126	1706 
8127	25 
8128	462 
8129	126 
8130	1576 
8131	277 
8132	59 
8133	876 
8134	818 
8135	1490 
8136	1721 
8137	1200 
8138	334 
8139	1308 
8140	256 
8141	325 
8142	1545 
8143	1161 
8144	994 
8145	1743 
8146	1520 
8147	541 
8148	1168 
8149	1077 
8150	705 
8151	354 
8152	686 
8153	1700 
8154	1220 
8155	830 
8156	1639 
8157	153 
8158	1092 
8159	145 
8160	662 
8161	1316 
8162	1681 
8163	553 
8164	168 
8165	1143 
8166	1814 
8167	75 
8168	1500 
8169	860 
8170	1562 
8171	1181 
8172	582 
8173	499 
8174	888 
8175	667 
8176	1163 
8177	837 
8178	81 
8179	1181 
8180	1641 
8181	611 
8182	817 
8183	599 
8184	1459 
8185	1192 
8186	754 
8187	466 
8188	230 
8189	1273 
8190	889 
8191	248 
8192	1729 
8193	1508 
8194	1373 
8195	1332 
8196	1692 
8197	1031 
8198	1696 
8199	1272 
8200	738 
8201	331 
8202	1682 
8203	6 
8204	31 
8205	1342 
8206	212 
8207	1789 
8208	1260 
8209	256 
8210	1655 
8211	461 
8212	1044 
8213	239 
8214	1598 
8215	1232 
8216	1840 
8217	391 
8218	248 
8219	594 
8220	183 
8221	1843 
8222	1792 
8223	876 
8224	404 
8225	880 
8226	394 
8227	907 
8228	1344 
8229	1088 
8230	98 
8231	533 
8232	172 
8233	888 
8234	888 
8235	489 
8236	1528 
8237	1260 
8238	1351 
8239	1131 
8240	1577 
8241	1040 
8242	1355 
8243	184 
8244	1663 
8245	905 
8246	1139 
8247	322 
8248	535 
8249	67 
8250	43 
8251	920 
8252	1614 
8253	1345 
8254	930 
8255	1144 
8256	152 
8257	567 
8258	487 
8259	1338 
8260	1219 
8261	1563 
8262	974 
8263	1246 
8264	1228 
8265	1124 
8266	1104 
8267	142 
8268	17 
8269	1670 
8270	700 
8271	1825 
8272	105 
8273	1748 
8274	394 
8275	1113 
8276	481 
8277	513 
8278	542 
8279	1455 
8280	1057 
8281	78 
8282	1480 
8283	1021 
8284	581 
8285	1813 
8286	1248 
8287	875 
8288	1850 
8289	1102 
8290	1205 
8291	775 
8292	257 
8293	1853 
8294	823 
8295	377 
8296	573 
8297	1609 
8298	897 
8299	1789 
8300	629 
8301	1700 
8302	1376 
8303	860 
8304	1760 
8305	809 
8306	1645 
8307	592 
8308	1394 
8309	1843 
8310	397 
8311	1163 
8312	567 
8313	91 
8314	1531 
8315	1188 
8316	1535 
8317	1094 
8318	1794 
8319	169 
8320	1223 
8321	1258 
8322	1765 
8323	1609 
8324	676 
8325	752 
8326	1256 
8327	806 
8328	733 
8329	639 
8330	24 
8331	90 
8332	1532 
8333	1808 
8334	436 
8335	423 
8336	672 
8337	1560 
8338	883 
8339	633 
8340	499 
8341	1745 
8342	819 
8343	242 
8344	122 
8345	1553 
8346	11 
8347	1127 
8348	490 
8349	1543 
8350	1234 
8351	583 
8352	178 
8353	1194 
8354	902 
8355	203 
8356	835 
8357	1465 
8358	908 
8359	736 
8360	1404 
8361	1529 
8362	925 
8363	1366 
8364	1260 
8365	187 
8366	204 
8367	501 
8368	1410 
8369	433 
8370	415 
8371	614 
8372	1311 
8373	306 
8374	1706 
8375	51 
8376	1339 
8377	1680 
8378	1387 
8379	961 
8380	385 
8381	1765 
8382	1344 
8383	98 
8384	832 
8385	1220 
8386	1400 
8387	490 
8388	155 
8389	1266 
8390	840 
8391	299 
8392	1850 
8393	1438 
8394	1463 
8395	617 
8396	1688 
8397	1806 
8398	633 
8399	1227 
8400	267 
8401	180 
8402	296 
8403	1591 
8404	1268 
8405	1840 
8406	617 
8407	1376 
8408	1039 
8409	999 
8410	1329 
8411	1218 
8412	1141 
8413	1040 
8414	17 
8415	1174 
8416	1108 
8417	1718 
8418	1400 
8419	981 
8420	683 
8421	1690 
8422	628 
8423	1744 
8424	211 
8425	56 
8426	1147 
8427	867 
8428	1827 
8429	993 
8430	1722 
8431	835 
8432	1147 
8433	205 
8434	734 
8435	358 
8436	900 
8437	1340 
8438	1782 
8439	1143 
8440	1468 
8441	1067 
8442	214 
8443	746 
8444	65 
8445	729 
8446	1126 
8447	1014 
8448	1516 
8449	1207 
8450	1086 
8451	1503 
8452	1857 
8453	1793 
8454	120 
8455	1124 
8456	1773 
8457	1277 
8458	1218 
8459	1119 
8460	1275 
8461	470 
8462	876 
8463	353 
8464	382 
8465	1809 
8466	1758 
8467	548 
8468	734 
8469	67 
8470	736 
8471	733 
8472	1841 
8473	628 
8474	338 
8475	1047 
8476	1075 
8477	231 
8478	1411 
8479	586 
8480	792 
8481	1729 
8482	773 
8483	1469 
8484	796 
8485	560 
8486	618 
8487	1029 
8488	1755 
8489	1840 
8490	171 
8491	1024 
8492	94 
8493	1539 
8494	274 
8495	773 
8496	1438 
8497	495 
8498	1283 
8499	218 
8500	1746 
8501	143 
8502	410 
8503	569 
8504	706 
8505	1539 
8506	1246 
8507	258 
8508	487 
8509	656 
8510	1741 
8511	1648 
8512	456 
8513	555 
8514	815 
8515	1207 
8516	298 
8517	82 
8518	560 
8519	180 
8520	1645 
8521	57 
8522	1624 
8523	1418 
8524	878 
8525	272 
8526	10 
8527	1554 
8528	10 
8529	871 
8530	1039 
8531	1221 
8532	1746 
8533	1337 
8534	282 
8535	1520 
8536	559 
8537	768 
8538	893 
8539	1378 
8540	867 
8541	510 
8542	1847 
8543	863 
8544	897 
8545	480 
8546	1688 
8547	1842 
8548	1698 
8549	966 
8550	1718 
8551	681 
8552	646 
8553	1153 
8554	448 
8555	527 
8556	545 
8557	1400 
8558	1523 
8559	554 
8560	1806 
8561	432 
8562	818 
8563	672 
8564	1266 
8565	1338 
8566	212 
8567	1836 
8568	746 
8569	968 
8570	71 
8571	1164 
8572	1729 
8573	888 
8574	216 
8575	1215 
8576	1025 
8577	937 
8578	1708 
8579	1273 
8580	582 
8581	1478 
8582	559 
8583	345 
8584	705 
8585	1591 
8586	1383 
8587	1450 
8588	1548 
8589	737 
8590	265 
8591	1444 
8592	1191 
8593	1194 
8594	123 
8595	1358 
8596	1427 
8597	1250 
8598	1598 
8599	965 
8600	452 
8601	1539 
8602	468 
8603	1378 
8604	1671 
8605	883 
8606	355 
8607	108 
8608	170 
8609	1689 
8610	1148 
8611	1081 
8612	1430 
8613	1733 
8614	1482 
8615	1139 
8616	628 
8617	415 
8618	703 
8619	1001 
8620	748 
8621	871 
8622	984 
8623	171 
8624	992 
8625	650 
8626	28 
8627	1480 
8628	446 
8629	591 
8630	934 
8631	1775 
8632	896 
8633	322 
8634	61 
8635	4 
8636	1379 
8637	1475 
8638	296 
8639	25 
8640	1019 
8641	1226 
8642	1161 
8643	1408 
8644	1603 
8645	1594 
8646	1755 
8647	1498 
8648	804 
8649	562 
8650	1548 
8651	1437 
8652	1474 
8653	383 
8654	295 
8655	250 
8656	1550 
8657	1360 
8658	742 
8659	169 
8660	1342 
8661	1755 
8662	1778 
8663	650 
8664	1367 
8665	1709 
8666	1194 
8667	1457 
8668	537 
8669	1116 
8670	321 
8671	819 
8672	56 
8673	1066 
8674	1238 
8675	346 
8676	633 
8677	14 
8678	814 
8679	417 
8680	1830 
8681	541 
8682	171 
8683	944 
8684	188 
8685	1814 
8686	534 
8687	94 
8688	1012 
8689	1284 
8690	754 
8691	1227 
8692	1031 
8693	869 
8694	6 
8695	808 
8696	145 
8697	1062 
8698	436 
8699	244 
8700	1360 
8701	1467 
8702	1788 
8703	1218 
8704	248 
8705	290 
8706	299 
8707	1406 
8708	1092 
8709	266 
8710	846 
8711	461 
8712	1263 
8713	836 
8714	144 
8715	1344 
8716	635 
8717	994 
8718	1473 
8719	1453 
8720	344 
8721	1594 
8722	561 
8723	252 
8724	633 
8725	399 
8726	1140 
8727	1035 
8728	115 
8729	769 
8730	1689 
8731	75 
8732	4 
8733	1085 
8734	21 
8735	1387 
8736	299 
8737	1702 
8738	824 
8739	417 
8740	1696 
8741	1592 
8742	1633 
8743	556 
8744	236 
8745	1490 
8746	1469 
8747	1709 
8748	638 
8749	562 
8750	553 
8751	1454 
8752	456 
8753	1005 
8754	1512 
8755	1221 
8756	306 
8757	150 
8758	15 
8759	1463 
8760	997 
8761	972 
8762	331 
8763	1555 
8764	633 
8765	1825 
8766	436 
8767	562 
8768	1775 
8769	385 
8770	1681 
8771	4 
8772	404 
8773	1570 
8774	880 
8775	1285 
8776	1181 
8777	1798 
8778	1102 
8779	909 
8780	776 
8781	966 
8782	1059 
8783	584 
8784	1397 
8785	10 
8786	1114 
8787	156 
8788	593 
8789	1318 
8790	797 
8791	236 
8792	1718 
8793	167 
8794	1409 
8795	1624 
8796	730 
8797	179 
8798	1692 
8799	1747 
8800	1137 
8801	480 
8802	1161 
8803	818 
8804	1678 
8805	1715 
8806	1115 
8807	215 
8808	1055 
8809	1780 
8810	1074 
8811	862 
8812	873 
8813	821 
8814	911 
8815	1637 
8816	816 
8817	1281 
8818	807 
8819	61 
8820	37 
8821	1065 
8822	968 
8823	1298 
8824	1328 
8825	1219 
8826	1195 
8827	632 
8828	1201 
8829	458 
8830	597 
8831	609 
8832	1709 
8833	1601 
8834	455 
8835	1048 
8836	525 
8837	235 
8838	1833 
8839	1737 
8840	61 
8841	997 
8842	435 
8843	715 
8844	1362 
8845	1226 
8846	846 
8847	1 
8848	1710 
8849	919 
8850	1625 
8851	139 
8852	1529 
8853	1840 
8854	14 
8855	484 
8856	1292 
8857	617 
8858	983 
8859	498 
8860	731 
8861	1168 
8862	606 
8863	330 
8864	1197 
8865	1510 
8866	862 
8867	156 
8868	1753 
8869	204 
8870	1592 
8871	55 
8872	1068 
8873	969 
8874	977 
8875	90 
8876	1807 
8877	534 
8878	1790 
8879	213 
8880	1810 
8881	916 
8882	735 
8883	99 
8884	152 
8885	130 
8886	1746 
8887	598 
8888	308 
8889	1692 
8890	930 
8891	1754 
8892	1206 
8893	1362 
8894	936 
8895	534 
8896	1021 
8897	1120 
8898	1552 
8899	262 
8900	1238 
8901	1845 
8902	262 
8903	1666 
8904	1049 
8905	1857 
8906	888 
8907	628 
8908	955 
8909	350 
8910	359 
8911	1301 
8912	1188 
8913	1821 
8914	349 
8915	473 
8916	1498 
8917	1325 
8918	510 
8919	1753 
8920	1000 
8921	1588 
8922	1123 
8923	627 
8924	249 
8925	659 
8926	256 
8927	55 
8928	425 
8929	920 
8930	1248 
8931	790 
8932	1191 
8933	232 
8934	622 
8935	911 
8936	1722 
8937	1584 
8938	692 
8939	901 
8940	698 
8941	341 
8942	481 
8943	1790 
8944	1010 
8945	469 
8946	616 
8947	296 
8948	1300 
8949	1568 
8950	718 
8951	404 
8952	135 
8953	1487 
8954	720 
8955	556 
8956	124 
8957	354 
8958	3 
8959	1845 
8960	1744 
8961	1029 
8962	1132 
8963	1565 
8964	1298 
8965	341 
8966	1645 
8967	322 
8968	1694 
8969	1677 
8970	8 
8971	856 
8972	1769 
8973	1048 
8974	1489 
8975	1063 
8976	804 
8977	1778 
8978	135 
8979	201 
8980	1317 
8981	633 
8982	319 
8983	221 
8984	1830 
8985	806 
8986	1272 
8987	723 
8988	363 
8989	29 
8990	4 
8991	270 
8992	845 
8993	1082 
8994	436 
8995	1196 
8996	1262 
8997	1086 
8998	941 
8999	1120 
9000	599 
9001	658 
9002	906 
9003	835 
9004	290 
9005	911 
9006	1114 
9007	422 
9008	1792 
9009	745 
9010	791 
9011	1256 
9012	1510 
9013	1483 
9014	574 
9015	630 
9016	1337 
9017	213 
9018	191 
9019	873 
9020	1254 
9021	637 
9022	1680 
9023	983 
9024	908 
9025	752 
9026	598 
9027	114 
9028	499 
9029	130 
9030	847 
9031	694 
9032	1757 
9033	1644 
9034	48 
9035	878 
9036	395 
9037	391 
9038	1030 
9039	1128 
9040	617 
9041	227 
9042	232 
9043	559 
9044	906 
9045	260 
9046	1085 
9047	1284 
9048	919 
9049	1498 
9050	1220 
9051	277 
9052	1647 
9053	762 
9054	66 
9055	1823 
9056	638 
9057	105 
9058	369 
9059	293 
9060	994 
9061	1100 
9062	103 
9063	983 
9064	135 
9065	1333 
9066	1821 
9067	272 
9068	1360 
9069	383 
9070	258 
9071	327 
9072	391 
9073	1559 
9074	1040 
9075	1078 
9076	204 
9077	334 
9078	1792 
9079	55 
9080	1754 
9081	936 
9082	85 
9083	80 
9084	171 
9085	737 
9086	187 
9087	1268 
9088	913 
9089	1194 
9090	1086 
9091	1147 
9092	1331 
9093	1131 
9094	994 
9095	1794 
9096	322 
9097	1583 
9098	367 
9099	815 
9100	347 
9101	171 
9102	963 
9103	1506 
9104	557 
9105	1643 
9106	1465 
9107	1539 
9108	740 
9109	729 
9110	135 
9111	1723 
9112	1738 
9113	1846 
9114	985 
9115	38 
9116	529 
9117	323 
9118	1534 
9119	1609 
9120	420 
9121	671 
9122	1729 
9123	19 
9124	146 
9125	363 
9126	1626 
9127	292 
9128	1417 
9129	331 
9130	1182 
9131	127 
9132	598 
9133	1623 
9134	1758 
9135	1595 
9136	1111 
9137	538 
9138	356 
9139	846 
9140	1126 
9141	567 
9142	181 
9143	598 
9144	1659 
9145	203 
9146	490 
9147	1735 
9148	1615 
9149	1199 
9150	975 
9151	700 
9152	326 
9153	944 
9154	685 
9155	256 
9156	1069 
9157	522 
9158	1850 
9159	1557 
9160	479 
9161	944 
9162	1507 
9163	1578 
9164	1671 
9165	232 
9166	762 
9167	1053 
9168	470 
9169	1207 
9170	913 
9171	1109 
9172	1097 
9173	1624 
9174	947 
9175	1471 
9176	534 
9177	1509 
9178	807 
9179	4 
9180	859 
9181	410 
9182	134 
9183	196 
9184	1433 
9185	322 
9186	1618 
9187	12 
9188	992 
9189	754 
9190	1354 
9191	1310 
9192	1025 
9193	726 
9194	95 
9195	223 
9196	1676 
9197	172 
9198	534 
9199	1161 
9200	371 
9201	1568 
9202	258 
9203	1520 
9204	1415 
9205	1178 
9206	36 
9207	289 
9208	1554 
9209	1054 
9210	135 
9211	1726 
9212	56 
9213	1075 
9214	385 
9215	1770 
9216	1338 
9217	5 
9218	503 
9219	67 
9220	992 
9221	445 
9222	1093 
9223	553 
9224	1301 
9225	1037 
9226	557 
9227	565 
9228	1657 
9229	1220 
9230	1400 
9231	1583 
9232	188 
9233	1781 
9234	930 
9235	129 
9236	69 
9237	357 
9238	218 
9239	1091 
9240	232 
9241	451 
9242	1781 
9243	99 
9244	1068 
9245	1021 
9246	108 
9247	91 
9248	725 
9249	889 
9250	177 
9251	375 
9252	36 
9253	1597 
9254	635 
9255	1814 
9256	1722 
9257	56 
9258	24 
9259	201 
9260	1226 
9261	14 
9262	1812 
9263	862 
9264	456 
9265	941 
9266	1114 
9267	626 
9268	815 
9269	520 
9270	1749 
9271	569 
9272	517 
9273	285 
9274	1781 
9275	1313 
9276	692 
9277	1139 
9278	1583 
9279	690 
9280	1517 
9281	1052 
9282	1624 
9283	11 
9284	1138 
9285	200 
9286	248 
9287	174 
9288	683 
9289	1583 
9290	811 
9291	1571 
9292	1697 
9293	446 
9294	1230 
9295	1727 
9296	1068 
9297	1639 
9298	1761 
9299	1192 
9300	709 
9301	1405 
9302	1059 
9303	13 
9304	130 
9305	92 
9306	1412 
9307	556 
9308	889 
9309	1498 
9310	721 
9311	958 
9312	672 
9313	932 
9314	1733 
9315	815 
9316	490 
9317	1273 
9318	1627 
9319	1801 
9320	1643 
9321	878 
9322	1527 
9323	1197 
9324	1547 
9325	374 
9326	1411 
9327	1661 
9328	1141 
9329	162 
9330	1473 
9331	925 
9332	880 
9333	421 
9334	1401 
9335	311 
9336	1823 
9337	1027 
9338	55 
9339	444 
9340	1183 
9341	36 
9342	542 
9343	958 
9344	564 
9345	1821 
9346	793 
9347	920 
9348	217 
9349	789 
9350	1563 
9351	1210 
9352	404 
9353	1636 
9354	1271 
9355	152 
9356	48 
9357	1632 
9358	959 
9359	579 
9360	691 
9361	1755 
9362	1678 
9363	1640 
9364	1131 
9365	808 
9366	1498 
9367	481 
9368	1263 
9369	1778 
9370	1830 
9371	204 
9372	150 
9373	1336 
9374	1519 
9375	1678 
9376	385 
9377	603 
9378	788 
9379	1473 
9380	277 
9381	203 
9382	69 
9383	296 
9384	319 
9385	904 
9386	391 
9387	1829 
9388	1838 
9389	1443 
9390	134 
9391	1173 
9392	318 
9393	529 
9394	1148 
9395	1504 
9396	1025 
9397	1466 
9398	443 
9399	788 
9400	1052 
9401	1039 
9402	357 
9403	60 
9404	1476 
9405	950 
9406	1532 
9407	1524 
9408	1300 
9409	557 
9410	535 
9411	1313 
9412	295 
9413	1432 
9414	1238 
9415	239 
9416	1286 
9417	1822 
9418	1583 
9419	1159 
9420	1083 
9421	24 
9422	493 
9423	444 
9424	1333 
9425	1327 
9426	162 
9427	1292 
9428	843 
9429	855 
9430	1748 
9431	1776 
9432	1223 
9433	633 
9434	1515 
9435	417 
9436	525 
9437	1409 
9438	1653 
9439	1250 
9440	533 
9441	1367 
9442	1475 
9443	112 
9444	1355 
9445	819 
9446	182 
9447	686 
9448	51 
9449	492 
9450	864 
9451	773 
9452	1355 
9453	651 
9454	876 
9455	371 
9456	1149 
9457	267 
9458	1628 
9459	469 
9460	827 
9461	919 
9462	1755 
9463	157 
9464	446 
9465	530 
9466	1273 
9467	602 
9468	1587 
9469	1065 
9470	1828 
9471	369 
9472	944 
9473	76 
9474	1718 
9475	732 
9476	1450 
9477	470 
9478	99 
9479	167 
9480	1226 
9481	1260 
9482	262 
9483	1137 
9484	259 
9485	1780 
9486	1001 
9487	699 
9488	346 
9489	836 
9490	1194 
9491	554 
9492	98 
9493	943 
9494	918 
9495	1821 
9496	916 
9497	474 
9498	458 
9499	266 
9500	154 
9501	1024 
9502	458 
9503	688 
9504	48 
9505	1549 
9506	1516 
9507	187 
9508	1004 
9509	397 
9510	325 
9511	850 
9512	1101 
9513	55 
9514	1035 
9515	456 
9516	34 
9517	303 
9518	943 
9519	1831 
9520	1112 
9521	1824 
9522	1224 
9523	579 
9524	1039 
9525	1533 
9526	1503 
9527	661 
9528	1574 
9529	815 
9530	604 
9531	1414 
9532	773 
9533	930 
9534	889 
9535	658 
9536	209 
9537	1539 
9538	1073 
9539	1805 
9540	17 
9541	51 
9542	165 
9543	71 
9544	1220 
9545	1465 
9546	1568 
9547	1131 
9548	1258 
9549	1207 
9550	988 
9551	769 
9552	569 
9553	327 
9554	1774 
9555	404 
9556	259 
9557	1445 
9558	1514 
9559	937 
9560	825 
9561	490 
9562	834 
9563	808 
9564	723 
9565	176 
9566	262 
9567	1055 
9568	119 
9569	1823 
9570	355 
9571	1337 
9572	490 
9573	487 
9574	358 
9575	1734 
9576	878 
9577	30 
9578	1283 
9579	1378 
9580	1306 
9581	998 
9582	290 
9583	1640 
9584	1143 
9585	845 
9586	1139 
9587	1131 
9588	1380 
9589	1728 
9590	1648 
9591	493 
9592	671 
9593	919 
9594	1532 
9595	685 
9596	893 
9597	821 
9598	1239 
9599	1011 
9600	1207 
9601	571 
9602	1514 
9603	1063 
9604	1124 
9605	1533 
9606	162 
9607	1041 
9608	69 
9609	1217 
9610	1355 
9611	470 
9612	147 
9613	543 
9614	691 
9615	893 
9616	672 
9617	1833 
9618	16 
9619	471 
9620	1345 
9621	373 
9622	574 
9623	1688 
9624	217 
9625	144 
9626	404 
9627	1562 
9628	499 
9629	1828 
9630	849 
9631	941 
9632	36 
9633	134 
9634	819 
9635	57 
9636	1336 
9637	993 
9638	1452 
9639	1426 
9640	721 
9641	70 
9642	1625 
9643	355 
9644	1817 
9645	1353 
9646	1273 
9647	1123 
9648	822 
9649	46 
9650	1356 
9651	1504 
9652	1466 
9653	163 
9654	683 
9655	138 
9656	1455 
9657	910 
9658	1766 
9659	800 
9660	1688 
9661	1167 
9662	1060 
9663	1771 
9664	444 
9665	131 
9666	650 
9667	563 
9668	127 
9669	61 
9670	59 
9671	243 
9672	8 
9673	605 
9674	1141 
9675	1551 
9676	1569 
9677	934 
9678	456 
9679	1802 
9680	1754 
9681	554 
9682	770 
9683	1068 
9684	747 
9685	1513 
9686	267 
9687	940 
9688	276 
9689	650 
9690	1192 
9691	919 
9692	1170 
9693	1412 
9694	211 
9695	221 
9696	1522 
9697	1539 
9698	1336 
9699	673 
9700	403 
9701	1745 
9702	1272 
9703	173 
9704	967 
9705	61 
9706	1712 
9707	737 
9708	824 
9709	926 
9710	454 
9711	130 
9712	773 
9713	502 
9714	1655 
9715	1163 
9716	1024 
9717	319 
9718	204 
9719	1080 
9720	674 
9721	1814 
9722	1498 
9723	446 
9724	1362 
9725	1560 
9726	1759 
9727	1678 
9728	1400 
9729	1845 
9730	148 
9731	120 
9732	534 
9733	1194 
9734	1326 
9735	674 
9736	680 
9737	643 
9738	805 
9739	21 
9740	609 
9741	290 
9742	1701 
9743	371 
9744	71 
9745	730 
9746	159 
9747	1270 
9748	130 
9749	296 
9750	1203 
9751	904 
9752	1252 
9753	123 
9754	792 
9755	4 
9756	1527 
9757	199 
9758	1376 
9759	282 
9760	782 
9761	923 
9762	1804 
9763	451 
9764	1627 
9765	1713 
9766	809 
9767	1221 
9768	1025 
9769	1341 
9770	1470 
9771	330 
9772	556 
9773	545 
9774	1197 
9775	1384 
9776	1338 
9777	1120 
9778	764 
9779	151 
9780	499 
9781	1337 
9782	661 
9783	116 
9784	1348 
9785	1765 
9786	704 
9787	1738 
9788	1246 
9789	1818 
9790	342 
9791	1704 
9792	553 
9793	560 
9794	1810 
9795	745 
9796	78 
9797	699 
9798	49 
9799	1497 
9800	1755 
9801	24 
9802	415 
9803	1623 
9804	272 
9805	373 
9806	643 
9807	721 
9808	778 
9809	1063 
9810	1049 
9811	994 
9812	1397 
9813	1817 
9814	227 
9815	247 
9816	1018 
9817	1083 
9818	321 
9819	259 
9820	764 
9821	619 
9822	1628 
9823	444 
9824	958 
9825	912 
9826	1214 
9827	142 
9828	1280 
9829	958 
9830	359 
9831	1264 
9832	941 
9833	1282 
9834	923 
9835	826 
9836	553 
9837	1281 
9838	169 
9839	525 
9840	380 
9841	490 
9842	75 
9843	159 
9844	511 
9845	1668 
9846	815 
9847	1264 
9848	373 
9849	1128 
9850	1055 
9851	1707 
9852	971 
9853	557 
9854	1704 
9855	1595 
9856	421 
9857	1212 
9858	6 
9859	212 
9860	1776 
9861	1110 
9862	1533 
9863	1643 
9864	129 
9865	131 
9866	967 
9867	1098 
9868	404 
9869	436 
9870	1344 
9871	1170 
9872	902 
9873	561 
9874	1335 
9875	709 
9876	988 
9877	1264 
9878	1546 
9879	1613 
9880	1403 
9881	30 
9882	1084 
9883	764 
9884	16 
9885	1352 
9886	1547 
9887	793 
9888	152 
9889	1339 
9890	102 
9891	528 
9892	1739 
9893	819 
9894	1804 
9895	209 
9896	1605 
9897	590 
9898	1655 
9899	1142 
9900	482 
9901	374 
9902	1263 
9903	173 
9904	1708 
9905	1007 
9906	1348 
9907	1384 
9908	277 
9909	1775 
9910	650 
9911	72 
9912	635 
9913	1547 
9914	963 
9915	1447 
9916	684 
9917	983 
9918	729 
9919	144 
9920	904 
9921	796 
9922	1701 
9923	730 
9924	1188 
9925	1032 
9926	1190 
9927	1822 
9928	553 
9929	1586 
9930	1222 
9931	988 
9932	1647 
9933	702 
9934	1803 
9935	1091 
9936	91 
9937	103 
9938	242 
9939	1778 
9940	510 
9941	1372 
9942	1024 
9943	655 
9944	1663 
9945	415 
9946	416 
9947	1048 
9948	505 
9949	1851 
9950	1120 
9951	1273 
9952	1083 
9953	568 
9954	296 
9955	525 
9956	568 
9957	1236 
9958	1056 
9959	1493 
9960	1441 
9961	1550 
9962	1774 
9963	1635 
9964	242 
9965	1227 
9966	1780 
9967	76 
9968	672 
9969	1422 
9970	1743 
9971	1624 
9972	1441 
9973	818 
9974	911 
9975	1698 
9976	225 
9977	750 
9978	1462 
9979	586 
9980	1814 
9981	1024 
9982	105 
9983	699 
9984	813 
9985	1588 
9986	267 
9987	586 
9988	114 
9989	1229 
9990	1508 
9991	616 
9992	56 
9993	536 
9994	1854 
9995	667 
9996	1454 
9997	1698 
9998	978 
9999	565 
10000	418 
10001	1340 
10002	424 
10003	295 
10004	829 
10005	1529 
10006	1681 
10007	591 
10008	812 
10009	1236 
10010	314 
10011	1785 
10012	292 
10013	1453 
10014	234 
10015	966 
10016	1470 
10017	1369 
10018	1663 
10019	758 
10020	1025 
10021	744 
10022	1336 
10023	335 
10024	800 
10025	53 
10026	1432 
10027	373 
10028	85 
10029	780 
10030	322 
10031	1409 
10032	1823 
10033	829 
10034	344 
10035	52 
10036	1317 
10037	236 
10038	1128 
10039	1705 
10040	280 
10041	1559 
10042	892 
10043	1580 
10044	330 
10045	380 
10046	144 
10047	1020 
10048	9 
10049	81 
10050	1141 
10051	1321 
10052	778 
10053	864 
10054	1057 
10055	1370 
10056	695 
10057	54 
10058	1384 
10059	1210 
10060	845 
10061	956 
10062	1415 
10063	855 
10064	1647 
10065	1732 
10066	520 
10067	1767 
10068	1521 
10069	86 
10070	1824 
10071	1341 
10072	1854 
10073	1348 
10074	1115 
10075	583 
10076	1277 
10077	1287 
10078	453 
10079	63 
10080	732 
10081	489 
10082	1437 
10083	1588 
10084	1840 
10085	391 
10086	1729 
10087	956 
10088	1201 
10089	1030 
10090	626 
10091	998 
10092	855 
10093	530 
10094	1597 
10095	1203 
10096	1323 
10097	1375 
10098	97 
10099	1136 
10100	1448 
10101	1120 
10102	176 
10103	1137 
10104	1338 
10105	1528 
10106	974 
10107	1696 
10108	1597 
10109	1147 
10110	1136 
10111	1410 
10112	330 
10113	33 
10114	1293 
10115	1082 
10116	1737 
10117	1561 
10118	871 
10119	47 
10120	292 
10121	62 
10122	1387 
10123	329 
10124	721 
10125	1696 
10126	1143 
10127	958 
10128	599 
10129	1070 
10130	95 
10131	1395 
10132	129 
10133	169 
10134	1608 
10135	472 
10136	1055 
10137	77 
10138	356 
10139	966 
10140	795 
10141	796 
10142	1743 
10143	990 
10144	1713 
10145	1527 
10146	3 
10147	1143 
10148	568 
10149	1224 
10150	911 
10151	647 
10152	889 
10153	163 
10154	1533 
10155	876 
10156	1064 
10157	1345 
10158	1726 
10159	521 
10160	1377 
10161	1621 
10162	377 
10163	808 
10164	1803 
10165	405 
10166	991 
10167	1045 
10168	597 
10169	644 
10170	462 
10171	1788 
10172	827 
10173	534 
10174	1855 
10175	1583 
10176	1562 
10177	1164 
10178	958 
10179	305 
10180	1833 
10181	1025 
10182	158 
10183	1692 
10184	1108 
10185	1157 
10186	288 
10187	184 
10188	1479 
10189	1391 
10190	162 
10191	907 
10192	1057 
10193	1258 
10194	1625 
10195	1368 
10196	1539 
10197	132 
10198	1358 
10199	1357 
10200	1 
10201	61 
10202	1503 
10203	818 
10204	174 
10205	465 
10206	1071 
10207	1836 
10208	866 
10209	466 
10210	1566 
10211	1388 
10212	1746 
10213	129 
10214	1482 
10215	123 
10216	889 
10217	1743 
10218	1222 
10219	1362 
10220	1340 
10221	1160 
10222	1220 
10223	811 
10224	264 
10225	134 
10226	1537 
10227	108 
10228	1840 
10229	1688 
10230	602 
10231	215 
10232	400 
10233	1337 
10234	295 
10235	245 
10236	1340 
10237	161 
10238	730 
10239	1840 
10240	36 
10241	1726 
10242	1281 
10243	1064 
10244	1456 
10245	1639 
10246	1193 
10247	76 
10248	491 
10249	1102 
10250	1048 
10251	835 
10252	1755 
10253	533 
10254	504 
10255	578 
10256	451 
10257	772 
10258	1723 
10259	1638 
10260	1829 
10261	39 
10262	544 
10263	44 
10264	703 
10265	1131 
10266	1515 
10267	909 
10268	470 
10269	1236 
10270	440 
10271	731 
10272	1461 
10273	1463 
10274	307 
10275	249 
10276	485 
10277	1661 
10278	644 
10279	1765 
10280	922 
10281	832 
10282	105 
10283	1260 
10284	129 
10285	973 
10286	331 
10287	372 
10288	1533 
10289	1817 
10290	1556 
10291	1610 
10292	908 
10293	1063 
10294	23 
10295	1220 
10296	565 
10297	1076 
10298	1609 
10299	878 
10300	1482 
10301	131 
10302	1448 
10303	223 
10304	782 
10305	815 
10306	1670 
10307	1423 
10308	643 
10309	1653 
10310	1088 
10311	1713 
10312	344 
10313	217 
10314	1749 
10315	388 
10316	819 
10317	1162 
10318	226 
10319	1286 
10320	711 
10321	735 
10322	1607 
10323	1746 
10324	394 
10325	1342 
10326	769 
10327	1772 
10328	284 
10329	63 
10330	672 
10331	1528 
10332	147 
10333	1628 
10334	1126 
10335	595 
10336	701 
10337	1190 
10338	1268 
10339	363 
10340	454 
10341	556 
10342	645 
10343	864 
10344	586 
10345	1576 
10346	1039 
10347	1469 
10348	222 
10349	533 
10350	1755 
10351	1029 
10352	240 
10353	1281 
10354	1814 
10355	1824 
10356	1599 
10357	322 
10358	1745 
10359	782 
10360	1810 
10361	1253 
10362	1318 
10363	1833 
10364	1785 
10365	1213 
10366	1573 
10367	732 
10368	146 
10369	120 
10370	908 
10371	234 
10372	303 
10373	9 
10374	762 
10375	404 
10376	1675 
10377	1806 
10378	334 
10379	1454 
10380	399 
10381	231 
10382	69 
10383	806 
10384	1615 
10385	404 
10386	460 
10387	6 
10388	579 
10389	182 
10390	1846 
10391	183 
10392	627 
10393	314 
10394	1340 
10395	748 
10396	1798 
10397	264 
10398	1105 
10399	535 
10400	1376 
10401	461 
10402	542 
10403	1370 
10404	160 
10405	1086 
10406	1080 
10407	435 
10408	1132 
10409	867 
10410	1589 
10411	1836 
10412	1578 
10413	398 
10414	32 
10415	1023 
10416	1568 
10417	1391 
10418	1474 
10419	344 
10420	411 
10421	1790 
10422	1836 
10423	1829 
10424	766 
10425	113 
10426	908 
10427	108 
10428	772 
10429	767 
10430	591 
10431	1162 
10432	538 
10433	499 
10434	1113 
10435	1262 
10436	481 
10437	1255 
10438	832 
10439	1814 
10440	1543 
10441	886 
10442	584 
10443	1373 
10444	1397 
10445	1514 
10446	323 
10447	13 
10448	1112 
10449	1499 
10450	105 
10451	1823 
10452	1759 
10453	650 
10454	1539 
10455	1293 
10456	182 
10457	1404 
10458	1322 
10459	985 
10460	596 
10461	1461 
10462	1403 
10463	1701 
10464	343 
10465	1656 
10466	1098 
10467	1260 
10468	198 
10469	486 
10470	307 
10471	318 
10472	145 
10473	1266 
10474	1390 
10475	556 
10476	1689 
10477	367 
10478	1226 
10479	1627 
10480	125 
10481	668 
10482	281 
10483	523 
10484	1139 
10485	1465 
10486	886 
10487	362 
10488	1202 
10489	927 
10490	1685 
10491	1260 
10492	1631 
10493	86 
10494	1524 
10495	534 
10496	1639 
10497	535 
10498	685 
10499	57 
10500	296 
10501	814 
10502	1108 
10503	1532 
10504	1534 
10505	1814 
10506	901 
10507	892 
10508	311 
10509	1086 
10510	1194 
10511	1812 
10512	832 
10513	734 
10514	1518 
10515	985 
10516	1387 
10517	1706 
10518	1502 
10519	907 
10520	1689 
10521	1126 
10522	1628 
10523	1409 
10524	750 
10525	330 
10526	943 
10527	1662 
10528	751 
10529	490 
10530	1426 
10531	344 
10532	1396 
10533	966 
10534	1609 
10535	1117 
10536	448 
10537	1818 
10538	574 
10539	715 
10540	1438 
10541	1074 
10542	1005 
10543	1688 
10544	303 
10545	1472 
10546	311 
10547	15 
10548	1048 
10549	807 
10550	1331 
10551	953 
10552	554 
10553	41 
10554	404 
10555	510 
10556	1157 
10557	369 
10558	1769 
10559	1336 
10560	120 
10561	1623 
10562	271 
10563	1293 
10564	374 
10565	1073 
10566	196 
10567	1709 
10568	941 
10569	324 
10570	1531 
10571	211 
10572	362 
10573	885 
10574	888 
10575	584 
10576	1222 
10577	699 
10578	1774 
10579	1330 
10580	800 
10581	1339 
10582	1765 
10583	115 
10584	347 
10585	1462 
10586	540 
10587	1713 
10588	1246 
10589	1836 
10590	1774 
10591	1272 
10592	1025 
10593	1790 
10594	597 
10595	403 
10596	1533 
10597	514 
10598	1063 
10599	36 
10600	888 
10601	866 
10602	741 
10603	143 
10604	342 
10605	927 
10606	42 
10607	1582 
10608	286 
10609	683 
10610	1379 
10611	795 
10612	785 
10613	73 
10614	948 
10615	1040 
10616	1221 
10617	334 
10618	1661 
10619	323 
10620	930 
10621	77 
10622	1725 
10623	70 
10624	1301 
10625	1087 
10626	444 
10627	1138 
10628	332 
10629	886 
10630	1317 
10631	42 
10632	988 
10633	1045 
10634	1495 
10635	1346 
10636	1233 
10637	1344 
10638	801 
10639	1721 
10640	1039 
10641	208 
10642	950 
10643	1513 
10644	1027 
10645	1830 
10646	289 
10647	720 
10648	1643 
10649	1383 
10650	1560 
10651	698 
10652	1349 
10653	650 
10654	1628 
10655	67 
10656	1587 
10657	209 
10658	48 
10659	533 
10660	15 
10661	385 
10662	903 
10663	1460 
10664	859 
10665	597 
10666	832 
10667	633 
10668	751 
10669	411 
10670	242 
10671	1577 
10672	114 
10673	1380 
10674	1258 
10675	762 
10676	1217 
10677	47 
10678	173 
10679	1772 
10680	1755 
10681	1162 
10682	1645 
10683	1825 
10684	604 
10685	1048 
10686	598 
10687	1694 
10688	1746 
10689	1533 
10690	1502 
10691	1595 
10692	1341 
10693	8 
10694	512 
10695	511 
10696	1376 
10697	580 
10698	154 
10699	1680 
10700	1422 
10701	161 
10702	1789 
10703	1810 
10704	1726 
10705	1414 
10706	524 
10707	1672 
10708	873 
10709	877 
10710	456 
10711	693 
10712	703 
10713	843 
10714	1709 
10715	135 
10716	179 
10717	440 
10718	1585 
10719	192 
10720	49 
10721	1071 
10722	1314 
10723	700 
10724	1091 
10725	1486 
10726	1515 
10727	1140 
10728	315 
10729	832 
10730	163 
10731	1566 
10732	163 
10733	426 
10734	1270 
10735	611 
10736	1774 
10737	248 
10738	974 
10739	1858 
10740	898 
10741	1411 
10742	545 
10743	1403 
10744	1300 
10745	1758 
10746	499 
10747	330 
10748	1437 
10749	373 
10750	1476 
10751	478 
10752	931 
10753	1274 
10754	330 
10755	1208 
10756	359 
10757	4 
10758	1840 
10759	735 
10760	1515 
10761	1341 
10762	1193 
10763	123 
10764	1322 
10765	1516 
10766	1790 
10767	568 
10768	152 
10769	1233 
10770	733 
10771	1190 
10772	1746 
10773	1386 
10774	686 
10775	835 
10776	1406 
10777	1504 
10778	989 
10779	355 
10780	330 
10781	42 
10782	108 
10783	296 
10784	1579 
10785	675 
10786	1505 
10787	1317 
10788	1507 
10789	907 
10790	1321 
10791	482 
10792	135 
10793	222 
10794	1042 
10795	1508 
10796	110 
10797	1221 
10798	858 
10799	1744 
10800	1462 
10801	308 
10802	552 
10803	1235 
10804	132 
10805	529 
10806	1688 
10807	1138 
10808	531 
10809	262 
10810	1721 
10811	1726 
10812	402 
10813	1063 
10814	94 
10815	1789 
10816	1444 
10817	789 
10818	25 
10819	908 
10820	1161 
10821	614 
10822	646 
10823	927 
10824	1223 
10825	1018 
10826	148 
10827	1539 
10828	1643 
10829	1221 
10830	1376 
10831	883 
10832	886 
10833	1755 
10834	1502 
10835	1306 
10836	1228 
10837	169 
10838	1698 
10839	1443 
10840	1469 
10841	683 
10842	1817 
10843	967 
10844	698 
10845	685 
10846	1679 
10847	1850 
10848	1825 
10849	561 
10850	981 
10851	1027 
10852	1097 
10853	1239 
10854	900 
10855	121 
10856	1286 
10857	577 
10858	1583 
10859	573 
10860	1785 
10861	942 
10862	1068 
10863	1743 
10864	1579 
10865	819 
10866	1266 
10867	1414 
10868	812 
10869	535 
10870	1773 
10871	244 
10872	1303 
10873	1163 
10874	10 
10875	1085 
10876	1503 
10877	1677 
10878	410 
10879	1041 
10880	981 
10881	427 
10882	12 
10883	1055 
10884	216 
10885	29 
10886	625 
10887	1641 
10888	1588 
10889	449 
10890	1707 
10891	1471 
10892	307 
10893	808 
10894	695 
10895	1035 
10896	1706 
10897	308 
10898	562 
10899	1360 
10900	147 
10901	879 
10902	1146 
10903	456 
10904	1715 
10905	589 
10906	1725 
10907	1729 
10908	1527 
10909	1670 
10910	906 
10911	1629 
10912	256 
10913	1575 
10914	1217 
10915	880 
10916	782 
10917	80 
10918	930 
10919	200 
10920	371 
10921	422 
10922	166 
10923	832 
10924	1236 
10925	1275 
10926	774 
10927	808 
10928	1524 
10929	917 
10930	1255 
10931	1600 
10932	1080 
10933	1119 
10934	10 
10935	1307 
10936	591 
10937	309 
10938	1080 
10939	755 
10940	1365 
10941	1663 
10942	767 
10943	1358 
10944	1366 
10945	1753 
10946	446 
10947	154 
10948	430 
10949	1677 
10950	1332 
10951	603 
10952	1713 
10953	748 
10954	1293 
10955	1690 
10956	1063 
10957	66 
10958	1355 
10959	1597 
10960	525 
10961	1583 
10962	762 
10963	1755 
10964	174 
10965	528 
10966	66 
10967	1823 
10968	959 
10969	211 
10970	1024 
10971	1625 
10972	635 
10973	1846 
10974	292 
10975	416 
10976	1236 
10977	465 
10978	1117 
10979	1526 
10980	403 
10981	1831 
10982	1522 
10983	1296 
10984	688 
10985	297 
10986	1838 
10987	733 
10988	303 
10989	920 
10990	1683 
10991	1144 
10992	67 
10993	129 
10994	482 
10995	1053 
10996	145 
10997	927 
10998	1306 
10999	735 
11000	1262 
11001	1775 
11002	748 
11003	209 
11004	893 
11005	801 
11006	867 
11007	789 
11008	250 
11009	783 
11010	1630 
11011	1274 
11012	1264 
11013	430 
11014	456 
11015	1160 
11016	597 
11017	394 
11018	1067 
11019	1419 
11020	1738 
11021	1455 
11022	1516 
11023	967 
11024	1218 
11025	582 
11026	1088 
11027	71 
11028	703 
11029	353 
11030	1768 
11031	94 
11032	1774 
11033	1220 
11034	409 
11035	1351 
11036	1064 
11037	404 
11038	993 
11039	711 
11040	864 
11041	311 
11042	1520 
11043	150 
11044	626 
11045	1552 
11046	481 
11047	409 
11048	1523 
11049	299 
11050	919 
11051	335 
11052	1120 
11053	961 
11054	704 
11055	1112 
11056	1164 
11057	57 
11058	1108 
11059	1360 
11060	1201 
11061	1369 
11062	1019 
11063	256 
11064	303 
11065	1640 
11066	1614 
11067	640 
11068	459 
11069	1128 
11070	259 
11071	872 
11072	1544 
11073	916 
11074	571 
11075	1177 
11076	78 
11077	1198 
11078	1083 
11079	398 
11080	1031 
11081	1272 
11082	41 
11083	327 
11084	1814 
11085	553 
11086	499 
11087	1697 
11088	1099 
11089	1857 
11090	1274 
11091	683 
11092	763 
11093	479 
11094	202 
11095	55 
11096	179 
11097	1236 
11098	322 
11099	940 
11100	730 
11101	467 
11102	1476 
11103	1694 
11104	1395 
11105	33 
11106	1280 
11107	1674 
11108	805 
11109	62 
11110	460 
11111	1221 
11112	533 
11113	842 
11114	1101 
11115	62 
11116	487 
11117	748 
11118	319 
11119	1028 
11120	880 
11121	456 
11122	355 
11123	812 
11124	1086 
11125	966 
11126	423 
11127	1712 
11128	966 
11129	651 
11130	274 
11131	910 
11132	1694 
11133	1647 
11134	1192 
11135	1502 
11136	1746 
11137	14 
11138	1247 
11139	501 
11140	143 
11141	66 
11142	772 
11143	1143 
11144	1719 
11145	1841 
11146	1453 
11147	1004 
11148	1801 
11149	1097 
11150	615 
11151	1274 
11152	595 
11153	522 
11154	1516 
11155	1286 
11156	534 
11157	441 
11158	619 
11159	234 
11160	189 
11161	773 
11162	230 
11163	818 
11164	1608 
11165	133 
11166	1833 
11167	1170 
11168	885 
11169	886 
11170	1274 
11171	217 
11172	574 
11173	217 
11174	1442 
11175	1426 
11176	479 
11177	1444 
11178	963 
11179	880 
11180	18 
11181	1226 
11182	1690 
11183	252 
11184	1726 
11185	611 
11186	1696 
11187	49 
11188	1403 
11189	581 
11190	531 
11191	648 
11192	941 
11193	1585 
11194	908 
11195	1354 
11196	1528 
11197	398 
11198	1587 
11199	458 
11200	598 
11201	1494 
11202	599 
11203	769 
11204	65 
11205	1217 
11206	158 
11207	1124 
11208	529 
11209	133 
11210	990 
11211	1313 
11212	8 
11213	1091 
11214	36 
11215	410 
11216	553 
11217	892 
11218	1514 
11219	582 
11220	1838 
11221	461 
11222	698 
11223	1802 
11224	1713 
11225	1510 
11226	1706 
11227	1608 
11228	700 
11229	460 
11230	49 
11231	598 
11232	1284 
11233	1282 
11234	1091 
11235	1633 
11236	36 
11237	860 
11238	963 
11239	1647 
11240	1688 
11241	904 
11242	108 
11243	951 
11244	1754 
11245	175 
11246	728 
11247	739 
11248	171 
11249	1650 
11250	1404 
11251	294 
11252	161 
11253	730 
11254	1020 
11255	798 
11256	1590 
11257	68 
11258	1553 
11259	1120 
11260	237 
11261	1385 
11262	1572 
11263	1643 
11264	1485 
11265	115 
11266	305 
11267	1673 
11268	1599 
11269	315 
11270	768 
11271	1493 
11272	805 
11273	1578 
11274	192 
11275	734 
11276	1688 
11277	657 
11278	392 
11279	698 
11280	1427 
11281	709 
11282	958 
11283	1380 
11284	1605 
11285	227 
11286	1806 
11287	1341 
11288	213 
11289	557 
11290	632 
11291	641 
11292	1659 
11293	980 
11294	963 
11295	594 
11296	596 
11297	1126 
11298	356 
11299	1516 
11300	229 
11301	1143 
11302	791 
11303	1505 
11304	998 
11305	1311 
11306	161 
11307	1033 
11308	1706 
11309	1212 
11310	891 
11311	599 
11312	668 
11313	363 
11314	1838 
11315	217 
11316	519 
11317	1443 
11318	801 
11319	1426 
11320	369 
11321	1469 
11322	1418 
11323	1743 
11324	256 
11325	237 
11326	1583 
11327	836 
11328	1062 
11329	1169 
11330	1853 
11331	336 
11332	1565 
11333	779 
11334	1841 
11335	703 
11336	686 
11337	1284 
11338	405 
11339	498 
11340	47 
11341	472 
11342	277 
11343	1344 
11344	650 
11345	415 
11346	1194 
11347	1510 
11348	315 
11349	146 
11350	389 
11351	1448 
11352	565 
11353	1740 
11354	557 
11355	174 
11356	302 
11357	1360 
11358	185 
11359	570 
11360	1593 
11361	630 
11362	1188 
11363	880 
11364	824 
11365	899 
11366	1019 
11367	1527 
11368	553 
11369	1718 
11370	863 
11371	1639 
11372	1208 
11373	1361 
11374	544 
11375	1810 
11376	983 
11377	121 
11378	1708 
11379	1408 
11380	1571 
11381	1128 
11382	103 
11383	1352 
11384	1836 
11385	1566 
11386	333 
11387	203 
11388	740 
11389	234 
11390	1718 
11391	473 
11392	1073 
11393	841 
11394	410 
11395	1839 
11396	862 
11397	829 
11398	192 
11399	482 
11400	62 
11401	710 
11402	1262 
11403	558 
11404	692 
11405	1296 
11406	218 
11407	1025 
11408	1529 
11409	1383 
11410	1045 
11411	7 
11412	1451 
11413	934 
11414	576 
11415	519 
11416	1083 
11417	227 
11418	499 
11419	1663 
11420	1658 
11421	1733 
11422	15 
11423	264 
11424	1145 
11425	1273 
11426	256 
11427	699 
11428	1758 
11429	579 
11430	1262 
11431	146 
11432	1392 
11433	468 
11434	998 
11435	209 
11436	1759 
11437	172 
11438	709 
11439	303 
11440	1755 
11441	6 
11442	261 
11443	1383 
11444	281 
11445	493 
11446	422 
11447	996 
11448	894 
11449	338 
11450	729 
11451	1708 
11452	1019 
11453	1164 
11454	889 
11455	137 
11456	342 
11457	768 
11458	1578 
11459	775 
11460	1185 
11461	1604 
11462	1449 
11463	668 
11464	1274 
11465	1643 
11466	142 
11467	1532 
11468	236 
11469	256 
11470	158 
11471	1465 
11472	267 
11473	1212 
11474	1735 
11475	330 
11476	1445 
11477	1039 
11478	89 
11479	482 
11480	1194 
11481	1030 
11482	738 
11483	911 
11484	377 
11485	64 
11486	1015 
11487	57 
11488	739 
11489	144 
11490	591 
11491	1236 
11492	683 
11493	376 
11494	1483 
11495	1313 
11496	1082 
11497	1070 
11498	1341 
11499	307 
11500	1514 
11501	1357 
11502	234 
11503	932 
11504	518 
11505	1774 
11506	1019 
11507	598 
11508	748 
11509	19 
11510	1080 
11511	666 
11512	762 
11513	1194 
11514	1771 
11515	583 
11516	1384 
11517	876 
11518	385 
11519	1151 
11520	20 
11521	1341 
11522	145 
11523	162 
11524	48 
11525	203 
11526	550 
11527	612 
11528	1539 
11529	1678 
11530	560 
11531	1300 
11532	256 
11533	123 
11534	33 
11535	573 
11536	1413 
11537	556 
11538	1586 
11539	763 
11540	1515 
11541	1029 
11542	1855 
11543	1407 
11544	1043 
11545	83 
11546	203 
11547	469 
11548	1786 
11549	322 
11550	703 
11551	221 
11552	794 
11553	958 
11554	1639 
11555	204 
11556	152 
11557	215 
11558	1589 
11559	1073 
11560	121 
11561	115 
11562	807 
11563	1708 
11564	1671 
11565	1219 
11566	1035 
11567	848 
11568	127 
11569	7 
11570	397 
11571	1028 
11572	19 
11573	573 
11574	452 
11575	976 
11576	1489 
11577	138 
11578	1710 
11579	651 
11580	220 
11581	1633 
11582	763 
11583	91 
11584	1624 
11585	256 
11586	456 
11587	1443 
11588	489 
11589	627 
11590	436 
11591	1242 
11592	697 
11593	623 
11594	1604 
11595	70 
11596	1263 
11597	1677 
11598	570 
11599	32 
11600	1332 
11601	179 
11602	1513 
11603	1515 
11604	1856 
11605	493 
11606	56 
11607	292 
11608	159 
11609	201 
11610	409 
11611	568 
11612	806 
11613	1461 
11614	1157 
11615	1639 
11616	1489 
11617	1210 
11618	222 
11619	1082 
11620	1769 
11621	535 
11622	1212 
11623	316 
11624	947 
11625	1655 
11626	383 
11627	980 
11628	1498 
11629	1597 
11630	482 
11631	1112 
11632	819 
11633	107 
11634	456 
11635	8 
11636	454 
11637	1678 
11638	1830 
11639	769 
11640	586 
11641	1848 
11642	1178 
11643	423 
11644	1559 
11645	1596 
11646	878 
11647	1175 
11648	333 
11649	920 
11650	1424 
11651	30 
11652	1583 
11653	554 
11654	94 
11655	1599 
11656	1146 
11657	1694 
11658	699 
11659	1296 
11660	78 
11661	1155 
11662	189 
11663	407 
11664	1435 
11665	13 
11666	211 
11667	698 
11668	529 
11669	1695 
11670	1224 
11671	1528 
11672	1258 
11673	1236 
11674	1814 
11675	1593 
11676	1203 
11677	1155 
11678	1073 
11679	525 
11680	1687 
11681	179 
11682	1266 
11683	1663 
11684	1217 
11685	51 
11686	763 
11687	35 
11688	557 
11689	490 
11690	1166 
11691	1677 
11692	129 
11693	969 
11694	480 
11695	1464 
11696	436 
11697	672 
11698	92 
11699	356 
11700	759 
11701	260 
11702	1663 
11703	922 
11704	1553 
11705	1600 
11706	1015 
11707	127 
11708	1035 
11709	470 
11710	1359 
11711	1098 
11712	418 
11713	1707 
11714	560 
11715	661 
11716	425 
11717	1 
11718	182 
11719	733 
11720	1443 
11721	1760 
11722	1345 
11723	1746 
11724	646 
11725	1765 
11726	1308 
11727	1203 
11728	989 
11729	1637 
11730	223 
11731	91 
11732	1368 
11733	373 
11734	1514 
11735	291 
11736	1658 
11737	559 
11738	1236 
11739	1767 
11740	1385 
11741	129 
11742	1532 
11743	1409 
11744	1659 
11745	1286 
11746	1823 
11747	76 
11748	341 
11749	1650 
11750	638 
11751	1531 
11752	1528 
11753	1028 
11754	1091 
11755	876 
11756	42 
11757	371 
11758	199 
11759	1856 
11760	1515 
11761	1207 
11762	78 
11763	1228 
11764	600 
11765	976 
11766	1804 
11767	256 
11768	145 
11769	1486 
11770	1638 
11771	812 
11772	1632 
11773	1427 
11774	1772 
11775	1588 
11776	4 
11777	1722 
11778	1174 
11779	1674 
11780	466 
11781	984 
11782	587 
11783	773 
11784	672 
11785	24 
11786	1587 
11787	983 
11788	806 
11789	220 
11790	1272 
11791	1156 
11792	1066 
11793	1619 
11794	205 
11795	1713 
11796	1831 
11797	1284 
11798	1817 
11799	877 
11800	736 
11801	1025 
11802	531 
11803	397 
11804	444 
11805	367 
11806	980 
11807	1593 
11808	130 
11809	944 
11810	963 
11811	89 
11812	1778 
11813	565 
11814	1384 
11815	461 
11816	878 
11817	1041 
11818	1502 
11819	1016 
11820	284 
11821	983 
11822	1815 
11823	6 
11824	911 
11825	451 
11826	1198 
11827	617 
11828	599 
11829	1723 
11830	1488 
11831	1409 
11832	1131 
11833	292 
11834	1503 
11835	1661 
11836	1264 
11837	13 
11838	1101 
11839	748 
11840	144 
11841	983 
11842	308 
11843	1452 
11844	1194 
11845	210 
11846	989 
11847	84 
11848	61 
11849	442 
11850	530 
11851	801 
11852	693 
11853	1171 
11854	1141 
11855	232 
11856	1025 
11857	800 
11858	807 
11859	275 
11860	266 
11861	1836 
11862	942 
11863	1352 
11864	693 
11865	1496 
11866	1711 
11867	1748 
11868	465 
11869	1003 
11870	1069 
11871	612 
11872	1354 
11873	127 
11874	1264 
11875	1340 
11876	1116 
11877	1078 
11878	1825 
11879	1191 
11880	134 
11881	1533 
11882	1482 
11883	983 
11884	387 
11885	315 
11886	394 
11887	67 
11888	488 
11889	1392 
11890	998 
11891	898 
11892	967 
11893	1652 
11894	448 
11895	906 
11896	567 
11897	171 
11898	195 
11899	469 
11900	198 
11901	1138 
11902	180 
11903	1282 
11904	836 
11905	1763 
11906	733 
11907	884 
11908	224 
11909	334 
11910	578 
11911	227 
11912	1749 
11913	517 
11914	144 
11915	584 
11916	105 
11917	456 
11918	1129 
11919	919 
11920	1158 
11921	377 
11922	1100 
11923	200 
11924	274 
11925	1213 
11926	380 
11927	1783 
11928	904 
11929	200 
11930	1527 
11931	686 
11932	354 
11933	1643 
11934	1420 
11935	398 
11936	360 
11937	582 
11938	798 
11939	262 
11940	1689 
11941	779 
11942	1661 
11943	36 
11944	30 
11945	1463 
11946	209 
11947	371 
11948	1219 
11949	1811 
11950	502 
11951	1360 
11952	1695 
11953	815 
11954	904 
11955	1188 
11956	313 
11957	1193 
11958	212 
11959	699 
11960	344 
11961	330 
11962	1204 
11963	1342 
11964	1143 
11965	748 
11966	1438 
11967	982 
11968	1533 
11969	178 
11970	87 
11971	1504 
11972	1822 
11973	112 
11974	536 
11975	857 
11976	852 
11977	758 
11978	127 
11979	994 
11980	360 
11981	1232 
11982	1148 
11983	1594 
11984	137 
11985	1069 
11986	825 
11987	146 
11988	1808 
11989	1162 
11990	242 
11991	1434 
11992	325 
11993	1194 
11994	1120 
11995	1272 
11996	1263 
11997	1672 
11998	955 
11999	33 
12000	1622 
12001	556 
12002	24 
12003	1806 
12004	274 
12005	882 
12006	814 
12007	613 
12008	494 
12009	324 
12010	128 
12011	387 
12012	1409 
12013	502 
12014	94 
12015	851 
12016	1595 
12017	1507 
12018	308 
12019	611 
12020	1117 
12021	1467 
12022	217 
12023	999 
12024	1139 
12025	1770 
12026	737 
12027	1042 
12028	46 
12029	196 
12030	1508 
12031	979 
12032	1218 
12033	797 
12034	461 
12035	1642 
12036	1039 
12037	924 
12038	84 
12039	1758 
12040	390 
12041	1274 
12042	1514 
12043	420 
12044	779 
12045	1585 
12046	315 
12047	1505 
12048	1438 
12049	856 
12050	1438 
12051	475 
12052	445 
12053	858 
12054	334 
12055	1794 
12056	754 
12057	408 
12058	906 
12059	654 
12060	1223 
12061	864 
12062	954 
12063	874 
12064	1296 
12065	1128 
12066	1307 
12067	237 
12068	1726 
12069	30 
12070	330 
12071	1539 
12072	1738 
12073	36 
12074	1802 
12075	604 
12076	686 
12077	1141 
12078	1726 
12079	61 
12080	613 
12081	1658 
12082	969 
12083	789 
12084	1465 
12085	1765 
12086	1366 
12087	1057 
12088	1677 
12089	1394 
12090	390 
12091	1585 
12092	1852 
12093	107 
12094	1000 
12095	1322 
12096	1414 
12097	1233 
12098	963 
12099	1660 
12100	1028 
12101	1530 
12102	470 
12103	1427 
12104	411 
12105	247 
12106	1762 
12107	1176 
12108	747 
12109	1450 
12110	1341 
12111	604 
12112	98 
12113	280 
12114	1226 
12115	1348 
12116	568 
12117	145 
12118	48 
12119	591 
12120	756 
12121	1426 
12122	1043 
12123	1609 
12124	1045 
12125	1147 
12126	1532 
12127	404 
12128	146 
12129	409 
12130	916 
12131	297 
12132	13 
12133	1734 
12134	968 
12135	1674 
12136	330 
12137	1344 
12138	535 
12139	1128 
12140	409 
12141	1585 
12142	608 
12143	1379 
12144	1528 
12145	1034 
12146	863 
12147	130 
12148	1409 
12149	1788 
12150	1272 
12151	1338 
12152	752 
12153	650 
12154	636 
12155	1775 
12156	391 
12157	172 
12158	284 
12159	1060 
12160	672 
12161	826 
12162	962 
12163	830 
12164	626 
12165	1790 
12166	1457 
12167	669 
12168	234 
12169	746 
12170	1662 
12171	494 
12172	1168 
12173	640 
12174	847 
12175	1120 
12176	318 
12177	272 
12178	1837 
12179	24 
12180	1096 
12181	1058 
12182	1655 
12183	1576 
12184	251 
12185	1001 
12186	158 
12187	1120 
12188	1232 
12189	762 
12190	710 
12191	341 
12192	721 
12193	622 
12194	542 
12195	598 
12196	363 
12197	423 
12198	1068 
12199	599 
12200	1059 
12201	373 
12202	33 
12203	510 
12204	212 
12205	534 
12206	259 
12207	91 
12208	954 
12209	1752 
12210	154 
12211	4 
12212	1028 
12213	322 
12214	1671 
12215	302 
12216	57 
12217	1005 
12218	1677 
12219	250 
12220	131 
12221	1285 
12222	672 
12223	74 
12224	126 
12225	1762 
12226	1188 
12227	974 
12228	419 
12229	1062 
12230	897 
12231	948 
12232	808 
12233	1669 
12234	1534 
12235	611 
12236	1474 
12237	1143 
12238	1434 
12239	1348 
12240	147 
12241	1421 
12242	1088 
12243	613 
12244	531 
12245	1069 
12246	531 
12247	1295 
12248	961 
12249	232 
12250	736 
12251	1782 
12252	1286 
12253	788 
12254	1804 
12255	1378 
12256	1128 
12257	1361 
12258	667 
12259	858 
12260	703 
12261	516 
12262	842 
12263	41 
12264	1524 
12265	80 
12266	48 
12267	626 
12268	1738 
12269	1718 
12270	1209 
12271	1676 
12272	1162 
12273	1778 
12274	1471 
12275	1090 
12276	698 
12277	452 
12278	322 
12279	1645 
12280	630 
12281	322 
12282	550 
12283	860 
12284	16 
12285	1689 
12286	224 
12287	274 
12288	1384 
12289	553 
12290	170 
12291	759 
12292	1274 
12293	1775 
12294	1424 
12295	1220 
12296	1490 
12297	1019 
12298	1524 
12299	1286 
12300	529 
12301	1689 
12302	1524 
12303	1185 
12304	39 
12305	1341 
12306	785 
12307	1067 
12308	166 
12309	857 
12310	230 
12311	1138 
12312	1692 
12313	613 
12314	597 
12315	1558 
12316	1588 
12317	477 
12318	1535 
12319	1139 
12320	1376 
12321	1543 
12322	296 
12323	1300 
12324	416 
12325	1776 
12326	1809 
12327	469 
12328	1325 
12329	1776 
12330	28 
12331	649 
12332	608 
12333	693 
12334	1184 
12335	1415 
12336	1362 
12337	1349 
12338	1099 
12339	886 
12340	877 
12341	431 
12342	554 
12343	410 
12344	691 
12345	1560 
12346	1755 
12347	498 
12348	1220 
12349	313 
12350	1629 
12351	275 
12352	1103 
12353	227 
12354	1614 
12355	192 
12356	1725 
12357	1462 
12358	1415 
12359	1344 
12360	1712 
12361	429 
12362	155 
12363	4 
12364	1539 
12365	1530 
12366	599 
12367	1438 
12368	774 
12369	1677 
12370	421 
12371	346 
12372	706 
12373	764 
12374	148 
12375	1079 
12376	369 
12377	1366 
12378	152 
12379	1073 
12380	1035 
12381	1447 
12382	944 
12383	1024 
12384	693 
12385	147 
12386	568 
12387	315 
12388	1346 
12389	1721 
12390	211 
12391	1609 
12392	1369 
12393	888 
12394	583 
12395	449 
12396	14 
12397	1295 
12398	1841 
12399	1272 
12400	1281 
12401	880 
12402	622 
12403	1589 
12404	680 
12405	598 
12406	1533 
12407	817 
12408	318 
12409	660 
12410	1409 
12411	337 
12412	542 
12413	1554 
12414	22 
12415	1246 
12416	1342 
12417	1256 
12418	1497 
12419	210 
12420	172 
12421	50 
12422	258 
12423	812 
12424	129 
12425	205 
12426	1250 
12427	557 
12428	1362 
12429	1341 
12430	1317 
12431	1845 
12432	151 
12433	319 
12434	1486 
12435	1810 
12436	1126 
12437	1043 
12438	496 
12439	1128 
12440	1139 
12441	307 
12442	1293 
12443	377 
12444	98 
12445	158 
12446	1218 
12447	39 
12448	412 
12449	1368 
12450	1277 
12451	367 
12452	652 
12453	1490 
12454	821 
12455	401 
12456	51 
12457	842 
12458	575 
12459	400 
12460	562 
12461	690 
12462	311 
12463	1821 
12464	665 
12465	1465 
12466	1207 
12467	1108 
12468	782 
12469	693 
12470	272 
12471	1781 
12472	842 
12473	612 
12474	1118 
12475	1099 
12476	908 
12477	802 
12478	1643 
12479	470 
12480	461 
12481	1696 
12482	61 
12483	1781 
12484	1515 
12485	992 
12486	696 
12487	51 
12488	1502 
12489	801 
12490	68 
12491	662 
12492	1348 
12493	1445 
12494	1236 
12495	1663 
12496	878 
12497	997 
12498	126 
12499	391 
12500	77 
12501	531 
12502	1333 
12503	1427 
12504	835 
12505	1376 
12506	988 
12507	1142 
12508	1607 
12509	1664 
12510	1628 
12511	1720 
12512	130 
12513	228 
12514	1628 
12515	446 
12516	1726 
12517	556 
12518	1771 
12519	62 
12520	1709 
12521	1624 
12522	1791 
12523	592 
12524	1073 
12525	252 
12526	1348 
12527	1149 
12528	452 
12529	553 
12530	715 
12531	267 
12532	1338 
12533	1492 
12534	923 
12535	966 
12536	1358 
12537	703 
12538	579 
12539	1749 
12540	391 
12541	1441 
12542	333 
12543	1613 
12544	1120 
12545	540 
12546	1774 
12547	148 
12548	777 
12549	1287 
12550	416 
12551	612 
12552	1139 
12553	480 
12554	758 
12555	1567 
12556	1208 
12557	1220 
12558	430 
12559	715 
12560	1726 
12561	1504 
12562	1789 
12563	1612 
12564	1528 
12565	906 
12566	1566 
12567	836 
12568	1182 
12569	601 
12570	1629 
12571	351 
12572	162 
12573	610 
12574	1256 
12575	535 
12576	162 
12577	787 
12578	1441 
12579	1524 
12580	1490 
12581	1798 
12582	394 
12583	281 
12584	1502 
12585	1067 
12586	1426 
12587	1617 
12588	1782 
12589	455 
12590	1270 
12591	1409 
12592	1334 
12593	1840 
12594	1533 
12595	98 
12596	1188 
12597	1579 
12598	1465 
12599	804 
12600	1455 
12601	998 
12602	1213 
12603	499 
12604	539 
12605	1253 
12606	259 
12607	1726 
12608	1759 
12609	709 
12610	966 
12611	1429 
12612	125 
12613	1272 
12614	1780 
12615	169 
12616	466 
12617	1578 
12618	818 
12619	57 
12620	80 
12621	743 
12622	1190 
12623	1221 
12624	599 
12625	40 
12626	886 
12627	1064 
12628	1071 
12629	578 
12630	402 
12631	1415 
12632	357 
12633	612 
12634	166 
12635	20 
12636	1391 
12637	503 
12638	1004 
12639	925 
12640	1120 
12641	277 
12642	1568 
12643	1840 
12644	1510 
12645	259 
12646	24 
12647	854 
12648	1814 
12649	668 
12650	223 
12651	405 
12652	729 
12653	1139 
12654	168 
12655	1516 
12656	611 
12657	1052 
12658	1589 
12659	1068 
12660	1031 
12661	420 
12662	82 
12663	327 
12664	1272 
12665	456 
12666	1778 
12667	404 
12668	1674 
12669	151 
12670	1662 
12671	654 
12672	139 
12673	1179 
12674	832 
12675	1748 
12676	605 
12677	976 
12678	1694 
12679	1263 
12680	1120 
12681	907 
12682	187 
12683	922 
12684	1643 
12685	437 
12686	527 
12687	1606 
12688	529 
12689	353 
12690	331 
12691	1825 
12692	1160 
12693	1568 
12694	937 
12695	1131 
12696	960 
12697	436 
12698	729 
12699	4 
12700	1724 
12701	66 
12702	291 
12703	1728 
12704	17 
12705	1672 
12706	1320 
12707	658 
12708	982 
12709	1614 
12710	1490 
12711	1378 
12712	1597 
12713	420 
12714	292 
12715	1070 
12716	612 
12717	731 
12718	789 
12719	936 
12720	422 
12721	119 
12722	922 
12723	716 
12724	705 
12725	1201 
12726	1287 
12727	1427 
12728	1220 
12729	944 
12730	563 
12731	650 
12732	1072 
12733	1479 
12734	1323 
12735	1560 
12736	849 
12737	1646 
12738	178 
12739	41 
12740	24 
12741	1427 
12742	161 
12743	78 
12744	1814 
12745	490 
12746	99 
12747	204 
12748	1354 
12749	1680 
12750	1220 
12751	178 
12752	1111 
12753	1712 
12754	311 
12755	884 
12756	122 
12757	756 
12758	138 
12759	48 
12760	237 
12761	20 
12762	843 
12763	1258 
12764	272 
12765	833 
12766	1161 
12767	1041 
12768	466 
12769	1834 
12770	1794 
12771	989 
12772	1596 
12773	600 
12774	1302 
12775	1362 
12776	1073 
12777	1839 
12778	9 
12779	244 
12780	596 
12781	98 
12782	404 
12783	1672 
12784	80 
12785	703 
12786	568 
12787	1341 
12788	1851 
12789	1048 
12790	596 
12791	1836 
12792	199 
12793	1044 
12794	902 
12795	1062 
12796	1464 
12797	651 
12798	1427 
12799	1481 
12800	1520 
12801	988 
12802	714 
12803	882 
12804	1718 
12805	1786 
12806	57 
12807	1217 
12808	1571 
12809	517 
12810	1296 
12811	993 
12812	923 
12813	1597 
12814	376 
12815	1657 
12816	987 
12817	201 
12818	563 
12819	14 
12820	239 
12821	385 
12822	1685 
12823	1688 
12824	1321 
12825	1386 
12826	919 
12827	423 
12828	1532 
12829	1071 
12830	806 
12831	1827 
12832	404 
12833	1782 
12834	221 
12835	205 
12836	82 
12837	967 
12838	1168 
12839	730 
12840	1188 
12841	968 
12842	1056 
12843	810 
12844	1711 
12845	493 
12846	322 
12847	1307 
12848	1120 
12849	741 
12850	658 
12851	1017 
12852	769 
12853	493 
12854	1246 
12855	556 
12856	6 
12857	504 
12858	549 
12859	1418 
12860	125 
12861	598 
12862	219 
12863	1722 
12864	419 
12865	131 
12866	1210 
12867	204 
12868	52 
12869	130 
12870	169 
12871	1836 
12872	474 
12873	398 
12874	274 
12875	1782 
12876	1670 
12877	840 
12878	266 
12879	1157 
12880	1313 
12881	19 
12882	667 
12883	252 
12884	344 
12885	878 
12886	762 
12887	117 
12888	1741 
12889	722 
12890	1568 
12891	1451 
12892	660 
12893	1764 
12894	1701 
12895	1791 
12896	1512 
12897	599 
12898	1474 
12899	1263 
12900	731 
12901	1677 
12902	363 
12903	877 
12904	195 
12905	158 
12906	858 
12907	295 
12908	1501 
12909	952 
12910	905 
12911	683 
12912	542 
12913	1723 
12914	920 
12915	438 
12916	1028 
12917	540 
12918	1001 
12919	341 
12920	1020 
12921	1332 
12922	1040 
12923	1208 
12924	407 
12925	529 
12926	355 
12927	1331 
12928	786 
12929	124 
12930	1579 
12931	602 
12932	1336 
12933	1482 
12934	267 
12935	884 
12936	127 
12937	762 
12938	436 
12939	832 
12940	1633 
12941	612 
12942	545 
12943	1275 
12944	709 
12945	1409 
12946	1671 
12947	605 
12948	847 
12949	888 
12950	629 
12951	1344 
12952	1796 
12953	1084 
12954	864 
12955	179 
12956	1310 
12957	832 
12958	1147 
12959	487 
12960	852 
12961	1427 
12962	1000 
12963	899 
12964	1397 
12965	1819 
12966	564 
12967	1380 
12968	1139 
12969	554 
12970	1284 
12971	812 
12972	1665 
12973	710 
12974	569 
12975	1520 
12976	1412 
12977	1238 
12978	1066 
12979	48 
12980	976 
12981	448 
12982	1725 
12983	1122 
12984	1406 
12985	1831 
12986	930 
12987	384 
12988	1357 
12989	146 
12990	1609 
12991	158 
12992	745 
12993	534 
12994	400 
12995	729 
12996	703 
12997	1433 
12998	1642 
12999	1 
13000	598 
13001	764 
13002	232 
13003	1049 
13004	436 
13005	1554 
13006	48 
13007	1321 
13008	1775 
13009	71 
13010	976 
13011	25 
13012	1686 
13013	4 
13014	1681 
13015	1056 
13016	1704 
13017	521 
13018	1161 
13019	1180 
13020	836 
13021	1021 
13022	1127 
13023	1002 
13024	579 
13025	1436 
13026	1738 
13027	1497 
13028	678 
13029	731 
13030	701 
13031	1471 
13032	440 
13033	843 
13034	430 
13035	185 
13036	1282 
13037	132 
13038	1609 
13039	713 
13040	889 
13041	739 
13042	1659 
13043	703 
13044	800 
13045	1495 
13046	800 
13047	1773 
13048	1494 
13049	232 
13050	98 
13051	465 
13052	1436 
13053	590 
13054	1306 
13055	739 
13056	1416 
13057	874 
13058	292 
13059	1362 
13060	89 
13061	1179 
13062	880 
13063	342 
13064	78 
13065	1051 
13066	771 
13067	1609 
13068	1505 
13069	1639 
13070	1104 
13071	989 
13072	1108 
13073	26 
13074	1251 
13075	322 
13076	633 
13077	358 
13078	1808 
13079	1552 
13080	216 
13081	1039 
13082	931 
13083	971 
13084	296 
13085	1236 
13086	564 
13087	12 
13088	56 
13089	565 
13090	1647 
13091	47 
13092	135 
13093	588 
13094	114 
13095	863 
13096	99 
13097	1476 
13098	1678 
13099	1818 
13100	785 
13101	1400 
13102	1069 
13103	1609 
13104	367 
13105	520 
13106	250 
13107	56 
13108	1013 
13109	1449 
13110	1182 
13111	1718 
13112	1814 
13113	21 
13114	1725 
13115	814 
13116	1384 
13117	1341 
13118	1 
13119	1149 
13120	179 
13121	1465 
13122	856 
13123	1587 
13124	908 
13125	1336 
13126	294 
13127	1369 
13128	929 
13129	285 
13130	1749 
13131	948 
13132	1392 
13133	786 
13134	537 
13135	41 
13136	38 
13137	409 
13138	845 
13139	1120 
13140	884 
13141	1857 
13142	471 
13143	409 
13144	1326 
13145	1659 
13146	143 
13147	188 
13148	1576 
13149	1465 
13150	1380 
13151	184 
13152	1385 
13153	1253 
13154	1332 
13155	7 
13156	420 
13157	701 
13158	120 
13159	1759 
13160	1025 
13161	663 
13162	383 
13163	1588 
13164	1292 
13165	299 
13166	70 
13167	1589 
13168	299 
13169	1369 
13170	1497 
13171	242 
13172	320 
13173	1339 
13174	1369 
13175	907 
13176	782 
13177	617 
13178	394 
13179	1040 
13180	324 
13181	895 
13182	431 
13183	565 
13184	230 
13185	292 
13186	130 
13187	123 
13188	409 
13189	924 
13190	1488 
13191	188 
13192	1222 
13193	334 
13194	1581 
13195	1733 
13196	35 
13197	1482 
13198	256 
13199	1512 
13200	454 
13201	179 
13202	904 
13203	292 
13204	1287 
13205	1426 
13206	760 
13207	1007 
13208	421 
13209	1092 
13210	875 
13211	1139 
13212	1582 
13213	216 
13214	327 
13215	1114 
13216	1321 
13217	668 
13218	1801 
13219	387 
13220	171 
13221	1604 
13222	1294 
13223	906 
13224	1143 
13225	1174 
13226	170 
13227	975 
13228	1103 
13229	812 
13230	661 
13231	912 
13232	1176 
13233	1579 
13234	1640 
13235	272 
13236	1784 
13237	738 
13238	1120 
13239	1318 
13240	229 
13241	675 
13242	924 
13243	457 
13244	290 
13245	1318 
13246	1806 
13247	879 
13248	1645 
13249	892 
13250	1504 
13251	1326 
13252	783 
13253	1607 
13254	337 
13255	498 
13256	750 
13257	330 
13258	303 
13259	1218 
13260	1130 
13261	159 
13262	797 
13263	1035 
13264	626 
13265	473 
13266	452 
13267	1753 
13268	579 
13269	46 
13270	1495 
13271	1300 
13272	808 
13273	1828 
13274	1450 
13275	1769 
13276	211 
13277	1286 
13278	1511 
13279	1774 
13280	666 
13281	1421 
13282	1657 
13283	296 
13284	232 
13285	1160 
13286	1655 
13287	1348 
13288	1371 
13289	1576 
13290	1254 
13291	914 
13292	568 
13293	1434 
13294	1758 
13295	1400 
13296	178 
13297	819 
13298	591 
13299	864 
13300	906 
13301	1467 
13302	622 
13303	461 
13304	645 
13305	804 
13306	334 
13307	730 
13308	2 
13309	414 
13310	745 
13311	1432 
13312	1746 
13313	369 
13314	1246 
13315	1337 
13316	397 
13317	1364 
13318	75 
13319	1540 
13320	1153 
13321	1725 
13322	601 
13323	272 
13324	818 
13325	1436 
13326	411 
13327	876 
13328	1321 
13329	1102 
13330	11 
13331	1151 
13332	1048 
13333	1356 
13334	1258 
13335	1188 
13336	438 
13337	639 
13338	1564 
13339	1517 
13340	1132 
13341	373 
13342	469 
13343	916 
13344	778 
13345	1083 
13346	241 
13347	564 
13348	1184 
13349	568 
13350	1004 
13351	1821 
13352	189 
13353	1535 
13354	993 
13355	1074 
13356	1434 
13357	298 
13358	1765 
13359	216 
13360	531 
13361	440 
13362	54 
13363	1473 
13364	819 
13365	33 
13366	1830 
13367	738 
13368	223 
13369	1143 
13370	1337 
13371	1085 
13372	330 
13373	774 
13374	951 
13375	66 
13376	1794 
13377	1284 
13378	172 
13379	182 
13380	738 
13381	1486 
13382	1486 
13383	1511 
13384	67 
13385	1755 
13386	505 
13387	1640 
13388	140 
13389	782 
13390	1758 
13391	324 
13392	989 
13393	490 
13394	1624 
13395	224 
13396	318 
13397	782 
13398	991 
13399	1076 
13400	968 
13401	1210 
13402	1714 
13403	986 
13404	1532 
13405	216 
13406	877 
13407	490 
13408	461 
13409	1386 
13410	680 
13411	677 
13412	841 
13413	958 
13414	1436 
13415	553 
13416	1128 
13417	204 
13418	1495 
13419	272 
13420	216 
13421	70 
13422	1305 
13423	190 
13424	1722 
13425	1039 
13426	68 
13427	110 
13428	258 
13429	1607 
13430	1139 
13431	1765 
13432	1218 
13433	1786 
13434	1328 
13435	1558 
13436	640 
13437	766 
13438	563 
13439	541 
13440	1762 
13441	346 
13442	1631 
13443	1694 
13444	1402 
13445	1386 
13446	997 
13447	1501 
13448	292 
13449	1188 
13450	42 
13451	1226 
13452	832 
13453	403 
13454	1378 
13455	672 
13456	216 
13457	1055 
13458	678 
13459	78 
13460	1105 
13461	154 
13462	1759 
13463	973 
13464	1663 
13465	274 
13466	1024 
13467	1454 
13468	258 
13469	208 
13470	1004 
13471	845 
13472	811 
13473	1390 
13474	1142 
13475	874 
13476	145 
13477	263 
13478	1262 
13479	89 
13480	648 
13481	878 
13482	1538 
13483	734 
13484	1726 
13485	438 
13486	50 
13487	1342 
13488	1143 
13489	1028 
13490	16 
13491	1337 
13492	731 
13493	373 
13494	1643 
13495	888 
13496	1671 
13497	525 
13498	1328 
13499	1453 
13500	553 
13501	192 
13502	1143 
13503	82 
13504	567 
13505	729 
13506	522 
13507	494 
13508	386 
13509	958 
13510	381 
13511	843 
13512	1341 
13513	1054 
13514	216 
13515	1482 
13516	204 
13517	1779 
13518	1378 
13519	948 
13520	1540 
13521	321 
13522	1428 
13523	1455 
13524	1639 
13525	591 
13526	385 
13527	257 
13528	876 
13529	1267 
13530	1194 
13531	872 
13532	1585 
13533	266 
13534	386 
13535	876 
13536	1471 
13537	69 
13538	1609 
13539	1680 
13540	356 
13541	801 
13542	1642 
13543	282 
13544	1782 
13545	622 
13546	1114 
13547	1486 
13548	806 
13549	1083 
13550	1069 
13551	499 
13552	1292 
13553	1484 
13554	76 
13555	1814 
13556	292 
13557	1433 
13558	294 
13559	1655 
13560	1161 
13561	335 
13562	1609 
13563	1210 
13564	1789 
13565	472 
13566	78 
13567	1601 
13568	1029 
13569	296 
13570	228 
13571	672 
13572	1648 
13573	1123 
13574	160 
13575	1519 
13576	998 
13577	1696 
13578	371 
13579	579 
13580	454 
13581	1026 
13582	1633 
13583	284 
13584	22 
13585	1028 
13586	510 
13587	371 
13588	560 
13589	1317 
13590	952 
13591	212 
13592	266 
13593	126 
13594	1392 
13595	1005 
13596	496 
13597	57 
13598	373 
13599	561 
13600	75 
13601	1820 
13602	1698 
13603	1282 
13604	1052 
13605	907 
13606	474 
13607	1249 
13608	8 
13609	832 
13610	1014 
13611	683 
13612	1391 
13613	573 
13614	773 
13615	372 
13616	1819 
13617	1794 
13618	244 
13619	1634 
13620	662 
13621	865 
13622	1084 
13623	291 
13624	625 
13625	830 
13626	152 
13627	1273 
13628	1673 
13629	1529 
13630	466 
13631	422 
13632	214 
13633	353 
13634	1482 
13635	1358 
13636	1281 
13637	612 
13638	1465 
13639	114 
13640	308 
13641	748 
13642	7 
13643	972 
13644	889 
13645	1069 
13646	805 
13647	400 
13648	1061 
13649	1054 
13650	1252 
13651	448 
13652	369 
13653	983 
13654	1830 
13655	1391 
13656	772 
13657	1636 
13658	481 
13659	1073 
13660	564 
13661	1480 
13662	1595 
13663	331 
13664	469 
13665	921 
13666	400 
13667	1700 
13668	563 
13669	1434 
13670	152 
13671	21 
13672	1272 
13673	1005 
13674	1345 
13675	1282 
13676	461 
13677	906 
13678	1502 
13679	1718 
13680	125 
13681	1748 
13682	1348 
13683	710 
13684	53 
13685	140 
13686	1206 
13687	1311 
13688	595 
13689	1713 
13690	930 
13691	230 
13692	587 
13693	114 
13694	1554 
13695	990 
13696	1106 
13697	162 
13698	1796 
13699	444 
13700	1463 
13701	1164 
13702	954 
13703	418 
13704	231 
13705	240 
13706	1138 
13707	1083 
13708	1073 
13709	1684 
13710	1748 
13711	1649 
13712	1097 
13713	243 
13714	1689 
13715	1265 
13716	1516 
13717	385 
13718	1465 
13719	1124 
13720	1210 
13721	1723 
13722	1044 
13723	1147 
13724	998 
13725	267 
13726	480 
13727	1226 
13728	924 
13729	683 
13730	804 
13731	499 
13732	703 
13733	782 
13734	587 
13735	997 
13736	1702 
13737	327 
13738	1753 
13739	1222 
13740	1074 
13741	1723 
13742	1426 
13743	1358 
13744	716 
13745	1318 
13746	1588 
13747	536 
13748	1662 
13749	1404 
13750	1293 
13751	144 
13752	462 
13753	1444 
13754	36 
13755	716 
13756	322 
13757	1675 
13758	818 
13759	1360 
13760	876 
13761	780 
13762	1543 
13763	1336 
13764	958 
13765	1536 
13766	1039 
13767	1729 
13768	1810 
13769	642 
13770	377 
13771	21 
13772	1130 
13773	865 
13774	989 
13775	108 
13776	1503 
13777	1234 
13778	80 
13779	1112 
13780	842 
13781	1086 
13782	1133 
13783	1682 
13784	1754 
13785	881 
13786	990 
13787	935 
13788	1326 
13789	824 
13790	1058 
13791	1734 
13792	574 
13793	802 
13794	179 
13795	1039 
13796	1341 
13797	1539 
13798	937 
13799	228 
13800	144 
13801	693 
13802	213 
13803	412 
13804	1558 
13805	1283 
13806	210 
13807	717 
13808	493 
13809	1477 
13810	1760 
13811	976 
13812	1524 
13813	949 
13814	451 
13815	456 
13816	1759 
13817	1236 
13818	1254 
13819	1140 
13820	1687 
13821	915 
13822	95 
13823	1662 
13824	1068 
13825	906 
13826	1725 
13827	646 
13828	14 
13829	373 
13830	818 
13831	1294 
13832	1249 
13833	1462 
13834	924 
13835	876 
13836	1189 
13837	1322 
13838	1256 
13839	363 
13840	876 
13841	1823 
13842	1108 
13843	1440 
13844	604 
13845	1503 
13846	753 
13847	350 
13848	1560 
13849	1344 
13850	1632 
13851	79 
13852	1709 
13853	661 
13854	542 
13855	159 
13856	236 
13857	661 
13858	1272 
13859	833 
13860	759 
13861	1616 
13862	1230 
13863	1039 
13864	41 
13865	643 
13866	1394 
13867	237 
13868	1208 
13869	1412 
13870	397 
13871	89 
13872	584 
13873	1840 
13874	1162 
13875	1240 
13876	1596 
13877	1664 
13878	219 
13879	1400 
13880	641 
13881	1193 
13882	563 
13883	1459 
13884	1774 
13885	1539 
13886	456 
13887	646 
13888	1175 
13889	289 
13890	1801 
13891	284 
13892	1529 
13893	931 
13894	1516 
13895	222 
13896	765 
13897	862 
13898	1266 
13899	599 
13900	876 
13901	958 
13902	290 
13903	218 
13904	894 
13905	2 
13906	864 
13907	182 
13908	1196 
13909	1139 
13910	1396 
13911	422 
13912	89 
13913	222 
13914	650 
13915	1345 
13916	1326 
13917	1635 
13918	1527 
13919	1293 
13920	1793 
13921	615 
13922	1112 
13923	640 
13924	1628 
13925	1333 
13926	296 
13927	1184 
13928	558 
13929	1595 
13930	1696 
13931	1063 
13932	427 
13933	89 
13934	73 
13935	37 
13936	1346 
13937	86 
13938	1345 
13939	1718 
13940	557 
13941	808 
13942	703 
13943	168 
13944	906 
13945	53 
13946	1708 
13947	921 
13948	1828 
13949	683 
13950	692 
13951	171 
13952	700 
13953	601 
13954	1579 
13955	1458 
13956	1232 
13957	567 
13958	954 
13959	992 
13960	398 
13961	127 
13962	1398 
13963	579 
13964	1415 
13965	155 
13966	1313 
13967	1576 
13968	702 
13969	958 
13970	22 
13971	1273 
13972	467 
13973	1194 
13974	67 
13975	1736 
13976	171 
13977	1293 
13978	308 
13979	735 
13980	399 
13981	1231 
13982	463 
13983	482 
13984	292 
13985	53 
13986	1062 
13987	256 
13988	574 
13989	396 
13990	420 
13991	42 
13992	1011 
13993	468 
13994	773 
13995	480 
13996	249 
13997	262 
13998	76 
13999	247 
14000	1348 
14001	55 
14002	158 
14003	1700 
14004	290 
14005	443 
14006	36 
14007	1149 
14008	1203 
14009	143 
14010	1284 
14011	1152 
14012	310 
14013	683 
14014	878 
14015	1425 
14016	1225 
14017	258 
14018	1824 
14019	1740 
14020	1532 
14021	678 
14022	1471 
14023	1412 
14024	569 
14025	809 
14026	1426 
14027	1412 
14028	1306 
14029	1547 
14030	715 
14031	829 
14032	1378 
14033	314 
14034	565 
14035	1010 
14036	1628 
14037	1028 
14038	1737 
14039	1154 
14040	845 
14041	966 
14042	451 
14043	42 
14044	990 
14045	1121 
14046	662 
14047	324 
14048	567 
14049	6 
14050	1288 
14051	611 
14052	595 
14053	872 
14054	788 
14055	1214 
14056	1374 
14057	692 
14058	729 
14059	1129 
14060	91 
14061	179 
14062	1106 
14063	240 
14064	1430 
14065	483 
14066	394 
14067	729 
14068	1709 
14069	769 
14070	33 
14071	287 
14072	1520 
14073	953 
14074	1238 
14075	385 
14076	360 
14077	772 
14078	242 
14079	1711 
14080	560 
14081	775 
14082	473 
14083	1030 
14084	871 
14085	805 
14086	1427 
14087	1012 
14088	956 
14089	1187 
14090	336 
14091	1464 
14092	1445 
14093	787 
14094	301 
14095	1451 
14096	1358 
14097	1572 
14098	1001 
14099	1451 
14100	1548 
14101	176 
14102	845 
14103	1615 
14104	863 
14105	469 
14106	349 
14107	1635 
14108	1718 
14109	1283 
14110	1688 
14111	1258 
14112	1084 
14113	863 
14114	373 
14115	344 
14116	591 
14117	1588 
14118	867 
14119	217 
14120	1801 
14121	1182 
14122	250 
14123	651 
14124	272 
14125	815 
14126	393 
14127	237 
14128	152 
14129	795 
14130	1532 
14131	1778 
14132	783 
14133	4 
14134	1130 
14135	1317 
14136	1506 
14137	880 
14138	803 
14139	292 
14140	1423 
14141	1263 
14142	984 
14143	1363 
14144	916 
14145	1660 
14146	1103 
14147	922 
14148	1781 
14149	1721 
14150	1045 
14151	1341 
14152	1382 
14153	723 
14154	1376 
14155	1566 
14156	292 
14157	146 
14158	89 
14159	1078 
14160	499 
14161	1073 
14162	819 
14163	104 
14164	1481 
14165	285 
14166	137 
14167	1837 
14168	323 
14169	1672 
14170	1049 
14171	333 
14172	1412 
14173	1115 
14174	98 
14175	867 
14176	56 
14177	145 
14178	731 
14179	1810 
14180	1427 
14181	1728 
14182	170 
14183	143 
14184	4 
14185	649 
14186	46 
14187	1250 
14188	662 
14189	654 
14190	296 
14191	173 
14192	1 
14193	1179 
14194	986 
14195	785 
14196	584 
14197	424 
14198	24 
14199	1062 
14200	361 
14201	1647 
14202	1121 
14203	214 
14204	93 
14205	1409 
14206	1101 
14207	1043 
14208	726 
14209	748 
14210	1776 
14211	322 
14212	1416 
14213	1065 
14214	270 
14215	106 
14216	1124 
14217	764 
14218	1062 
14219	1212 
14220	525 
14221	535 
14222	568 
14223	127 
14224	3 
14225	1718 
14226	1821 
14227	1340 
14228	1175 
14229	533 
14230	930 
14231	317 
14232	1350 
14233	1266 
14234	1167 
14235	1698 
14236	1713 
14237	245 
14238	609 
14239	451 
14240	333 
14241	1322 
14242	567 
14243	804 
14244	1811 
14245	921 
14246	557 
14247	1812 
14248	1315 
14249	108 
14250	145 
14251	1299 
14252	161 
14253	836 
14254	1260 
14255	228 
14256	1498 
14257	279 
14258	535 
14259	1614 
14260	735 
14261	82 
14262	1540 
14263	1503 
14264	148 
14265	622 
14266	78 
14267	904 
14268	1341 
14269	1387 
14270	1515 
14271	1326 
14272	1282 
14273	843 
14274	115 
14275	1516 
14276	801 
14277	838 
14278	456 
14279	700 
14280	1158 
14281	835 
14282	941 
14283	1542 
14284	1622 
14285	196 
14286	1498 
14287	1030 
14288	1283 
14289	476 
14290	1444 
14291	120 
14292	984 
14293	797 
14294	1132 
14295	1503 
14296	92 
14297	1468 
14298	1217 
14299	1594 
14300	1258 
14301	553 
14302	686 
14303	1516 
14304	1246 
14305	444 
14306	303 
14307	1027 
14308	1147 
14309	969 
14310	104 
14311	1278 
14312	1686 
14313	1486 
14314	765 
14315	1136 
14316	1263 
14317	863 
14318	922 
14319	765 
14320	1770 
14321	152 
14322	1 
14323	123 
14324	892 
14325	51 
14326	1286 
14327	734 
14328	958 
14329	1347 
14330	1153 
14331	1149 
14332	414 
14333	605 
14334	145 
14335	1328 
14336	782 
14337	154 
14338	1569 
14339	1039 
14340	47 
14341	1549 
14342	1657 
14343	852 
14344	90 
14345	789 
14346	524 
14347	1725 
14348	296 
14349	101 
14350	232 
14351	1640 
14352	1581 
14353	1065 
14354	1283 
14355	246 
14356	1592 
14357	1628 
14358	723 
14359	1358 
14360	1400 
14361	1244 
14362	60 
14363	973 
14364	815 
14365	1492 
14366	907 
14367	1647 
14368	130 
14369	623 
14370	420 
14371	1341 
14372	425 
14373	1533 
14374	1218 
14375	1391 
14376	1166 
14377	243 
14378	215 
14379	1039 
14380	742 
14381	497 
14382	1802 
14383	556 
14384	1185 
14385	1845 
14386	734 
14387	742 
14388	602 
14389	661 
14390	7 
14391	1772 
14392	1841 
14393	1039 
14394	76 
14395	407 
14396	1192 
14397	197 
14398	114 
14399	1198 
14400	1639 
14401	33 
14402	872 
14403	1403 
14404	469 
14405	757 
14406	862 
14407	923 
14408	1338 
14409	133 
14410	1343 
14411	900 
14412	1579 
14413	1803 
14414	906 
14415	396 
14416	1498 
14417	943 
14418	613 
14419	1426 
14420	941 
14421	879 
14422	1078 
14423	256 
14424	104 
14425	199 
14426	1798 
14427	1857 
14428	907 
14429	1484 
14430	597 
14431	1626 
14432	837 
14433	227 
14434	243 
14435	1384 
14436	852 
14437	643 
14438	1539 
14439	330 
14440	946 
14441	1647 
14442	1069 
14443	1486 
14444	342 
14445	815 
14446	1587 
14447	1060 
14448	473 
14449	869 
14450	1198 
14451	1443 
14452	513 
14453	73 
14454	781 
14455	1134 
14456	258 
14457	1366 
14458	906 
14459	1064 
14460	1723 
14461	89 
14462	666 
14463	958 
14464	1408 
14465	1463 
14466	531 
14467	769 
14468	1515 
14469	1248 
14470	1059 
14471	1378 
14472	376 
14473	499 
14474	686 
14475	525 
14476	787 
14477	371 
14478	445 
14479	914 
14480	24 
14481	1394 
14482	1643 
14483	640 
14484	1088 
14485	1783 
14486	1814 
14487	1788 
14488	1522 
14489	347 
14490	362 
14491	1857 
14492	33 
14493	105 
14494	599 
14495	1303 
14496	821 
14497	1269 
14498	1666 
14499	1068 
14500	1532 
14501	76 
14502	147 
14503	884 
14504	1077 
14505	52 
14506	732 
14507	862 
14508	206 
14509	1468 
14510	1845 
14511	907 
14512	1108 
14513	1508 
14514	114 
14515	1836 
14516	469 
14517	1134 
14518	1185 
14519	1618 
14520	1577 
14521	1409 
14522	289 
14523	1581 
14524	567 
14525	475 
14526	854 
14527	978 
14528	1187 
14529	356 
14530	1229 
14531	1778 
14532	1184 
14533	909 
14534	542 
14535	232 
14536	1126 
14537	1516 
14538	62 
14539	216 
14540	1332 
14541	1621 
14542	880 
14543	337 
14544	705 
14545	1392 
14546	239 
14547	713 
14548	680 
14549	1063 
14550	428 
14551	1274 
14552	497 
14553	1042 
14554	318 
14555	444 
14556	974 
14557	614 
14558	557 
14559	983 
14560	1143 
14561	22 
14562	266 
14563	1219 
14564	1781 
14565	798 
14566	1711 
14567	227 
14568	1657 
14569	135 
14570	1078 
14571	827 
14572	1540 
14573	1266 
14574	108 
14575	1570 
14576	181 
14577	613 
14578	836 
14579	540 
14580	818 
14581	1705 
14582	417 
14583	7 
14584	1251 
14585	882 
14586	598 
14587	21 
14588	1222 
14589	487 
14590	1264 
14591	1663 
14592	1760 
14593	482 
14594	313 
14595	94 
14596	423 
14597	490 
14598	1635 
14599	588 
14600	892 
14601	19 
14602	686 
14603	1520 
14604	1652 
14605	6 
14606	1657 
14607	325 
14608	1311 
14609	889 
14610	272 
14611	1115 
14612	947 
14613	721 
14614	193 
14615	209 
14616	707 
14617	391 
14618	602 
14619	1317 
14620	1092 
14621	990 
14622	144 
14623	469 
14624	424 
14625	1643 
14626	1360 
14627	1261 
14628	987 
14629	1735 
14630	1761 
14631	1002 
14632	192 
14633	435 
14634	299 
14635	968 
14636	20 
14637	64 
14638	369 
14639	282 
14640	324 
14641	217 
14642	522 
14643	1540 
14644	1706 
14645	672 
14646	1194 
14647	362 
14648	1421 
14649	152 
14650	1672 
14651	152 
14652	683 
14653	36 
14654	1459 
14655	1427 
14656	1740 
14657	303 
14658	415 
14659	1314 
14660	1247 
14661	1337 
14662	199 
14663	71 
14664	897 
14665	1535 
14666	1707 
14667	1601 
14668	754 
14669	445 
14670	919 
14671	806 
14672	457 
14673	595 
14674	1772 
14675	1059 
14676	184 
14677	1254 
14678	356 
14679	904 
14680	234 
14681	58 
14682	156 
14683	525 
14684	1036 
14685	1322 
14686	952 
14687	1242 
14688	1283 
14689	500 
14690	1052 
14691	416 
14692	309 
14693	131 
14694	575 
14695	510 
14696	720 
14697	1844 
14698	1828 
14699	469 
14700	963 
14701	76 
14702	1369 
14703	1736 
14704	1776 
14705	563 
14706	1663 
14707	26 
14708	1503 
14709	397 
14710	19 
14711	1802 
14712	1134 
14713	73 
14714	1628 
14715	1759 
14716	1525 
14717	1156 
14718	1722 
14719	1504 
14720	373 
14721	876 
14722	1427 
14723	204 
14724	746 
14725	36 
14726	1424 
14727	168 
14728	758 
14729	367 
14730	816 
14731	931 
14732	601 
14733	1175 
14734	1243 
14735	792 
14736	1238 
14737	130 
14738	1525 
14739	1367 
14740	1221 
14741	163 
14742	1529 
14743	1465 
14744	960 
14745	699 
14746	1628 
14747	806 
14748	966 
14749	1049 
14750	591 
14751	1061 
14752	203 
14753	66 
14754	24 
14755	499 
14756	1115 
14757	132 
14758	396 
14759	308 
14760	449 
14761	1455 
14762	836 
14763	256 
14764	1753 
14765	1267 
14766	506 
14767	1175 
14768	890 
14769	113 
14770	1062 
14771	842 
14772	645 
14773	1450 
14774	1106 
14775	175 
14776	990 
14777	1713 
14778	1838 
14779	166 
14780	1735 
14781	340 
14782	1035 
14783	71 
14784	24 
14785	40 
14786	650 
14787	756 
14788	733 
14789	429 
14790	841 
14791	1340 
14792	220 
14793	1721 
14794	334 
14795	1218 
14796	235 
14797	65 
14798	330 
14799	864 
14800	519 
14801	545 
14802	1254 
14803	1296 
14804	1801 
14805	980 
14806	529 
14807	408 
14808	1655 
14809	1578 
14810	347 
14811	362 
14812	219 
14813	983 
14814	481 
14815	1531 
14816	266 
14817	67 
14818	18 
14819	1220 
14820	1131 
14821	683 
14822	949 
14823	1369 
14824	533 
14825	286 
14826	469 
14827	989 
14828	22 
14829	1756 
14830	1385 
14831	1607 
14832	615 
14833	1109 
14834	919 
14835	534 
14836	1721 
14837	607 
14838	782 
14839	444 
14840	451 
14841	98 
14842	672 
14843	626 
14844	611 
14845	513 
14846	169 
14847	4 
14848	812 
14849	522 
14850	1653 
14851	529 
14852	1705 
14853	1193 
14854	1755 
14855	127 
14856	886 
14857	1768 
14858	119 
14859	762 
14860	1840 
14861	989 
14862	1109 
14863	535 
14864	309 
14865	1627 
14866	1394 
14867	364 
14868	607 
14869	377 
14870	933 
14871	1228 
14872	1198 
14873	574 
14874	524 
14875	553 
14876	880 
14877	339 
14878	354 
14879	1420 
14880	216 
14881	1774 
14882	1449 
14883	568 
14884	318 
14885	1628 
14886	535 
14887	25 
14888	1224 
14889	1251 
14890	1087 
14891	1449 
14892	1661 
14893	407 
14894	356 
14895	1205 
14896	1644 
14897	1272 
14898	1080 
14899	421 
14900	209 
14901	8 
14902	1735 
14903	48 
14904	1532 
14905	19 
14906	1770 
14907	1224 
14908	1336 
14909	407 
14910	1531 
14911	1347 
14912	211 
14913	1053 
14914	263 
14915	921 
14916	898 
14917	421 
14918	1426 
14919	692 
14920	248 
14921	383 
14922	1465 
14923	1740 
14924	1002 
14925	1502 
14926	741 
14927	1620 
14928	504 
14929	1092 
14930	1466 
14931	212 
14932	258 
14933	1642 
14934	1221 
14935	632 
14936	8 
14937	2 
14938	277 
14939	861 
14940	565 
14941	492 
14942	1274 
14943	487 
14944	1735 
14945	1337 
14946	318 
14947	277 
14948	1078 
14949	1775 
14950	318 
14951	633 
14952	1511 
14953	1138 
14954	1203 
14955	24 
14956	1669 
14957	216 
14958	1628 
14959	1050 
14960	732 
14961	307 
14962	1733 
14963	258 
14964	1098 
14965	1183 
14966	927 
14967	1035 
14968	824 
14969	1220 
14970	1058 
14971	807 
14972	890 
14973	836 
14974	1277 
14975	29 
14976	915 
14977	1271 
14978	1293 
14979	526 
14980	48 
14981	1179 
14982	573 
14983	490 
14984	1597 
14985	340 
14986	1086 
14987	1699 
14988	33 
14989	1807 
14990	91 
14991	579 
14992	1545 
14993	764 
14994	1114 
14995	1579 
14996	296 
14997	709 
14998	867 
14999	817 
15000	308 
15001	1722 
15002	1780 
15003	601 
15004	697 
15005	121 
15006	788 
15007	999 
15008	497 
15009	1554 
15010	1569 
15011	1662 
15012	105 
15013	1069 
15014	1381 
15015	1185 
15016	686 
15017	856 
15018	102 
15019	133 
15020	1701 
15021	1387 
15022	1389 
15023	1378 
15024	14 
15025	615 
15026	1045 
15027	801 
15028	1066 
15029	199 
15030	1688 
15031	374 
15032	1609 
15033	1263 
15034	1645 
15035	1052 
15036	71 
15037	131 
15038	1514 
15039	1376 
15040	1210 
15041	243 
15042	327 
15043	921 
15044	1131 
15045	1362 
15046	1758 
15047	42 
15048	249 
15049	668 
15050	1331 
15051	1143 
15052	339 
15053	1765 
15054	753 
15055	1468 
15056	612 
15057	1143 
15058	1217 
15059	454 
15060	145 
15061	19 
15062	570 
15063	1358 
15064	1787 
15065	105 
15066	272 
15067	1320 
15068	520 
15069	1353 
15070	362 
15071	404 
15072	510 
15073	244 
15074	1578 
15075	415 
15076	549 
15077	125 
15078	1620 
15079	1071 
15080	1600 
15081	221 
15082	699 
15083	1450 
15084	1420 
15085	1692 
15086	1774 
15087	1481 
15088	845 
15089	416 
15090	281 
15091	204 
15092	375 
15093	1488 
15094	1296 
15095	1027 
15096	1604 
15097	1460 
15098	1197 
15099	292 
15100	258 
15101	742 
15102	579 
15103	545 
15104	296 
15105	1025 
15106	1633 
15107	67 
15108	49 
15109	1273 
15110	529 
15111	1249 
15112	1199 
15113	1091 
15114	1131 
15115	284 
15116	904 
15117	10 
15118	1300 
15119	881 
15120	536 
15121	1237 
15122	1639 
15123	1528 
15124	129 
15125	764 
15126	192 
15127	243 
15128	697 
15129	211 
15130	118 
15131	78 
15132	98 
15133	1490 
15134	1743 
15135	1688 
15136	68 
15137	92 
15138	416 
15139	1368 
15140	1696 
15141	1309 
15142	1039 
15143	300 
15144	1721 
15145	1288 
15146	534 
15147	880 
15148	1387 
15149	1085 
15150	130 
15151	23 
15152	642 
15153	418 
15154	590 
15155	1072 
15156	1052 
15157	1138 
15158	1305 
15159	1460 
15160	1822 
15161	69 
15162	1283 
15163	41 
15164	52 
15165	1170 
15166	887 
15167	522 
15168	547 
15169	252 
15170	1490 
15171	567 
15172	1236 
15173	989 
15174	924 
15175	10 
15176	383 
15177	354 
15178	1253 
15179	984 
15180	785 
15181	1615 
15182	609 
15183	243 
15184	1612 
15185	1563 
15186	272 
15187	880 
15188	480 
15189	1835 
15190	144 
15191	931 
15192	702 
15193	184 
15194	872 
15195	661 
15196	1239 
15197	1329 
15198	1617 
15199	1426 
15200	171 
15201	400 
15202	1701 
15203	787 
15204	1078 
15205	391 
15206	1394 
15207	1427 
15208	984 
15209	136 
15210	1527 
15211	464 
15212	1726 
15213	1825 
15214	808 
15215	442 
15216	1850 
15217	370 
15218	155 
15219	766 
15220	747 
15221	331 
15222	1009 
15223	1647 
15224	1326 
15225	622 
15226	568 
15227	1180 
15228	341 
15229	795 
15230	541 
15231	887 
15232	516 
15233	454 
15234	1276 
15235	924 
15236	1272 
15237	1378 
15238	1554 
15239	1032 
15240	139 
15241	203 
15242	177 
15243	216 
15244	294 
15245	219 
15246	997 
15247	145 
15248	73 
15249	1217 
15250	70 
15251	250 
15252	1315 
15253	918 
15254	804 
15255	444 
15256	554 
15257	894 
15258	1554 
15259	114 
15260	406 
15261	56 
15262	818 
15263	793 
15264	1808 
15265	217 
15266	1847 
15267	625 
15268	1692 
15269	1197 
15270	1326 
15271	1010 
15272	435 
15273	1211 
15274	1062 
15275	490 
15276	1533 
15277	460 
15278	284 
15279	391 
15280	203 
15281	1781 
15282	1606 
15283	1366 
15284	899 
15285	1743 
15286	1064 
15287	1025 
15288	627 
15289	1412 
15290	946 
15291	1365 
15292	1733 
15293	87 
15294	1405 
15295	1760 
15296	405 
15297	1282 
15298	742 
15299	1112 
15300	1420 
15301	221 
15302	467 
15303	720 
15304	920 
15305	908 
15306	22 
15307	1236 
15308	274 
15309	1236 
15310	683 
15311	1250 
15312	1684 
15313	1336 
15314	14 
15315	1258 
15316	1547 
15317	410 
15318	973 
15319	334 
15320	1108 
15321	1021 
15322	349 
15323	1378 
15324	267 
15325	889 
15326	832 
15327	1597 
15328	1348 
15329	604 
15330	612 
15331	563 
15332	1706 
15333	535 
15334	437 
15335	1296 
15336	210 
15337	802 
15338	678 
15339	61 
15340	243 
15341	650 
15342	974 
15343	1379 
15344	267 
15345	1515 
15346	1127 
15347	134 
15348	843 
15349	1532 
15350	796 
15351	658 
15352	527 
15353	1602 
15354	1212 
15355	1348 
15356	269 
15357	809 
15358	129 
15359	758 
15360	1528 
15361	1284 
15362	80 
15363	415 
15364	1306 
15365	523 
15366	1709 
15367	20 
15368	52 
15369	985 
15370	1322 
15371	1203 
15372	391 
15373	1637 
15374	1647 
15375	53 
15376	482 
15377	128 
15378	867 
15379	904 
15380	1846 
15381	22 
15382	439 
15383	81 
15384	1649 
15385	862 
15386	80 
15387	1694 
15388	1572 
15389	1383 
15390	376 
15391	1431 
15392	815 
15393	945 
15394	609 
15395	1351 
15396	1088 
15397	1838 
15398	1805 
15399	59 
15400	527 
15401	1363 
15402	40 
15403	1333 
15404	456 
15405	1713 
15406	189 
15407	1706 
15408	1082 
15409	473 
15410	927 
15411	4 
15412	228 
15413	228 
15414	94 
15415	1554 
15416	227 
15417	744 
15418	805 
15419	1451 
15420	229 
15421	651 
15422	307 
15423	70 
15424	1055 
15425	1158 
15426	923 
15427	1273 
15428	78 
15429	232 
15430	1843 
15431	1798 
15432	888 
15433	1558 
15434	1821 
15435	1709 
15436	194 
15437	55 
15438	1333 
15439	767 
15440	525 
15441	131 
15442	1578 
15443	57 
15444	1170 
15445	1264 
15446	625 
15447	1664 
15448	1758 
15449	551 
15450	1333 
15451	466 
15452	826 
15453	214 
15454	409 
15455	272 
15456	594 
15457	33 
15458	1443 
15459	334 
15460	1635 
15461	1805 
15462	826 
15463	892 
15464	214 
15465	564 
15466	410 
15467	1780 
15468	114 
15469	171 
15470	1479 
15471	535 
15472	192 
15473	549 
15474	1387 
15475	396 
15476	1233 
15477	1005 
15478	152 
15479	864 
15480	1300 
15481	1400 
15482	1628 
15483	577 
15484	1059 
15485	1774 
15486	362 
15487	1231 
15488	1185 
15489	1824 
15490	546 
15491	303 
15492	93 
15493	1539 
15494	152 
15495	633 
15496	1073 
15497	1609 
15498	1260 
15499	397 
15500	810 
15501	18 
15502	1480 
15503	832 
15504	996 
15505	836 
15506	1035 
15507	806 
15508	1256 
15509	391 
15510	650 
15511	1264 
15512	1161 
15513	91 
15514	804 
15515	906 
15516	1070 
15517	709 
15518	1571 
15519	7 
15520	1528 
15521	1657 
15522	227 
15523	709 
15524	172 
15525	211 
15526	879 
15527	1168 
15528	127 
15529	609 
15530	352 
15531	234 
15532	1243 
15533	1188 
15534	726 
15535	78 
15536	1807 
15537	75 
15538	186 
15539	867 
15540	1524 
15541	1362 
15542	890 
15543	1767 
15544	1198 
15545	1091 
15546	51 
15547	756 
15548	404 
15549	513 
15550	1437 
15551	1696 
15552	488 
15553	379 
15554	856 
15555	73 
15556	327 
15557	1143 
15558	942 
15559	1035 
15560	806 
15561	1445 
15562	839 
15563	533 
15564	1343 
15565	880 
15566	1332 
15567	1409 
15568	1153 
15569	1672 
15570	1126 
15571	363 
15572	1086 
15573	1722 
15574	32 
15575	76 
15576	1233 
15577	591 
15578	431 
15579	1746 
15580	316 
15581	712 
15582	274 
15583	292 
15584	843 
15585	1049 
15586	1855 
15587	459 
15588	1451 
15589	74 
15590	499 
15591	1848 
15592	1578 
15593	519 
15594	272 
15595	1688 
15596	693 
15597	1141 
15598	931 
15599	984 
15600	742 
15601	89 
15602	483 
15603	1285 
15604	1575 
15605	1486 
15606	405 
15607	1321 
15608	1321 
15609	737 
15610	499 
15611	1269 
15612	78 
15613	362 
15614	692 
15615	1258 
15616	342 
15617	469 
15618	1528 
15619	292 
15620	506 
15621	1266 
15622	1262 
15623	1170 
15624	1689 
15625	1832 
15626	818 
15627	1725 
15628	802 
15629	1470 
15630	583 
15631	1426 
15632	256 
15633	1377 
15634	890 
15635	1 
15636	1343 
15637	344 
15638	612 
15639	1714 
15640	301 
15641	1104 
15642	273 
15643	954 
15644	1229 
15645	237 
15646	27 
15647	1625 
15648	51 
15649	1771 
15650	138 
15651	1286 
15652	1000 
15653	277 
15654	772 
15655	1587 
15656	1153 
15657	604 
15658	1758 
15659	1840 
15660	1642 
15661	1556 
15662	1783 
15663	290 
15664	1412 
15665	449 
15666	1145 
15667	650 
15668	682 
15669	492 
15670	1677 
15671	1219 
15672	1829 
15673	1722 
15674	556 
15675	1515 
15676	1143 
15677	451 
15678	568 
15679	128 
15680	308 
15681	708 
15682	318 
15683	1218 
15684	1496 
15685	1662 
15686	391 
15687	364 
15688	166 
15689	373 
15690	1678 
15691	1037 
15692	1027 
15693	566 
15694	1560 
15695	62 
15696	1212 
15697	1045 
15698	1665 
15699	1091 
15700	1221 
15701	1086 
15702	1492 
15703	300 
15704	234 
15705	772 
15706	1263 
15707	1409 
15708	1141 
15709	1760 
15710	204 
15711	1049 
15712	409 
15713	1576 
15714	530 
15715	1204 
15716	1743 
15717	553 
15718	1342 
15719	1603 
15720	1083 
15721	931 
15722	216 
15723	252 
15724	1176 
15725	1185 
15726	1810 
15727	1630 
15728	1719 
15729	774 
15730	781 
15731	588 
15732	1593 
15733	661 
15734	424 
15735	391 
15736	1310 
15737	796 
15738	1033 
15739	6 
15740	891 
15741	892 
15742	257 
15743	1594 
15744	342 
15745	1810 
15746	830 
15747	579 
15748	10 
15749	36 
15750	695 
15751	911 
15752	1716 
15753	1425 
15754	95 
15755	707 
15756	1039 
15757	341 
15758	1641 
15759	391 
15760	1361 
15761	784 
15762	1254 
15763	1562 
15764	45 
15765	1468 
15766	296 
15767	256 
15768	1709 
15769	1589 
15770	377 
15771	93 
15772	965 
15773	1198 
15774	1846 
15775	1835 
15776	473 
15777	563 
15778	482 
15779	404 
15780	818 
15781	930 
15782	445 
15783	981 
15784	1706 
15785	1005 
15786	1468 
15787	1083 
15788	1217 
15789	1293 
15790	1220 
15791	209 
15792	979 
15793	390 
15794	881 
15795	211 
15796	684 
15797	556 
15798	1131 
15799	259 
15800	906 
15801	352 
15802	735 
15803	257 
15804	1112 
15805	1640 
15806	923 
15807	1445 
15808	349 
15809	1144 
15810	189 
15811	454 
15812	1282 
15813	299 
15814	495 
15815	78 
15816	1071 
15817	140 
15818	958 
15819	381 
15820	7 
15821	801 
15822	1826 
15823	1754 
15824	840 
15825	560 
15826	1696 
15827	127 
15828	1326 
15829	577 
15830	982 
15831	1071 
15832	1263 
15833	1302 
15834	158 
15835	1687 
15836	1760 
15837	771 
15838	1540 
15839	443 
15840	216 
15841	650 
15842	1028 
15843	604 
15844	1096 
15845	317 
15846	739 
15847	356 
15848	1570 
15849	931 
15850	894 
15851	99 
15852	692 
15853	791 
15854	1161 
15855	665 
15856	1016 
15857	1241 
15858	1231 
15859	1614 
15860	596 
15861	960 
15862	940 
15863	1226 
15864	319 
15865	715 
15866	1475 
15867	1688 
15868	1514 
15869	114 
15870	1059 
15871	1258 
15872	1296 
15873	385 
15874	489 
15875	904 
15876	1838 
15877	395 
15878	1815 
15879	1025 
15880	262 
15881	165 
15882	1794 
15883	1335 
15884	1805 
15885	1472 
15886	689 
15887	1492 
15888	1817 
15889	1123 
15890	1131 
15891	891 
15892	514 
15893	1554 
15894	837 
15895	1251 
15896	856 
15897	94 
15898	170 
15899	1212 
15900	930 
15901	1547 
15902	623 
15903	14 
15904	1813 
15905	701 
15906	734 
15907	336 
15908	646 
15909	67 
15910	911 
15911	1743 
15912	969 
15913	78 
15914	739 
15915	1741 
15916	588 
15917	613 
15918	1063 
15919	1643 
15920	1052 
15921	456 
15922	152 
15923	1344 
15924	367 
15925	1746 
15926	1185 
15927	742 
15928	303 
15929	1457 
15930	1215 
15931	1524 
15932	1322 
15933	893 
15934	615 
15935	1502 
15936	1514 
15937	1797 
15938	548 
15939	1643 
15940	1366 
15941	1855 
15942	420 
15943	1217 
15944	1828 
15945	400 
15946	1603 
15947	144 
15948	553 
15949	212 
15950	943 
15951	621 
15952	277 
15953	182 
15954	1629 
15955	1078 
15956	1073 
15957	977 
15958	1007 
15959	806 
15960	1017 
15961	801 
15962	1571 
15963	736 
15964	216 
15965	469 
15966	323 
15967	108 
15968	1438 
15969	1379 
15970	1840 
15971	385 
15972	1811 
15973	1469 
15974	444 
15975	146 
15976	84 
15977	975 
15978	1028 
15979	134 
15980	1775 
15981	59 
15982	1366 
15983	428 
15984	1687 
15985	1641 
15986	70 
15987	760 
15988	933 
15989	886 
15990	1242 
15991	1438 
15992	1387 
15993	1647 
15994	105 
15995	1661 
15996	974 
15997	18 
15998	389 
15999	562 
16000	277 
16001	185 
16002	1639 
16003	832 
16004	1733 
16005	817 
16006	989 
16007	1180 
16008	1317 
16009	558 
16010	1428 
16011	25 
16012	1064 
16013	870 
16014	1564 
16015	186 
16016	987 
16017	1444 
16018	644 
16019	137 
16020	296 
16021	906 
16022	455 
16023	1070 
16024	1097 
16025	292 
16026	1651 
16027	1508 
16028	563 
16029	22 
16030	94 
16031	628 
16032	1586 
16033	1655 
16034	906 
16035	1322 
16036	1201 
16037	1321 
16038	1416 
16039	1258 
16040	1000 
16041	376 
16042	1342 
16043	205 
16044	1218 
16045	1229 
16046	814 
16047	1045 
16048	187 
16049	582 
16050	215 
16051	1801 
16052	1665 
16053	574 
16054	1257 
16055	1525 
16056	1317 
16057	10 
16058	476 
16059	492 
16060	1073 
16061	146 
16062	48 
16063	474 
16064	127 
16065	569 
16066	308 
16067	1256 
16068	1325 
16069	1450 
16070	969 
16071	1413 
16072	975 
16073	1274 
16074	1154 
16075	36 
16076	1324 
16077	216 
16078	242 
16079	7 
16080	1156 
16081	1270 
16082	476 
16083	288 
16084	471 
16085	533 
16086	73 
16087	783 
16088	243 
16089	1600 
16090	730 
16091	1511 
16092	483 
16093	878 
16094	354 
16095	1269 
16096	1503 
16097	801 
16098	428 
16099	1624 
16100	68 
16101	1328 
16102	126 
16103	664 
16104	983 
16105	1540 
16106	1487 
16107	599 
16108	1223 
16109	360 
16110	1188 
16111	145 
16112	80 
16113	773 
16114	1674 
16115	677 
16116	635 
16117	772 
16118	994 
16119	661 
16120	906 
16121	163 
16122	400 
16123	1153 
16124	1780 
16125	724 
16126	1337 
16127	49 
16128	1086 
16129	452 
16130	1749 
16131	286 
16132	762 
16133	1778 
16134	886 
16135	853 
16136	1191 
16137	1088 
16138	1677 
16139	1336 
16140	911 
16141	431 
16142	1170 
16143	335 
16144	1491 
16145	788 
16146	762 
16147	270 
16148	1802 
16149	918 
16150	1312 
16151	1465 
16152	730 
16153	525 
16154	1294 
16155	1379 
16156	1630 
16157	1840 
16158	54 
16159	1628 
16160	1694 
16161	1411 
16162	216 
16163	1068 
16164	1051 
16165	347 
16166	942 
16167	1673 
16168	499 
16169	525 
16170	1648 
16171	842 
16172	972 
16173	152 
16174	277 
16175	1674 
16176	1671 
16177	715 
16178	97 
16179	1046 
16180	545 
16181	1197 
16182	893 
16183	1771 
16184	387 
16185	811 
16186	1124 
16187	1692 
16188	158 
16189	844 
16190	1522 
16191	1530 
16192	769 
16193	771 
16194	584 
16195	1712 
16196	1598 
16197	1223 
16198	915 
16199	946 
16200	1360 
16201	1622 
16202	1808 
16203	129 
16204	285 
16205	181 
16206	1091 
16207	1348 
16208	582 
16209	373 
16210	1030 
16211	387 
16212	414 
16213	15 
16214	798 
16215	1218 
16216	492 
16217	1090 
16218	1696 
16219	645 
16220	620 
16221	557 
16222	788 
16223	769 
16224	573 
16225	997 
16226	1803 
16227	1699 
16228	806 
16229	735 
16230	1067 
16231	272 
16232	219 
16233	546 
16234	1535 
16235	448 
16236	423 
16237	236 
16238	1758 
16239	1140 
16240	604 
16241	1747 
16242	1833 
16243	290 
16244	1579 
16245	172 
16246	622 
16247	921 
16248	951 
16249	596 
16250	801 
16251	681 
16252	146 
16253	819 
16254	888 
16255	477 
16256	974 
16257	198 
16258	835 
16259	1833 
16260	1480 
16261	210 
16262	1486 
16263	881 
16264	113 
16265	374 
16266	145 
16267	1009 
16268	135 
16269	926 
16270	108 
16271	1099 
16272	272 
16273	544 
16274	1810 
16275	1268 
16276	1221 
16277	1157 
16278	1590 
16279	1500 
16280	1470 
16281	1480 
16282	473 
16283	788 
16284	540 
16285	982 
16286	1265 
16287	113 
16288	338 
16289	1825 
16290	1727 
16291	526 
16292	1706 
16293	1003 
16294	516 
16295	1051 
16296	98 
16297	729 
16298	178 
16299	377 
16300	633 
16301	409 
16302	1713 
16303	1533 
16304	72 
16305	1121 
16306	758 
16307	840 
16308	52 
16309	1537 
16310	1078 
16311	256 
16312	205 
16313	1392 
16314	1732 
16315	771 
16316	1378 
16317	1229 
16318	234 
16319	424 
16320	651 
16321	1378 
16322	451 
16323	1776 
16324	1806 
16325	948 
16326	1272 
16327	1048 
16328	1726 
16329	341 
16330	745 
16331	1751 
16332	1842 
16333	877 
16334	812 
16335	1497 
16336	108 
16337	655 
16338	1738 
16339	1352 
16340	996 
16341	949 
16342	1789 
16343	772 
16344	127 
16345	1298 
16346	158 
16347	133 
16348	1853 
16349	58 
16350	1038 
16351	211 
16352	1289 
16353	189 
16354	334 
16355	448 
16356	4 
16357	204 
16358	1554 
16359	954 
16360	163 
16361	451 
16362	1810 
16363	1 
16364	782 
16365	910 
16366	1348 
16367	1037 
16368	857 
16369	31 
16370	1143 
16371	997 
16372	1663 
16373	703 
16374	646 
16375	732 
16376	916 
16377	831 
16378	996 
16379	135 
16380	55 
16381	1793 
16382	1318 
16383	738 
16384	944 
16385	554 
16386	375 
16387	152 
16388	274 
16389	1010 
16390	446 
16391	1553 
16392	754 
16393	321 
16394	1341 
16395	1669 
16396	879 
16397	25 
16398	1688 
16399	1560 
16400	898 
16401	466 
16402	1294 
16403	807 
16404	197 
16405	428 
16406	889 
16407	1220 
16408	1436 
16409	1527 
16410	1233 
16411	911 
16412	1279 
16413	1583 
16414	120 
16415	599 
16416	310 
16417	499 
16418	456 
16419	908 
16420	1301 
16421	93 
16422	1258 
16423	61 
16424	169 
16425	1217 
16426	1648 
16427	151 
16428	1083 
16429	842 
16430	318 
16431	979 
16432	994 
16433	120 
16434	1263 
16435	685 
16436	1755 
16437	1091 
16438	1287 
16439	633 
16440	1840 
16441	1502 
16442	152 
16443	370 
16444	342 
16445	1326 
16446	458 
16447	1760 
16448	67 
16449	570 
16450	1415 
16451	617 
16452	226 
16453	692 
16454	1609 
16455	258 
16456	1589 
16457	1286 
16458	1726 
16459	983 
16460	531 
16461	911 
16462	866 
16463	840 
16464	1468 
16465	1120 
16466	393 
16467	582 
16468	260 
16469	1368 
16470	1594 
16471	1225 
16472	209 
16473	234 
16474	1098 
16475	1164 
16476	1150 
16477	308 
16478	946 
16479	998 
16480	1798 
16481	98 
16482	1779 
16483	257 
16484	1503 
16485	404 
16486	1076 
16487	1056 
16488	73 
16489	1549 
16490	815 
16491	567 
16492	988 
16493	1835 
16494	1274 
16495	1490 
16496	1594 
16497	599 
16498	1055 
16499	458 
16500	77 
16501	144 
16502	318 
16503	1490 
16504	210 
16505	1566 
16506	1856 
16507	1836 
16508	1078 
16509	1073 
16510	1516 
16511	569 
16512	1188 
16513	1503 
16514	1817 
16515	318 
16516	1341 
16517	821 
16518	1341 
16519	990 
16520	729 
16521	1484 
16522	321 
16523	411 
16524	444 
16525	1498 
16526	1564 
16527	105 
16528	1158 
16529	1083 
16530	1467 
16531	378 
16532	1246 
16533	886 
16534	394 
16535	1600 
16536	1610 
16537	1463 
16538	1627 
16539	4 
16540	1728 
16541	232 
16542	1712 
16543	738 
16544	889 
16545	1760 
16546	631 
16547	1773 
16548	613 
16549	247 
16550	1025 
16551	628 
16552	114 
16553	146 
16554	697 
16555	1487 
16556	944 
16557	534 
16558	906 
16559	1028 
16560	10 
16561	657 
16562	1469 
16563	1709 
16564	319 
16565	1439 
16566	1579 
16567	1801 
16568	217 
16569	33 
16570	1119 
16571	1625 
16572	318 
16573	988 
16574	1748 
16575	380 
16576	759 
16577	283 
16578	1246 
16579	1733 
16580	518 
16581	807 
16582	1504 
16583	1473 
16584	36 
16585	1321 
16586	254 
16587	256 
16588	86 
16589	1502 
16590	152 
16591	1052 
16592	334 
16593	193 
16594	410 
16595	1380 
16596	1564 
16597	1731 
16598	119 
16599	1710 
16600	497 
16601	569 
16602	1186 
16603	1477 
16604	11 
16605	308 
16606	1714 
16607	161 
16608	149 
16609	773 
16610	1186 
16611	257 
16612	31 
16613	1037 
16614	1307 
16615	1447 
16616	1434 
16617	1579 
16618	17 
16619	1648 
16620	723 
16621	1379 
16622	931 
16623	1218 
16624	1400 
16625	1539 
16626	1480 
16627	757 
16628	470 
16629	801 
16630	1313 
16631	122 
16632	1138 
16633	1632 
16634	571 
16635	893 
16636	257 
16637	96 
16638	515 
16639	315 
16640	5 
16641	296 
16642	1762 
16643	456 
16644	653 
16645	383 
16646	428 
16647	14 
16648	278 
16649	1726 
16650	803 
16651	584 
16652	267 
16653	368 
16654	353 
16655	763 
16656	702 
16657	1282 
16658	217 
16659	624 
16660	1513 
16661	931 
16662	1053 
16663	259 
16664	1659 
16665	209 
16666	1829 
16667	1808 
16668	1341 
16669	329 
16670	1308 
16671	1777 
16672	695 
16673	1420 
16674	1043 
16675	1202 
16676	578 
16677	734 
16678	409 
16679	68 
16680	643 
16681	66 
16682	1762 
16683	348 
16684	565 
16685	562 
16686	533 
16687	474 
16688	553 
16689	869 
16690	617 
16691	229 
16692	1746 
16693	229 
16694	1511 
16695	956 
16696	274 
16697	1340 
16698	701 
16699	1524 
16700	44 
16701	1689 
16702	1221 
16703	283 
16704	105 
16705	650 
16706	1296 
16707	884 
16708	1535 
16709	557 
16710	1735 
16711	394 
16712	1706 
16713	1341 
16714	1803 
16715	369 
16716	864 
16717	1194 
16718	1743 
16719	1338 
16720	996 
16721	1527 
16722	105 
16723	1681 
16724	574 
16725	1643 
16726	356 
16727	340 
16728	1479 
16729	668 
16730	106 
16731	305 
16732	1272 
16733	127 
16734	1246 
16735	1307 
16736	1266 
16737	1790 
16738	1597 
16739	1662 
16740	665 
16741	1005 
16742	535 
16743	264 
16744	1712 
16745	849 
16746	685 
16747	1663 
16748	513 
16749	553 
16750	1299 
16751	1208 
16752	243 
16753	257 
16754	6 
16755	1371 
16756	1540 
16757	721 
16758	757 
16759	390 
16760	1217 
16761	407 
16762	33 
16763	309 
16764	1228 
16765	391 
16766	1654 
16767	285 
16768	1326 
16769	158 
16770	1258 
16771	959 
16772	1769 
16773	797 
16774	1609 
16775	1256 
16776	42 
16777	508 
16778	1799 
16779	907 
16780	1709 
16781	362 
16782	489 
16783	1380 
16784	322 
16785	1335 
16786	1209 
16787	1000 
16788	1214 
16789	836 
16790	1662 
16791	54 
16792	1624 
16793	763 
16794	1092 
16795	1801 
16796	278 
16797	360 
16798	1269 
16799	1406 
16800	407 
16801	564 
16802	1429 
16803	1480 
16804	1817 
16805	1780 
16806	126 
16807	307 
16808	94 
16809	367 
16810	91 
16811	1530 
16812	1821 
16813	137 
16814	1308 
16815	1401 
16816	884 
16817	1426 
16818	783 
16819	306 
16820	1824 
16821	404 
16822	1774 
16823	101 
16824	1029 
16825	1810 
16826	364 
16827	1318 
16828	1706 
16829	4 
16830	1378 
16831	129 
16832	1469 
16833	1696 
16834	205 
16835	804 
16836	53 
16837	1091 
16838	451 
16839	1194 
16840	1717 
16841	75 
16842	377 
16843	1498 
16844	1422 
16845	1710 
16846	40 
16847	152 
16848	1360 
16849	88 
16850	321 
16851	76 
16852	49 
16853	512 
16854	698 
16855	724 
16856	1814 
16857	743 
16858	385 
16859	1692 
16860	187 
16861	387 
16862	1632 
16863	114 
16864	179 
16865	1226 
16866	1667 
16867	848 
16868	171 
16869	526 
16870	932 
16871	1660 
16872	131 
16873	795 
16874	714 
16875	91 
16876	688 
16877	179 
16878	376 
16879	591 
16880	1528 
16881	1073 
16882	814 
16883	534 
16884	1227 
16885	573 
16886	12 
16887	1606 
16888	860 
16889	816 
16890	829 
16891	698 
16892	559 
16893	542 
16894	1177 
16895	1286 
16896	1657 
16897	1228 
16898	1516 
16899	1850 
16900	1758 
16901	948 
16902	836 
16903	1021 
16904	22 
16905	547 
16906	56 
16907	871 
16908	1157 
16909	373 
16910	94 
16911	1220 
16912	1352 
16913	1610 
16914	1579 
16915	856 
16916	529 
16917	1562 
16918	1759 
16919	480 
16920	1309 
16921	1282 
16922	533 
16923	961 
16924	1190 
16925	804 
16926	93 
16927	1138 
16928	389 
16929	185 
16930	202 
16931	133 
16932	67 
16933	59 
16934	1835 
16935	794 
16936	918 
16937	1064 
16938	129 
16939	709 
16940	663 
16941	1064 
16942	876 
16943	1659 
16944	974 
16945	242 
16946	784 
16947	894 
16948	1170 
16949	1492 
16950	556 
16951	45 
16952	1262 
16953	337 
16954	497 
16955	1209 
16956	694 
16957	1755 
16958	1277 
16959	1645 
16960	693 
16961	1750 
16962	736 
16963	409 
16964	436 
16965	1610 
16966	1281 
16967	556 
16968	1718 
16969	510 
16970	433 
16971	1420 
16972	530 
16973	546 
16974	573 
16975	1073 
16976	963 
16977	880 
16978	76 
16979	296 
16980	1223 
16981	1223 
16982	1301 
16983	800 
16984	78 
16985	830 
16986	1789 
16987	1642 
16988	1291 
16989	704 
16990	446 
16991	1117 
16992	881 
16993	1050 
16994	1692 
16995	1451 
16996	1576 
16997	1796 
16998	1080 
16999	1273 
17000	634 
17001	1123 
17002	1438 
17003	1695 
17004	1322 
17005	684 
17006	1749 
17007	534 
17008	1437 
17009	1819 
17010	99 
17011	277 
17012	1696 
17013	1805 
17014	1729 
17015	983 
17016	1525 
17017	1246 
17018	1628 
17019	410 
17020	564 
17021	687 
17022	483 
17023	1693 
17024	599 
17025	854 
17026	1855 
17027	176 
17028	1450 
17029	1236 
17030	648 
17031	42 
17032	412 
17033	527 
17034	1210 
17035	1746 
17036	880 
17037	639 
17038	1528 
17039	273 
17040	685 
17041	927 
17042	906 
17043	1341 
17044	1773 
17045	881 
17046	1826 
17047	1246 
17048	227 
17049	683 
17050	346 
17051	1161 
17052	22 
17053	1201 
17054	155 
17055	647 
17056	1357 
17057	1000 
17058	1065 
17059	1520 
17060	864 
17061	1108 
17062	54 
17063	1443 
17064	359 
17065	836 
17066	1252 
17067	199 
17068	420 
17069	806 
17070	877 
17071	193 
17072	733 
17073	1681 
17074	523 
17075	1273 
17076	1022 
17077	1814 
17078	473 
17079	1382 
17080	1215 
17081	205 
17082	785 
17083	1321 
17084	390 
17085	486 
17086	1240 
17087	1626 
17088	1638 
17089	1526 
17090	769 
17091	1540 
17092	1158 
17093	682 
17094	1610 
17095	1465 
17096	1502 
17097	633 
17098	1118 
17099	782 
17100	404 
17101	1687 
17102	1726 
17103	1229 
17104	1379 
17105	989 
17106	104 
17107	1694 
17108	468 
17109	1668 
17110	357 
17111	1516 
17112	395 
17113	1016 
17114	89 
17115	974 
17116	798 
17117	1438 
17118	731 
17119	329 
17120	1721 
17121	701 
17122	457 
17123	1247 
17124	612 
17125	1802 
17126	247 
17127	1429 
17128	409 
17129	1560 
17130	979 
17131	1486 
17132	108 
17133	1857 
17134	672 
17135	1781 
17136	1313 
17137	889 
17138	295 
17139	1333 
17140	342 
17141	563 
17142	709 
17143	1706 
17144	1628 
17145	1429 
17146	576 
17147	1380 
17148	1261 
17149	911 
17150	1284 
17151	1610 
17152	1211 
17153	1445 
17154	769 
17155	375 
17156	216 
17157	406 
17158	1409 
17159	1463 
17160	1238 
17161	105 
17162	1748 
17163	452 
17164	553 
17165	553 
17166	1069 
17167	729 
17168	939 
17169	1059 
17170	1838 
17171	1072 
17172	318 
17173	1203 
17174	446 
17175	1760 
17176	24 
17177	738 
17178	421 
17179	1711 
17180	7 
17181	1671 
17182	711 
17183	1469 
17184	21 
17185	1454 
17186	1236 
17187	1462 
17188	444 
17189	942 
17190	795 
17191	1824 
17192	1358 
17193	687 
17194	448 
17195	1317 
17196	1269 
17197	1172 
17198	667 
17199	277 
17200	120 
17201	353 
17202	1084 
17203	698 
17204	567 
17205	811 
17206	458 
17207	687 
17208	1362 
17209	1091 
17210	983 
17211	1336 
17212	1162 
17213	794 
17214	1696 
17215	509 
17216	1283 
17217	1633 
17218	1211 
17219	312 
17220	889 
17221	1814 
17222	686 
17223	944 
17224	1712 
17225	1343 
17226	1560 
17227	146 
17228	1394 
17229	545 
17230	1792 
17231	560 
17232	1506 
17233	591 
17234	1643 
17235	1539 
17236	211 
17237	807 
17238	1436 
17239	363 
17240	554 
17241	348 
17242	21 
17243	1788 
17244	1783 
17245	829 
17246	394 
17247	889 
17248	1441 
17249	1709 
17250	1840 
17251	1236 
17252	1792 
17253	199 
17254	414 
17255	1767 
17256	340 
17257	1046 
17258	469 
17259	1516 
17260	211 
17261	1527 
17262	391 
17263	1013 
17264	1653 
17265	1394 
17266	163 
17267	70 
17268	699 
17269	1529 
17270	1172 
17271	1360 
17272	502 
17273	1606 
17274	1328 
17275	1492 
17276	1708 
17277	24 
17278	984 
17279	1640 
17280	734 
17281	1188 
17282	1215 
17283	1748 
17284	277 
17285	1245 
17286	1743 
17287	604 
17288	87 
17289	94 
17290	1337 
17291	1223 
17292	234 
17293	1515 
17294	1200 
17295	1443 
17296	148 
17297	1111 
17298	1479 
17299	1117 
17300	919 
17301	342 
17302	1692 
17303	206 
17304	472 
17305	462 
17306	632 
17307	171 
17308	1415 
17309	70 
17310	26 
17311	1076 
17312	1382 
17313	1847 
17314	1283 
17315	247 
17316	1755 
17317	162 
17318	1083 
17319	650 
17320	872 
17321	1086 
17322	1726 
17323	675 
17324	1818 
17325	531 
17326	948 
17327	974 
17328	520 
17329	1525 
17330	1635 
17331	1580 
17332	1161 
17333	1124 
17334	587 
17335	1386 
17336	24 
17337	1848 
17338	342 
17339	951 
17340	1692 
17341	738 
17342	1414 
17343	1062 
17344	1622 
17345	383 
17346	1317 
17347	1560 
17348	552 
17349	1279 
17350	626 
17351	1256 
17352	1644 
17353	479 
17354	1450 
17355	1758 
17356	1468 
17357	1723 
17358	687 
17359	923 
17360	171 
17361	105 
17362	829 
17363	1223 
17364	1549 
17365	1733 
17366	224 
17367	658 
17368	1122 
17369	597 
17370	610 
17371	934 
17372	132 
17373	1374 
17374	699 
17375	544 
17376	1819 
17377	672 
17378	1605 
17379	1218 
17380	81 
17381	234 
17382	1004 
17383	1218 
17384	1234 
17385	365 
17386	1504 
17387	532 
17388	535 
17389	776 
17390	1564 
17391	1028 
17392	339 
17393	432 
17394	640 
17395	231 
17396	1304 
17397	217 
17398	795 
17399	213 
17400	599 
17401	1266 
17402	1688 
17403	1157 
17404	1386 
17405	1592 
17406	1777 
17407	1143 
17408	1484 
17409	1591 
17410	1371 
17411	1450 
17412	446 
17413	202 
17414	1378 
17415	1083 
17416	502 
17417	91 
17418	1655 
17419	1707 
17420	1681 
17421	124 
17422	1426 
17423	573 
17424	1381 
17425	1342 
17426	275 
17427	992 
17428	709 
17429	70 
17430	1220 
17431	556 
17432	1427 
17433	1400 
17434	280 
17435	1715 
17436	202 
17437	1116 
17438	126 
17439	71 
17440	1296 
17441	891 
17442	1374 
17443	1706 
17444	643 
17445	1559 
17446	266 
17447	913 
17448	574 
17449	128 
17450	1719 
17451	1576 
17452	1738 
17453	153 
17454	664 
17455	1713 
17456	176 
17457	804 
17458	989 
17459	1384 
17460	469 
17461	525 
17462	151 
17463	1446 
17464	319 
17465	1748 
17466	341 
17467	1771 
17468	533 
17469	1413 
17470	119 
17471	155 
17472	23 
17473	1490 
17474	1341 
17475	257 
17476	1564 
17477	1828 
17478	311 
17479	3 
17480	1480 
17481	471 
17482	1610 
17483	904 
17484	612 
17485	1810 
17486	1502 
17487	203 
17488	36 
17489	203 
17490	1490 
17491	1768 
17492	1852 
17493	710 
17494	1457 
17495	1434 
17496	657 
17497	482 
17498	1506 
17499	1631 
17500	1528 
17501	298 
17502	1327 
17503	1426 
17504	166 
17505	816 
17506	1526 
17507	123 
17508	1835 
17509	652 
17510	368 
17511	367 
17512	285 
17513	703 
17514	1630 
17515	1038 
17516	330 
17517	644 
17518	563 
17519	552 
17520	782 
17521	1569 
17522	542 
17523	772 
17524	41 
17525	1289 
17526	1766 
17527	1445 
17528	1233 
17529	1528 
17530	278 
17531	1639 
17532	69 
17533	1528 
17534	1385 
17535	413 
17536	1223 
17537	596 
17538	124 
17539	1471 
17540	346 
17541	509 
17542	1266 
17543	1377 
17544	163 
17545	81 
17546	269 
17547	782 
17548	215 
17549	1685 
17550	1858 
17551	598 
17552	1212 
17553	567 
17554	769 
17555	391 
17556	802 
17557	782 
17558	557 
17559	279 
17560	1831 
17561	89 
17562	801 
17563	1047 
17564	298 
17565	585 
17566	873 
17567	1794 
17568	767 
17569	597 
17570	699 
17571	845 
17572	724 
17573	1760 
17574	1026 
17575	1550 
17576	1296 
17577	1018 
17578	1480 
17579	1316 
17580	1219 
17581	672 
17582	51 
17583	1348 
17584	1384 
17585	547 
17586	1596 
17587	1508 
17588	1688 
17589	997 
17590	61 
17591	1835 
17592	1116 
17593	1688 
17594	155 
17595	363 
17596	1809 
17597	360 
17598	1468 
17599	1842 
17600	1078 
17601	14 
17602	112 
17603	367 
17604	1318 
17605	1664 
17606	764 
17607	1230 
17608	1576 
17609	725 
17610	880 
17611	356 
17612	981 
17613	1609 
17614	1652 
17615	71 
17616	1360 
17617	976 
17618	733 
17619	1579 
17620	931 
17621	1774 
17622	1680 
17623	1571 
17624	561 
17625	1618 
17626	915 
17627	1190 
17628	1179 
17629	1007 
17630	1644 
17631	617 
17632	1192 
17633	469 
17634	94 
17635	762 
17636	1082 
17637	876 
17638	398 
17639	238 
17640	1121 
17641	557 
17642	543 
17643	1818 
17644	136 
17645	1557 
17646	324 
17647	961 
17648	1815 
17649	1262 
17650	1694 
17651	416 
17652	748 
17653	876 
17654	957 
17655	1098 
17656	882 
17657	171 
17658	259 
17659	290 
17660	147 
17661	387 
17662	1384 
17663	1778 
17664	1218 
17665	138 
17666	171 
17667	1086 
17668	695 
17669	14 
17670	1778 
17671	1318 
17672	451 
17673	1078 
17674	229 
17675	178 
17676	266 
17677	1128 
17678	540 
17679	535 
17680	553 
17681	1525 
17682	665 
17683	606 
17684	1419 
17685	1356 
17686	858 
17687	1520 
17688	204 
17689	1589 
17690	1791 
17691	114 
17692	579 
17693	1282 
17694	1357 
17695	1369 
17696	714 
17697	895 
17698	809 
17699	1490 
17700	932 
17701	1570 
17702	117 
17703	1331 
17704	131 
17705	1850 
17706	653 
17707	782 
17708	701 
17709	740 
17710	199 
17711	454 
17712	756 
17713	919 
17714	618 
17715	785 
17716	1663 
17717	1599 
17718	465 
17719	1758 
17720	923 
17721	1215 
17722	182 
17723	373 
17724	482 
17725	186 
17726	1321 
17727	1644 
17728	1362 
17729	466 
17730	1410 
17731	1210 
17732	14 
17733	422 
17734	901 
17735	345 
17736	547 
17737	1212 
17738	602 
17739	259 
17740	968 
17741	1727 
17742	405 
17743	983 
17744	1157 
17745	966 
17746	1294 
17747	1238 
17748	662 
17749	20 
17750	1086 
17751	1624 
17752	493 
17753	1608 
17754	338 
17755	1347 
17756	250 
17757	864 
17758	608 
17759	1000 
17760	994 
17761	192 
17762	1284 
17763	99 
17764	728 
17765	1322 
17766	106 
17767	1758 
17768	277 
17769	1220 
17770	713 
17771	772 
17772	793 
17773	1103 
17774	1135 
17775	1036 
17776	337 
17777	517 
17778	1194 
17779	1707 
17780	1681 
17781	182 
17782	758 
17783	560 
17784	13 
17785	1486 
17786	1454 
17787	369 
17788	1063 
17789	1532 
17790	342 
17791	1052 
17792	1150 
17793	772 
17794	699 
17795	699 
17796	1601 
17797	1340 
17798	1065 
17799	874 
17800	456 
17801	1498 
17802	1139 
17803	127 
17804	108 
17805	1141 
17806	10 
17807	881 
17808	970 
17809	994 
17810	1286 
17811	1045 
17812	1769 
17813	1778 
17814	1328 
17815	1169 
17816	1140 
17817	889 
17818	71 
17819	458 
17820	1360 
17821	540 
17822	1465 
17823	1522 
17824	1773 
17825	693 
17826	322 
17827	1527 
17828	519 
17829	1139 
17830	367 
17831	1631 
17832	1527 
17833	1348 
17834	319 
17835	1130 
17836	32 
17837	1362 
17838	383 
17839	376 
17840	701 
17841	540 
17842	1412 
17843	633 
17844	1781 
17845	397 
17846	804 
17847	1214 
17848	738 
17849	1539 
17850	171 
17851	886 
17852	539 
17853	1755 
17854	1319 
17855	1733 
17856	479 
17857	765 
17858	385 
17859	367 
17860	775 
17861	1260 
17862	1271 
17863	1606 
17864	1426 
17865	945 
17866	805 
17867	1150 
17868	1646 
17869	1511 
17870	62 
17871	1409 
17872	1131 
17873	1514 
17874	531 
17875	1759 
17876	1725 
17877	56 
17878	254 
17879	818 
17880	1469 
17881	824 
17882	1835 
17883	59 
17884	1628 
17885	1254 
17886	1624 
17887	164 
17888	1778 
17889	163 
17890	69 
17891	1843 
17892	52 
17893	1538 
17894	1086 
17895	112 
17896	204 
17897	1044 
17898	619 
17899	1217 
17900	402 
17901	650 
17902	576 
17903	889 
17904	363 
17905	1075 
17906	849 
17907	1384 
17908	1726 
17909	820 
17910	89 
17911	999 
17912	1212 
17913	623 
17914	853 
17915	1401 
17916	1476 
17917	171 
17918	223 
17919	411 
17920	567 
17921	769 
17922	1721 
17923	876 
17924	1759 
17925	1250 
17926	383 
17927	1321 
17928	1114 
17929	1316 
17930	1462 
17931	602 
17932	266 
17933	1403 
17934	1612 
17935	335 
17936	1579 
17937	94 
17938	1562 
17939	1438 
17940	281 
17941	292 
17942	78 
17943	871 
17944	1528 
17945	707 
17946	1752 
17947	1783 
17948	1090 
17949	315 
17950	1049 
17951	242 
17952	911 
17953	1479 
17954	1435 
17955	269 
17956	1238 
17957	15 
17958	1722 
17959	1714 
17960	1325 
17961	758 
17962	23 
17963	426 
17964	1748 
17965	1760 
17966	1733 
17967	1174 
17968	1718 
17969	622 
17970	312 
17971	1709 
17972	1659 
17973	1719 
17974	1062 
17975	1175 
17976	1477 
17977	1640 
17978	515 
17979	1634 
17980	1840 
17981	692 
17982	841 
17983	1299 
17984	860 
17985	1446 
17986	221 
17987	1806 
17988	1606 
17989	195 
17990	1161 
17991	135 
17992	1707 
17993	1540 
17994	1197 
17995	1572 
17996	1331 
17997	484 
17998	1704 
17999	1426 
18000	539 
18001	1203 
18002	1503 
18003	412 
18004	1735 
18005	1217 
18006	704 
18007	1394 
18008	906 
18009	353 
18010	1853 
18011	1810 
18012	431 
18013	1204 
18014	4 
18015	563 
18016	228 
18017	762 
18018	96 
18019	884 
18020	995 
18021	469 
18022	788 
18023	1166 
18024	944 
18025	1 
18026	822 
18027	1661 
18028	1192 
18029	1203 
18030	1628 
18031	1529 
18032	82 
18033	1092 
18034	1264 
18035	1402 
18036	1680 
18037	541 
18038	861 
18039	269 
18040	1810 
18041	1490 
18042	45 
18043	451 
18044	720 
18045	1482 
18046	279 
18047	758 
18048	1067 
18049	1147 
18050	782 
18051	232 
18052	262 
18053	1750 
18054	915 
18055	734 
18056	1130 
18057	108 
18058	1483 
18059	1628 
18060	1510 
18061	703 
18062	1605 
18063	129 
18064	938 
18065	400 
18066	1357 
18067	1490 
18068	59 
18069	128 
18070	1818 
18071	1122 
18072	1749 
18073	844 
18074	1677 
18075	969 
18076	1539 
18077	832 
18078	917 
18079	199 
18080	565 
18081	1502 
18082	1823 
18083	1735 
18084	584 
18085	1141 
18086	1163 
18087	1680 
18088	407 
18089	643 
18090	640 
18091	131 
18092	47 
18093	148 
18094	612 
18095	1300 
18096	1220 
18097	368 
18098	1661 
18099	862 
18100	1212 
18101	1684 
18102	461 
18103	41 
18104	228 
18105	56 
18106	455 
18107	1091 
18108	523 
18109	76 
18110	230 
18111	1579 
18112	770 
18113	1470 
18114	721 
18115	1756 
18116	1692 
18117	1314 
18118	1025 
18119	903 
18120	1016 
18121	152 
18122	1435 
18123	1258 
18124	1344 
18125	1216 
18126	1150 
18127	415 
18128	200 
18129	1354 
18130	1378 
18131	658 
18132	1835 
18133	509 
18134	444 
18135	49 
18136	1470 
18137	96 
18138	495 
18139	1008 
18140	243 
18141	861 
18142	899 
18143	1838 
18144	1217 
18145	216 
18146	1210 
18147	108 
18148	1628 
18149	1235 
18150	1369 
18151	1576 
18152	732 
18153	541 
18154	419 
18155	1692 
18156	1354 
18157	1233 
18158	1583 
18159	821 
18160	282 
18161	1049 
18162	703 
18163	482 
18164	832 
18165	1594 
18166	1183 
18167	917 
18168	1609 
18169	684 
18170	321 
18171	519 
18172	1571 
18173	1498 
18174	1765 
18175	1345 
18176	533 
18177	602 
18178	906 
18179	1280 
18180	1292 
18181	1473 
18182	1555 
18183	814 
18184	470 
18185	1102 
18186	1653 
18187	1138 
18188	800 
18189	1559 
18190	585 
18191	416 
18192	706 
18193	542 
18194	1326 
18195	1489 
18196	477 
18197	1188 
18198	807 
18199	836 
18200	1643 
18201	921 
18202	550 
18203	597 
18204	435 
18205	1712 
18206	598 
18207	168 
18208	1697 
18209	1378 
18210	1294 
18211	438 
18212	1845 
18213	1162 
18214	1394 
18215	234 
18216	295 
18217	1450 
18218	1039 
18219	25 
18220	416 
18221	1775 
18222	1789 
18223	1614 
18224	296 
18225	1063 
18226	727 
18227	1207 
18228	360 
18229	834 
18230	71 
18231	1639 
18232	707 
18233	387 
18234	338 
18235	1729 
18236	1091 
18237	1053 
18238	458 
18239	94 
18240	530 
18241	774 
18242	1141 
18243	1666 
18244	692 
18245	1450 
18246	368 
18247	131 
18248	1170 
18249	1218 
18250	661 
18251	1525 
18252	1434 
18253	582 
18254	1226 
18255	1845 
18256	1344 
18257	624 
18258	1628 
18259	691 
18260	1412 
18261	158 
18262	542 
18263	481 
18264	1004 
18265	1139 
18266	1595 
18267	315 
18268	94 
18269	1579 
18270	1000 
18271	907 
18272	1823 
18273	449 
18274	911 
18275	1103 
18276	1098 
18277	493 
18278	322 
18279	1036 
18280	32 
18281	1067 
18282	317 
18283	730 
18284	1083 
18285	845 
18286	959 
18287	152 
18288	107 
18289	121 
18290	1480 
18291	805 
18292	843 
18293	183 
18294	1131 
18295	266 
18296	368 
18297	1262 
18298	59 
18299	449 
18300	1062 
18301	152 
18302	430 
18303	576 
18304	988 
18305	267 
18306	941 
18307	1358 
18308	15 
18309	299 
18310	1273 
18311	1348 
18312	289 
18313	144 
18314	287 
18315	4 
18316	727 
18317	974 
18318	1427 
18319	165 
18320	122 
18321	858 
18322	640 
18323	647 
18324	363 
18325	867 
18326	386 
18327	1473 
18328	916 
18329	1285 
18330	895 
18331	818 
18332	1337 
18333	303 
18334	1175 
18335	1639 
18336	1149 
18337	505 
18338	1143 
18339	494 
18340	1072 
18341	487 
18342	1256 
18343	528 
18344	942 
18345	1677 
18346	1773 
18347	1223 
18348	1828 
18349	1419 
18350	6 
18351	24 
18352	1558 
18353	72 
18354	683 
18355	36 
18356	1153 
18357	96 
18358	1254 
18359	776 
18360	1724 
18361	1105 
18362	896 
18363	661 
18364	1407 
18365	1007 
18366	708 
18367	1131 
18368	70 
18369	596 
18370	1320 
18371	533 
18372	1086 
18373	18 
18374	1857 
18375	576 
18376	1776 
18377	277 
18378	811 
18379	1222 
18380	1025 
18381	961 
18382	1031 
18383	1391 
18384	1771 
18385	981 
18386	1528 
18387	155 
18388	367 
18389	1618 
18390	428 
18391	259 
18392	299 
18393	1489 
18394	1713 
18395	1808 
18396	1748 
18397	578 
18398	1608 
18399	825 
18400	855 
18401	1601 
18402	307 
18403	203 
18404	1778 
18405	1152 
18406	209 
18407	604 
18408	424 
18409	531 
18410	848 
18411	1009 
18412	1380 
18413	104 
18414	1502 
18415	785 
18416	1672 
18417	542 
18418	1039 
18419	742 
18420	1801 
18421	1233 
18422	1524 
18423	799 
18424	1528 
18425	789 
18426	1125 
18427	105 
18428	404 
18429	1601 
18430	946 
18431	466 
18432	14 
18433	534 
18434	1188 
18435	917 
18436	782 
18437	349 
18438	554 
18439	65 
18440	1461 
18441	1588 
18442	1415 
18443	1196 
18444	1021 
18445	1821 
18446	29 
18447	1461 
18448	742 
18449	907 
18450	1175 
18451	1076 
18452	138 
18453	1789 
18454	1221 
18455	1465 
18456	67 
18457	1463 
18458	139 
18459	1751 
18460	1627 
18461	1014 
18462	1128 
18463	1070 
18464	754 
18465	842 
18466	1597 
18467	74 
18468	130 
18469	901 
18470	104 
18471	56 
18472	563 
18473	78 
18474	1378 
18475	1769 
18476	1445 
18477	10 
18478	1348 
18479	1046 
18480	1333 
18481	1798 
18482	1813 
18483	1638 
18484	768 
18485	1201 
18486	1 
18487	951 
18488	1496 
18489	1437 
18490	1451 
18491	661 
18492	540 
18493	60 
18494	987 
18495	932 
18496	700 
18497	1092 
18498	1102 
18499	1344 
18500	1229 
18501	662 
18502	887 
18503	488 
18504	972 
18505	7 
18506	813 
18507	143 
18508	1001 
18509	1841 
18510	26 
18511	351 
18512	610 
18513	1004 
18514	996 
18515	1749 
18516	1261 
18517	701 
18518	941 
18519	558 
18520	355 
18521	646 
18522	1679 
18523	646 
18524	1128 
18525	1107 
18526	1153 
18527	357 
18528	1391 
18529	191 
18530	51 
18531	234 
18532	1052 
18533	1226 
18534	241 
18535	1763 
18536	1294 
18537	1067 
18538	1482 
18539	323 
18540	1266 
18541	1143 
18542	1222 
18543	1810 
18544	802 
18545	1384 
18546	418 
18547	373 
18548	743 
18549	73 
18550	1128 
18551	217 
18552	1173 
18553	33 
18554	849 
18555	919 
18556	480 
18557	809 
18558	775 
18559	1016 
18560	407 
18561	327 
18562	739 
18563	1104 
18564	1619 
18565	495 
18566	1583 
18567	142 
18568	1801 
18569	77 
18570	1407 
18571	156 
18572	345 
18573	1674 
18574	10 
18575	1204 
18576	1473 
18577	1427 
18578	1080 
18579	1091 
18580	772 
18581	39 
18582	78 
18583	228 
18584	1308 
18585	1391 
18586	682 
18587	1635 
18588	331 
18589	290 
18590	93 
18591	339 
18592	1138 
18593	1141 
18594	251 
18595	1705 
18596	1527 
18597	867 
18598	842 
18599	1021 
18600	1161 
18601	1273 
18602	1629 
18603	1653 
18604	400 
18605	876 
18606	1143 
18607	189 
18608	958 
18609	1102 
18610	192 
18611	824 
18612	1021 
18613	1729 
18614	1114 
18615	1197 
18616	1769 
18617	992 
18618	880 
18619	957 
18620	1128 
18621	610 
18622	407 
18623	1762 
18624	6 
18625	1366 
18626	1817 
18627	723 
18628	134 
18629	272 
18630	1266 
18631	730 
18632	312 
18633	76 
18634	1629 
18635	1322 
18636	416 
18637	427 
18638	1131 
18639	565 
18640	1754 
18641	444 
18642	493 
18643	1004 
18644	878 
18645	637 
18646	1228 
18647	249 
18648	1017 
18649	903 
18650	1819 
18651	598 
18652	730 
18653	640 
18654	1145 
18655	179 
18656	550 
18657	807 
18658	404 
18659	383 
18660	1533 
18661	1778 
18662	1149 
18663	602 
18664	656 
18665	1525 
18666	460 
18667	1801 
18668	1038 
18669	94 
18670	196 
18671	654 
18672	1238 
18673	301 
18674	1553 
18675	1725 
18676	1096 
18677	959 
18678	1467 
18679	1317 
18680	1630 
18681	30 
18682	1236 
18683	676 
18684	1412 
18685	164 
18686	1320 
18687	1657 
18688	204 
18689	22 
18690	42 
18691	928 
18692	1758 
18693	1840 
18694	554 
18695	1775 
18696	234 
18697	862 
18698	1337 
18699	633 
18700	1856 
18701	291 
18702	381 
18703	1427 
18704	1550 
18705	129 
18706	210 
18707	129 
18708	1775 
18709	334 
18710	331 
18711	1246 
18712	602 
18713	199 
18714	1523 
18715	1810 
18716	862 
18717	1810 
18718	454 
18719	1781 
18720	449 
18721	1790 
18722	1758 
18723	806 
18724	814 
18725	1732 
18726	33 
18727	611 
18728	699 
18729	355 
18730	111 
18731	1438 
18732	277 
18733	1385 
18734	461 
18735	981 
18736	1465 
18737	1284 
18738	608 
18739	1356 
18740	1627 
18741	1814 
18742	980 
18743	884 
18744	735 
18745	650 
18746	196 
18747	617 
18748	678 
18749	1208 
18750	829 
18751	1833 
18752	596 
18753	553 
18754	1348 
18755	202 
18756	554 
18757	211 
18758	1164 
18759	1748 
18760	624 
18761	1131 
18762	383 
18763	455 
18764	493 
18765	1355 
18766	296 
18767	531 
18768	345 
18769	1663 
18770	1603 
18771	1282 
18772	1263 
18773	1682 
18774	464 
18775	1032 
18776	51 
18777	588 
18778	1561 
18779	1141 
18780	1814 
18781	1233 
18782	8 
18783	61 
18784	1331 
18785	409 
18786	748 
18787	612 
18788	1191 
18789	94 
18790	87 
18791	829 
18792	64 
18793	1322 
18794	699 
18795	746 
18796	1813 
18797	1384 
18798	1758 
18799	685 
18800	773 
18801	227 
18802	130 
18803	1362 
18804	1852 
18805	1715 
18806	1300 
18807	582 
18808	1760 
18809	1565 
18810	795 
18811	1384 
18812	768 
18813	181 
18814	145 
18815	1120 
18816	1821 
18817	994 
18818	423 
18819	775 
18820	1629 
18821	1531 
18822	966 
18823	1609 
18824	1576 
18825	769 
18826	1728 
18827	223 
18828	1070 
18829	1388 
18830	1163 
18831	867 
18832	1694 
18833	65 
18834	1465 
18835	1806 
18836	259 
18837	999 
18838	1706 
18839	957 
18840	202 
18841	1431 
18842	562 
18843	349 
18844	341 
18845	76 
18846	363 
18847	14 
18848	267 
18849	1628 
18850	1797 
18851	1606 
18852	535 
18853	1404 
18854	814 
18855	330 
18856	982 
18857	1414 
18858	1844 
18859	480 
18860	456 
18861	1304 
18862	410 
18863	266 
18864	1222 
18865	818 
18866	1466 
18867	42 
18868	799 
18869	656 
18870	680 
18871	71 
18872	217 
18873	90 
18874	1533 
18875	1129 
18876	1671 
18877	377 
18878	1528 
18879	62 
18880	1056 
18881	71 
18882	1572 
18883	120 
18884	1521 
18885	129 
18886	1760 
18887	1039 
18888	82 
18889	458 
18890	1091 
18891	109 
18892	797 
18893	411 
18894	334 
18895	529 
18896	606 
18897	203 
18898	549 
18899	791 
18900	1412 
18901	376 
18902	691 
18903	762 
18904	1170 
18905	1091 
18906	908 
18907	391 
18908	1798 
18909	521 
18910	1063 
18911	1302 
18912	242 
18913	1396 
18914	376 
18915	146 
18916	506 
18917	841 
18918	1019 
18919	888 
18920	1498 
18921	644 
18922	790 
18923	730 
18924	1363 
18925	758 
18926	931 
18927	490 
18928	607 
18929	524 
18930	1086 
18931	1121 
18932	1133 
18933	886 
18934	572 
18935	427 
18936	16 
18937	1481 
18938	680 
18939	19 
18940	1149 
18941	966 
18942	983 
18943	89 
18944	319 
18945	1359 
18946	1682 
18947	114 
18948	1663 
18949	621 
18950	1341 
18951	1832 
18952	1087 
18953	375 
18954	1828 
18955	1222 
18956	903 
18957	150 
18958	1482 
18959	1471 
18960	105 
18961	6 
18962	40 
18963	1083 
18964	1490 
18965	1016 
18966	524 
18967	765 
18968	1120 
18969	989 
18970	1358 
18971	366 
18972	15 
18973	1323 
18974	769 
18975	640 
18976	808 
18977	1560 
18978	1140 
18979	335 
18980	277 
18981	174 
18982	643 
18983	70 
18984	1357 
18985	1672 
18986	440 
18987	141 
18988	1718 
18989	1384 
18990	415 
18991	1534 
18992	773 
18993	439 
18994	1091 
18995	1444 
18996	10 
18997	1756 
18998	146 
18999	205 
19000	733 
19001	1594 
19002	1143 
19003	553 
19004	1695 
19005	1335 
19006	122 
19007	1726 
19008	1045 
19009	1712 
19010	342 
19011	470 
19012	973 
19013	1511 
19014	115 
19015	156 
19016	325 
19017	1801 
19018	120 
19019	608 
19020	1607 
19021	1120 
19022	314 
19023	1207 
19024	1266 
19025	1387 
19026	424 
19027	458 
19028	579 
19029	528 
19030	91 
19031	989 
19032	1839 
19033	1429 
19034	397 
19035	1427 
19036	967 
19037	430 
19038	428 
19039	1476 
19040	570 
19041	1445 
19042	144 
19043	890 
19044	1789 
19045	1467 
19046	1121 
19047	1266 
19048	367 
19049	456 
19050	315 
19051	1783 
19052	586 
19053	1838 
19054	912 
19055	1647 
19056	538 
19057	1332 
19058	318 
19059	127 
19060	324 
19061	248 
19062	720 
19063	1391 
19064	1817 
19065	602 
19066	996 
19067	1642 
19068	567 
19069	983 
19070	685 
19071	1502 
19072	1729 
19073	91 
19074	1647 
19075	1774 
19076	1223 
19077	470 
19078	1286 
19079	1143 
19080	531 
19081	1345 
19082	570 
19083	1137 
19084	1338 
19085	487 
19086	931 
19087	1379 
19088	724 
19089	1687 
19090	1635 
19091	256 
19092	715 
19093	1530 
19094	1438 
19095	1061 
19096	1451 
19097	1814 
19098	1347 
19099	1091 
19100	808 
19101	13 
19102	1471 
19103	1586 
19104	764 
19105	579 
19106	944 
19107	1320 
19108	1420 
19109	307 
19110	847 
19111	1360 
19112	1213 
19113	883 
19114	1371 
19115	1021 
19116	1670 
19117	48 
19118	1087 
19119	1678 
19120	470 
19121	1825 
19122	733 
19123	436 
19124	701 
19125	1417 
19126	1560 
19127	319 
19128	480 
19129	1517 
19130	1823 
19131	1117 
19132	243 
19133	113 
19134	1505 
19135	1274 
19136	1843 
19137	1198 
19138	1220 
19139	1128 
19140	1246 
19141	672 
19142	813 
19143	680 
19144	752 
19145	1740 
19146	1312 
19147	1847 
19148	1250 
19149	1724 
19150	1426 
19151	1530 
19152	477 
19153	23 
19154	987 
19155	1445 
19156	1021 
19157	884 
19158	367 
19159	1578 
19160	1112 
19161	423 
19162	730 
19163	1807 
19164	1118 
19165	655 
19166	22 
19167	431 
19168	289 
19169	578 
19170	315 
19171	1663 
19172	1258 
19173	1024 
19174	8 
19175	11 
19176	1412 
19177	1514 
19178	1415 
19179	320 
19180	985 
19181	37 
19182	1752 
19183	533 
19184	579 
19185	853 
19186	347 
19187	981 
19188	806 
19189	949 
19190	735 
19191	1808 
19192	1057 
19193	784 
19194	65 
19195	853 
19196	353 
19197	1073 
19198	1168 
19199	1370 
19200	1503 
19201	86 
19202	232 
19203	1030 
19204	513 
19205	75 
19206	993 
19207	1681 
19208	1197 
19209	1491 
19210	772 
19211	77 
19212	592 
19213	749 
19214	565 
19215	145 
19216	658 
19217	420 
19218	573 
19219	1469 
19220	1065 
19221	556 
19222	1092 
19223	1663 
19224	429 
19225	157 
19226	1517 
19227	330 
19228	338 
19229	19 
19230	1689 
19231	1807 
19232	621 
19233	872 
19234	1256 
19235	102 
19236	1574 
19237	431 
19238	1162 
19239	1304 
19240	1286 
19241	1030 
19242	858 
19243	149 
19244	330 
19245	1216 
19246	394 
19247	1765 
19248	24 
19249	506 
19250	1120 
19251	1300 
19252	566 
19253	171 
19254	553 
19255	1646 
19256	1832 
19257	480 
19258	497 
19259	907 
19260	1131 
19261	1824 
19262	596 
19263	599 
19264	732 
19265	1532 
19266	1578 
19267	405 
19268	436 
19269	487 
19270	1533 
19271	243 
19272	1126 
19273	1062 
19274	1765 
19275	207 
19276	302 
19277	1501 
19278	1324 
19279	239 
19280	819 
19281	469 
19282	696 
19283	1321 
19284	1041 
19285	72 
19286	800 
19287	232 
19288	373 
19289	111 
19290	353 
19291	805 
19292	688 
19293	1421 
19294	1272 
19295	739 
19296	800 
19297	1831 
19298	558 
19299	824 
19300	1389 
19301	1138 
19302	769 
19303	1430 
19304	796 
19305	452 
19306	316 
19307	1817 
19308	320 
19309	1019 
19310	234 
19311	1528 
19312	257 
19313	1379 
19314	1263 
19315	1719 
19316	1709 
19317	421 
19318	380 
19319	922 
19320	1774 
19321	72 
19322	1191 
19323	1234 
19324	535 
19325	1647 
19326	1062 
19327	996 
19328	1246 
19329	66 
19330	236 
19331	679 
19332	1781 
19333	375 
19334	1362 
19335	1089 
19336	105 
19337	1480 
19338	420 
19339	1000 
19340	782 
19341	1263 
19342	232 
19343	303 
19344	498 
19345	712 
19346	1446 
19347	922 
19348	1588 
19349	758 
19350	424 
19351	896 
19352	254 
19353	1220 
19354	1147 
19355	886 
19356	1794 
19357	732 
19358	1843 
19359	482 
19360	1739 
19361	1140 
19362	872 
19363	90 
19364	6 
19365	1143 
19366	1490 
19367	197 
19368	1041 
19369	448 
19370	42 
19371	55 
19372	804 
19373	1384 
19374	30 
19375	843 
19376	1503 
19377	876 
19378	864 
19379	74 
19380	1822 
19381	88 
19382	1638 
19383	1173 
19384	145 
19385	872 
19386	1029 
19387	229 
19388	554 
19389	1294 
19390	1647 
19391	92 
19392	1220 
19393	398 
19394	535 
19395	204 
19396	1101 
19397	142 
19398	604 
19399	1139 
19400	1539 
19401	1633 
19402	15 
19403	1246 
19404	889 
19405	218 
19406	1650 
19407	20 
19408	1774 
19409	1524 
19410	1427 
19411	1528 
19412	1614 
19413	172 
19414	22 
19415	330 
19416	599 
19417	790 
19418	46 
19419	1665 
19420	1628 
19421	333 
19422	182 
19423	733 
19424	1622 
19425	1503 
19426	800 
19427	1525 
19428	1436 
19429	66 
19430	842 
19431	777 
19432	1295 
19433	983 
19434	555 
19435	1220 
19436	1511 
19437	1412 
19438	1150 
19439	815 
19440	1503 
19441	209 
19442	10 
19443	36 
19444	219 
19445	274 
19446	1161 
19447	379 
19448	783 
19449	612 
19450	813 
19451	761 
19452	584 
19453	342 
19454	8 
19455	1036 
19456	400 
19457	1438 
19458	1754 
19459	1285 
19460	1380 
19461	59 
19462	25 
19463	1217 
19464	598 
19465	984 
19466	801 
19467	802 
19468	14 
19469	480 
19470	562 
19471	454 
19472	61 
19473	540 
19474	210 
19475	1446 
19476	591 
19477	1471 
19478	1022 
19479	308 
19480	492 
19481	1321 
19482	322 
19483	66 
19484	731 
19485	1630 
19486	1092 
19487	548 
19488	390 
19489	174 
19490	25 
19491	25 
19492	1083 
19493	315 
19494	1540 
19495	458 
19496	21 
19497	1774 
19498	1236 
19499	1360 
19500	1264 
19501	267 
19502	274 
19503	1110 
19504	129 
19505	911 
19506	1578 
19507	1502 
19508	553 
19509	908 
19510	377 
19511	442 
19512	778 
19513	1039 
19514	1266 
19515	819 
19516	93 
19517	1194 
19518	1518 
19519	393 
19520	522 
19521	1322 
19522	1080 
19523	1039 
19524	1751 
19525	1264 
19526	46 
19527	1639 
19528	1223 
19529	1409 
19530	1128 
19531	298 
19532	1735 
19533	283 
19534	115 
19535	762 
19536	1286 
19537	611 
19538	1024 
19539	58 
19540	391 
19541	782 
19542	396 
19543	1840 
19544	295 
19545	574 
19546	1625 
19547	1134 
19548	1640 
19549	1141 
19550	1770 
19551	1452 
19552	63 
19553	285 
19554	893 
19555	857 
19556	23 
19557	1021 
19558	1483 
19559	144 
19560	405 
19561	131 
19562	69 
19563	203 
19564	1778 
19565	1194 
19566	1662 
19567	1554 
19568	1113 
19569	1335 
19570	428 
19571	61 
19572	1627 
19573	1561 
19574	482 
19575	1524 
19576	10 
19577	1114 
19578	409 
19579	648 
19580	94 
19581	1780 
19582	1339 
19583	1234 
19584	1244 
19585	712 
19586	340 
19587	282 
19588	1689 
19589	1405 
19590	460 
19591	435 
19592	1404 
19593	442 
19594	782 
19595	1321 
19596	565 
19597	1554 
19598	641 
19599	65 
19600	1749 
19601	1136 
19602	1322 
19603	1684 
19604	974 
19605	686 
19606	1716 
19607	1249 
19608	326 
19609	742 
19610	1223 
19611	250 
19612	591 
19613	836 
19614	1368 
19615	251 
19616	115 
19617	1120 
19618	526 
19619	628 
19620	42 
19621	892 
19622	1273 
19623	1473 
19624	767 
19625	1848 
19626	80 
19627	657 
19628	1167 
19629	51 
19630	862 
19631	1669 
19632	1177 
19633	798 
19634	169 
19635	1639 
19636	1070 
19637	1344 
19638	601 
19639	809 
19640	334 
19641	567 
19642	1765 
19643	410 
19644	1079 
19645	1639 
19646	1482 
19647	612 
19648	972 
19649	1789 
19650	1245 
19651	1533 
19652	1677 
19653	1130 
19654	553 
19655	1369 
19656	1516 
19657	215 
19658	1361 
19659	137 
19660	1301 
19661	758 
19662	216 
19663	1027 
19664	1639 
19665	234 
19666	1241 
19667	131 
19668	164 
19669	809 
19670	1819 
19671	1807 
19672	766 
19673	51 
19674	1086 
19675	82 
19676	1292 
19677	1199 
19678	1503 
19679	89 
19680	243 
19681	583 
19682	1217 
19683	889 
19684	27 
19685	415 
19686	890 
19687	1694 
19688	611 
19689	588 
19690	547 
19691	845 
19692	480 
19693	1755 
19694	1593 
19695	787 
19696	1220 
19697	568 
19698	1157 
19699	1063 
19700	1502 
19701	210 
19702	1816 
19703	730 
19704	178 
19705	79 
19706	202 
19707	1106 
19708	1080 
19709	569 
19710	1268 
19711	190 
19712	1486 
19713	729 
19714	62 
19715	1430 
19716	124 
19717	896 
19718	1459 
19719	242 
19720	1212 
19721	695 
19722	268 
19723	984 
19724	1712 
19725	1770 
19726	1459 
19727	1222 
19728	1141 
19729	373 
19730	931 
19731	1606 
19732	762 
19733	1427 
19734	972 
19735	867 
19736	1254 
19737	1840 
19738	280 
19739	1348 
19740	557 
19741	1512 
19742	551 
19743	321 
19744	235 
19745	1293 
19746	969 
19747	145 
19748	1239 
19749	1282 
19750	33 
19751	330 
19752	744 
19753	892 
19754	1334 
19755	217 
19756	146 
19757	1498 
19758	1560 
19759	357 
19760	1454 
19761	1677 
19762	684 
19763	264 
19764	164 
19765	1207 
19766	1806 
19767	1127 
19768	1357 
19769	222 
19770	1585 
19771	540 
19772	1091 
19773	1632 
19774	1058 
19775	742 
19776	162 
19777	11 
19778	683 
19779	1120 
19780	127 
19781	809 
19782	1106 
19783	1554 
19784	324 
19785	199 
19786	762 
19787	599 
19788	162 
19789	990 
19790	1055 
19791	152 
19792	824 
19793	410 
19794	616 
19795	1753 
19796	70 
19797	819 
19798	131 
19799	383 
19800	158 
19801	504 
19802	1726 
19803	1424 
19804	1698 
19805	1345 
19806	1554 
19807	1288 
19808	1386 
19809	142 
19810	429 
19811	534 
19812	773 
19813	405 
19814	1395 
19815	407 
19816	1407 
19817	557 
19818	131 
19819	958 
19820	612 
19821	1194 
19822	928 
19823	1504 
19824	1716 
19825	1362 
19826	1401 
19827	1612 
19828	1707 
19829	1190 
19830	1717 
19831	1671 
19832	1077 
19833	81 
19834	412 
19835	533 
19836	752 
19837	1439 
19838	167 
19839	697 
19840	1458 
19841	482 
19842	906 
19843	391 
19844	1685 
19845	1467 
19846	192 
19847	387 
19848	1656 
19849	686 
19850	1471 
19851	1595 
19852	1640 
19853	139 
19854	362 
19855	1403 
19856	247 
19857	1315 
19858	568 
19859	1474 
19860	1260 
19861	1490 
19862	721 
19863	551 
19864	1274 
19865	55 
19866	99 
19867	662 
19868	1013 
19869	667 
19870	541 
19871	484 
19872	490 
19873	556 
19874	1362 
19875	1463 
19876	1524 
19877	1028 
19878	281 
19879	601 
19880	17 
19881	1480 
19882	496 
19883	1726 
19884	1352 
19885	1570 
19886	672 
19887	513 
19888	1226 
19889	1337 
19890	757 
19891	456 
19892	1594 
19893	976 
19894	6 
19895	1301 
19896	1531 
19897	1319 
19898	470 
19899	908 
19900	319 
19901	1776 
19902	899 
19903	310 
19904	1745 
19905	1789 
19906	115 
19907	1164 
19908	1829 
19909	13 
19910	1337 
19911	1578 
19912	731 
19913	153 
19914	1004 
19915	1438 
19916	1502 
19917	916 
19918	187 
19919	1200 
19920	568 
19921	966 
19922	234 
19923	1244 
19924	921 
19925	1358 
19926	247 
19927	7 
19928	1172 
19929	373 
19930	1028 
19931	1352 
19932	1233 
19933	1021 
19934	1823 
19935	812 
19936	163 
19937	686 
19938	921 
19939	204 
19940	19 
19941	983 
19942	1551 
19943	1450 
19944	1518 
19945	487 
19946	1335 
19947	54 
19948	385 
19949	421 
19950	541 
19951	293 
19952	626 
19953	1571 
19954	529 
19955	1816 
19956	295 
19957	297 
19958	394 
19959	1063 
19960	6 
19961	1217 
19962	224 
19963	1751 
19964	738 
19965	794 
19966	132 
19967	1057 
19968	782 
19969	733 
19970	155 
19971	1342 
19972	411 
19973	814 
19974	1691 
19975	506 
19976	203 
19977	1468 
19978	1748 
19979	75 
19980	303 
19981	1124 
19982	403 
19983	171 
19984	1767 
19985	1393 
19986	1263 
19987	1368 
19988	493 
19989	1341 
19990	767 
19991	493 
19992	1671 
19993	782 
19994	1614 
19995	1748 
19996	1528 
19997	410 
19998	1522 
19999	1490 
20000	315 
20001	743 
20002	1149 
20003	435 
20004	1336 
20005	1782 
20006	1293 
20007	1502 
20008	699 
20009	315 
20010	736 
20011	831 
20012	1718 
20013	542 
20014	819 
20015	22 
20016	470 
20017	1135 
20018	1693 
20019	1749 
20020	739 
20021	724 
20022	958 
20023	1346 
20024	455 
20025	1490 
20026	1755 
20027	1407 
20028	1114 
20029	783 
20030	1396 
20031	474 
20032	1681 
20033	1841 
20034	81 
20035	591 
20036	139 
20037	51 
20038	1264 
20039	331 
20040	1248 
20041	1081 
20042	10 
20043	1176 
20044	1515 
20045	984 
20046	1760 
20047	1472 
20048	216 
20049	410 
20050	134 
20051	1407 
20052	1663 
20053	563 
20054	739 
20055	803 
20056	1400 
20057	884 
20058	1334 
20059	749 
20060	435 
20061	1780 
20062	906 
20063	412 
20064	845 
20065	1101 
20066	1337 
20067	1639 
20068	341 
20069	135 
20070	744 
20071	541 
20072	695 
20073	586 
20074	1229 
20075	1836 
20076	14 
20077	855 
20078	1224 
20079	395 
20080	1226 
20081	114 
20082	812 
20083	243 
20084	1595 
20085	1648 
20086	1524 
20087	7 
20088	1322 
20089	307 
20090	314 
20091	1199 
20092	144 
20093	1083 
20094	211 
20095	811 
20096	187 
20097	1778 
20098	66 
20099	788 
20100	1282 
20101	695 
20102	1262 
20103	1231 
20104	1239 
20105	1039 
20106	1293 
20107	1673 
20108	880 
20109	832 
20110	1770 
20111	556 
20112	911 
20113	1412 
20114	783 
20115	955 
20116	1824 
20117	1071 
20118	1381 
20119	1840 
20120	767 
20121	1357 
20122	1499 
20123	146 
20124	591 
20125	1130 
20126	921 
20127	25 
20128	379 
20129	1567 
20130	342 
20131	1239 
20132	216 
20133	1637 
20134	1729 
20135	446 
20136	1794 
20137	807 
20138	461 
20139	146 
20140	41 
20141	869 
20142	1848 
20143	1173 
20144	41 
20145	1843 
20146	693 
20147	986 
20148	1760 
20149	268 
20150	1139 
20151	1726 
20152	604 
20153	448 
20154	353 
20155	906 
20156	341 
20157	1834 
20158	1807 
20159	82 
20160	14 
20161	1748 
20162	1471 
20163	1560 
20164	1609 
20165	451 
20166	53 
20167	36 
20168	385 
20169	603 
20170	1444 
20171	951 
20172	1438 
20173	694 
20174	421 
20175	1359 
20176	1691 
20177	1035 
20178	604 
20179	1080 
20180	1341 
20181	934 
20182	1197 
20183	1127 
20184	1491 
20185	723 
20186	1850 
20187	268 
20188	1825 
20189	739 
20190	1110 
20191	1337 
20192	1449 
20193	42 
20194	1153 
20195	658 
20196	1188 
20197	835 
20198	1366 
20199	1535 
20200	78 
20201	367 
20202	983 
20203	1822 
20204	19 
20205	835 
20206	1722 
20207	303 
20208	1643 
20209	1629 
20210	1405 
20211	330 
20212	1187 
20213	1290 
20214	267 
20215	480 
20216	553 
20217	1272 
20218	593 
20219	735 
20220	1677 
20221	10 
20222	1830 
20223	1088 
20224	568 
20225	224 
20226	1102 
20227	1749 
20228	1628 
20229	1490 
20230	112 
20231	14 
20232	1509 
20233	1643 
20234	1701 
20235	1238 
20236	1101 
20237	1053 
20238	1140 
20239	144 
20240	1824 
20241	291 
20242	569 
20243	138 
20244	199 
20245	725 
20246	1444 
20247	1293 
20248	867 
20249	113 
20250	1326 
20251	974 
20252	988 
20253	1528 
20254	345 
20255	185 
20256	1410 
20257	1500 
20258	122 
20259	169 
20260	1384 
20261	765 
20262	1383 
20263	1045 
20264	958 
20265	2 
20266	1359 
20267	319 
20268	1547 
20269	308 
20270	954 
20271	77 
20272	470 
20273	568 
20274	1412 
20275	910 
20276	1123 
20277	1783 
20278	10 
20279	1529 
20280	146 
20281	175 
20282	605 
20283	564 
20284	1360 
20285	502 
20286	78 
20287	452 
20288	805 
20289	963 
20290	715 
20291	1696 
20292	544 
20293	1468 
20294	540 
20295	1208 
20296	1611 
20297	661 
20298	1678 
20299	739 
20300	1821 
20301	831 
20302	82 
20303	109 
20304	782 
20305	939 
20306	1638 
20307	972 
20308	750 
20309	879 
20310	49 
20311	1627 
20312	892 
20313	370 
20314	1052 
20315	1471 
20316	944 
20317	1746 
20318	91 
20319	1677 
20320	556 
20321	522 
20322	1465 
20323	1374 
20324	1769 
20325	537 
20326	120 
20327	1436 
20328	1258 
20329	919 
20330	1170 
20331	660 
20332	1277 
20333	202 
20334	565 
20335	165 
20336	1515 
20337	1116 
20338	1746 
20339	1278 
20340	1347 
20341	598 
20342	1216 
20343	1758 
20344	922 
20345	1527 
20346	1194 
20347	564 
20348	1694 
20349	703 
20350	109 
20351	1346 
20352	1814 
20353	900 
20354	1694 
20355	821 
20356	706 
20357	1258 
20358	262 
20359	1578 
20360	582 
20361	147 
20362	383 
20363	1807 
20364	1401 
20365	1407 
20366	25 
20367	1760 
20368	545 
20369	672 
20370	1023 
20371	1823 
20372	1400 
20373	321 
20374	892 
20375	598 
20376	665 
20377	1242 
20378	1369 
20379	709 
20380	1672 
20381	267 
20382	1314 
20383	1748 
20384	138 
20385	827 
20386	920 
20387	1114 
20388	765 
20389	1772 
20390	1293 
20391	1251 
20392	238 
20393	1528 
20394	1490 
20395	617 
20396	966 
20397	1109 
20398	424 
20399	290 
20400	801 
20401	1532 
20402	763 
20403	416 
20404	1606 
20405	40 
20406	1027 
20407	1579 
20408	733 
20409	1465 
20410	76 
20411	893 
20412	119 
20413	146 
20414	146 
20415	829 
20416	597 
20417	1060 
20418	407 
20419	156 
20420	344 
20421	404 
20422	1030 
20423	299 
20424	402 
20425	1071 
20426	592 
20427	388 
20428	308 
20429	42 
20430	927 
20431	462 
20432	1341 
20433	70 
20434	358 
20435	1450 
20436	1654 
20437	1402 
20438	765 
20439	316 
20440	1025 
20441	495 
20442	204 
20443	1495 
20444	1128 
20445	832 
20446	893 
20447	32 
20448	1541 
20449	1677 
20450	56 
20451	558 
20452	1332 
20453	1042 
20454	758 
20455	638 
20456	222 
20457	275 
20458	476 
20459	1662 
20460	499 
20461	818 
20462	1789 
20463	146 
20464	863 
20465	889 
20466	1490 
20467	1765 
20468	700 
20469	397 
20470	1750 
20471	1503 
20472	143 
20473	452 
20474	118 
20475	946 
20476	1486 
20477	922 
20478	118 
20479	1648 
20480	1682 
20481	415 
20482	1589 
20483	620 
20484	1283 
20485	1005 
20486	989 
20487	1036 
20488	1838 
20489	1162 
20490	75 
20491	1188 
20492	1367 
20493	1339 
20494	373 
20495	456 
20496	1765 
20497	1489 
20498	1731 
20499	1445 
20500	917 
20501	946 
20502	119 
20503	1223 
20504	1771 
20505	998 
20506	432 
20507	840 
20508	120 
20509	1078 
20510	679 
20511	941 
20512	1777 
20513	1235 
20514	1625 
20515	1070 
20516	998 
20517	171 
20518	616 
20519	1821 
20520	71 
20521	531 
20522	565 
20523	952 
20524	6 
20525	1152 
20526	411 
20527	318 
20528	1532 
20529	1039 
20530	32 
20531	553 
20532	1453 
20533	593 
20534	202 
20535	836 
20536	26 
20537	1399 
20538	1222 
20539	1362 
20540	971 
20541	444 
20542	1515 
20543	1663 
20544	48 
20545	211 
20546	807 
20547	1221 
20548	515 
20549	519 
20550	565 
20551	767 
20552	1515 
20553	864 
20554	1063 
20555	1434 
20556	1034 
20557	942 
20558	1336 
20559	1334 
20560	1601 
20561	165 
20562	219 
20563	1297 
20564	1318 
20565	1778 
20566	644 
20567	1243 
20568	1267 
20569	55 
20570	931 
20571	1409 
20572	408 
20573	1205 
20574	1300 
20575	72 
20576	216 
20577	1589 
20578	1705 
20579	1260 
20580	1539 
20581	1091 
20582	1341 
20583	218 
20584	125 
20585	1308 
20586	48 
20587	14 
20588	1701 
20589	1146 
20590	1597 
20591	1825 
20592	1845 
20593	311 
20594	960 
20595	1040 
20596	373 
20597	1348 
20598	444 
20599	950 
20600	227 
20601	1143 
20602	827 
20603	1028 
20604	66 
20605	1362 
20606	715 
20607	1212 
20608	807 
20609	1386 
20610	911 
20611	554 
20612	179 
20613	1774 
20614	1471 
20615	946 
20616	1348 
20617	1758 
20618	1331 
20619	842 
20620	285 
20621	1840 
20622	1812 
20623	1083 
20624	1649 
20625	944 
20626	1525 
20627	609 
20628	459 
20629	1153 
20630	211 
20631	104 
20632	1072 
20633	444 
20634	322 
20635	61 
20636	947 
20637	1287 
20638	410 
20639	1568 
20640	788 
20641	397 
20642	1601 
20643	1792 
20644	98 
20645	292 
20646	258 
20647	779 
20648	214 
20649	1218 
20650	568 
20651	1395 
20652	1578 
20653	331 
20654	242 
20655	402 
20656	1074 
20657	499 
20658	440 
20659	1708 
20660	834 
20661	1379 
20662	1801 
20663	1758 
20664	681 
20665	1073 
20666	586 
20667	612 
20668	582 
20669	482 
20670	989 
20671	906 
20672	1606 
20673	553 
20674	44 
20675	1220 
20676	709 
20677	783 
20678	1082 
20679	1369 
20680	1729 
20681	1828 
20682	1190 
20683	706 
20684	1661 
20685	1643 
20686	919 
20687	1427 
20688	946 
20689	1609 
20690	367 
20691	1517 
20692	1147 
20693	1527 
20694	1352 
20695	474 
20696	1670 
20697	927 
20698	22 
20699	1114 
20700	1421 
20701	200 
20702	1033 
20703	653 
20704	377 
20705	994 
20706	804 
20707	1005 
20708	786 
20709	1319 
20710	535 
20711	486 
20712	645 
20713	1410 
20714	1838 
20715	66 
20716	1360 
20717	84 
20718	1236 
20719	1281 
20720	1112 
20721	56 
20722	561 
20723	126 
20724	51 
20725	1647 
20726	1153 
20727	420 
20728	598 
20729	1614 
20730	808 
20731	446 
20732	576 
20733	906 
20734	829 
20735	1143 
20736	1192 
20737	80 
20738	1218 
20739	637 
20740	492 
20741	1482 
20742	908 
20743	447 
20744	996 
20745	1394 
20746	636 
20747	1089 
20748	297 
20749	513 
20750	1755 
20751	1332 
20752	587 
20753	1254 
20754	1128 
20755	974 
20756	1238 
20757	1514 
20758	858 
20759	371 
20760	1198 
20761	1338 
20762	394 
20763	1437 
20764	815 
20765	169 
20766	138 
20767	757 
20768	1069 
20769	230 
20770	650 
20771	510 
20772	1359 
20773	1775 
20774	1840 
20775	331 
20776	1729 
20777	1505 
20778	907 
20779	266 
20780	360 
20781	1226 
20782	1527 
20783	1502 
20784	1050 
20785	1362 
20786	416 
20787	1379 
20788	1381 
20789	1369 
20790	1643 
20791	540 
20792	1421 
20793	796 
20794	199 
20795	1609 
20796	202 
20797	1630 
20798	101 
20799	675 
20800	15 
20801	24 
20802	974 
20803	689 
20804	1680 
20805	805 
20806	1807 
20807	398 
20808	1348 
20809	1734 
20810	1607 
20811	486 
20812	61 
20813	918 
20814	1300 
20815	493 
20816	1798 
20817	747 
20818	179 
20819	869 
20820	1118 
20821	123 
20822	1002 
20823	892 
20824	1833 
20825	1842 
20826	1768 
20827	579 
20828	760 
20829	1001 
20830	1505 
20831	163 
20832	1836 
20833	1337 
20834	1689 
20835	1578 
20836	1722 
20837	1328 
20838	1073 
20839	416 
20840	299 
20841	1802 
20842	542 
20843	876 
20844	1614 
20845	1080 
20846	356 
20847	1308 
20848	59 
20849	1120 
20850	424 
20851	617 
20852	976 
20853	232 
20854	57 
20855	1662 
20856	907 
20857	918 
20858	1520 
20859	983 
20860	1273 
20861	1789 
20862	131 
20863	1212 
20864	1718 
20865	686 
20866	22 
20867	1427 
20868	1167 
20869	608 
20870	372 
20871	239 
20872	1226 
20873	1268 
20874	1473 
20875	1533 
20876	1030 
20877	877 
20878	1337 
20879	35 
20880	489 
20881	1849 
20882	296 
20883	28 
20884	1420 
20885	334 
20886	93 
20887	1258 
20888	155 
20889	30 
20890	1751 
20891	1286 
20892	884 
20893	806 
20894	451 
20895	1836 
20896	798 
20897	93 
20898	921 
20899	1286 
20900	430 
20901	334 
20902	1320 
20903	947 
20904	1503 
20905	701 
20906	466 
20907	445 
20908	1208 
20909	952 
20910	1359 
20911	161 
20912	533 
20913	985 
20914	556 
20915	1326 
20916	1083 
20917	1229 
20918	490 
20919	550 
20920	47 
20921	21 
20922	131 
20923	624 
20924	1561 
20925	814 
20926	805 
20927	282 
20928	829 
20929	1502 
20930	42 
20931	1065 
20932	74 
20933	892 
20934	1040 
20935	820 
20936	111 
20937	1292 
20938	646 
20939	376 
20940	280 
20941	1255 
20942	1621 
20943	894 
20944	599 
20945	1443 
20946	19 
20947	974 
20948	16 
20949	818 
20950	1451 
20951	84 
20952	1336 
20953	866 
20954	1827 
20955	775 
20956	216 
20957	762 
20958	22 
20959	243 
20960	643 
20961	520 
20962	1524 
20963	1733 
20964	56 
20965	377 
20966	225 
20967	92 
20968	611 
20969	1335 
20970	868 
20971	540 
20972	1230 
20973	877 
20974	321 
20975	1369 
20976	1004 
20977	14 
20978	1571 
20979	1471 
20980	1217 
20981	1546 
20982	481 
20983	373 
20984	299 
20985	946 
20986	1758 
20987	1073 
20988	1221 
20989	923 
20990	1398 
20991	148 
20992	1598 
20993	737 
20994	1030 
20995	274 
20996	990 
20997	1367 
20998	642 
20999	1308 
21000	1025 
21001	1222 
21002	71 
21003	1456 
21004	1650 
21005	1194 
21006	231 
21007	1266 
21008	920 
21009	1482 
21010	342 
21011	1801 
21012	503 
21013	391 
21014	69 
21015	434 
21016	307 
21017	865 
21018	1642 
21019	272 
21020	314 
21021	430 
21022	568 
21023	509 
21024	233 
21025	788 
21026	843 
21027	908 
21028	373 
21029	1365 
21030	1353 
21031	1411 
21032	330 
21033	1445 
21034	1713 
21035	976 
21036	559 
21037	154 
21038	446 
21039	365 
21040	1163 
21041	268 
21042	908 
21043	1692 
21044	303 
21045	421 
21046	603 
21047	137 
21048	491 
21049	57 
21050	493 
21051	99 
21052	1485 
21053	1292 
21054	1318 
21055	29 
21056	1389 
21057	1527 
21058	36 
21059	1114 
21060	1782 
21061	1751 
21062	862 
21063	1578 
21064	1143 
21065	377 
21066	1304 
21067	981 
21068	216 
21069	829 
21070	1838 
21071	646 
21072	715 
21073	367 
21074	981 
21075	753 
21076	672 
21077	1610 
21078	237 
21079	819 
21080	1155 
21081	172 
21082	1615 
21083	289 
21084	886 
21085	1267 
21086	94 
21087	1650 
21088	1513 
21089	1630 
21090	331 
21091	1436 
21092	1331 
21093	1810 
21094	1233 
21095	1798 
21096	1418 
21097	409 
21098	1744 
21099	703 
21100	1017 
21101	1367 
21102	1112 
21103	1177 
21104	1120 
21105	1480 
21106	599 
21107	1524 
21108	579 
21109	150 
21110	901 
21111	915 
21112	1813 
21113	308 
21114	938 
21115	1628 
21116	1596 
21117	912 
21118	98 
21119	1352 
21120	1110 
21121	780 
21122	1533 
21123	335 
21124	1052 
21125	404 
21126	466 
21127	135 
21128	619 
21129	1222 
21130	183 
21131	413 
21132	234 
21133	773 
21134	1669 
21135	1161 
21136	1574 
21137	1465 
21138	382 
21139	1183 
21140	1038 
21141	1367 
21142	153 
21143	1838 
21144	1421 
21145	1341 
21146	681 
21147	322 
21148	1650 
21149	1285 
21150	1544 
21151	98 
21152	482 
21153	944 
21154	1514 
21155	62 
21156	224 
21157	443 
21158	1124 
21159	1700 
21160	1073 
21161	992 
21162	1045 
21163	993 
21164	1721 
21165	1527 
21166	496 
21167	659 
21168	1625 
21169	1391 
21170	1091 
21171	1145 
21172	1777 
21173	126 
21174	842 
21175	493 
21176	464 
21177	1788 
21178	545 
21179	1016 
21180	377 
21181	672 
21182	1404 
21183	1400 
21184	1383 
21185	579 
21186	1457 
21187	217 
21188	850 
21189	931 
21190	1594 
21191	1721 
21192	1471 
21193	557 
21194	1412 
21195	1332 
21196	22 
21197	1568 
21198	1327 
21199	1415 
21200	256 
21201	1599 
21202	1653 
21203	1726 
21204	695 
21205	1183 
21206	274 
21207	1418 
21208	1073 
21209	446 
21210	757 
21211	996 
21212	864 
21213	1042 
21214	921 
21215	523 
21216	715 
21217	197 
21218	1725 
21219	1576 
21220	1291 
21221	131 
21222	373 
21223	1726 
21224	1145 
21225	1381 
21226	212 
21227	527 
21228	402 
21229	1380 
21230	209 
21231	558 
21232	117 
21233	227 
21234	1486 
21235	598 
21236	1374 
21237	1273 
21238	203 
21239	1781 
21240	1073 
21241	1222 
21242	128 
21243	1274 
21244	1212 
21245	691 
21246	391 
21247	931 
21248	374 
21249	1672 
21250	1141 
21251	182 
21252	1401 
21253	1264 
21254	1638 
21255	227 
21256	346 
21257	61 
21258	580 
21259	492 
21260	913 
21261	1263 
21262	747 
21263	814 
21264	1048 
21265	693 
21266	1804 
21267	412 
21268	1685 
21269	383 
21270	115 
21271	1019 
21272	376 
21273	1502 
21274	204 
21275	601 
21276	1160 
21277	1438 
21278	1389 
21279	1333 
21280	568 
21281	156 
21282	425 
21283	1194 
21284	1317 
21285	150 
21286	839 
21287	1229 
21288	731 
21289	1091 
21290	1817 
21291	520 
21292	1292 
21293	253 
21294	1692 
21295	1550 
21296	1307 
21297	1800 
21298	895 
21299	1632 
21300	1508 
21301	789 
21302	807 
21303	1040 
21304	147 
21305	1221 
21306	262 
21307	1743 
21308	1341 
21309	485 
21310	1492 
21311	1568 
21312	204 
21313	303 
21314	1091 
21315	1090 
21316	1365 
21317	818 
21318	1080 
21319	278 
21320	70 
21321	1321 
21322	1400 
21323	1609 
21324	1245 
21325	796 
21326	876 
21327	1048 
21328	357 
21329	373 
21330	1635 
21331	71 
21332	377 
21333	1561 
21334	285 
21335	1237 
21336	925 
21337	1048 
21338	99 
21339	1064 
21340	632 
21341	1278 
21342	1246 
21343	962 
21344	24 
21345	336 
21346	841 
21347	540 
21348	1289 
21349	1313 
21350	731 
21351	1482 
21352	1722 
21353	1525 
21354	444 
21355	612 
21356	1226 
21357	1332 
21358	861 
21359	1212 
21360	1630 
21361	1112 
21362	829 
21363	211 
21364	777 
21365	285 
21366	835 
21367	1120 
21368	1208 
21369	1702 
21370	993 
21371	1104 
21372	748 
21373	182 
21374	469 
21375	682 
21376	1024 
21377	202 
21378	1085 
21379	1264 
21380	754 
21381	455 
21382	1192 
21383	573 
21384	1253 
21385	819 
21386	609 
21387	327 
21388	622 
21389	1721 
21390	1351 
21391	983 
21392	556 
21393	1753 
21394	1404 
21395	845 
21396	267 
21397	1098 
21398	655 
21399	429 
21400	1814 
21401	1188 
21402	1080 
21403	286 
21404	1610 
21405	1037 
21406	645 
21407	564 
21408	398 
21409	73 
21410	211 
21411	565 
21412	645 
21413	1438 
21414	886 
21415	1106 
21416	1525 
21417	444 
21418	1778 
21419	1191 
21420	733 
21421	625 
21422	819 
21423	1376 
21424	881 
21425	618 
21426	1362 
21427	1798 
21428	470 
21429	266 
21430	806 
21431	823 
21432	386 
21433	968 
21434	446 
21435	1070 
21436	1080 
21437	724 
21438	179 
21439	576 
21440	1726 
21441	383 
21442	180 
21443	383 
21444	1639 
21445	1441 
21446	91 
21447	1684 
21448	441 
21449	130 
21450	322 
21451	1762 
21452	665 
21453	930 
21454	1128 
21455	1632 
21456	1527 
21457	1062 
21458	277 
21459	490 
21460	911 
21461	826 
21462	444 
21463	1579 
21464	1283 
21465	974 
21466	1272 
21467	883 
21468	723 
21469	1027 
21470	1274 
21471	573 
21472	1157 
21473	686 
21474	491 
21475	1019 
21476	1857 
21477	1325 
21478	1480 
21479	1212 
21480	650 
21481	1068 
21482	1453 
21483	701 
21484	1101 
21485	598 
21486	1684 
21487	626 
21488	1801 
21489	1212 
21490	1776 
21491	1647 
21492	128 
21493	1817 
21494	531 
21495	274 
21496	718 
21497	1218 
21498	950 
21499	1850 
21500	516 
21501	1379 
21502	1028 
21503	1212 
21504	449 
21505	56 
21506	1490 
21507	19 
21508	998 
21509	1515 
21510	153 
21511	1402 
21512	1092 
21513	842 
21514	1274 
21515	893 
21516	1313 
21517	41 
21518	698 
21519	472 
21520	1502 
21521	1210 
21522	29 
21523	1775 
21524	1264 
21525	706 
21526	533 
21527	1632 
21528	259 
21529	1108 
21530	920 
21531	493 
21532	1751 
21533	1228 
21534	356 
21535	1426 
21536	1808 
21537	998 
21538	1828 
21539	339 
21540	1528 
21541	1197 
21542	1290 
21543	1655 
21544	120 
21545	1618 
21546	1778 
21547	709 
21548	811 
21549	693 
21550	915 
21551	1048 
21552	544 
21553	1056 
21554	469 
21555	556 
21556	70 
21557	465 
21558	551 
21559	382 
21560	924 
21561	519 
21562	1283 
21563	356 
21564	1322 
21565	155 
21566	939 
21567	1812 
21568	331 
21569	493 
21570	843 
21571	1321 
21572	1585 
21573	1091 
21574	1610 
21575	1374 
21576	1496 
21577	1676 
21578	1060 
21579	1203 
21580	1064 
21581	996 
21582	1086 
21583	1314 
21584	75 
21585	835 
21586	1751 
21587	1177 
21588	217 
21589	650 
21590	77 
21591	130 
21592	1285 
21593	1609 
21594	993 
21595	1497 
21596	1683 
21597	372 
21598	1362 
21599	1368 
21600	42 
21601	258 
21602	1427 
21603	1816 
21604	574 
21605	1350 
21606	639 
21607	51 
21608	1423 
21609	409 
21610	1712 
21611	1713 
21612	1250 
21613	903 
21614	701 
21615	470 
21616	529 
21617	229 
21618	789 
21619	1381 
21620	1635 
21621	1337 
21622	1581 
21623	641 
21624	904 
21625	809 
21626	1194 
21627	429 
21628	1779 
21629	788 
21630	1647 
21631	1496 
21632	643 
21633	1640 
21634	89 
21635	1384 
21636	556 
21637	81 
21638	63 
21639	1677 
21640	984 
21641	1444 
21642	508 
21643	363 
21644	906 
21645	163 
21646	814 
21647	412 
21648	1502 
21649	1131 
21650	1282 
21651	596 
21652	1702 
21653	818 
21654	1018 
21655	217 
21656	1311 
21657	462 
21658	1804 
21659	1689 
21660	1322 
21661	353 
21662	354 
21663	1321 
21664	1560 
21665	344 
21666	543 
21667	892 
21668	657 
21669	1290 
21670	184 
21671	126 
21672	1266 
21673	602 
21674	1689 
21675	535 
21676	543 
21677	58 
21678	361 
21679	1775 
21680	153 
21681	910 
21682	1701 
21683	853 
21684	1597 
21685	70 
21686	1236 
21687	292 
21688	604 
21689	1052 
21690	1554 
21691	1161 
21692	1755 
21693	983 
21694	863 
21695	744 
21696	540 
21697	596 
21698	698 
21699	1807 
21700	829 
21701	137 
21702	446 
21703	946 
21704	596 
21705	1217 
21706	958 
21707	1143 
21708	227 
21709	327 
21710	766 
21711	270 
21712	1484 
21713	250 
21714	1035 
21715	80 
21716	1133 
21717	1616 
21718	391 
21719	322 
21720	1380 
21721	1835 
21722	698 
21723	406 
21724	1322 
21725	983 
21726	578 
21727	1434 
21728	420 
21729	1412 
21730	628 
21731	1445 
21732	201 
21733	1635 
21734	954 
21735	182 
21736	1374 
21737	364 
21738	248 
21739	695 
21740	1140 
21741	1376 
21742	277 
21743	1480 
21744	255 
21745	1825 
21746	1548 
21747	449 
21748	691 
21749	1358 
21750	1078 
21751	276 
21752	258 
21753	1152 
21754	1403 
21755	1167 
21756	411 
21757	78 
21758	1548 
21759	959 
21760	743 
21761	1726 
21762	840 
21763	366 
21764	35 
21765	380 
21766	506 
21767	1720 
21768	1335 
21769	919 
21770	1010 
21771	1833 
21772	1079 
21773	396 
21774	1282 
21775	1021 
21776	692 
21777	1140 
21778	1332 
21779	1670 
21780	906 
21781	946 
21782	1662 
21783	1821 
21784	1052 
21785	904 
21786	635 
21787	259 
21788	1506 
21789	1835 
21790	1623 
21791	1535 
21792	128 
21793	369 
21794	1384 
21795	1272 
21796	1286 
21797	1258 
21798	567 
21799	52 
21800	397 
21801	349 
21802	67 
21803	525 
21804	469 
21805	804 
21806	1006 
21807	920 
21808	1173 
21809	1332 
21810	212 
21811	1537 
21812	203 
21813	322 
21814	1139 
21815	76 
21816	284 
21817	557 
21818	724 
21819	105 
21820	1705 
21821	497 
21822	1688 
21823	1707 
21824	772 
21825	6 
21826	1310 
21827	1806 
21828	1162 
21829	871 
21830	999 
21831	1209 
21832	313 
21833	1120 
21834	1518 
21835	383 
21836	554 
21837	91 
21838	897 
21839	1110 
21840	257 
21841	308 
21842	448 
21843	114 
21844	1300 
21845	1256 
21846	699 
21847	1086 
21848	164 
21849	105 
21850	302 
21851	1763 
21852	1781 
21853	692 
21854	1524 
21855	1214 
21856	967 
21857	410 
21858	1091 
21859	292 
21860	1317 
21861	557 
21862	170 
21863	65 
21864	553 
21865	71 
21866	1515 
21867	804 
21868	983 
21869	1344 
21870	1630 
21871	1525 
21872	943 
21873	1743 
21874	1165 
21875	227 
21876	1202 
21877	161 
21878	1468 
21879	824 
21880	100 
21881	1724 
21882	596 
21883	1496 
21884	835 
21885	330 
21886	1074 
21887	481 
21888	1850 
21889	880 
21890	176 
21891	246 
21892	1658 
21893	677 
21894	1001 
21895	105 
21896	545 
21897	829 
21898	858 
21899	1425 
21900	1221 
21901	1699 
21902	799 
21903	1819 
21904	299 
21905	1639 
21906	550 
21907	1029 
21908	1730 
21909	482 
21910	385 
21911	298 
21912	1043 
21913	1592 
21914	1129 
21915	1760 
21916	954 
21917	1210 
21918	920 
21919	137 
21920	1528 
21921	1696 
21922	1263 
21923	1469 
21924	946 
21925	629 
21926	1025 
21927	658 
21928	1379 
21929	1322 
21930	1640 
21931	378 
21932	1469 
21933	332 
21934	208 
21935	502 
21936	334 
21937	1377 
21938	1003 
21939	1413 
21940	768 
21941	344 
21942	211 
21943	826 
21944	1016 
21945	1269 
21946	871 
21947	1774 
21948	1305 
21949	108 
21950	1601 
21951	1143 
21952	414 
21953	247 
21954	540 
21955	806 
21956	857 
21957	296 
21958	1340 
21959	397 
21960	226 
21961	391 
21962	772 
21963	322 
21964	939 
21965	1481 
21966	490 
21967	1629 
21968	1748 
21969	175 
21970	1365 
21971	845 
21972	672 
21973	1272 
21974	646 
21975	670 
21976	1514 
21977	530 
21978	1358 
21979	1189 
21980	1836 
21981	646 
21982	1291 
21983	1704 
21984	1643 
21985	22 
21986	556 
21987	1291 
21988	1296 
21989	390 
21990	1695 
21991	851 
21992	569 
21993	164 
21994	406 
21995	1384 
21996	876 
21997	989 
21998	1213 
21999	1760 
22000	384 
22001	1277 
22002	758 
22003	1726 
22004	22 
22005	964 
22006	152 
22007	161 
22008	1529 
22009	1449 
22010	1790 
22011	1308 
22012	1663 
22013	1671 
22014	1786 
22015	974 
22016	36 
22017	1589 
22018	530 
22019	550 
22020	1449 
22021	1331 
22022	1566 
22023	1503 
22024	242 
22025	758 
22026	230 
22027	1611 
22028	808 
22029	1163 
22030	262 
22031	826 
22032	1653 
22033	1516 
22034	1828 
22035	81 
22036	285 
22037	1832 
22038	493 
22039	1238 
22040	420 
22041	1141 
22042	698 
22043	1241 
22044	487 
22045	461 
22046	561 
22047	1226 
22048	748 
22049	232 
22050	259 
22051	444 
22052	1782 
22053	388 
22054	1503 
22055	273 
22056	901 
22057	1779 
22058	107 
22059	1138 
22060	904 
22061	1503 
22062	1508 
22063	1132 
22064	281 
22065	886 
22066	457 
22067	1815 
22068	894 
22069	1778 
22070	1578 
22071	742 
22072	61 
22073	1596 
22074	491 
22075	1035 
22076	994 
22077	1648 
22078	1574 
22079	259 
22080	51 
22081	436 
22082	1450 
22083	334 
22084	227 
22085	733 
22086	982 
22087	1818 
22088	1721 
22089	1696 
22090	1725 
22091	525 
22092	906 
22093	703 
22094	345 
22095	1064 
22096	952 
22097	817 
22098	923 
22099	890 
22100	777 
22101	733 
22102	1213 
22103	409 
22104	1221 
22105	1246 
22106	1760 
22107	308 
22108	845 
22109	82 
22110	1482 
22111	451 
22112	838 
22113	499 
22114	1814 
22115	1438 
22116	298 
22117	282 
22118	620 
22119	1618 
22120	1503 
22121	220 
22122	1774 
22123	546 
22124	893 
22125	556 
22126	1661 
22127	168 
22128	1644 
22129	563 
22130	1141 
22131	258 
22132	129 
22133	1264 
22134	152 
22135	456 
22136	1629 
22137	234 
22138	1500 
22139	1254 
22140	921 
22141	1562 
22142	344 
22143	1168 
22144	579 
22145	1337 
22146	764 
22147	1126 
22148	815 
22149	130 
22150	174 
22151	1010 
22152	1101 
22153	908 
22154	1821 
22155	1049 
22156	1727 
22157	200 
22158	359 
22159	1851 
22160	1412 
22161	856 
22162	1262 
22163	1071 
22164	1810 
22165	1838 
22166	1336 
22167	1845 
22168	1828 
22169	1557 
22170	1311 
22171	1806 
22172	259 
22173	1080 
22174	888 
22175	1309 
22176	1264 
22177	946 
22178	1528 
22179	731 
22180	1442 
22181	32 
22182	1039 
22183	4 
22184	1364 
22185	1266 
22186	1523 
22187	1207 
22188	1792 
22189	911 
22190	1531 
22191	1772 
22192	1502 
22193	209 
22194	754 
22195	692 
22196	1203 
22197	478 
22198	911 
22199	480 
22200	1682 
22201	591 
22202	1688 
22203	1609 
22204	448 
22205	769 
22206	371 
22207	816 
22208	1179 
22209	1692 
22210	1143 
22211	105 
22212	1660 
22213	617 
22214	1038 
22215	1222 
22216	1109 
22217	1010 
22218	1753 
22219	490 
22220	438 
22221	852 
22222	1539 
22223	266 
22224	499 
22225	435 
22226	1052 
22227	1763 
22228	989 
22229	1502 
22230	424 
22231	782 
22232	694 
22233	1648 
22234	6 
22235	1355 
22236	1202 
22237	525 
22238	1735 
22239	129 
22240	1271 
22241	1527 
22242	1807 
22243	1029 
22244	1049 
22245	1833 
22246	1313 
22247	1446 
22248	174 
22249	535 
22250	545 
22251	561 
22252	1262 
22253	1583 
22254	1173 
22255	885 
22256	142 
22257	661 
22258	498 
22259	1798 
22260	1643 
22261	1109 
22262	723 
22263	13 
22264	525 
22265	1831 
22266	1612 
22267	1289 
22268	886 
22269	135 
22270	1026 
22271	1262 
22272	1254 
22273	1778 
22274	614 
22275	308 
22276	985 
22277	98 
22278	1315 
22279	912 
22280	1268 
22281	1526 
22282	272 
22283	108 
22284	146 
22285	1336 
22286	1614 
22287	1208 
22288	1845 
22289	596 
22290	1324 
22291	499 
22292	1630 
22293	1527 
22294	772 
22295	782 
22296	1603 
22297	56 
22298	6 
22299	112 
22300	1560 
22301	1338 
22302	14 
22303	878 
22304	784 
22305	119 
22306	1289 
22307	462 
22308	10 
22309	464 
22310	1360 
22311	1807 
22312	1019 
22313	363 
22314	1260 
22315	247 
22316	727 
22317	1188 
22318	1650 
22319	1112 
22320	1121 
22321	1554 
22322	1236 
22323	219 
22324	832 
22325	1395 
22326	1443 
22327	1337 
22328	1625 
22329	353 
22330	242 
22331	709 
22332	699 
22333	1137 
22334	1095 
22335	127 
22336	617 
22337	356 
22338	1612 
22339	358 
22340	703 
22341	296 
22342	989 
22343	51 
22344	1256 
22345	512 
22346	932 
22347	1688 
22348	956 
22349	1404 
22350	527 
22351	8 
22352	1789 
22353	1116 
22354	579 
22355	1283 
22356	473 
22357	311 
22358	1437 
22359	1412 
22360	882 
22361	378 
22362	622 
22363	1712 
22364	1516 
22365	1577 
22366	1368 
22367	623 
22368	1445 
22369	217 
22370	788 
22371	19 
22372	351 
22373	1308 
22374	997 
22375	1760 
22376	387 
22377	764 
22378	70 
22379	258 
22380	1800 
22381	407 
22382	1651 
22383	545 
22384	597 
22385	1055 
22386	713 
22387	1549 
22388	1785 
22389	499 
22390	900 
22391	376 
22392	700 
22393	232 
22394	790 
22395	345 
22396	80 
22397	1128 
22398	871 
22399	1338 
22400	218 
22401	426 
22402	1384 
22403	856 
22404	531 
22405	806 
22406	306 
22407	400 
22408	480 
22409	89 
22410	709 
22411	661 
22412	334 
22413	362 
22414	1277 
22415	1183 
22416	262 
22417	818 
22418	115 
22419	972 
22420	1036 
22421	520 
22422	1724 
22423	1845 
22424	1161 
22425	353 
22426	1418 
22427	234 
22428	61 
22429	633 
22430	351 
22431	435 
22432	411 
22433	953 
22434	1550 
22435	614 
22436	516 
22437	397 
22438	703 
22439	1821 
22440	906 
22441	234 
22442	289 
22443	1263 
22444	660 
22445	1490 
22446	91 
22447	363 
22448	1460 
22449	1192 
22450	1268 
22451	682 
22452	1310 
22453	966 
22454	163 
22455	10 
22456	731 
22457	33 
22458	1677 
22459	342 
22460	1284 
22461	317 
22462	1035 
22463	1689 
22464	217 
22465	560 
22466	1170 
22467	768 
22468	1231 
22469	1400 
22470	1332 
22471	1322 
22472	105 
22473	295 
22474	1578 
22475	291 
22476	889 
22477	145 
22478	662 
22479	734 
22480	1587 
22481	1612 
22482	1236 
22483	814 
22484	248 
22485	661 
22486	758 
22487	602 
22488	1005 
22489	1064 
22490	1701 
22491	1641 
22492	529 
22493	1706 
22494	446 
22495	191 
22496	1329 
22497	1751 
22498	1649 
22499	646 
22500	646 
22501	162 
22502	1576 
22503	554 
22504	1448 
22505	967 
22506	1358 
22507	1617 
22508	398 
22509	698 
22510	1207 
22511	1478 
22512	1333 
22513	162 
22514	1605 
22515	880 
22516	1282 
22517	1718 
22518	749 
22519	906 
22520	920 
22521	205 
22522	1796 
22523	1529 
22524	308 
22525	836 
22526	1071 
22527	172 
22528	94 
22529	105 
22530	941 
22531	1188 
22532	1615 
22533	1849 
22534	1191 
22535	597 
22536	983 
22537	398 
22538	18 
22539	82 
22540	1338 
22541	656 
22542	1004 
22543	514 
22544	1300 
22545	317 
22546	78 
22547	396 
22548	1255 
22549	1523 
22550	22 
22551	342 
22552	19 
22553	1143 
22554	965 
22555	225 
22556	1567 
22557	767 
22558	1806 
22559	338 
22560	1629 
22561	727 
22562	1055 
22563	1236 
22564	90 
22565	565 
22566	1028 
22567	714 
22568	746 
22569	764 
22570	320 
22571	291 
22572	471 
22573	1503 
22574	889 
22575	424 
22576	1378 
22577	1361 
22578	1639 
22579	1813 
22580	36 
22581	900 
22582	1311 
22583	463 
22584	1795 
22585	437 
22586	1773 
22587	98 
22588	1527 
22589	420 
22590	210 
22591	8 
22592	751 
22593	1640 
22594	1326 
22595	1644 
22596	1522 
22597	215 
22598	393 
22599	1028 
22600	258 
22601	1696 
22602	93 
22603	1705 
22604	5 
22605	1679 
22606	1516 
22607	1284 
22608	30 
22609	1513 
22610	56 
22611	482 
22612	377 
22613	1743 
22614	256 
22615	878 
22616	507 
22617	1196 
22618	318 
22619	795 
22620	1245 
22621	904 
22622	1840 
22623	554 
22624	1415 
22625	1614 
22626	541 
22627	614 
22628	1216 
22629	1062 
22630	131 
22631	686 
22632	36 
22633	1409 
22634	553 
22635	1298 
22636	349 
22637	553 
22638	1040 
22639	804 
22640	1696 
22641	1502 
22642	1690 
22643	1131 
22644	1774 
22645	845 
22646	412 
22647	1563 
22648	1426 
22649	333 
22650	1123 
22651	686 
22652	1269 
22653	749 
22654	94 
22655	701 
22656	1218 
22657	1845 
22658	409 
22659	901 
22660	944 
22661	410 
22662	200 
22663	370 
22664	1457 
22665	211 
22666	1774 
22667	1663 
22668	703 
22669	1672 
22670	1265 
22671	145 
22672	785 
22673	668 
22674	1162 
22675	556 
22676	137 
22677	1556 
22678	604 
22679	983 
22680	737 
22681	242 
22682	1384 
22683	452 
22684	380 
22685	493 
22686	735 
22687	1712 
22688	764 
22689	188 
22690	644 
22691	832 
22692	1648 
22693	398 
22694	651 
22695	1480 
22696	253 
22697	1647 
22698	870 
22699	1307 
22700	424 
22701	288 
22702	1073 
22703	1542 
22704	1224 
22705	1835 
22706	1286 
22707	77 
22708	635 
22709	1513 
22710	1140 
22711	887 
22712	1699 
22713	1064 
22714	988 
22715	1264 
22716	303 
22717	871 
22718	1163 
22719	809 
22720	1726 
22721	322 
22722	308 
22723	1531 
22724	1182 
22725	121 
22726	1774 
22727	330 
22728	169 
22729	881 
22730	1390 
22731	1828 
22732	1858 
22733	1546 
22734	1516 
22735	191 
22736	1045 
22737	1814 
22738	334 
22739	1101 
22740	772 
22741	542 
22742	1726 
22743	280 
22744	1680 
22745	1548 
22746	510 
22747	209 
22748	836 
22749	983 
22750	1138 
22751	28 
22752	278 
22753	399 
22754	1527 
22755	1229 
22756	30 
22757	1687 
22758	73 
22759	1686 
22760	480 
22761	696 
22762	1060 
22763	1034 
22764	1153 
22765	55 
22766	199 
22767	731 
22768	451 
22769	315 
22770	818 
22771	191 
22772	1039 
22773	591 
22774	249 
22775	1608 
22776	1698 
22777	1857 
22778	1520 
22779	761 
22780	931 
22781	1325 
22782	723 
22783	1838 
22784	1002 
22785	1218 
22786	726 
22787	1746 
22788	1088 
22789	328 
22790	1633 
22791	73 
22792	984 
22793	345 
22794	1821 
22795	943 
22796	1381 
22797	989 
22798	209 
22799	1153 
22800	240 
22801	879 
22802	938 
22803	726 
22804	525 
22805	1811 
22806	961 
22807	727 
22808	1362 
22809	1322 
22810	751 
22811	194 
22812	1362 
22813	290 
22814	596 
22815	1286 
22816	309 
22817	1256 
22818	650 
22819	698 
22820	729 
22821	87 
22822	994 
22823	868 
22824	407 
22825	994 
22826	493 
22827	935 
22828	761 
22829	1412 
22830	1293 
22831	1263 
22832	1089 
22833	1120 
22834	692 
22835	32 
22836	1774 
22837	1265 
22838	407 
22839	99 
22840	334 
22841	576 
22842	695 
22843	346 
22844	1815 
22845	838 
22846	1753 
22847	51 
22848	800 
22849	434 
22850	1059 
22851	530 
22852	417 
22853	78 
22854	948 
22855	1321 
22856	154 
22857	1775 
22858	487 
22859	1628 
22860	1811 
22861	27 
22862	685 
22863	772 
22864	1467 
22865	292 
22866	1168 
22867	101 
22868	154 
22869	808 
22870	744 
22871	1752 
22872	1257 
22873	335 
22874	94 
22875	1286 
22876	559 
22877	906 
22878	1691 
22879	915 
22880	307 
22881	1344 
22882	661 
22883	1257 
22884	1335 
22885	1150 
22886	1729 
22887	1264 
22888	1755 
22889	733 
22890	1469 
22891	903 
22892	413 
22893	1833 
22894	966 
22895	1560 
22896	1469 
22897	1378 
22898	1088 
22899	807 
22900	1709 
22901	769 
22902	1358 
22903	951 
22904	1655 
22905	77 
22906	1366 
22907	1530 
22908	1427 
22909	927 
22910	398 
22911	1857 
22912	1254 
22913	162 
22914	531 
22915	974 
22916	61 
22917	508 
22918	1033 
22919	554 
22920	179 
22921	1052 
22922	890 
22923	465 
22924	1709 
22925	1179 
22926	1282 
22927	327 
22928	1399 
22929	21 
22930	421 
22931	1358 
22932	245 
22933	1733 
22934	1028 
22935	1388 
22936	1465 
22937	53 
22938	126 
22939	1274 
22940	1579 
22941	1039 
22942	1256 
22943	1827 
22944	282 
22945	1845 
22946	1629 
22947	829 
22948	1653 
22949	1855 
22950	331 
22951	1502 
22952	500 
22953	1044 
22954	1671 
22955	355 
22956	1783 
22957	1694 
22958	404 
22959	1090 
22960	877 
22961	236 
22962	1603 
22963	764 
22964	1693 
22965	154 
22966	1578 
22967	257 
22968	963 
22969	130 
22970	174 
22971	413 
22972	269 
22973	882 
22974	1108 
22975	144 
22976	1217 
22977	1664 
22978	921 
22979	1138 
22980	699 
22981	1386 
22982	346 
22983	1647 
22984	561 
22985	217 
22986	802 
22987	1032 
22988	1580 
22989	1741 
22990	55 
22991	8 
22992	698 
22993	1822 
22994	234 
22995	924 
22996	1710 
22997	1578 
22998	1045 
22999	570 
23000	1454 
23001	481 
23002	302 
23003	1405 
23004	81 
23005	211 
23006	438 
23007	916 
23008	701 
23009	71 
23010	1610 
23011	1141 
23012	1369 
23013	1527 
23014	738 
23015	75 
23016	717 
23017	1150 
23018	1217 
23019	209 
23020	1583 
23021	1498 
23022	495 
23023	1366 
23024	1197 
23025	1215 
23026	155 
23027	145 
23028	788 
23029	1609 
23030	253 
23031	40 
23032	1252 
23033	1539 
23034	481 
23035	939 
23036	553 
23037	490 
23038	1812 
23039	344 
23040	613 
23041	507 
23042	173 
23043	1296 
23044	1527 
23045	1294 
23046	1286 
23047	227 
23048	1139 
23049	1663 
23050	93 
23051	36 
23052	1341 
23053	19 
23054	672 
23055	1539 
23056	1490 
23057	1025 
23058	1514 
23059	1147 
23060	1639 
23061	1328 
23062	1465 
23063	318 
23064	1444 
23065	322 
23066	1104 
23067	487 
23068	1208 
23069	880 
23070	968 
23071	1696 
23072	451 
23073	70 
23074	1821 
23075	1464 
23076	128 
23077	339 
23078	1564 
23079	198 
23080	1131 
23081	1781 
23082	7 
23083	1790 
23084	641 
23085	1652 
23086	738 
23087	1154 
23088	186 
23089	110 
23090	748 
23091	545 
23092	1636 
23093	1337 
23094	220 
23095	850 
23096	20 
23097	1335 
23098	1069 
23099	1589 
23100	1237 
23101	146 
23102	1554 
23103	1119 
23104	1772 
23105	427 
23106	1749 
23107	821 
23108	1468 
23109	367 
23110	1781 
23111	554 
23112	461 
23113	1072 
23114	806 
23115	162 
23116	242 
23117	554 
23118	466 
23119	782 
23120	568 
23121	801 
23122	557 
23123	461 
23124	1363 
23125	1289 
23126	385 
23127	1701 
23128	1369 
23129	315 
23130	749 
23131	1850 
23132	811 
23133	1835 
23134	18 
23135	1062 
23136	941 
23137	1480 
23138	36 
23139	930 
23140	1606 
23141	277 
23142	1656 
23143	1606 
23144	499 
23145	1784 
23146	1193 
23147	773 
23148	1626 
23149	1221 
23150	1327 
23151	377 
23152	1660 
23153	1376 
23154	76 
23155	579 
23156	1831 
23157	1233 
23158	1220 
23159	703 
23160	1114 
23161	466 
23162	1818 
23163	202 
23164	1078 
23165	188 
23166	1640 
23167	672 
23168	1421 
23169	542 
23170	1758 
23171	1423 
23172	715 
23173	7 
23174	221 
23175	967 
23176	380 
23177	199 
23178	1222 
23179	1821 
23180	1040 
23181	1141 
23182	322 
23183	234 
23184	314 
23185	80 
23186	650 
23187	385 
23188	758 
23189	1004 
23190	821 
23191	933 
23192	1677 
23193	898 
23194	1293 
23195	404 
23196	1346 
23197	292 
23198	468 
23199	1797 
23200	151 
23201	509 
23202	47 
23203	342 
23204	1762 
23205	1258 
23206	1336 
23207	1422 
23208	486 
23209	1643 
23210	1208 
23211	1088 
23212	1291 
23213	778 
23214	1207 
23215	1590 
23216	964 
23217	974 
23218	764 
23219	1356 
23220	922 
23221	189 
23222	344 
23223	669 
23224	1150 
23225	1038 
23226	1254 
23227	699 
23228	1193 
23229	907 
23230	813 
23231	985 
23232	835 
23233	1802 
23234	308 
23235	1266 
23236	191 
23237	992 
23238	510 
23239	1780 
23240	1074 
23241	785 
23242	237 
23243	888 
23244	540 
23245	772 
23246	1836 
23247	837 
23248	342 
23249	1482 
23250	853 
23251	1273 
23252	1001 
23253	1124 
23254	13 
23255	1511 
23256	373 
23257	383 
23258	1282 
23259	1628 
23260	1425 
23261	1650 
23262	1692 
23263	67 
23264	1788 
23265	414 
23266	922 
23267	1482 
23268	140 
23269	1112 
23270	114 
23271	662 
23272	595 
23273	1218 
23274	1060 
23275	149 
23276	24 
23277	56 
23278	1789 
23279	1130 
23280	1729 
23281	1298 
23282	258 
23283	908 
23284	1645 
23285	444 
23286	238 
23287	1289 
23288	1755 
23289	587 
23290	1086 
23291	651 
23292	1825 
23293	52 
23294	1197 
23295	1366 
23296	748 
23297	769 
23298	145 
23299	781 
23300	605 
23301	1437 
23302	482 
23303	89 
23304	1284 
23305	1138 
23306	377 
23307	790 
23308	470 
23309	943 
23310	1332 
23311	996 
23312	1645 
23313	435 
23314	1835 
23315	1824 
23316	1662 
23317	744 
23318	383 
23319	222 
23320	217 
23321	1284 
23322	568 
23323	1650 
23324	451 
23325	280 
23326	617 
23327	330 
23328	1492 
23329	1162 
23330	1337 
23331	1238 
23332	931 
23333	1314 
23334	1594 
23335	1753 
23336	1143 
23337	124 
23338	925 
23339	696 
23340	166 
23341	1712 
23342	1017 
23343	229 
23344	773 
23345	1132 
23346	1039 
23347	1773 
23348	893 
23349	1766 
23350	1754 
23351	994 
23352	1158 
23353	739 
23354	70 
23355	1400 
23356	34 
23357	418 
23358	188 
23359	1802 
23360	1071 
23361	1427 
23362	299 
23363	451 
23364	473 
23365	1554 
23366	308 
23367	1273 
23368	558 
23369	754 
23370	1636 
23371	1627 
23372	478 
23373	770 
23374	1493 
23375	709 
23376	1735 
23377	608 
23378	1689 
23379	1855 
23380	1578 
23381	123 
23382	1445 
23383	1756 
23384	1161 
23385	920 
23386	1490 
23387	481 
23388	1515 
23389	560 
23390	671 
23391	1083 
23392	539 
23393	1857 
23394	506 
23395	1709 
23396	892 
23397	650 
23398	829 
23399	1648 
23400	148 
23401	599 
23402	1087 
23403	1207 
23404	420 
23405	289 
23406	1450 
23407	1028 
23408	1666 
23409	1762 
23410	1712 
23411	136 
23412	918 
23413	1524 
23414	1632 
23415	1790 
23416	242 
23417	1757 
23418	906 
23419	744 
23420	772 
23421	482 
23422	829 
23423	307 
23424	617 
23425	930 
23426	818 
23427	1362 
23428	371 
23429	1569 
23430	1394 
23431	535 
23432	1263 
23433	1229 
23434	83 
23435	1300 
23436	1463 
23437	339 
23438	789 
23439	193 
23440	1284 
23441	528 
23442	1352 
23443	1030 
23444	188 
23445	1386 
23446	753 
23447	791 
23448	185 
23449	1679 
23450	1560 
23451	517 
23452	969 
23453	247 
23454	580 
23455	1426 
23456	737 
23457	57 
23458	1282 
23459	363 
23460	1501 
23461	1486 
23462	224 
23463	525 
23464	926 
23465	1421 
23466	970 
23467	1208 
23468	1088 
23469	643 
23470	758 
23471	1583 
23472	1578 
23473	1291 
23474	1784 
23475	145 
23476	1857 
23477	554 
23478	435 
23479	1598 
23480	258 
23481	1706 
23482	1631 
23483	1735 
23484	130 
23485	944 
23486	1326 
23487	1760 
23488	183 
23489	1858 
23490	1650 
23491	1722 
23492	1501 
23493	18 
23494	1236 
23495	592 
23496	1071 
23497	708 
23498	1516 
23499	258 
23500	724 
23501	1487 
23502	848 
23503	680 
23504	1161 
23505	1019 
23506	574 
23507	531 
23508	1385 
23509	1262 
23510	1834 
23511	1021 
23512	74 
23513	1050 
23514	737 
23515	862 
23516	1226 
23517	1454 
23518	1726 
23519	128 
23520	1806 
23521	1083 
23522	730 
23523	404 
23524	383 
23525	1610 
23526	507 
23527	393 
23528	1726 
23529	1562 
23530	1299 
23531	1836 
23532	18 
23533	1836 
23534	175 
23535	1077 
23536	1385 
23537	1107 
23538	1012 
23539	446 
23540	544 
23541	1264 
23542	1707 
23543	1313 
23544	706 
23545	367 
23546	565 
23547	965 
23548	1141 
23549	1344 
23550	238 
23551	461 
23552	966 
23553	216 
23554	122 
23555	1749 
23556	251 
23557	1564 
23558	130 
23559	1141 
23560	838 
23561	1708 
23562	172 
23563	983 
23564	877 
23565	857 
23566	1554 
23567	878 
23568	392 
23569	1518 
23570	968 
23571	411 
23572	842 
23573	355 
23574	1607 
23575	1547 
23576	26 
23577	941 
23578	1646 
23579	70 
23580	1844 
23581	1366 
23582	556 
23583	221 
23584	764 
23585	411 
23586	1477 
23587	173 
23588	783 
23589	417 
23590	1751 
23591	1318 
23592	762 
23593	1762 
23594	1688 
23595	120 
23596	1410 
23597	272 
23598	904 
23599	1027 
23600	443 
23601	20 
23602	855 
23603	509 
23604	1815 
23605	334 
23606	682 
23607	40 
23608	975 
23609	1305 
23610	1270 
23611	254 
23612	835 
23613	1045 
23614	548 
23615	772 
23616	1229 
23617	457 
23618	860 
23619	1822 
23620	1161 
23621	1830 
23622	1596 
23623	415 
23624	106 
23625	1068 
23626	908 
23627	411 
23628	1387 
23629	1263 
23630	893 
23631	1141 
23632	67 
23633	158 
23634	114 
23635	202 
23636	247 
23637	445 
23638	1858 
23639	1007 
23640	247 
23641	1834 
23642	431 
23643	1019 
23644	27 
23645	983 
23646	864 
23647	698 
23648	325 
23649	596 
23650	289 
23651	948 
23652	1814 
23653	1369 
23654	1677 
23655	1126 
23656	1471 
23657	266 
23658	1836 
23659	145 
23660	1794 
23661	900 
23662	374 
23663	735 
23664	1407 
23665	733 
23666	834 
23667	1212 
23668	398 
23669	1119 
23670	10 
23671	1083 
23672	1511 
23673	1760 
23674	992 
23675	598 
23676	400 
23677	752 
23678	1163 
23679	20 
23680	1397 
23681	503 
23682	590 
23683	1602 
23684	526 
23685	1071 
23686	946 
23687	1753 
23688	1410 
23689	146 
23690	907 
23691	1332 
23692	1684 
23693	1429 
23694	1524 
23695	278 
23696	707 
23697	331 
23698	353 
23699	1591 
23700	1217 
23701	1268 
23702	243 
23703	242 
23704	1223 
23705	473 
23706	1192 
23707	328 
23708	1545 
23709	332 
23710	1400 
23711	1486 
23712	814 
23713	1139 
23714	82 
23715	534 
23716	134 
23717	939 
23718	1086 
23719	1781 
23720	256 
23721	728 
23722	1244 
23723	556 
23724	972 
23725	259 
23726	1407 
23727	1384 
23728	319 
23729	1765 
23730	37 
23731	1427 
23732	1700 
23733	1771 
23734	565 
23735	1311 
23736	346 
23737	1746 
23738	1341 
23739	1514 
23740	127 
23741	692 
23742	1238 
23743	1032 
23744	323 
23745	771 
23746	1296 
23747	1767 
23748	1058 
23749	92 
23750	1010 
23751	931 
23752	1384 
23753	1664 
23754	718 
23755	1094 
23756	840 
23757	218 
23758	6 
23759	459 
23760	1028 
23761	1056 
23762	1101 
23763	1335 
23764	1726 
23765	1194 
23766	1567 
23767	145 
23768	442 
23769	904 
23770	1130 
23771	10 
23772	179 
23773	1477 
23774	764 
23775	341 
23776	1835 
23777	1164 
23778	895 
23779	949 
23780	1126 
23781	1720 
23782	782 
23783	709 
23784	256 
23785	969 
23786	652 
23787	122 
23788	740 
23789	568 
23790	1186 
23791	1258 
23792	189 
23793	4 
23794	141 
23795	1091 
23796	762 
23797	1825 
23798	8 
23799	135 
23800	813 
23801	1070 
23802	1142 
23803	270 
23804	620 
23805	1266 
23806	1057 
23807	436 
23808	178 
23809	1486 
23810	748 
23811	773 
23812	778 
23813	974 
23814	1301 
23815	1701 
23816	1082 
23817	499 
23818	788 
23819	1004 
23820	1848 
23821	1718 
23822	234 
23823	1050 
23824	1110 
23825	1099 
23826	320 
23827	336 
23828	24 
23829	154 
23830	560 
23831	1396 
23832	748 
23833	1772 
23834	339 
23835	1640 
23836	577 
23837	461 
23838	325 
23839	1528 
23840	1631 
23841	170 
23842	259 
23843	467 
23844	145 
23845	698 
23846	781 
23847	1297 
23848	171 
23849	1662 
23850	730 
23851	493 
23852	360 
23853	1128 
23854	860 
23855	965 
23856	812 
23857	540 
23858	567 
23859	1045 
23860	1597 
23861	733 
23862	70 
23863	1352 
23864	383 
23865	1835 
23866	1366 
23867	493 
23868	1653 
23869	102 
23870	1391 
23871	1671 
23872	1629 
23873	383 
23874	1352 
23875	466 
23876	863 
23877	1733 
23878	469 
23879	701 
23880	753 
23881	1840 
23882	1335 
23883	1515 
23884	597 
23885	162 
23886	1627 
23887	314 
23888	431 
23889	517 
23890	1313 
23891	1626 
23892	1212 
23893	585 
23894	931 
23895	1369 
23896	1062 
23897	1808 
23898	1841 
23899	996 
23900	962 
23901	99 
23902	774 
23903	656 
23904	529 
23905	373 
23906	625 
23907	931 
23908	545 
23909	927 
23910	785 
23911	1213 
23912	380 
23913	1689 
23914	998 
23915	556 
23916	303 
23917	1011 
23918	1647 
23919	1704 
23920	1656 
23921	954 
23922	1837 
23923	104 
23924	628 
23925	323 
23926	735 
23927	1430 
23928	1256 
23929	1177 
23930	682 
23931	1394 
23932	1429 
23933	1175 
23934	81 
23935	947 
23936	377 
23937	234 
23938	1032 
23939	385 
23940	327 
23941	190 
23942	1385 
23943	1749 
23944	1039 
23945	162 
23946	1286 
23947	904 
23948	1647 
23949	1520 
23950	61 
23951	906 
23952	289 
23953	240 
23954	1190 
23955	1078 
23956	541 
23957	1020 
23958	125 
23959	217 
23960	159 
23961	225 
23962	1130 
23963	144 
23964	1207 
23965	1532 
23966	1356 
23967	805 
23968	230 
23969	172 
23970	112 
23971	410 
23972	1561 
23973	1213 
23974	268 
23975	249 
23976	377 
23977	923 
23978	1701 
23979	881 
23980	563 
23981	1223 
23982	1116 
23983	1084 
23984	901 
23985	1369 
23986	10 
23987	1094 
23988	729 
23989	844 
23990	1728 
23991	686 
23992	338 
23993	1579 
23994	1684 
23995	515 
23996	534 
23997	753 
23998	1528 
23999	1301 
24000	1227 
24001	813 
24002	113 
24003	322 
24004	145 
24005	1386 
24006	1272 
24007	363 
24008	539 
24009	1008 
24010	307 
24011	1102 
24012	928 
24013	1426 
24014	1225 
24015	1643 
24016	921 
24017	692 
24018	193 
24019	259 
24020	1539 
24021	823 
24022	685 
24023	819 
24024	567 
24025	292 
24026	1354 
24027	1236 
24028	1539 
24029	1074 
24030	445 
24031	924 
24032	1 
24033	1810 
24034	1455 
24035	650 
24036	769 
24037	516 
24038	567 
24039	1676 
24040	1130 
24041	1337 
24042	836 
24043	1451 
24044	417 
24045	1286 
24046	901 
24047	1417 
24048	946 
24049	598 
24050	1285 
24051	1194 
24052	497 
24053	145 
24054	783 
24055	744 
24056	1057 
24057	892 
24058	1789 
24059	966 
24060	1835 
24061	1588 
24062	799 
24063	1352 
24064	1597 
24065	415 
24066	1471 
24067	1508 
24068	1579 
24069	304 
24070	596 
24071	1545 
24072	994 
24073	1510 
24074	157 
24075	1193 
24076	693 
24077	789 
24078	1749 
24079	1532 
24080	1218 
24081	1384 
24082	1678 
24083	941 
24084	692 
24085	396 
24086	410 
24087	342 
24088	1689 
24089	1739 
24090	27 
24091	1219 
24092	1318 
24093	1326 
24094	611 
24095	295 
24096	1528 
24097	1806 
24098	1680 
24099	311 
24100	94 
24101	1776 
24102	1840 
24103	171 
24104	1165 
24105	1080 
24106	1578 
24107	89 
24108	470 
24109	448 
24110	806 
24111	568 
24112	1368 
24113	1688 
24114	461 
24115	554 
24116	1607 
24117	1420 
24118	79 
24119	842 
24120	1471 
24121	1068 
24122	1369 
24123	1053 
24124	840 
24125	612 
24126	836 
24127	931 
24128	70 
24129	1056 
24130	1293 
24131	411 
24132	996 
24133	1418 
24134	754 
24135	563 
24136	211 
24137	1212 
24138	456 
24139	1308 
24140	551 
24141	454 
24142	1152 
24143	1451 
24144	1744 
24145	106 
24146	125 
24147	1435 
24148	1419 
24149	1379 
24150	631 
24151	1381 
24152	666 
24153	121 
24154	1226 
24155	503 
24156	391 
24157	860 
24158	1188 
24159	81 
24160	1262 
24161	1147 
24162	1726 
24163	937 
24164	393 
24165	983 
24166	34 
24167	788 
24168	285 
24169	1648 
24170	144 
24171	1092 
24172	6 
24173	1243 
24174	825 
24175	470 
24176	963 
24177	653 
24178	982 
24179	533 
24180	805 
24181	809 
24182	2 
24183	1275 
24184	444 
24185	1664 
24186	145 
24187	1677 
24188	1426 
24189	47 
24190	534 
24191	307 
24192	1614 
24193	489 
24194	556 
24195	752 
24196	304 
24197	1503 
24198	1119 
24199	814 
24200	232 
24201	199 
24202	1799 
24203	211 
24204	1564 
24205	1398 
24206	407 
24207	1468 
24208	1226 
24209	1369 
24210	1663 
24211	673 
24212	158 
24213	1526 
24214	1735 
24215	1801 
24216	1726 
24217	1001 
24218	398 
24219	865 
24220	446 
24221	1312 
24222	1434 
24223	193 
24224	295 
24225	1735 
24226	308 
24227	1025 
24228	518 
24229	738 
24230	1293 
24231	1076 
24232	170 
24233	1587 
24234	1291 
24235	719 
24236	776 
24237	565 
24238	1358 
24239	1545 
24240	1321 
24241	1609 
24242	1425 
24243	791 
24244	633 
24245	440 
24246	179 
24247	1583 
24248	103 
24249	873 
24250	380 
24251	1140 
24252	1850 
24253	1470 
24254	229 
24255	986 
24256	529 
24257	1463 
24258	583 
24259	1527 
24260	1566 
24261	1196 
24262	171 
24263	323 
24264	1273 
24265	420 
24266	1182 
24267	1345 
24268	1639 
24269	1753 
24270	1332 
24271	720 
24272	1759 
24273	33 
24274	1217 
24275	1265 
24276	473 
24277	730 
24278	1490 
24279	433 
24280	411 
24281	739 
24282	1477 
24283	63 
24284	557 
24285	146 
24286	1855 
24287	1126 
24288	482 
24289	527 
24290	1208 
24291	777 
24292	571 
24293	82 
24294	939 
24295	599 
24296	1855 
24297	1191 
24298	577 
24299	1566 
24300	967 
24301	336 
24302	1048 
24303	1801 
24304	1824 
24305	472 
24306	85 
24307	1773 
24308	1619 
24309	557 
24310	1070 
24311	1490 
24312	703 
24313	643 
24314	811 
24315	1632 
24316	1397 
24317	944 
24318	201 
24319	367 
24320	1071 
24321	1153 
24322	203 
24323	950 
24324	1682 
24325	120 
24326	599 
24327	1053 
24328	1379 
24329	1473 
24330	811 
24331	1257 
24332	251 
24333	1516 
24334	1801 
24335	259 
24336	831 
24337	1718 
24338	46 
24339	1316 
24340	1635 
24341	1126 
24342	648 
24343	1214 
24344	303 
24345	813 
24346	410 
24347	673 
24348	510 
24349	160 
24350	326 
24351	318 
24352	1606 
24353	1321 
24354	1153 
24355	497 
24356	1639 
24357	1817 
24358	1773 
24359	292 
24360	1021 
24361	788 
24362	598 
24363	1319 
24364	823 
24365	1426 
24366	63 
24367	1045 
24368	91 
24369	1855 
24370	199 
24371	1269 
24372	1471 
24373	661 
24374	996 
24375	1526 
24376	1533 
24377	1229 
24378	423 
24379	526 
24380	71 
24381	562 
24382	1597 
24383	1071 
24384	222 
24385	1362 
24386	329 
24387	1508 
24388	1102 
24389	543 
24390	1108 
24391	1597 
24392	414 
24393	8 
24394	73 
24395	1338 
24396	1382 
24397	1412 
24398	1595 
24399	1341 
24400	1086 
24401	1376 
24402	554 
24403	692 
24404	764 
24405	1362 
24406	1579 
24407	1438 
24408	784 
24409	1181 
24410	94 
24411	334 
24412	1284 
24413	1721 
24414	1138 
24415	1725 
24416	1269 
24417	9 
24418	142 
24419	1293 
24420	24 
24421	1444 
24422	736 
24423	1760 
24424	1062 
24425	1106 
24426	542 
24427	397 
24428	334 
24429	1258 
24430	1775 
24431	862 
24432	1529 
24433	1356 
24434	631 
24435	1188 
24436	231 
24437	202 
24438	1194 
24439	1316 
24440	631 
24441	701 
24442	834 
24443	1367 
24444	791 
24445	1732 
24446	1825 
24447	903 
24448	315 
24449	473 
24450	1169 
24451	1536 
24452	780 
24453	1301 
24454	216 
24455	670 
24456	1838 
24457	917 
24458	769 
24459	24 
24460	398 
24461	480 
24462	1240 
24463	724 
24464	619 
24465	1293 
24466	1138 
24467	1631 
24468	802 
24469	174 
24470	277 
24471	1438 
24472	1416 
24473	366 
24474	1435 
24475	1335 
24476	454 
24477	1218 
24478	1654 
24479	1540 
24480	1220 
24481	1421 
24482	1087 
24483	921 
24484	1789 
24485	256 
24486	985 
24487	99 
24488	256 
24489	662 
24490	1692 
24491	209 
24492	490 
24493	989 
24494	614 
24495	976 
24496	662 
24497	25 
24498	128 
24499	1286 
24500	1355 
24501	1171 
24502	1362 
24503	1289 
24504	704 
24505	1019 
24506	927 
24507	951 
24508	1825 
24509	1091 
24510	65 
24511	171 
24512	894 
24513	1362 
24514	492 
24515	158 
24516	1511 
24517	380 
24518	1537 
24519	1174 
24520	68 
24521	962 
24522	334 
24523	1035 
24524	33 
24525	1538 
24526	1391 
24527	599 
24528	3 
24529	988 
24530	1726 
24531	1018 
24532	1807 
24533	1581 
24534	1504 
24535	292 
24536	699 
24537	320 
24538	904 
24539	1830 
24540	420 
24541	586 
24542	1798 
24543	829 
24544	842 
24545	284 
24546	470 
24547	1528 
24548	1694 
24549	619 
24550	1282 
24551	755 
24552	1028 
24553	1338 
24554	1603 
24555	1120 
24556	10 
24557	1627 
24558	61 
24559	1227 
24560	723 
24561	1128 
24562	14 
24563	13 
24564	804 
24565	311 
24566	1823 
24567	174 
24568	556 
24569	542 
24570	844 
24571	1769 
24572	860 
24573	477 
24574	709 
24575	1004 
24576	1018 
24577	1628 
24578	481 
24579	1417 
24580	1080 
24581	1669 
24582	385 
24583	597 
24584	608 
24585	424 
24586	1836 
24587	1222 
24588	889 
24589	152 
24590	146 
24591	534 
24592	56 
24593	76 
24594	75 
24595	1021 
24596	1595 
24597	1369 
24598	1264 
24599	1711 
24600	650 
24601	1249 
24602	1317 
24603	1671 
24604	242 
24605	913 
24606	1415 
24607	1517 
24608	1210 
24609	1292 
24610	190 
24611	222 
24612	1647 
24613	611 
24614	1161 
24615	782 
24616	927 
24617	596 
24618	1210 
24619	199 
24620	1659 
24621	1426 
24622	587 
24623	720 
24624	709 
24625	94 
24626	353 
24627	1337 
24628	203 
24629	1039 
24630	354 
24631	793 
24632	1768 
24633	1024 
24634	885 
24635	1336 
24636	1403 
24637	1087 
24638	348 
24639	1609 
24640	73 
24641	1226 
24642	1850 
24643	966 
24644	1632 
24645	1610 
24646	1206 
24647	948 
24648	806 
24649	1037 
24650	1035 
24651	216 
24652	1106 
24653	1486 
24654	1225 
24655	1473 
24656	984 
24657	397 
24658	1112 
24659	277 
24660	1428 
24661	202 
24662	1262 
24663	1417 
24664	1139 
24665	888 
24666	868 
24667	1262 
24668	1055 
24669	808 
24670	886 
24671	303 
24672	57 
24673	1403 
24674	523 
24675	1632 
24676	569 
24677	230 
24678	145 
24679	415 
24680	1256 
24681	1143 
24682	1380 
24683	1448 
24684	196 
24685	911 
24686	1007 
24687	1477 
24688	448 
24689	1115 
24690	551 
24691	1520 
24692	353 
24693	1510 
24694	444 
24695	1200 
24696	1662 
24697	1161 
24698	655 
24699	746 
24700	749 
24701	713 
24702	927 
24703	1194 
24704	1163 
24705	22 
24706	1687 
24707	255 
24708	1296 
24709	646 
24710	910 
24711	771 
24712	990 
24713	150 
24714	832 
24715	1510 
24716	567 
24717	1349 
24718	1540 
24719	76 
24720	133 
24721	1852 
24722	1836 
24723	1541 
24724	422 
24725	396 
24726	190 
24727	797 
24728	1190 
24729	1558 
24730	342 
24731	1420 
24732	1046 
24733	1307 
24734	944 
24735	263 
24736	686 
24737	568 
24738	138 
24739	5 
24740	443 
24741	404 
24742	1170 
24743	749 
24744	904 
24745	535 
24746	865 
24747	930 
24748	1758 
24749	145 
24750	1101 
24751	893 
24752	1083 
24753	946 
24754	3 
24755	706 
24756	1830 
24757	1239 
24758	223 
24759	272 
24760	1613 
24761	1502 
24762	145 
24763	1481 
24764	131 
24765	926 
24766	837 
24767	958 
24768	650 
24769	227 
24770	555 
24771	1327 
24772	71 
24773	362 
24774	408 
24775	375 
24776	1421 
24777	1097 
24778	729 
24779	890 
24780	1400 
24781	821 
24782	1029 
24783	1847 
24784	260 
24785	71 
24786	563 
24787	239 
24788	686 
24789	221 
24790	1694 
24791	48 
24792	257 
24793	1073 
24794	619 
24795	487 
24796	589 
24797	1506 
24798	845 
24799	1482 
24800	262 
24801	222 
24802	634 
24803	386 
24804	1463 
24805	6 
24806	377 
24807	167 
24808	1838 
24809	893 
24810	683 
24811	1266 
24812	419 
24813	980 
24814	1627 
24815	1732 
24816	75 
24817	1091 
24818	1693 
24819	753 
24820	410 
24821	1060 
24822	1069 
24823	405 
24824	1194 
24825	1264 
24826	507 
24827	811 
24828	796 
24829	361 
24830	266 
24831	1750 
24832	217 
24833	367 
24834	1314 
24835	67 
24836	466 
24837	1729 
24838	810 
24839	42 
24840	1378 
24841	913 
24842	444 
24843	129 
24844	360 
24845	1264 
24846	1095 
24847	1563 
24848	1221 
24849	369 
24850	75 
24851	602 
24852	699 
24853	8 
24854	1325 
24855	1503 
24856	1254 
24857	664 
24858	942 
24859	695 
24860	460 
24861	608 
24862	1358 
24863	436 
24864	322 
24865	1758 
24866	857 
24867	48 
24868	209 
24869	1322 
24870	1071 
24871	1635 
24872	1341 
24873	772 
24874	212 
24875	1000 
24876	800 
24877	1810 
24878	1083 
24879	1400 
24880	1524 
24881	854 
24882	1583 
24883	69 
24884	228 
24885	1140 
24886	1807 
24887	1215 
24888	680 
24889	305 
24890	850 
24891	129 
24892	258 
24893	821 
24894	734 
24895	1071 
24896	8 
24897	591 
24898	1819 
24899	448 
24900	177 
24901	428 
24902	911 
24903	730 
24904	1734 
24905	1116 
24906	470 
24907	1164 
24908	1486 
24909	1068 
24910	1019 
24911	703 
24912	1830 
24913	1233 
24914	813 
24915	1286 
24916	1161 
24917	1040 
24918	1836 
24919	482 
24920	444 
24921	373 
24922	1676 
24923	1589 
24924	557 
24925	1824 
24926	644 
24927	1524 
24928	969 
24929	1267 
24930	1467 
24931	1212 
24932	906 
24933	570 
24934	1660 
24935	510 
24936	1728 
24937	296 
24938	804 
24939	729 
24940	186 
24941	1486 
24942	562 
24943	1158 
24944	308 
24945	840 
24946	199 
24947	243 
24948	933 
24949	394 
24950	1263 
24951	401 
24952	57 
24953	661 
24954	1639 
24955	65 
24956	114 
24957	1073 
24958	1342 
24959	539 
24960	929 
24961	1388 
24962	1370 
24963	941 
24964	610 
24965	1176 
24966	1625 
24967	456 
24968	1282 
24969	22 
24970	1432 
24971	308 
24972	18 
24973	3 
24974	122 
24975	146 
24976	586 
24977	1542 
24978	1643 
24979	1511 
24980	1291 
24981	98 
24982	1379 
24983	1664 
24984	767 
24985	735 
24986	436 
24987	1394 
24988	994 
24989	1219 
24990	443 
24991	451 
24992	989 
24993	7 
24994	1235 
24995	1662 
24996	1753 
24997	328 
24998	80 
24999	1649 
25000	61 
25001	120 
25002	272 
25003	1482 
25004	1251 
25005	128 
25006	322 
25007	707 
25008	1006 
25009	1391 
25010	249 
25011	469 
25012	224 
25013	1823 
25014	1537 
25015	731 
25016	1735 
25017	1318 
25018	857 
25019	1589 
25020	804 
25021	67 
25022	1260 
25023	1638 
25024	791 
25025	171 
25026	421 
25027	1293 
25028	569 
25029	1688 
25030	1755 
25031	994 
25032	1223 
25033	1130 
25034	675 
25035	1776 
25036	770 
25037	78 
25038	1420 
25039	1314 
25040	744 
25041	491 
25042	1502 
25043	1358 
25044	448 
25045	269 
25046	1104 
25047	1035 
25048	1528 
25049	1806 
25050	384 
25051	1021 
25052	47 
25053	490 
25054	1345 
25055	52 
25056	637 
25057	748 
25058	1502 
25059	644 
25060	1465 
25061	216 
25062	730 
25063	1778 
25064	1133 
25065	612 
25066	555 
25067	633 
25068	1853 
25069	1836 
25070	764 
25071	318 
25072	908 
25073	445 
25074	1053 
25075	521 
25076	1644 
25077	864 
25078	59 
25079	277 
25080	23 
25081	774 
25082	36 
25083	533 
25084	457 
25085	810 
25086	114 
25087	461 
25088	70 
25089	298 
25090	299 
25091	1664 
25092	1516 
25093	1578 
25094	1469 
25095	1361 
25096	864 
25097	578 
25098	1396 
25099	842 
25100	791 
25101	569 
25102	1287 
25103	1404 
25104	730 
25105	547 
25106	257 
25107	729 
25108	53 
25109	612 
25110	354 
25111	1280 
25112	1346 
25113	388 
25114	1423 
25115	1548 
25116	1117 
25117	791 
25118	932 
25119	842 
25120	772 
25121	983 
25122	367 
25123	651 
25124	1218 
25125	906 
25126	1071 
25127	412 
25128	1643 
25129	933 
25130	1000 
25131	773 
25132	1349 
25133	1396 
25134	1128 
25135	48 
25136	1065 
25137	596 
25138	1011 
25139	1102 
25140	76 
25141	387 
25142	1845 
25143	1367 
25144	658 
25145	1072 
25146	1374 
25147	568 
25148	1226 
25149	825 
25150	113 
25151	1850 
25152	1348 
25153	921 
25154	334 
25155	1773 
25156	1222 
25157	1858 
25158	645 
25159	1647 
25160	1039 
25161	188 
25162	1264 
25163	1671 
25164	1306 
25165	187 
25166	1726 
25167	298 
25168	830 
25169	1000 
25170	164 
25171	8 
25172	1494 
25173	1073 
25174	162 
25175	183 
25176	1401 
25177	115 
25178	692 
25179	1336 
25180	1806 
25181	75 
25182	701 
25183	1075 
25184	811 
25185	698 
25186	1029 
25187	990 
25188	1599 
25189	1801 
25190	1566 
25191	1526 
25192	237 
25193	475 
25194	1609 
25195	1639 
25196	1434 
25197	695 
25198	962 
25199	466 
25200	291 
25201	1400 
25202	832 
25203	1054 
25204	1595 
25205	1081 
25206	579 
25207	90 
25208	1301 
25209	249 
25210	444 
25211	1376 
25212	1838 
25213	1378 
25214	1450 
25215	298 
25216	1488 
25217	1120 
25218	1313 
25219	154 
25220	1657 
25221	135 
25222	338 
25223	1423 
25224	1376 
25225	871 
25226	804 
25227	137 
25228	1662 
25229	1068 
25230	1663 
25231	685 
25232	1000 
25233	805 
25234	1597 
25235	794 
25236	419 
25237	542 
25238	1231 
25239	1562 
25240	651 
25241	385 
25242	212 
25243	1620 
25244	344 
25245	1610 
25246	1767 
25247	835 
25248	502 
25249	806 
25250	1823 
25251	100 
25252	146 
25253	563 
25254	502 
25255	315 
25256	1284 
25257	744 
25258	291 
25259	309 
25260	1079 
25261	163 
25262	408 
25263	1223 
25264	385 
25265	1236 
25266	901 
25267	1806 
25268	1514 
25269	482 
25270	1348 
25271	1021 
25272	1471 
25273	1709 
25274	203 
25275	1774 
25276	1680 
25277	336 
25278	1332 
25279	179 
25280	1260 
25281	1263 
25282	298 
25283	1610 
25284	888 
25285	1645 
25286	1705 
25287	152 
25288	526 
25289	86 
25290	146 
25291	1781 
25292	1762 
25293	135 
25294	568 
25295	1073 
25296	739 
25297	1223 
25298	1559 
25299	277 
25300	1348 
25301	237 
25302	185 
25303	941 
25304	213 
25305	830 
25306	1614 
25307	155 
25308	1344 
25309	1295 
25310	217 
25311	890 
25312	532 
25313	1576 
25314	1211 
25315	389 
25316	1445 
25317	206 
25318	163 
25319	18 
25320	990 
25321	1100 
25322	507 
25323	1400 
25324	981 
25325	1721 
25326	1384 
25327	373 
25328	1578 
25329	666 
25330	1035 
25331	1725 
25332	556 
25333	533 
25334	1362 
25335	152 
25336	1500 
25337	893 
25338	319 
25339	976 
25340	35 
25341	1597 
25342	1578 
25343	342 
25344	1039 
25345	1402 
25346	1469 
25347	962 
25348	931 
25349	1768 
25350	782 
25351	1722 
25352	1489 
25353	544 
25354	553 
25355	1194 
25356	731 
25357	328 
25358	179 
25359	56 
25360	596 
25361	99 
25362	231 
25363	988 
25364	230 
25365	1701 
25366	1844 
25367	996 
25368	985 
25369	1422 
25370	1732 
25371	843 
25372	114 
25373	1157 
25374	1266 
25375	1845 
25376	487 
25377	129 
25378	1709 
25379	1482 
25380	461 
25381	711 
25382	435 
25383	927 
25384	380 
25385	1027 
25386	966 
25387	1577 
25388	70 
25389	1443 
25390	435 
25391	545 
25392	908 
25393	1400 
25394	1648 
25395	1677 
25396	1001 
25397	466 
25398	1700 
25399	587 
25400	1360 
25401	1118 
25402	1579 
25403	1003 
25404	612 
25405	560 
25406	1527 
25407	545 
25408	420 
25409	806 
25410	764 
25411	881 
25412	614 
25413	604 
25414	111 
25415	1033 
25416	1254 
25417	1287 
25418	466 
25419	950 
25420	1482 
25421	916 
25422	1733 
25423	416 
25424	1198 
25425	256 
25426	534 
25427	102 
25428	1439 
25429	1120 
25430	1734 
25431	410 
25432	986 
25433	740 
25434	519 
25435	1098 
25436	48 
25437	1257 
25438	164 
25439	1233 
25440	1358 
25441	1338 
25442	1272 
25443	522 
25444	1258 
25445	833 
25446	51 
25447	1368 
25448	1233 
25449	1760 
25450	1384 
25451	1337 
25452	940 
25453	1268 
25454	1781 
25455	769 
25456	892 
25457	291 
25458	1197 
25459	1203 
25460	497 
25461	529 
25462	1772 
25463	48 
25464	1267 
25465	568 
25466	422 
25467	715 
25468	1055 
25469	769 
25470	1428 
25471	1778 
25472	1687 
25473	542 
25474	973 
25475	763 
25476	1254 
25477	78 
25478	1788 
25479	997 
25480	1064 
25481	1143 
25482	1319 
25483	237 
25484	1799 
25485	1649 
25486	273 
25487	1661 
25488	963 
25489	503 
25490	1723 
25491	417 
25492	1264 
25493	1242 
25494	1706 
25495	525 
25496	1612 
25497	1114 
25498	89 
25499	1236 
25500	1706 
25501	534 
25502	1321 
25503	1821 
25504	599 
25505	1131 
25506	662 
25507	1792 
25508	370 
25509	670 
25510	144 
25511	624 
25512	1519 
25513	1029 
25514	257 
25515	1667 
25516	367 
25517	245 
25518	699 
25519	1096 
25520	391 
25521	1332 
25522	1684 
25523	51 
25524	1308 
25525	13 
25526	47 
25527	626 
25528	591 
25529	579 
25530	1087 
25531	131 
25532	334 
25533	47 
25534	1409 
25535	588 
25536	191 
25537	312 
25538	295 
25539	1658 
25540	61 
25541	227 
25542	535 
25543	576 
25544	308 
25545	1728 
25546	261 
25547	52 
25548	554 
25549	860 
25550	1421 
25551	1341 
25552	324 
25553	761 
25554	1261 
25555	1810 
25556	923 
25557	1052 
25558	1701 
25559	1431 
25560	185 
25561	966 
25562	495 
25563	1652 
25564	1153 
25565	1790 
25566	1743 
25567	17 
25568	1533 
25569	597 
25570	42 
25571	836 
25572	1696 
25573	738 
25574	530 
25575	1384 
25576	772 
25577	416 
25578	1726 
25579	179 
25580	800 
25581	1723 
25582	672 
25583	140 
25584	373 
25585	1190 
25586	1502 
25587	504 
25588	456 
25589	974 
25590	1828 
25591	320 
25592	1780 
25593	1039 
25594	1086 
25595	1143 
25596	1408 
25597	1663 
25598	829 
25599	459 
25600	41 
25601	1130 
25602	1203 
25603	535 
25604	889 
25605	764 
25606	171 
25607	1647 
25608	418 
25609	385 
25610	915 
25611	739 
25612	1153 
25613	801 
25614	1024 
25615	921 
25616	1438 
25617	410 
25618	1654 
25619	735 
25620	821 
25621	1424 
25622	948 
25623	697 
25624	67 
25625	456 
25626	284 
25627	930 
25628	1260 
25629	191 
25630	1010 
25631	1620 
25632	553 
25633	1312 
25634	783 
25635	467 
25636	854 
25637	361 
25638	1532 
25639	303 
25640	1164 
25641	1620 
25642	242 
25643	168 
25644	230 
25645	65 
25646	1106 
25647	1764 
25648	390 
25649	908 
25650	204 
25651	1045 
25652	384 
25653	1822 
25654	1035 
25655	33 
25656	1744 
25657	280 
25658	744 
25659	401 
25660	877 
25661	1201 
25662	1266 
25663	408 
25664	544 
25665	1624 
25666	1126 
25667	817 
25668	1718 
25669	1633 
25670	1029 
25671	1341 
25672	1528 
25673	975 
25674	1335 
25675	535 
25676	1564 
25677	1349 
25678	1655 
25679	33 
25680	1532 
25681	517 
25682	33 
25683	244 
25684	738 
25685	533 
25686	1733 
25687	480 
25688	1 
25689	509 
25690	1238 
25691	437 
25692	686 
25693	94 
25694	1549 
25695	1078 
25696	928 
25697	91 
25698	808 
25699	1605 
25700	1175 
25701	812 
25702	998 
25703	628 
25704	1853 
25705	1626 
25706	415 
25707	1627 
25708	22 
25709	708 
25710	994 
25711	886 
25712	1528 
25713	1332 
25714	1266 
25715	456 
25716	420 
25717	841 
25718	311 
25719	1341 
25720	699 
25721	695 
25722	468 
25723	305 
25724	541 
25725	764 
25726	1576 
25727	893 
25728	939 
25729	1163 
25730	1515 
25731	814 
25732	688 
25733	130 
25734	1362 
25735	123 
25736	82 
25737	988 
25738	530 
25739	943 
25740	1039 
25741	724 
25742	1532 
25743	1310 
25744	804 
25745	1850 
25746	256 
25747	921 
25748	824 
25749	212 
25750	550 
25751	377 
25752	248 
25753	911 
25754	1276 
25755	28 
25756	646 
25757	118 
25758	211 
25759	294 
25760	974 
25761	947 
25762	373 
25763	1204 
25764	1194 
25765	1527 
25766	733 
25767	1821 
25768	1053 
25769	1611 
25770	1243 
25771	258 
25772	530 
25773	6 
25774	127 
25775	321 
25776	1718 
25777	373 
25778	1313 
25779	805 
25780	346 
25781	530 
25782	569 
25783	985 
25784	232 
25785	884 
25786	1501 
25787	1224 
25788	473 
25789	709 
25790	1138 
25791	143 
25792	461 
25793	469 
25794	1310 
25795	1698 
25796	225 
25797	1139 
25798	318 
25799	456 
25800	1436 
25801	152 
25802	7 
25803	394 
25804	1633 
25805	598 
25806	996 
25807	1387 
25808	65 
25809	1069 
25810	458 
25811	633 
25812	1002 
25813	1420 
25814	1208 
25815	889 
25816	1223 
25817	217 
25818	373 
25819	1741 
25820	969 
25821	745 
25822	948 
25823	1084 
25824	1211 
25825	311 
25826	1520 
25827	257 
25828	808 
25829	650 
25830	1585 
25831	602 
25832	1139 
25833	511 
25834	697 
25835	658 
25836	1479 
25837	1272 
25838	1759 
25839	1490 
25840	1855 
25841	455 
25842	807 
25843	383 
25844	588 
25845	1465 
25846	1073 
25847	1627 
25848	492 
25849	637 
25850	180 
25851	1277 
25852	975 
25853	842 
25854	1635 
25855	926 
25856	1007 
25857	380 
25858	274 
25859	1293 
25860	720 
25861	601 
25862	148 
25863	736 
25864	1773 
25865	417 
25866	259 
25867	617 
25868	331 
25869	491 
25870	440 
25871	1812 
25872	78 
25873	1778 
25874	703 
25875	11 
25876	382 
25877	533 
25878	1808 
25879	533 
25880	1362 
25881	1517 
25882	331 
25883	617 
25884	148 
25885	1019 
25886	1424 
25887	765 
25888	199 
25889	492 
25890	1390 
25891	430 
25892	1236 
25893	415 
25894	70 
25895	1080 
25896	633 
25897	267 
25898	1443 
25899	988 
25900	941 
25901	1095 
25902	1686 
25903	61 
25904	749 
25905	759 
25906	122 
25907	804 
25908	880 
25909	945 
25910	1047 
25911	836 
25912	217 
25913	24 
25914	239 
25915	540 
25916	490 
25917	154 
25918	320 
25919	881 
25920	1662 
25921	1473 
25922	1783 
25923	1345 
25924	1228 
25925	1759 
25926	1236 
25927	446 
25928	5 
25929	1236 
25930	210 
25931	1639 
25932	69 
25933	48 
25934	598 
25935	1463 
25936	1233 
25937	404 
25938	1755 
25939	1841 
25940	1438 
25941	522 
25942	1024 
25943	593 
25944	1317 
25945	1086 
25946	1374 
25947	560 
25948	289 
25949	341 
25950	1319 
25951	108 
25952	222 
25953	523 
25954	1348 
25955	1059 
25956	1323 
25957	1012 
25958	1549 
25959	941 
25960	1532 
25961	1753 
25962	967 
25963	727 
25964	120 
25965	229 
25966	540 
25967	153 
25968	1360 
25969	666 
25970	455 
25971	491 
25972	518 
25973	819 
25974	588 
25975	1525 
25976	612 
25977	501 
25978	1426 
25979	1352 
25980	130 
25981	1153 
25982	80 
25983	1516 
25984	385 
25985	1729 
25986	398 
25987	1267 
25988	563 
25989	424 
25990	1293 
25991	1071 
25992	729 
25993	201 
25994	1630 
25995	668 
25996	294 
25997	1587 
25998	380 
25999	78 
26000	721 
26001	1521 
26002	935 
26003	296 
26004	521 
26005	421 
26006	1012 
26007	1533 
26008	975 
26009	80 
26010	646 
26011	1577 
26012	1612 
26013	599 
26014	907 
26015	563 
26016	1563 
26017	136 
26018	921 
26019	981 
26020	363 
26021	321 
26022	1212 
26023	1281 
26024	1410 
26025	617 
26026	1385 
26027	204 
26028	40 
26029	1588 
26030	1091 
26031	695 
26032	1609 
26033	6 
26034	320 
26035	1840 
26036	1221 
26037	614 
26038	541 
26039	1266 
26040	19 
26041	1606 
26042	22 
26043	259 
26044	956 
26045	117 
26046	1333 
26047	806 
26048	482 
26049	98 
26050	480 
26051	1622 
26052	654 
26053	505 
26054	795 
26055	530 
26056	904 
26057	1312 
26058	774 
26059	755 
26060	190 
26061	1689 
26062	183 
26063	1822 
26064	1322 
26065	204 
26066	1379 
26067	411 
26068	1130 
26069	115 
26070	145 
26071	1650 
26072	1030 
26073	1663 
26074	416 
26075	911 
26076	1814 
26077	1236 
26078	893 
26079	1073 
26080	1647 
26081	1335 
26082	131 
26083	1040 
26084	1821 
26085	1076 
26086	1374 
26087	1729 
26088	1594 
26089	44 
26090	862 
26091	1028 
26092	1692 
26093	697 
26094	350 
26095	1530 
26096	1 
26097	237 
26098	1778 
26099	389 
26100	872 
26101	576 
26102	135 
26103	527 
26104	1411 
26105	1712 
26106	454 
26107	349 
26108	958 
26109	1696 
26110	1813 
26111	145 
26112	667 
26113	91 
26114	219 
26115	1698 
26116	1001 
26117	1504 
26118	1810 
26119	730 
26120	1598 
26121	1721 
26122	1268 
26123	1700 
26124	1694 
26125	24 
26126	1296 
26127	106 
26128	977 
26129	290 
26130	957 
26131	1196 
26132	782 
26133	1202 
26134	867 
26135	1473 
26136	146 
26137	1778 
26138	395 
26139	1597 
26140	120 
26141	545 
26142	1138 
26143	1672 
26144	340 
26145	1800 
26146	1640 
26147	1837 
26148	95 
26149	769 
26150	909 
26151	1356 
26152	757 
26153	1149 
26154	1653 
26155	405 
26156	998 
26157	888 
26158	1819 
26159	324 
26160	996 
26161	1689 
26162	601 
26163	1738 
26164	1798 
26165	417 
26166	565 
26167	1554 
26168	262 
26169	923 
26170	99 
26171	1318 
26172	749 
26173	1263 
26174	231 
26175	1091 
26176	1403 
26177	1162 
26178	1004 
26179	335 
26180	567 
26181	344 
26182	1714 
26183	758 
26184	1361 
26185	235 
26186	1293 
26187	1259 
26188	242 
26189	1358 
26190	1825 
26191	1244 
26192	146 
26193	3 
26194	1258 
26195	291 
26196	1529 
26197	1309 
26198	796 
26199	580 
26200	76 
26201	1321 
26202	1465 
26203	1527 
26204	1764 
26205	321 
26206	1194 
26207	367 
26208	240 
26209	523 
26210	129 
26211	911 
26212	1828 
26213	812 
26214	1112 
26215	1039 
26216	912 
26217	522 
26218	1755 
26219	179 
26220	1785 
26221	1254 
26222	769 
26223	836 
26224	622 
26225	1748 
26226	900 
26227	847 
26228	1808 
26229	1154 
26230	725 
26231	1412 
26232	1776 
26233	848 
26234	1353 
26235	497 
26236	832 
26237	1412 
26238	1471 
26239	1051 
26240	1162 
26241	1069 
26242	884 
26243	1319 
26244	1759 
26245	126 
26246	1696 
26247	1700 
26248	895 
26249	574 
26250	858 
26251	1639 
26252	216 
26253	42 
26254	435 
26255	529 
26256	456 
26257	273 
26258	392 
26259	258 
26260	1825 
26261	155 
26262	1662 
26263	322 
26264	544 
26265	444 
26266	1022 
26267	308 
26268	1412 
26269	242 
26270	387 
26271	1451 
26272	323 
26273	911 
26274	1706 
26275	570 
26276	1270 
26277	331 
26278	617 
26279	1376 
26280	974 
26281	470 
26282	1196 
26283	1330 
26284	1550 
26285	259 
26286	731 
26287	1651 
26288	562 
26289	69 
26290	789 
26291	1535 
26292	1687 
26293	1023 
26294	1523 
26295	1019 
26296	662 
26297	16 
26298	313 
26299	452 
26300	65 
26301	579 
26302	16 
26303	40 
26304	661 
26305	1374 
26306	944 
26307	814 
26308	542 
26309	96 
26310	989 
26311	1028 
26312	1421 
26313	89 
26314	213 
26315	1578 
26316	1502 
26317	889 
26318	1400 
26319	754 
26320	1429 
26321	243 
26322	1696 
26323	239 
26324	1471 
26325	181 
26326	1293 
26327	1776 
26328	1652 
26329	1480 
26330	1104 
26331	906 
26332	383 
26333	1632 
26334	363 
26335	942 
26336	1438 
26337	162 
26338	1694 
26339	367 
26340	1521 
26341	209 
26342	1223 
26343	700 
26344	553 
26345	535 
26346	772 
26347	1066 
26348	178 
26349	272 
26350	1740 
26351	890 
26352	574 
26353	976 
26354	787 
26355	1808 
26356	397 
26357	166 
26358	543 
26359	517 
26360	32 
26361	1217 
26362	565 
26363	196 
26364	699 
26365	861 
26366	835 
26367	470 
26368	693 
26369	1210 
26370	1088 
26371	905 
26372	482 
26373	1356 
26374	1200 
26375	1467 
26376	188 
26377	1823 
26378	1082 
26379	958 
26380	954 
26381	1158 
26382	1747 
26383	1793 
26384	980 
26385	282 
26386	701 
26387	1712 
26388	128 
26389	886 
26390	530 
26391	1027 
26392	583 
26393	382 
26394	1549 
26395	223 
26396	983 
26397	598 
26398	1694 
26399	1091 
26400	1500 
26401	1411 
26402	1655 
26403	996 
26404	308 
26405	1161 
26406	906 
26407	1117 
26408	93 
26409	15 
26410	488 
26411	277 
26412	1074 
26413	1337 
26414	1073 
26415	1256 
26416	1615 
26417	1529 
26418	1237 
26419	78 
26420	764 
26421	145 
26422	1609 
26423	1435 
26424	1378 
26425	203 
26426	1412 
26427	1848 
26428	325 
26429	1262 
26430	1293 
26431	68 
26432	232 
26433	1417 
26434	1086 
26435	1387 
26436	391 
26437	1119 
26438	1211 
26439	178 
26440	735 
26441	893 
26442	1533 
26443	291 
26444	382 
26445	498 
26446	478 
26447	496 
26448	1818 
26449	454 
26450	1000 
26451	537 
26452	1282 
26453	569 
26454	523 
26455	1345 
26456	1284 
26457	1748 
26458	1428 
26459	1713 
26460	1652 
26461	1434 
26462	259 
26463	1080 
26464	754 
26465	411 
26466	1722 
26467	916 
26468	906 
26469	1571 
26470	851 
26471	1712 
26472	7 
26473	422 
26474	1366 
26475	108 
26476	828 
26477	1268 
26478	563 
26479	1727 
26480	543 
26481	1824 
26482	1270 
26483	1825 
26484	966 
26485	1293 
26486	677 
26487	1221 
26488	1504 
26489	673 
26490	99 
26491	292 
26492	598 
26493	1246 
26494	1822 
26495	292 
26496	977 
26497	1348 
26498	1266 
26499	130 
26500	1332 
26501	886 
26502	1547 
26503	1603 
26504	564 
26505	1400 
26506	1768 
26507	1124 
26508	213 
26509	1161 
26510	1760 
26511	1726 
26512	1735 
26513	1400 
26514	1614 
26515	701 
26516	1694 
26517	563 
26518	939 
26519	1441 
26520	320 
26521	1030 
26522	818 
26523	800 
26524	1596 
26525	1565 
26526	835 
26527	1477 
26528	1347 
26529	464 
26530	174 
26531	162 
26532	1043 
26533	1647 
26534	852 
26535	818 
26536	1266 
26537	829 
26538	1390 
26539	1273 
26540	418 
26541	1760 
26542	204 
26543	1348 
26544	1407 
26545	1170 
26546	162 
26547	1286 
26548	493 
26549	557 
26550	1342 
26551	194 
26552	711 
26553	78 
26554	896 
26555	1630 
26556	383 
26557	1469 
26558	1438 
26559	1128 
26560	141 
26561	143 
26562	836 
26563	1233 
26564	1599 
26565	98 
26566	846 
26567	362 
26568	202 
26569	699 
26570	1671 
26571	1597 
26572	185 
26573	1358 
26574	470 
26575	1348 
26576	455 
26577	769 
26578	1825 
26579	146 
26580	951 
26581	1207 
26582	808 
26583	1437 
26584	1329 
26585	1562 
26586	1405 
26587	137 
26588	22 
26589	1708 
26590	295 
26591	722 
26592	376 
26593	918 
26594	285 
26595	1589 
26596	735 
26597	1264 
26598	1421 
26599	1658 
26600	1733 
26601	778 
26602	243 
26603	120 
26604	404 
26605	1713 
26606	685 
26607	383 
26608	201 
26609	182 
26610	797 
26611	804 
26612	1689 
26613	1360 
26614	228 
26615	968 
26616	1039 
26617	809 
26618	1830 
26619	362 
26620	1172 
26621	930 
26622	94 
26623	892 
26624	163 
26625	380 
26626	906 
26627	1527 
26628	1532 
26629	534 
26630	91 
26631	232 
26632	827 
26633	33 
26634	634 
26635	1012 
26636	1126 
26637	613 
26638	1348 
26639	487 
26640	1525 
26641	1368 
26642	1179 
26643	1573 
26644	1616 
26645	612 
26646	230 
26647	565 
26648	1627 
26649	95 
26650	444 
26651	1036 
26652	1645 
26653	1420 
26654	209 
26655	832 
26656	1016 
26657	1750 
26658	1222 
26659	1508 
26660	1548 
26661	13 
26662	374 
26663	878 
26664	1760 
26665	971 
26666	344 
26667	663 
26668	482 
26669	1749 
26670	1065 
26671	1729 
26672	1391 
26673	905 
26674	1362 
26675	1773 
26676	1198 
26677	617 
26678	871 
26679	1618 
26680	258 
26681	33 
26682	513 
26683	162 
26684	1629 
26685	1163 
26686	1774 
26687	801 
26688	375 
26689	1814 
26690	1191 
26691	1825 
26692	1006 
26693	1239 
26694	342 
26695	649 
26696	1850 
26697	14 
26698	1774 
26699	120 
26700	762 
26701	162 
26702	1639 
26703	582 
26704	214 
26705	363 
26706	1696 
26707	136 
26708	1427 
26709	70 
26710	1047 
26711	1782 
26712	1227 
26713	693 
26714	1069 
26715	865 
26716	1016 
26717	911 
26718	1506 
26719	1206 
26720	867 
26721	48 
26722	1773 
26723	1321 
26724	466 
26725	123 
26726	1533 
26727	109 
26728	1801 
26729	19 
26730	1511 
26731	1840 
26732	1188 
26733	404 
26734	492 
26735	1325 
26736	558 
26737	210 
26738	1191 
26739	418 
26740	699 
26741	1694 
26742	451 
26743	1571 
26744	1508 
26745	242 
26746	284 
26747	1758 
26748	632 
26749	855 
26750	272 
26751	1128 
26752	1 
26753	92 
26754	68 
26755	707 
26756	1035 
26757	212 
26758	373 
26759	283 
26760	760 
26761	114 
26762	1648 
26763	968 
26764	504 
26765	342 
26766	1297 
26767	553 
26768	1628 
26769	1817 
26770	320 
26771	42 
26772	143 
26773	1501 
26774	540 
26775	1810 
26776	1286 
26777	1691 
26778	1381 
26779	1553 
26780	376 
26781	1001 
26782	807 
26783	422 
26784	96 
26785	1091 
26786	199 
26787	353 
26788	204 
26789	1570 
26790	1056 
26791	646 
26792	646 
26793	48 
26794	530 
26795	1734 
26796	519 
26797	992 
26798	1828 
26799	1306 
26800	335 
26801	1589 
26802	638 
26803	1725 
26804	968 
26805	1220 
26806	1846 
26807	54 
26808	1842 
26809	1414 
26810	842 
26811	1152 
26812	1597 
26813	341 
26814	1764 
26815	1286 
26816	1149 
26817	1030 
26818	47 
26819	14 
26820	1670 
26821	1743 
26822	1062 
26823	1634 
26824	204 
26825	258 
26826	10 
26827	746 
26828	560 
26829	1815 
26830	261 
26831	192 
26832	105 
26833	983 
26834	363 
26835	1263 
26836	145 
26837	1217 
26838	162 
26839	48 
26840	1178 
26841	880 
26842	1102 
26843	1613 
26844	56 
26845	362 
26846	467 
26847	527 
26848	1629 
26849	181 
26850	1348 
26851	1470 
26852	161 
26853	1769 
26854	1004 
26855	808 
26856	1156 
26857	1004 
26858	1767 
26859	543 
26860	1731 
26861	456 
26862	1385 
26863	330 
26864	211 
26865	886 
26866	907 
26867	643 
26868	340 
26869	1452 
26870	1725 
26871	742 
26872	597 
26873	742 
26874	949 
26875	1000 
26876	1160 
26877	1283 
26878	776 
26879	1796 
26880	334 
26881	56 
26882	1729 
26883	1566 
26884	1367 
26885	1221 
26886	795 
26887	89 
26888	51 
26889	1410 
26890	1564 
26891	906 
26892	1328 
26893	1714 
26894	1350 
26895	876 
26896	1589 
26897	1650 
26898	1411 
26899	603 
26900	803 
26901	234 
26902	229 
26903	554 
26904	82 
26905	1670 
26906	1308 
26907	1822 
26908	1188 
26909	417 
26910	1813 
26911	798 
26912	1 
26913	988 
26914	1832 
26915	438 
26916	646 
26917	892 
26918	347 
26919	1733 
26920	164 
26921	1706 
26922	683 
26923	377 
26924	684 
26925	1220 
26926	598 
26927	1068 
26928	1038 
26929	1212 
26930	1074 
26931	917 
26932	1263 
26933	927 
26934	976 
26935	57 
26936	199 
26937	1378 
26938	1150 
26939	904 
26940	29 
26941	808 
26942	1313 
26943	108 
26944	1614 
26945	1734 
26946	1841 
26947	701 
26948	1161 
26949	287 
26950	1821 
26951	1042 
26952	1282 
26953	1516 
26954	575 
26955	334 
26956	747 
26957	475 
26958	1205 
26959	1454 
26960	1787 
26961	91 
26962	1408 
26963	1537 
26964	889 
26965	361 
26966	384 
26967	683 
26968	892 
26969	480 
26970	972 
26971	1688 
26972	507 
26973	1610 
26974	1170 
26975	591 
26976	773 
26977	1341 
26978	99 
26979	453 
26980	1263 
26981	99 
26982	144 
26983	1156 
26984	928 
26985	806 
26986	521 
26987	717 
26988	1760 
26989	285 
26990	710 
26991	621 
26992	967 
26993	876 
26994	499 
26995	1138 
26996	637 
26997	1378 
26998	1286 
26999	97 
27000	1755 
27001	1392 
27002	277 
27003	444 
27004	1208 
27005	1039 
27006	1019 
27007	1502 
27008	1536 
27009	1654 
27010	1212 
27011	781 
27012	535 
27013	988 
27014	1400 
27015	1813 
27016	1218 
27017	1190 
27018	1143 
27019	695 
27020	1154 
27021	315 
27022	1477 
27023	223 
27024	105 
27025	30 
27026	168 
27027	1089 
27028	1848 
27029	1156 
27030	363 
27031	319 
27032	1526 
27033	1601 
27034	1286 
27035	1726 
27036	1 
27037	1528 
27038	889 
27039	183 
27040	348 
27041	966 
27042	1789 
27043	1808 
27044	1069 
27045	1628 
27046	1311 
27047	1284 
27048	796 
27049	1232 
27050	929 
27051	724 
27052	1147 
27053	835 
27054	1125 
27055	1118 
27056	19 
27057	51 
27058	469 
27059	1073 
27060	617 
27061	578 
27062	721 
27063	1469 
27064	1139 
27065	757 
27066	223 
27067	949 
27068	1798 
27069	1609 
27070	576 
27071	123 
27072	682 
27073	791 
27074	1783 
27075	1845 
27076	1724 
27077	1166 
27078	1474 
27079	907 
27080	1164 
27081	321 
27082	1335 
27083	1083 
27084	1409 
27085	882 
27086	444 
27087	974 
27088	175 
27089	396 
27090	1840 
27091	156 
27092	367 
27093	1205 
27094	1749 
27095	1282 
27096	1180 
27097	308 
27098	412 
27099	1097 
27100	1273 
27101	893 
27102	4 
27103	291 
27104	1775 
27105	1686 
27106	343 
27107	1130 
27108	766 
27109	292 
27110	1337 
27111	126 
27112	1779 
27113	1379 
27114	945 
27115	702 
27116	804 
27117	519 
27118	1349 
27119	880 
27120	1028 
27121	324 
27122	1304 
27123	921 
27124	568 
27125	1129 
27126	1380 
27127	1653 
27128	843 
27129	684 
27130	97 
27131	599 
27132	905 
27133	230 
27134	1620 
27135	1578 
27136	1194 
27137	1426 
27138	795 
27139	782 
27140	604 
27141	554 
27142	133 
27143	887 
27144	602 
27145	12 
27146	1411 
27147	557 
27148	542 
27149	4 
27150	217 
27151	1222 
27152	1760 
27153	40 
27154	672 
27155	217 
27156	158 
27157	772 
27158	1713 
27159	1434 
27160	1233 
27161	75 
27162	735 
27163	416 
27164	703 
27165	762 
27166	1650 
27167	7 
27168	1664 
27169	1240 
27170	1647 
27171	1015 
27172	1658 
27173	727 
27174	1540 
27175	355 
27176	1615 
27177	699 
27178	1197 
27179	1378 
27180	962 
27181	1035 
27182	724 
27183	1701 
27184	436 
27185	942 
27186	482 
27187	732 
27188	731 
27189	1019 
27190	951 
27191	1360 
27192	744 
27193	18 
27194	129 
27195	816 
27196	564 
27197	1467 
27198	892 
27199	1554 
27200	1053 
27201	1192 
27202	612 
27203	1220 
27204	129 
27205	1084 
27206	109 
27207	285 
27208	126 
27209	911 
27210	582 
27211	265 
27212	323 
27213	766 
27214	262 
27215	36 
27216	491 
27217	482 
27218	397 
27219	738 
27220	611 
27221	996 
27222	1308 
27223	888 
27224	1516 
27225	1229 
27226	686 
27227	683 
27228	670 
27229	1406 
27230	1806 
27231	89 
27232	1344 
27233	385 
27234	1361 
27235	1562 
27236	1028 
27237	586 
27238	143 
27239	451 
27240	1120 
27241	1028 
27242	1774 
27243	1158 
27244	1639 
27245	733 
27246	1639 
27247	1100 
27248	362 
27249	316 
27250	136 
27251	1824 
27252	1518 
27253	966 
27254	321 
27255	395 
27256	1758 
27257	1450 
27258	1429 
27259	1588 
27260	407 
27261	248 
27262	1571 
27263	1409 
27264	383 
27265	1852 
27266	24 
27267	1814 
27268	114 
27269	1441 
27270	304 
27271	602 
27272	599 
27273	1756 
27274	968 
27275	461 
27276	996 
27277	1828 
27278	1503 
27279	1131 
27280	1549 
27281	874 
27282	482 
27283	1424 
27284	321 
27285	1149 
27286	1345 
27287	771 
27288	568 
27289	801 
27290	301 
27291	1462 
27292	1345 
27293	1068 
27294	607 
27295	864 
27296	1415 
27297	1510 
27298	565 
27299	1088 
27300	1335 
27301	699 
27302	1378 
27303	420 
27304	574 
27305	1823 
27306	1400 
27307	1833 
27308	449 
27309	688 
27310	1308 
27311	1520 
27312	397 
27313	331 
27314	819 
27315	1065 
27316	1680 
27317	1262 
27318	330 
27319	1802 
27320	460 
27321	494 
27322	108 
27323	14 
27324	148 
27325	1643 
27326	1424 
27327	1558 
27328	1795 
27329	735 
27330	383 
27331	373 
27332	1758 
27333	66 
27334	1678 
27335	715 
27336	611 
27337	487 
27338	398 
27339	1776 
27340	930 
27341	1293 
27342	558 
27343	1671 
27344	1263 
27345	1558 
27346	1548 
27347	1412 
27348	1822 
27349	579 
27350	437 
27351	1426 
27352	129 
27353	1606 
27354	277 
27355	135 
27356	81 
27357	444 
27358	994 
27359	1612 
27360	1336 
27361	1373 
27362	1773 
27363	733 
27364	1272 
27365	216 
27366	1605 
27367	651 
27368	1321 
27369	1735 
27370	578 
27371	1632 
27372	135 
27373	383 
27374	896 
27375	141 
27376	1452 
27377	733 
27378	1538 
27379	1736 
27380	410 
27381	906 
27382	1003 
27383	1753 
27384	1297 
27385	693 
27386	731 
27387	1547 
27388	1663 
27389	1490 
27390	556 
27391	503 
27392	1490 
27393	1119 
27394	1560 
27395	319 
27396	161 
27397	211 
27398	107 
27399	556 
27400	1771 
27401	242 
27402	804 
27403	1784 
27404	459 
27405	1153 
27406	1490 
27407	1147 
27408	1212 
27409	524 
27410	1030 
27411	832 
27412	365 
27413	1679 
27414	82 
27415	1264 
27416	1229 
27417	1725 
27418	862 
27419	449 
27420	1197 
27421	3 
27422	920 
27423	317 
27424	311 
27425	911 
27426	152 
27427	130 
27428	498 
27429	310 
27430	612 
27431	1378 
27432	1418 
27433	997 
27434	1647 
27435	808 
27436	452 
27437	377 
27438	77 
27439	1349 
27440	1504 
27441	1502 
27442	927 
27443	1219 
27444	1717 
27445	295 
27446	1760 
27447	1056 
27448	534 
27449	182 
27450	1629 
27451	1598 
27452	159 
27453	809 
27454	167 
27455	1384 
27456	1828 
27457	1544 
27458	1547 
27459	1070 
27460	1081 
27461	1820 
27462	483 
27463	700 
27464	1433 
27465	456 
27466	563 
27467	1389 
27468	1220 
27469	1672 
27470	565 
27471	1347 
27472	19 
27473	492 
27474	1340 
27475	1743 
27476	92 
27477	568 
27478	703 
27479	397 
27480	316 
27481	1163 
27482	326 
27483	594 
27484	811 
27485	1755 
27486	1841 
27487	886 
27488	1127 
27489	536 
27490	598 
27491	1658 
27492	1833 
27493	1644 
27494	1218 
27495	188 
27496	1571 
27497	1143 
27498	1492 
27499	1044 
27500	510 
27501	720 
27502	1390 
27503	128 
27504	1080 
27505	985 
27506	974 
27507	128 
27508	1132 
27509	1774 
27510	1505 
27511	944 
27512	466 
27513	1434 
27514	1435 
27515	1014 
27516	1718 
27517	810 
27518	299 
27519	1454 
27520	267 
27521	290 
27522	812 
27523	1311 
27524	1555 
27525	1671 
27526	1348 
27527	699 
27528	1709 
27529	1498 
27530	76 
27531	1297 
27532	1713 
27533	890 
27534	783 
27535	703 
27536	722 
27537	635 
27538	1042 
27539	1789 
27540	904 
27541	626 
27542	908 
27543	1597 
27544	209 
27545	997 
27546	458 
27547	1627 
27548	1199 
27549	354 
27550	878 
27551	1233 
27552	959 
27553	324 
27554	1542 
27555	966 
27556	1667 
27557	320 
27558	208 
27559	1553 
27560	1136 
27561	1720 
27562	1362 
27563	806 
27564	1689 
27565	1263 
27566	76 
27567	19 
27568	447 
27569	1614 
27570	331 
27571	994 
27572	895 
27573	1709 
27574	129 
27575	1071 
27576	1078 
27577	545 
27578	127 
27579	1374 
27580	1317 
27581	958 
27582	692 
27583	1539 
27584	540 
27585	553 
27586	159 
27587	1332 
27588	513 
27589	627 
27590	205 
27591	1486 
27592	217 
27593	553 
27594	289 
27595	469 
27596	334 
27597	1284 
27598	1578 
27599	165 
27600	339 
27601	1677 
27602	1286 
27603	1504 
27604	1038 
27605	1428 
27606	1409 
27607	1147 
27608	1554 
27609	145 
27610	785 
27611	1828 
27612	206 
27613	876 
27614	1153 
27615	1703 
27616	545 
27617	242 
27618	1055 
27619	1444 
27620	1207 
27621	318 
27622	114 
27623	1314 
27624	1070 
27625	170 
27626	232 
27627	688 
27628	801 
27629	1769 
27630	1773 
27631	360 
27632	863 
27633	1655 
27634	397 
27635	334 
27636	736 
27637	404 
27638	1733 
27639	48 
27640	1639 
27641	1572 
27642	567 
27643	56 
27644	701 
27645	456 
27646	1672 
27647	1124 
27648	195 
27649	889 
27650	1282 
27651	1562 
27652	1434 
27653	563 
27654	131 
27655	990 
27656	64 
27657	490 
27658	71 
27659	1831 
27660	470 
27661	1760 
27662	1036 
27663	819 
27664	930 
27665	836 
27666	346 
27667	539 
27668	1129 
27669	175 
27670	275 
27671	1679 
27672	407 
27673	1848 
27674	858 
27675	1314 
27676	610 
27677	1583 
27678	355 
27679	1362 
27680	1073 
27681	937 
27682	144 
27683	495 
27684	20 
27685	1162 
27686	542 
27687	835 
27688	1368 
27689	1853 
27690	1067 
27691	721 
27692	904 
27693	886 
27694	573 
27695	617 
27696	1730 
27697	258 
27698	933 
27699	452 
27700	954 
27701	249 
27702	206 
27703	1702 
27704	315 
27705	297 
27706	1294 
27707	33 
27708	923 
27709	1005 
27710	491 
27711	1439 
27712	1845 
27713	1024 
27714	1418 
27715	1480 
27716	1737 
27717	1028 
27718	762 
27719	1691 
27720	1722 
27721	274 
27722	21 
27723	508 
27724	1798 
27725	1238 
27726	853 
27727	470 
27728	1166 
27729	862 
27730	1321 
27731	114 
27732	41 
27733	1639 
27734	1631 
27735	404 
27736	1465 
27737	256 
27738	858 
27739	1185 
27740	962 
27741	1606 
27742	108 
27743	41 
27744	33 
27745	1565 
27746	864 
27747	1045 
27748	1452 
27749	801 
27750	753 
27751	1768 
27752	1300 
27753	13 
27754	1498 
27755	1031 
27756	1064 
27757	243 
27758	1053 
27759	842 
27760	1400 
27761	824 
27762	1647 
27763	1733 
27764	473 
27765	1415 
27766	1773 
27767	798 
27768	806 
27769	1790 
27770	1786 
27771	1426 
27772	577 
27773	1400 
27774	677 
27775	456 
27776	596 
27777	819 
27778	1605 
27779	1186 
27780	1738 
27781	1775 
27782	126 
27783	29 
27784	470 
27785	954 
27786	1122 
27787	1597 
27788	1709 
27789	1729 
27790	1387 
27791	444 
27792	1101 
27793	1 
27794	1033 
27795	1068 
27796	1187 
27797	1215 
27798	57 
27799	1258 
27800	1011 
27801	20 
27802	373 
27803	11 
27804	1755 
27805	932 
27806	1749 
27807	217 
27808	1086 
27809	1025 
27810	409 
27811	1606 
27812	1346 
27813	1043 
27814	1684 
27815	315 
27816	1434 
27817	1850 
27818	540 
27819	1191 
27820	556 
27821	1321 
27822	1625 
27823	1053 
27824	863 
27825	1755 
27826	1376 
27827	734 
27828	990 
27829	482 
27830	1398 
27831	1 
27832	383 
27833	830 
27834	400 
27835	604 
27836	470 
27837	1669 
27838	941 
27839	289 
27840	284 
27841	390 
27842	594 
27843	204 
27844	1703 
27845	706 
27846	769 
27847	1007 
27848	1510 
27849	771 
27850	1328 
27851	260 
27852	873 
27853	1380 
27854	1265 
27855	1486 
27856	1471 
27857	1645 
27858	155 
27859	1324 
27860	1807 
27861	171 
27862	965 
27863	1324 
27864	1445 
27865	1612 
27866	1608 
27867	1267 
27868	1264 
27869	1272 
27870	1831 
27871	159 
27872	213 
27873	1605 
27874	864 
27875	1783 
27876	1039 
27877	1524 
27878	8 
27879	1511 
27880	1741 
27881	813 
27882	1524 
27883	213 
27884	542 
27885	1807 
27886	1062 
27887	481 
27888	337 
27889	254 
27890	1772 
27891	1185 
27892	85 
27893	1808 
27894	889 
27895	1643 
27896	21 
27897	1073 
27898	142 
27899	997 
27900	1044 
27901	412 
27902	274 
27903	1284 
27904	1525 
27905	542 
27906	114 
27907	697 
27908	1319 
27909	773 
27910	756 
27911	1162 
27912	1041 
27913	36 
27914	598 
27915	377 
27916	394 
27917	377 
27918	1855 
27919	162 
27920	1535 
27921	865 
27922	773 
27923	583 
27924	40 
27925	791 
27926	918 
27927	1138 
27928	332 
27929	230 
27930	738 
27931	422 
27932	1078 
27933	1353 
27934	1639 
27935	42 
27936	839 
27937	1243 
27938	699 
27939	1744 
27940	997 
27941	819 
27942	986 
27943	178 
27944	516 
27945	730 
27946	339 
27947	378 
27948	314 
27949	1278 
27950	736 
27951	112 
27952	1348 
27953	4 
27954	635 
27955	218 
27956	911 
27957	1648 
27958	1578 
27959	203 
27960	872 
27961	112 
27962	1662 
27963	1032 
27964	1553 
27965	1022 
27966	1138 
27967	1614 
27968	557 
27969	1153 
27970	93 
27971	437 
27972	993 
27973	684 
27974	1469 
27975	882 
27976	159 
27977	830 
27978	1310 
27979	735 
27980	1269 
27981	100 
27982	545 
27983	1426 
27984	318 
27985	1175 
27986	487 
27987	1851 
27988	791 
27989	1614 
27990	683 
27991	568 
27992	1527 
27993	1719 
27994	1593 
27995	1112 
27996	1723 
27997	229 
27998	1013 
27999	448 
28000	52 
28001	493 
28002	1488 
28003	779 
28004	533 
28005	1843 
28006	1491 
28007	747 
28008	1412 
28009	1773 
28010	1369 
28011	886 
28012	277 
28013	978 
28014	808 
28015	762 
28016	699 
28017	1157 
28018	756 
28019	1359 
28020	743 
28021	764 
28022	99 
28023	1404 
28024	703 
28025	192 
28026	106 
28027	553 
28028	895 
28029	500 
28030	892 
28031	983 
28032	493 
28033	1198 
28034	867 
28035	1633 
28036	956 
28037	1677 
28038	1482 
28039	666 
28040	142 
28041	166 
28042	1322 
28043	769 
28044	506 
28045	1696 
28046	1135 
28047	1781 
28048	1614 
28049	1738 
28050	178 
28051	941 
28052	1694 
28053	672 
28054	850 
28055	272 
28056	1424 
28057	480 
28058	768 
28059	1117 
28060	1054 
28061	209 
28062	352 
28063	1830 
28064	907 
28065	1773 
28066	1131 
28067	499 
28068	1525 
28069	277 
28070	872 
28071	851 
28072	189 
28073	1358 
28074	66 
28075	781 
28076	664 
28077	1714 
28078	1203 
28079	672 
28080	1502 
28081	574 
28082	888 
28083	451 
28084	1630 
28085	832 
28086	1838 
28087	1767 
28088	451 
28089	171 
28090	830 
28091	1046 
28092	1048 
28093	1300 
28094	1757 
28095	1420 
28096	243 
28097	78 
28098	769 
28099	1263 
28100	713 
28101	735 
28102	1516 
28103	243 
28104	1088 
28105	1744 
28106	410 
28107	354 
28108	348 
28109	139 
28110	135 
28111	1671 
28112	1352 
28113	1471 
28114	117 
28115	1760 
28116	1764 
28117	53 
28118	1012 
28119	1116 
28120	213 
28121	949 
28122	1639 
28123	1371 
28124	1258 
28125	1532 
28126	1806 
28127	470 
28128	173 
28129	1120 
28130	1212 
28131	888 
28132	1539 
28133	1669 
28134	1661 
28135	1014 
28136	135 
28137	76 
28138	851 
28139	1213 
28140	586 
28141	1539 
28142	10 
28143	1380 
28144	1838 
28145	145 
28146	972 
28147	612 
28148	1811 
28149	1584 
28150	742 
28151	1823 
28152	26 
28153	1527 
28154	971 
28155	106 
28156	1763 
28157	444 
28158	1403 
28159	209 
28160	1443 
28161	1495 
28162	980 
28163	791 
28164	1818 
28165	1446 
28166	960 
28167	1835 
28168	632 
28169	292 
28170	737 
28171	1532 
28172	1623 
28173	1610 
28174	941 
28175	1720 
28176	1069 
28177	14 
28178	1363 
28179	612 
28180	1262 
28181	1612 
28182	1589 
28183	1563 
28184	557 
28185	930 
28186	149 
28187	907 
28188	497 
28189	842 
28190	1663 
28191	478 
28192	62 
28193	585 
28194	1627 
28195	1503 
28196	338 
28197	4 
28198	525 
28199	1 
28200	1258 
28201	654 
28202	846 
28203	1760 
28204	1124 
28205	1008 
28206	460 
28207	1663 
28208	414 
28209	1586 
28210	1068 
28211	1384 
28212	205 
28213	88 
28214	879 
28215	1183 
28216	1787 
28217	983 
28218	1260 
28219	940 
28220	1236 
28221	656 
28222	1048 
28223	1469 
28224	988 
28225	299 
28226	139 
28227	256 
28228	1038 
28229	1619 
28230	1221 
28231	29 
28232	1799 
28233	497 
28234	301 
28235	416 
28236	806 
28237	1426 
28238	542 
28239	1640 
28240	1236 
28241	439 
28242	896 
28243	1815 
28244	1841 
28245	24 
28246	1513 
28247	1108 
28248	256 
28249	1329 
28250	989 
28251	231 
28252	334 
28253	593 
28254	567 
28255	1354 
28256	57 
28257	1811 
28258	148 
28259	89 
28260	7 
28261	1369 
28262	748 
28263	19 
28264	835 
28265	1772 
28266	922 
28267	1569 
28268	565 
28269	1286 
28270	1143 
28271	104 
28272	677 
28273	1628 
28274	903 
28275	209 
28276	602 
28277	454 
28278	311 
28279	1336 
28280	948 
28281	1344 
28282	146 
28283	322 
28284	395 
28285	1344 
28286	1400 
28287	1358 
28288	996 
28289	553 
28290	1286 
28291	768 
28292	1014 
28293	661 
28294	1515 
28295	307 
28296	1840 
28297	455 
28298	613 
28299	1004 
28300	1337 
28301	1468 
28302	1451 
28303	1726 
28304	1381 
28305	1027 
28306	1607 
28307	1771 
28308	821 
28309	440 
28310	1415 
28311	521 
28312	24 
28313	64 
28314	1286 
28315	951 
28316	1545 
28317	1004 
28318	1568 
28319	618 
28320	7 
28321	421 
28322	970 
28323	592 
28324	1840 
28325	54 
28326	303 
28327	1381 
28328	1138 
28329	24 
28330	1473 
28331	1510 
28332	249 
28333	609 
28334	347 
28335	608 
28336	1183 
28337	256 
28338	1266 
28339	369 
28340	274 
28341	1631 
28342	1760 
28343	499 
28344	876 
28345	1064 
28346	152 
28347	591 
28348	1555 
28349	708 
28350	234 
28351	10 
28352	1342 
28353	1518 
28354	645 
28355	888 
28356	972 
28357	1261 
28358	1354 
28359	1335 
28360	1345 
28361	38 
28362	19 
28363	1651 
28364	1840 
28365	234 
28366	598 
28367	931 
28368	557 
28369	1585 
28370	493 
28371	1005 
28372	1774 
28373	1663 
28374	1721 
28375	48 
28376	581 
28377	1190 
28378	369 
28379	1639 
28380	99 
28381	280 
28382	349 
28383	1226 
28384	82 
28385	460 
28386	1057 
28387	1426 
28388	1807 
28389	259 
28390	1628 
28391	1326 
28392	1108 
28393	217 
28394	1362 
28395	1070 
28396	1076 
28397	30 
28398	1038 
28399	980 
28400	1706 
28401	130 
28402	1434 
28403	956 
28404	1503 
28405	1548 
28406	864 
28407	1071 
28408	444 
28409	1385 
28410	322 
28411	421 
28412	94 
28413	383 
28414	1386 
28415	609 
28416	1673 
28417	528 
28418	380 
28419	166 
28420	266 
28421	1349 
28422	380 
28423	280 
28424	239 
28425	1735 
28426	930 
28427	260 
28428	596 
28429	731 
28430	451 
28431	3 
28432	141 
28433	234 
28434	867 
28435	452 
28436	1016 
28437	1273 
28438	1184 
28439	530 
28440	1807 
28441	1718 
28442	448 
28443	1733 
28444	1337 
28445	966 
28446	1767 
28447	1025 
28448	107 
28449	1009 
28450	373 
28451	1318 
28452	501 
28453	833 
28454	503 
28455	1443 
28456	646 
28457	1298 
28458	472 
28459	1208 
28460	451 
28461	557 
28462	1573 
28463	965 
28464	530 
28465	1408 
28466	1220 
28467	1401 
28468	709 
28469	1431 
28470	941 
28471	1116 
28472	1572 
28473	1058 
28474	522 
28475	1775 
28476	1019 
28477	1374 
28478	495 
28479	454 
28480	1276 
28481	48 
28482	801 
28483	1057 
28484	1264 
28485	1624 
28486	1162 
28487	1366 
28488	1486 
28489	1671 
28490	689 
28491	1101 
28492	1256 
28493	1246 
28494	1731 
28495	533 
28496	1728 
28497	75 
28498	612 
28499	1313 
28500	470 
28501	268 
28502	1725 
28503	521 
28504	1269 
28505	540 
28506	1011 
28507	373 
28508	62 
28509	1087 
28510	1210 
28511	472 
28512	731 
28513	542 
28514	1392 
28515	1101 
28516	455 
28517	1647 
28518	1773 
28519	1335 
28520	530 
28521	1197 
28522	836 
28523	1126 
28524	1743 
28525	591 
28526	1379 
28527	1434 
28528	872 
28529	1139 
28530	1247 
28531	1219 
28532	764 
28533	824 
28534	8 
28535	69 
28536	923 
28537	120 
28538	87 
28539	836 
28540	683 
28541	1687 
28542	1622 
28543	10 
28544	75 
28545	1120 
28546	179 
28547	1692 
28548	22 
28549	753 
28550	230 
28551	1838 
28552	249 
28553	1198 
28554	367 
28555	1073 
28556	1745 
28557	1765 
28558	455 
28559	393 
28560	1243 
28561	499 
28562	1471 
28563	503 
28564	1466 
28565	409 
28566	588 
28567	739 
28568	404 
28569	1116 
28570	73 
28571	1508 
28572	211 
28573	545 
28574	1239 
28575	701 
28576	319 
28577	1212 
28578	1482 
28579	1586 
28580	256 
28581	1364 
28582	735 
28583	1024 
28584	813 
28585	951 
28586	1568 
28587	422 
28588	1384 
28589	67 
28590	884 
28591	1676 
28592	1213 
28593	1396 
28594	1163 
28595	1577 
28596	1723 
28597	980 
28598	584 
28599	377 
28600	131 
28601	30 
28602	613 
28603	1726 
28604	89 
28605	1558 
28606	800 
28607	1264 
28608	383 
28609	1802 
28610	458 
28611	491 
28612	1062 
28613	1475 
28614	1610 
28615	1786 
28616	14 
28617	1828 
28618	51 
28619	695 
28620	1371 
28621	1328 
28622	531 
28623	1076 
28624	8 
28625	499 
28626	688 
28627	1233 
28628	493 
28629	954 
28630	1856 
28631	1340 
28632	1266 
28633	1482 
28634	499 
28635	1612 
28636	683 
28637	307 
28638	1035 
28639	120 
28640	672 
28641	1667 
28642	1372 
28643	1041 
28644	911 
28645	1524 
28646	919 
28647	754 
28648	154 
28649	6 
28650	1190 
28651	1823 
28652	1228 
28653	1524 
28654	1458 
28655	455 
28656	94 
28657	557 
28658	909 
28659	491 
28660	1584 
28661	584 
28662	681 
28663	1384 
28664	639 
28665	209 
28666	1412 
28667	392 
28668	1025 
28669	783 
28670	776 
28671	265 
28672	923 
28673	503 
28674	1188 
28675	1137 
28676	56 
28677	754 
28678	585 
28679	1408 
28680	912 
28681	1755 
28682	943 
28683	1437 
28684	70 
28685	1603 
28686	1576 
28687	1843 
28688	908 
28689	1063 
28690	1345 
28691	1671 
28692	672 
28693	1813 
28694	1269 
28695	1807 
28696	1199 
28697	1035 
28698	303 
28699	1322 
28700	802 
28701	804 
28702	1019 
28703	1322 
28704	154 
28705	1269 
28706	1024 
28707	892 
28708	1479 
28709	997 
28710	490 
28711	394 
28712	423 
28713	1210 
28714	1486 
28715	1850 
28716	865 
28717	802 
28718	222 
28719	716 
28720	27 
28721	1437 
28722	1443 
28723	848 
28724	615 
28725	1316 
28726	1088 
28727	1540 
28728	530 
28729	862 
28730	30 
28731	258 
28732	710 
28733	426 
28734	661 
28735	1621 
28736	804 
28737	1004 
28738	1000 
28739	1153 
28740	907 
28741	983 
28742	806 
28743	1516 
28744	1407 
28745	1689 
28746	1140 
28747	1432 
28748	326 
28749	1689 
28750	135 
28751	1605 
28752	292 
28753	1757 
28754	1321 
28755	835 
28756	1704 
28757	1022 
28758	409 
28759	17 
28760	643 
28761	259 
28762	1112 
28763	721 
28764	1124 
28765	84 
28766	95 
28767	222 
28768	909 
28769	796 
28770	1295 
28771	493 
28772	836 
28773	1608 
28774	650 
28775	331 
28776	633 
28777	82 
28778	1759 
28779	131 
28780	451 
28781	894 
28782	1115 
28783	1152 
28784	734 
28785	241 
28786	1378 
28787	1313 
28788	1726 
28789	1694 
28790	259 
28791	417 
28792	271 
28793	1128 
28794	61 
28795	1525 
28796	1528 
28797	1678 
28798	277 
28799	262 
28800	907 
28801	490 
28802	584 
28803	1426 
28804	1141 
28805	1807 
28806	1781 
28807	1607 
28808	938 
28809	997 
28810	1031 
28811	680 
28812	163 
28813	377 
28814	1784 
28815	1525 
28816	806 
28817	1433 
28818	1815 
28819	1336 
28820	703 
28821	1058 
28822	842 
28823	194 
28824	454 
28825	943 
28826	1841 
28827	96 
28828	1540 
28829	117 
28830	1653 
28831	1203 
28832	1807 
28833	1718 
28834	217 
28835	407 
28836	1054 
28837	1612 
28838	397 
28839	878 
28840	18 
28841	793 
28842	19 
28843	1714 
28844	1709 
28845	498 
28846	369 
28847	1404 
28848	1218 
28849	1513 
28850	1700 
28851	1486 
28852	317 
28853	205 
28854	339 
28855	470 
28856	1460 
28857	1311 
28858	1092 
28859	1161 
28860	975 
28861	598 
28862	745 
28863	1062 
28864	353 
28865	706 
28866	67 
28867	127 
28868	428 
28869	661 
28870	1294 
28871	1083 
28872	67 
28873	344 
28874	1260 
28875	1843 
28876	612 
28877	1738 
28878	475 
28879	762 
28880	1413 
28881	521 
28882	1233 
28883	1318 
28884	839 
28885	662 
28886	1480 
28887	136 
28888	721 
28889	57 
28890	1058 
28891	1332 
28892	215 
28893	1237 
28894	1229 
28895	946 
28896	801 
28897	1758 
28898	236 
28899	961 
28900	99 
28901	1563 
28902	25 
28903	835 
28904	444 
28905	286 
28906	1482 
28907	1840 
28908	1723 
28909	1021 
28910	61 
28911	777 
28912	1076 
28913	309 
28914	1063 
28915	1360 
28916	1376 
28917	540 
28918	1209 
28919	65 
28920	175 
28921	836 
28922	54 
28923	1210 
28924	383 
28925	1160 
28926	993 
28927	260 
28928	1696 
28929	931 
28930	428 
28931	1609 
28932	256 
28933	1170 
28934	646 
28935	173 
28936	256 
28937	1532 
28938	1152 
28939	566 
28940	559 
28941	1372 
28942	295 
28943	483 
28944	818 
28945	1706 
28946	1594 
28947	515 
28948	308 
28949	70 
28950	1759 
28951	7 
28952	331 
28953	532 
28954	11 
28955	1444 
28956	1718 
28957	737 
28958	788 
28959	1746 
28960	1759 
28961	285 
28962	331 
28963	305 
28964	1735 
28965	509 
28966	7 
28967	1000 
28968	1226 
28969	279 
28970	1434 
28971	1236 
28972	967 
28973	1570 
28974	1024 
28975	934 
28976	783 
28977	1005 
28978	1098 
28979	1511 
28980	568 
28981	1399 
28982	1469 
28983	1133 
28984	451 
28985	99 
28986	599 
28987	24 
28988	383 
28989	911 
28990	1163 
28991	1688 
28992	695 
28993	384 
28994	1208 
28995	259 
28996	895 
28997	343 
28998	534 
28999	98 
29000	486 
29001	72 
29002	1377 
29003	1236 
29004	357 
29005	604 
29006	654 
29007	1284 
29008	62 
29009	1413 
29010	1332 
29011	1830 
29012	1048 
29013	362 
29014	1360 
29015	8 
29016	315 
29017	1705 
29018	1612 
29019	1749 
29020	288 
29021	1713 
29022	144 
29023	798 
29024	994 
29025	490 
29026	249 
29027	1650 
29028	1016 
29029	52 
29030	1643 
29031	196 
29032	287 
29033	146 
29034	297 
29035	178 
29036	1004 
29037	1 
29038	1528 
29039	1189 
29040	808 
29041	686 
29042	1317 
29043	1182 
29044	143 
29045	1539 
29046	351 
29047	270 
29048	1274 
29049	1490 
29050	1845 
29051	40 
29052	371 
29053	1366 
29054	374 
29055	1369 
29056	643 
29057	1712 
29058	1840 
29059	40 
29060	1086 
29061	740 
29062	1806 
29063	330 
29064	1754 
29065	956 
29066	974 
29067	729 
29068	1606 
29069	999 
29070	804 
29071	853 
29072	580 
29073	430 
29074	130 
29075	1140 
29076	1767 
29077	1811 
29078	422 
29079	957 
29080	420 
29081	1701 
29082	66 
29083	388 
29084	533 
29085	782 
29086	1236 
29087	422 
29088	1828 
29089	311 
29090	487 
29091	160 
29092	1840 
29093	318 
29094	11 
29095	199 
29096	391 
29097	260 
29098	1256 
29099	1657 
29100	1454 
29101	316 
29102	1491 
29103	1442 
29104	1210 
29105	957 
29106	1282 
29107	1125 
29108	557 
29109	41 
29110	1515 
29111	1641 
29112	1421 
29113	334 
29114	1310 
29115	577 
29116	1449 
29117	509 
29118	901 
29119	596 
29120	1833 
29121	256 
29122	207 
29123	729 
29124	1440 
29125	449 
29126	1302 
29127	1778 
29128	56 
29129	1452 
29130	533 
29131	1469 
29132	656 
29133	655 
29134	1039 
29135	1022 
29136	1064 
29137	1511 
29138	1105 
29139	82 
29140	234 
29141	423 
29142	914 
29143	1539 
29144	439 
29145	995 
29146	1479 
29147	1325 
29148	1429 
29149	1226 
29150	131 
29151	1005 
29152	521 
29153	809 
29154	1672 
29155	1063 
29156	1763 
29157	377 
29158	993 
29159	1770 
29160	199 
29161	527 
29162	1136 
29163	542 
29164	1053 
29165	1004 
29166	1502 
29167	1001 
29168	684 
29169	933 
29170	1301 
29171	878 
29172	396 
29173	480 
29174	408 
29175	358 
29176	1362 
29177	1446 
29178	710 
29179	1048 
29180	485 
29181	7 
29182	1310 
29183	134 
29184	82 
29185	377 
29186	686 
29187	1433 
29188	1218 
29189	139 
29190	1468 
29191	415 
29192	1139 
29193	796 
29194	1074 
29195	1384 
29196	872 
29197	1822 
29198	1482 
29199	1427 
29200	1300 
29201	995 
29202	617 
29203	1117 
29204	369 
29205	1035 
29206	1398 
29207	1138 
29208	349 
29209	1203 
29210	285 
29211	1535 
29212	805 
29213	226 
29214	81 
29215	582 
29216	1439 
29217	151 
29218	14 
29219	554 
29220	1814 
29221	470 
29222	444 
29223	1625 
29224	1795 
29225	646 
29226	511 
29227	806 
29228	819 
29229	1559 
29230	851 
29231	452 
29232	862 
29233	1744 
29234	888 
29235	383 
29236	994 
29237	623 
29238	898 
29239	360 
29240	145 
29241	1697 
29242	612 
29243	412 
29244	490 
29245	61 
29246	706 
29247	295 
29248	1360 
29249	1793 
29250	792 
29251	733 
29252	1728 
29253	1222 
29254	89 
29255	493 
29256	4 
29257	526 
29258	330 
29259	1751 
29260	1171 
29261	1336 
29262	1583 
29263	1701 
29264	940 
29265	1418 
29266	782 
29267	1846 
29268	1004 
29269	290 
29270	1749 
29271	868 
29272	470 
29273	158 
29274	126 
29275	1560 
29276	491 
29277	1127 
29278	1368 
29279	409 
29280	1733 
29281	732 
29282	1653 
29283	456 
29284	205 
29285	1768 
29286	1778 
29287	162 
29288	482 
29289	876 
29290	1540 
29291	518 
29292	1025 
29293	802 
29294	611 
29295	19 
29296	1369 
29297	141 
29298	216 
29299	422 
29300	1755 
29301	1764 
29302	1418 
29303	105 
29304	19 
29305	704 
29306	602 
29307	889 
29308	114 
29309	451 
29310	257 
29311	1177 
29312	277 
29313	924 
29314	1075 
29315	1333 
29316	1359 
29317	621 
29318	1024 
29319	1647 
29320	894 
29321	1558 
29322	596 
29323	843 
29324	1690 
29325	665 
29326	1384 
29327	1366 
29328	557 
29329	457 
29330	818 
29331	1824 
29332	498 
29333	224 
29334	1560 
29335	1293 
29336	1610 
29337	1080 
29338	1821 
29339	602 
29340	521 
29341	599 
29342	1511 
29343	1123 
29344	1097 
29345	1554 
29346	1304 
29347	1498 
29348	330 
29349	816 
29350	1320 
29351	1128 
29352	421 
29353	1595 
29354	1526 
29355	1709 
29356	825 
29357	284 
29358	274 
29359	1254 
29360	29 
29361	1233 
29362	125 
29363	204 
29364	461 
29365	209 
29366	140 
29367	1467 
29368	103 
29369	18 
29370	1737 
29371	357 
29372	1532 
29373	1708 
29374	12 
29375	98 
29376	1663 
29377	1735 
29378	1532 
29379	1007 
29380	234 
29381	1532 
29382	1414 
29383	1403 
29384	145 
29385	1083 
29386	1411 
29387	1618 
29388	1779 
29389	1320 
29390	383 
29391	962 
29392	1474 
29393	958 
29394	801 
29395	1465 
29396	819 
29397	856 
29398	1662 
29399	535 
29400	283 
29401	67 
29402	828 
29403	1547 
29404	500 
29405	1583 
29406	529 
29407	1811 
29408	1755 
29409	1310 
29410	383 
29411	1404 
29412	1349 
29413	474 
29414	1074 
29415	270 
29416	1413 
29417	444 
29418	1420 
29419	1348 
29420	909 
29421	1079 
29422	354 
29423	1232 
29424	544 
29425	1464 
29426	1845 
29427	1269 
29428	1062 
29429	1663 
29430	98 
29431	311 
29432	1139 
29433	680 
29434	1850 
29435	474 
29436	204 
29437	1733 
29438	1807 
29439	1072 
29440	744 
29441	954 
29442	1639 
29443	1746 
29444	1418 
29445	1291 
29446	72 
29447	284 
29448	391 
29449	1411 
29450	449 
29451	250 
29452	65 
29453	434 
29454	161 
29455	416 
29456	435 
29457	568 
29458	956 
29459	355 
29460	320 
29461	166 
29462	1503 
29463	1338 
29464	1801 
29465	98 
29466	1633 
29467	1474 
29468	4 
29469	637 
29470	1387 
29471	1845 
29472	470 
29473	490 
29474	377 
29475	414 
29476	805 
29477	23 
29478	404 
29479	98 
29480	680 
29481	1504 
29482	1599 
29483	731 
29484	73 
29485	481 
29486	1344 
29487	1539 
29488	420 
29489	414 
29490	1498 
29491	1333 
29492	923 
29493	1233 
29494	1692 
29495	1057 
29496	1746 
29497	772 
29498	1232 
29499	730 
29500	501 
29501	1814 
29502	1284 
29503	992 
29504	1078 
29505	1120 
29506	1726 
29507	1161 
29508	1086 
29509	717 
29510	775 
29511	1768 
29512	1694 
29513	159 
29514	146 
29515	680 
29516	1229 
29517	1400 
29518	906 
29519	145 
29520	207 
29521	1048 
29522	74 
29523	207 
29524	1628 
29525	1418 
29526	471 
29527	661 
29528	341 
29529	942 
29530	782 
29531	1785 
29532	1341 
29533	357 
29534	131 
29535	1818 
29536	329 
29537	963 
29538	716 
29539	323 
29540	243 
29541	589 
29542	804 
29543	1283 
29544	451 
29545	749 
29546	331 
29547	1716 
29548	709 
29549	582 
29550	404 
29551	793 
29552	272 
29553	739 
29554	1549 
29555	1834 
29556	1070 
29557	356 
29558	1467 
29559	1597 
29560	1348 
29561	514 
29562	1831 
29563	1663 
29564	1232 
29565	1322 
29566	836 
29567	1515 
29568	1046 
29569	1378 
29570	1313 
29571	1823 
29572	956 
29573	1680 
29574	1587 
29575	251 
29576	876 
29577	865 
29578	1176 
29579	613 
29580	886 
29581	1597 
29582	1424 
29583	1410 
29584	443 
29585	1480 
29586	1627 
29587	19 
29588	1482 
29589	785 
29590	553 
29591	1349 
29592	303 
29593	370 
29594	579 
29595	864 
29596	407 
29597	811 
29598	1786 
29599	1465 
29600	242 
29601	276 
29602	1276 
29603	564 
29604	446 
29605	1480 
29606	842 
29607	330 
29608	836 
29609	860 
29610	1380 
29611	372 
29612	1412 
29613	1532 
29614	683 
29615	1810 
29616	1642 
29617	346 
29618	996 
29619	1337 
29620	6 
29621	296 
29622	1845 
29623	1638 
29624	1141 
29625	1583 
29626	1445 
29627	1159 
29628	697 
29629	1638 
29630	416 
29631	896 
29632	886 
29633	1628 
29634	1721 
29635	338 
29636	1194 
29637	1694 
29638	545 
29639	814 
29640	410 
29641	1838 
29642	1238 
29643	778 
29644	146 
29645	1311 
29646	444 
29647	299 
29648	1413 
29649	1594 
29650	1316 
29651	256 
29652	468 
29653	373 
29654	920 
29655	75 
29656	1079 
29657	123 
29658	1713 
29659	1605 
29660	352 
29661	864 
29662	1262 
29663	931 
29664	553 
29665	932 
29666	298 
29667	1079 
29668	1403 
29669	1042 
29670	1345 
29671	271 
29672	1676 
29673	1367 
29674	1415 
29675	69 
29676	90 
29677	791 
29678	770 
29679	499 
29680	1692 
29681	120 
29682	1128 
29683	1350 
29684	485 
29685	1274 
29686	862 
29687	363 
29688	1006 
29689	1799 
29690	470 
29691	416 
29692	1490 
29693	1516 
29694	949 
29695	967 
29696	672 
29697	1139 
29698	983 
29699	560 
29700	522 
29701	1079 
29702	1131 
29703	33 
29704	561 
29705	1777 
29706	1748 
29707	1282 
29708	1083 
29709	1647 
29710	1637 
29711	217 
29712	1360 
29713	1809 
29714	1840 
29715	1191 
29716	1052 
29717	1774 
29718	843 
29719	538 
29720	1373 
29721	1502 
29722	1628 
29723	1619 
29724	841 
29725	129 
29726	1723 
29727	842 
29728	993 
29729	1294 
29730	917 
29731	1412 
29732	1208 
29733	466 
29734	225 
29735	1639 
29736	1817 
29737	1131 
29738	1191 
29739	1558 
29740	845 
29741	1726 
29742	1369 
29743	888 
29744	1663 
29745	564 
29746	808 
29747	110 
29748	1444 
29749	904 
29750	1578 
29751	307 
29752	1520 
29753	952 
29754	672 
29755	259 
29756	1631 
29757	400 
29758	1828 
29759	1019 
29760	1368 
29761	917 
29762	612 
29763	1786 
29764	1722 
29765	334 
29766	579 
29767	545 
29768	1202 
29769	375 
29770	789 
29771	1713 
29772	709 
29773	1438 
29774	482 
29775	1838 
29776	651 
29777	803 
29778	295 
29779	1436 
29780	1840 
29781	1542 
29782	494 
29783	1539 
29784	86 
29785	1540 
29786	66 
29787	1857 
29788	815 
29789	721 
29790	521 
29791	214 
29792	105 
29793	1128 
29794	633 
29795	106 
29796	1096 
29797	988 
29798	815 
29799	1193 
29800	34 
29801	262 
29802	676 
29803	983 
29804	1570 
29805	1706 
29806	377 
29807	892 
29808	804 
29809	1378 
29810	1082 
29811	1516 
29812	1120 
29813	843 
29814	250 
29815	416 
29816	1633 
29817	1664 
29818	436 
29819	1425 
29820	803 
29821	1729 
29822	397 
29823	509 
29824	1091 
29825	1548 
29826	1236 
29827	1352 
29828	892 
29829	1798 
29830	1765 
29831	1466 
29832	1564 
29833	856 
29834	1791 
29835	389 
29836	1221 
29837	451 
29838	1701 
29839	1 
29840	1115 
29841	1256 
29842	598 
29843	1830 
29844	1619 
29845	227 
29846	1857 
29847	444 
29848	1069 
29849	814 
29850	1039 
29851	1432 
29852	1170 
29853	191 
29854	838 
29855	701 
29856	47 
29857	1858 
29858	822 
29859	1143 
29860	331 
29861	469 
29862	1442 
29863	994 
29864	698 
29865	1005 
29866	733 
29867	246 
29868	1801 
29869	982 
29870	576 
29871	584 
29872	649 
29873	1208 
29874	51 
29875	860 
29876	994 
29877	1396 
29878	1533 
29879	1753 
29880	1657 
29881	1337 
29882	930 
29883	1446 
29884	1041 
29885	1263 
29886	262 
29887	1084 
29888	1821 
29889	1434 
29890	1781 
29891	1013 
29892	910 
29893	1601 
29894	1807 
29895	579 
29896	708 
29897	1692 
29898	880 
29899	721 
29900	1706 
29901	1057 
29902	308 
29903	602 
29904	1382 
29905	749 
29906	510 
29907	1655 
29908	1391 
29909	813 
29910	783 
29911	482 
29912	11 
29913	587 
29914	1341 
29915	179 
29916	892 
29917	574 
29918	1852 
29919	1194 
29920	1527 
29921	1256 
29922	162 
29923	98 
29924	303 
29925	569 
29926	1773 
29927	1004 
29928	1726 
29929	1502 
29930	863 
29931	1731 
29932	33 
29933	1646 
29934	1732 
29935	373 
29936	1323 
29937	864 
29938	1712 
29939	31 
29940	1836 
29941	1379 
29942	1540 
29943	507 
29944	1386 
29945	1721 
29946	1069 
29947	976 
29948	1189 
29949	565 
29950	114 
29951	1431 
29952	855 
29953	1229 
29954	709 
29955	1141 
29956	1272 
29957	1465 
29958	455 
29959	1609 
29960	1100 
29961	397 
29962	1841 
29963	19 
29964	423 
29965	545 
29966	1083 
29967	455 
29968	1280 
29969	1539 
29970	1363 
29971	1054 
29972	236 
29973	805 
29974	787 
29975	259 
29976	535 
29977	1464 
29978	157 
29979	1280 
29980	556 
29981	843 
29982	1561 
29983	1384 
29984	41 
29985	1054 
29986	161 
29987	1298 
29988	604 
29989	411 
29990	656 
29991	1035 
29992	383 
29993	1273 
29994	172 
29995	1854 
29996	1833 
29997	78 
29998	1680 
29999	773 
30000	1004 
30001	317 
30002	302 
30003	1555 
30004	829 
30005	1110 
30006	864 
30007	198 
30008	739 
30009	520 
30010	1743 
30011	1653 
30012	1348 
30013	533 
30014	1356 
30015	701 
30016	1356 
30017	1001 
30018	1628 
30019	1337 
30020	1585 
30021	591 
30022	946 
30023	1510 
30024	1615 
30025	747 
30026	565 
30027	1790 
30028	178 
30029	922 
30030	1790 
30031	1424 
30032	1755 
30033	1368 
30034	105 
30035	1516 
30036	1637 
30037	758 
30038	146 
30039	416 
30040	813 
30041	561 
30042	286 
30043	1282 
30044	1533 
30045	205 
30046	1599 
30047	560 
30048	1525 
30049	423 
30050	1555 
30051	1555 
30052	105 
30053	1308 
30054	1366 
30055	997 
30056	7 
30057	1528 
30058	1701 
30059	1274 
30060	1415 
30061	18 
30062	1427 
30063	733 
30064	493 
30065	1707 
30066	808 
30067	1386 
30068	1725 
30069	1715 
30070	1502 
30071	1412 
30072	1647 
30073	1341 
30074	1296 
30075	1238 
30076	543 
30077	407 
30078	944 
30079	412 
30080	1840 
30081	864 
30082	108 
30083	1674 
30084	646 
30085	1352 
30086	145 
30087	1403 
30088	1108 
30089	1432 
30090	832 
30091	1511 
30092	327 
30093	1773 
30094	1384 
30095	1311 
30096	1471 
30097	626 
30098	94 
30099	584 
30100	963 
30101	362 
30102	1073 
30103	307 
30104	1729 
30105	815 
30106	1218 
30107	1516 
30108	1349 
30109	371 
30110	1330 
30111	1248 
30112	178 
30113	1490 
30114	235 
30115	1837 
30116	903 
30117	541 
30118	533 
30119	1562 
30120	604 
30121	456 
30122	804 
30123	723 
30124	114 
30125	94 
30126	458 
30127	111 
30128	1601 
30129	933 
30130	1204 
30131	701 
30132	596 
30133	256 
30134	1031 
30135	544 
30136	1379 
30137	1079 
30138	1091 
30139	1074 
30140	948 
30141	1840 
30142	923 
30143	801 
30144	4 
30145	451 
30146	876 
30147	1428 
30148	969 
30149	531 
30150	41 
30151	1246 
30152	889 
30153	958 
30154	1213 
30155	906 
30156	1482 
30157	1293 
30158	1331 
30159	213 
30160	769 
30161	267 
30162	184 
30163	1797 
30164	1201 
30165	1733 
30166	862 
30167	135 
30168	161 
30169	695 
30170	1009 
30171	510 
30172	380 
30173	89 
30174	1775 
30175	815 
30176	1070 
30177	585 
30178	1471 
30179	1246 
30180	1609 
30181	122 
30182	526 
30183	1091 
30184	1322 
30185	829 
30186	1282 
30187	1841 
30188	650 
30189	1639 
30190	961 
30191	1639 
30192	699 
30193	662 
30194	1222 
30195	553 
30196	1624 
30197	97 
30198	699 
30199	1773 
30200	493 
30201	764 
30202	1104 
30203	84 
30204	1469 
30205	1 
30206	980 
30207	1614 
30208	1153 
30209	626 
30210	1344 
30211	1202 
30212	1469 
30213	353 
30214	36 
30215	323 
30216	182 
30217	13 
30218	789 
30219	819 
30220	1713 
30221	1721 
30222	1783 
30223	1028 
30224	274 
30225	1153 
30226	146 
30227	1838 
30228	542 
30229	917 
30230	1712 
30231	919 
30232	265 
30233	21 
30234	377 
30235	863 
30236	760 
30237	305 
30238	554 
30239	10 
30240	1694 
30241	1141 
30242	1526 
30243	1020 
30244	154 
30245	73 
30246	385 
30247	1692 
30248	1357 
30249	565 
30250	451 
30251	1526 
30252	821 
30253	1291 
30254	1758 
30255	703 
30256	1307 
30257	1735 
30258	1612 
30259	1810 
30260	706 
30261	699 
30262	163 
30263	10 
30264	1672 
30265	1502 
30266	1500 
30267	584 
30268	1852 
30269	5 
30270	1335 
30271	1807 
30272	1220 
30273	242 
30274	1080 
30275	1490 
30276	341 
30277	1313 
30278	1221 
30279	1536 
30280	1380 
30281	1246 
30282	757 
30283	880 
30284	199 
30285	1085 
30286	385 
30287	70 
30288	574 
30289	10 
30290	954 
30291	1830 
30292	292 
30293	1061 
30294	1564 
30295	1778 
30296	1599 
30297	816 
30298	1785 
30299	184 
30300	1078 
30301	557 
30302	744 
30303	693 
30304	672 
30305	1316 
30306	19 
30307	1 
30308	199 
30309	1597 
30310	535 
30311	598 
30312	400 
30313	1409 
30314	1286 
30315	1438 
30316	1671 
30317	1248 
30318	1578 
30319	801 
30320	974 
30321	1569 
30322	410 
30323	1118 
30324	824 
30325	23 
30326	451 
30327	1360 
30328	284 
30329	1455 
30330	1810 
30331	272 
30332	56 
30333	1332 
30334	985 
30335	956 
30336	1411 
30337	1172 
30338	1258 
30339	1383 
30340	1080 
30341	556 
30342	301 
30343	821 
30344	1333 
30345	128 
30346	42 
30347	717 
30348	1835 
30349	811 
30350	1374 
30351	234 
30352	240 
30353	274 
30354	1606 
30355	145 
30356	1056 
30357	643 
30358	1736 
30359	816 
30360	342 
30361	1360 
30362	1153 
30363	493 
30364	183 
30365	1341 
30366	1689 
30367	1470 
30368	1143 
30369	1291 
30370	815 
30371	792 
30372	1064 
30373	1426 
30374	567 
30375	520 
30376	424 
30377	796 
30378	812 
30379	1156 
30380	469 
30381	1703 
30382	491 
30383	1592 
30384	908 
30385	931 
30386	1399 
30387	1086 
30388	1773 
30389	578 
30390	57 
30391	1564 
30392	405 
30393	1379 
30394	329 
30395	1648 
30396	421 
30397	534 
30398	1346 
30399	996 
30400	129 
30401	1774 
30402	1604 
30403	1283 
30404	1643 
30405	683 
30406	1458 
30407	1514 
30408	1643 
30409	436 
30410	843 
30411	1348 
30412	1727 
30413	952 
30414	531 
30415	126 
30416	1003 
30417	1317 
30418	524 
30419	563 
30420	1384 
30421	836 
30422	1210 
30423	1813 
30424	553 
30425	540 
30426	876 
30427	1735 
30428	56 
30429	320 
30430	614 
30431	770 
30432	1332 
30433	1514 
30434	791 
30435	470 
30436	1140 
30437	954 
30438	1322 
30439	1283 
30440	1745 
30441	1311 
30442	155 
30443	337 
30444	282 
30445	69 
30446	742 
30447	540 
30448	532 
30449	318 
30450	172 
30451	1662 
30452	749 
30453	658 
30454	983 
30455	700 
30456	1366 
30457	243 
30458	1332 
30459	99 
30460	121 
30461	278 
30462	762 
30463	600 
30464	612 
30465	391 
30466	1749 
30467	1340 
30468	1181 
30469	1140 
30470	296 
30471	146 
30472	1694 
30473	1749 
30474	1771 
30475	473 
30476	204 
30477	487 
30478	906 
30479	1258 
30480	1342 
30481	1422 
30482	94 
30483	534 
30484	587 
30485	989 
30486	727 
30487	1753 
30488	1725 
30489	1322 
30490	1374 
30491	1313 
30492	105 
30493	1663 
30494	655 
30495	1446 
30496	862 
30497	129 
30498	533 
30499	981 
30500	545 
30501	48 
30502	1768 
30503	809 
30504	1073 
30505	1139 
30506	1473 
30507	1318 
30508	1227 
30509	530 
30510	1151 
30511	1680 
30512	1663 
30513	1808 
30514	262 
30515	1223 
30516	206 
30517	1352 
30518	60 
30519	809 
30520	533 
30521	773 
30522	1197 
30523	292 
30524	736 
30525	529 
30526	214 
30527	1272 
30528	346 
30529	563 
30530	869 
30531	923 
30532	1291 
30533	968 
30534	746 
30535	1753 
30536	1183 
30537	710 
30538	988 
30539	818 
30540	6 
30541	1462 
30542	234 
30543	498 
30544	135 
30545	263 
30546	1493 
30547	1083 
30548	525 
30549	662 
30550	973 
30551	1292 
30552	535 
30553	724 
30554	1218 
30555	129 
30556	1486 
30557	89 
30558	331 
30559	1810 
30560	774 
30561	864 
30562	1597 
30563	732 
30564	1696 
30565	1370 
30566	1641 
30567	421 
30568	1139 
30569	695 
30570	1696 
30571	1062 
30572	1357 
30573	1266 
30574	943 
30575	819 
30576	643 
30577	1261 
30578	1028 
30579	1445 
30580	1010 
30581	788 
30582	872 
30583	1755 
30584	293 
30585	287 
30586	861 
30587	650 
30588	598 
30589	1635 
30590	864 
30591	315 
30592	398 
30593	1459 
30594	1441 
30595	1317 
30596	1388 
30597	201 
30598	1053 
30599	612 
30600	1028 
30601	571 
30602	404 
30603	531 
30604	232 
30605	30 
30606	852 
30607	1667 
30608	544 
30609	1288 
30610	1347 
30611	1629 
30612	178 
30613	939 
30614	82 
30615	96 
30616	1845 
30617	211 
30618	1403 
30619	1540 
30620	452 
30621	762 
30622	640 
30623	1101 
30624	145 
30625	1139 
30626	1504 
30627	920 
30628	703 
30629	746 
30630	1753 
30631	1260 
30632	430 
30633	541 
30634	685 
30635	1318 
30636	277 
30637	1753 
30638	282 
30639	772 
30640	724 
30641	764 
30642	953 
30643	1026 
30644	1091 
30645	164 
30646	57 
30647	568 
30648	1106 
30649	1749 
30650	1387 
30651	813 
30652	1341 
30653	62 
30654	903 
30655	701 
30656	983 
30657	809 
30658	891 
30659	1331 
30660	239 
30661	571 
30662	1221 
30663	1838 
30664	319 
30665	1091 
30666	1372 
30667	1486 
30668	1040 
30669	418 
30670	804 
30671	1603 
30672	24 
30673	1655 
30674	298 
30675	394 
30676	435 
30677	1287 
30678	67 
30679	1059 
30680	817 
30681	430 
30682	60 
30683	1589 
30684	325 
30685	1444 
30686	1070 
30687	633 
30688	958 
30689	735 
30690	598 
30691	1233 
30692	641 
30693	138 
30694	1461 
30695	836 
30696	514 
30697	709 
30698	1141 
30699	131 
30700	1806 
30701	1092 
30702	946 
30703	859 
30704	708 
30705	1735 
30706	819 
30707	1830 
30708	946 
30709	410 
30710	516 
30711	753 
30712	1459 
30713	1555 
30714	1576 
30715	277 
30716	1644 
30717	100 
30718	1074 
30719	1692 
30720	1218 
30721	1362 
30722	527 
30723	1060 
30724	1220 
30725	722 
30726	724 
30727	284 
30728	307 
30729	1321 
30730	785 
30731	292 
30732	764 
30733	469 
30734	7 
30735	1824 
30736	511 
30737	738 
30738	10 
30739	1626 
30740	337 
30741	893 
30742	67 
30743	927 
30744	340 
30745	1337 
30746	179 
30747	1002 
30748	120 
30749	169 
30750	1653 
30751	1612 
30752	76 
30753	370 
30754	147 
30755	1334 
30756	974 
30757	1286 
30758	1438 
30759	1269 
30760	703 
30761	1395 
30762	1814 
30763	122 
30764	1760 
30765	1845 
30766	204 
30767	244 
30768	917 
30769	509 
30770	1601 
30771	451 
30772	480 
30773	1142 
30774	1293 
30775	963 
30776	1341 
30777	1195 
30778	347 
30779	821 
30780	938 
30781	1840 
30782	436 
30783	1366 
30784	311 
30785	752 
30786	892 
30787	267 
30788	1554 
30789	1468 
30790	164 
30791	1175 
30792	455 
30793	1526 
30794	832 
30795	1814 
30796	371 
30797	292 
30798	383 
30799	1083 
30800	293 
30801	1179 
30802	571 
30803	1239 
30804	30 
30805	262 
30806	1358 
30807	1465 
30808	984 
30809	420 
30810	314 
30811	1796 
30812	1327 
30813	131 
30814	255 
30815	165 
30816	1114 
30817	1672 
30818	69 
30819	1498 
30820	114 
30821	1714 
30822	296 
30823	1083 
30824	1829 
30825	1822 
30826	75 
30827	853 
30828	1572 
30829	1410 
30830	1353 
30831	845 
30832	1518 
30833	1065 
30834	444 
30835	1120 
30836	1855 
30837	178 
30838	1338 
30839	1774 
30840	764 
30841	1725 
30842	908 
30843	1694 
30844	342 
30845	1215 
30846	456 
30847	70 
30848	1117 
30849	836 
30850	598 
30851	15 
30852	901 
30853	1806 
30854	996 
30855	122 
30856	990 
30857	565 
30858	646 
30859	1843 
30860	1589 
30861	962 
30862	187 
30863	1759 
30864	715 
30865	1394 
30866	1091 
30867	670 
30868	1162 
30869	1492 
30870	193 
30871	1618 
30872	1492 
30873	1398 
30874	1226 
30875	672 
30876	350 
30877	1790 
30878	601 
30879	20 
30880	959 
30881	61 
30882	303 
30883	176 
30884	1763 
30885	1 
30886	745 
30887	1313 
30888	538 
30889	1565 
30890	1075 
30891	1486 
30892	127 
30893	332 
30894	1266 
30895	1589 
30896	327 
30897	1333 
30898	178 
30899	1840 
30900	1641 
30901	250 
30902	41 
30903	1614 
30904	666 
30905	661 
30906	1269 
30907	292 
30908	1263 
30909	984 
30910	542 
30911	1628 
30912	1418 
30913	1530 
30914	115 
30915	340 
30916	1581 
30917	1053 
30918	1367 
30919	995 
30920	533 
30921	1317 
30922	1334 
30923	730 
30924	205 
30925	270 
30926	920 
30927	801 
30928	1284 
30929	163 
30930	1362 
30931	470 
30932	1415 
30933	593 
30934	1232 
30935	589 
30936	904 
30937	699 
30938	1263 
30939	1554 
30940	53 
30941	145 
30942	429 
30943	495 
30944	869 
30945	1794 
30946	905 
30947	366 
30948	88 
30949	1589 
30950	993 
30951	565 
30952	284 
30953	285 
30954	1396 
30955	1073 
30956	1328 
30957	923 
30958	1286 
30959	1302 
30960	1379 
30961	901 
30962	535 
30963	643 
30964	1218 
30965	38 
30966	1064 
30967	599 
30968	1341 
30969	917 
30970	1348 
30971	1369 
30972	583 
30973	171 
30974	357 
30975	375 
30976	949 
30977	542 
30978	747 
30979	1601 
30980	1465 
30981	932 
30982	1175 
30983	1083 
30984	1308 
30985	191 
30986	527 
30987	1143 
30988	347 
30989	1286 
30990	1226 
30991	1584 
30992	907 
30993	729 
30994	50 
30995	814 
30996	383 
30997	1745 
30998	18 
30999	703 
31000	1209 
31001	1662 
31002	456 
31003	809 
31004	1181 
31005	667 
31006	24 
31007	441 
31008	73 
31009	1438 
31010	804 
31011	353 
31012	916 
31013	648 
31014	648 
31015	451 
31016	692 
31017	262 
31018	22 
31019	543 
31020	1425 
31021	1052 
31022	949 
31023	1712 
31024	602 
31025	723 
31026	1729 
31027	973 
31028	541 
31029	730 
31030	626 
31031	253 
31032	530 
31033	1150 
31034	209 
31035	952 
31036	1553 
31037	1260 
31038	1015 
31039	67 
31040	1326 
31041	1532 
31042	339 
31043	526 
31044	1560 
31045	236 
31046	72 
31047	554 
31048	302 
31049	495 
31050	327 
31051	369 
31052	1468 
31053	1778 
31054	1257 
31055	1527 
31056	1427 
31057	1755 
31058	64 
31059	1778 
31060	1591 
31061	171 
31062	908 
31063	683 
31064	591 
31065	2 
31066	591 
31067	311 
31068	547 
31069	234 
31070	649 
31071	650 
31072	1790 
31073	1697 
31074	595 
31075	449 
31076	1080 
31077	170 
31078	497 
31079	808 
31080	1825 
31081	439 
31082	1019 
31083	11 
31084	1071 
31085	2 
31086	1562 
31087	693 
31088	1163 
31089	217 
31090	1717 
31091	941 
31092	1572 
31093	598 
31094	597 
31095	1451 
31096	1141 
31097	301 
31098	602 
31099	1219 
31100	894 
31101	1671 
31102	548 
31103	320 
31104	1438 
31105	179 
31106	852 
31107	20 
31108	730 
31109	911 
31110	1040 
31111	1134 
31112	862 
31113	259 
31114	1366 
31115	1479 
31116	1648 
31117	655 
31118	923 
31119	194 
31120	726 
31121	171 
31122	824 
31123	990 
31124	1036 
31125	1055 
31126	647 
31127	571 
31128	801 
31129	616 
31130	69 
31131	1045 
31132	70 
31133	1705 
31134	852 
31135	344 
31136	928 
31137	633 
31138	1671 
31139	1466 
31140	1793 
31141	1001 
31142	1630 
31143	864 
31144	1017 
31145	1191 
31146	884 
31147	114 
31148	1233 
31149	1084 
31150	1159 
31151	99 
31152	18 
31153	1508 
31154	1188 
31155	105 
31156	144 
31157	1482 
31158	1707 
31159	1783 
31160	1653 
31161	776 
31162	1193 
31163	282 
31164	46 
31165	1627 
31166	204 
31167	568 
31168	1384 
31169	601 
31170	1081 
31171	1159 
31172	1445 
31173	762 
31174	1126 
31175	369 
31176	1238 
31177	856 
31178	144 
31179	318 
31180	56 
31181	1070 
31182	943 
31183	383 
31184	204 
31185	1709 
31186	1207 
31187	656 
31188	167 
31189	806 
31190	1074 
31191	1313 
31192	997 
31193	565 
31194	1718 
31195	1153 
31196	674 
31197	1353 
31198	1527 
31199	1058 
31200	259 
31201	1819 
31202	1663 
31203	1282 
31204	126 
31205	1264 
31206	695 
31207	1765 
31208	1319 
31209	1223 
31210	1254 
31211	330 
31212	384 
31213	1418 
31214	911 
31215	565 
31216	672 
31217	1717 
31218	1824 
31219	988 
31220	921 
31221	123 
31222	739 
31223	882 
31224	1697 
31225	1758 
31226	881 
31227	1563 
31228	1568 
31229	9 
31230	227 
31231	1326 
31232	983 
31233	1004 
31234	1138 
31235	491 
31236	1264 
31237	1425 
31238	376 
31239	1330 
31240	1573 
31241	730 
31242	540 
31243	219 
31244	141 
31245	227 
31246	689 
31247	76 
31248	1649 
31249	436 
31250	800 
31251	790 
31252	1308 
31253	1821 
31254	1202 
31255	1282 
31256	1445 
31257	514 
31258	276 
31259	968 
31260	609 
31261	640 
31262	596 
31263	1149 
31264	1269 
31265	1486 
31266	1045 
31267	1391 
31268	1749 
31269	1548 
31270	1384 
31271	203 
31272	493 
31273	1395 
31274	1454 
31275	334 
31276	893 
31277	382 
31278	1139 
31279	586 
31280	1640 
31281	209 
31282	407 
31283	525 
31284	1140 
31285	917 
31286	930 
31287	363 
31288	1836 
31289	413 
31290	341 
31291	985 
31292	1606 
31293	1216 
31294	1528 
31295	1316 
31296	1840 
31297	1655 
31298	814 
31299	444 
31300	1680 
31301	1175 
31302	662 
31303	1204 
31304	356 
31305	777 
31306	29 
31307	499 
31308	8 
31309	634 
31310	67 
31311	324 
31312	876 
31313	377 
31314	1246 
31315	683 
31316	1516 
31317	843 
31318	357 
31319	1157 
31320	969 
31321	156 
31322	312 
31323	1319 
31324	298 
31325	782 
31326	1688 
31327	70 
31328	1840 
31329	280 
31330	269 
31331	1426 
31332	277 
31333	1282 
31334	1586 
31335	362 
31336	217 
31337	1274 
31338	322 
31339	213 
31340	1501 
31341	1415 
31342	408 
31343	385 
31344	583 
31345	398 
31346	495 
31347	258 
31348	973 
31349	1286 
31350	1757 
31351	1348 
31352	785 
31353	1427 
31354	1841 
31355	747 
31356	14 
31357	699 
31358	1450 
31359	1378 
31360	1775 
31361	802 
31362	1100 
31363	1322 
31364	1221 
31365	1086 
31366	1775 
31367	94 
31368	958 
31369	62 
31370	331 
31371	1845 
31372	10 
31373	1480 
31374	167 
31375	1816 
31376	1833 
31377	1293 
31378	749 
31379	732 
31380	813 
31381	1207 
31382	1593 
31383	1378 
31384	1188 
31385	1448 
31386	356 
31387	582 
31388	451 
31389	1852 
31390	1057 
31391	1338 
31392	557 
31393	983 
31394	1491 
31395	1767 
31396	1482 
31397	315 
31398	435 
31399	617 
31400	1729 
31401	733 
31402	1500 
31403	990 
31404	323 
31405	22 
31406	105 
31407	1091 
31408	440 
31409	545 
31410	1726 
31411	1014 
31412	1580 
31413	637 
31414	1474 
31415	38 
31416	694 
31417	842 
31418	1074 
31419	1223 
31420	613 
31421	827 
31422	1748 
31423	85 
31424	75 
31425	879 
31426	1149 
31427	1188 
31428	1324 
31429	804 
31430	1420 
31431	171 
31432	954 
31433	895 
31434	1838 
31435	1173 
31436	996 
31437	1527 
31438	467 
31439	1092 
31440	1723 
31441	1221 
31442	1437 
31443	1120 
31444	767 
31445	91 
31446	1199 
31447	1677 
31448	1643 
31449	1579 
31450	1476 
31451	1603 
31452	292 
31453	1606 
31454	1418 
31455	1341 
31456	1114 
31457	1415 
31458	480 
31459	400 
31460	1508 
31461	562 
31462	761 
31463	1208 
31464	1320 
31465	633 
31466	463 
31467	1725 
31468	500 
31469	127 
31470	1177 
31471	180 
31472	370 
31473	1131 
31474	994 
31475	1211 
31476	899 
31477	353 
31478	1011 
31479	1256 
31480	653 
31481	217 
31482	1278 
31483	1814 
31484	509 
31485	783 
31486	159 
31487	1212 
31488	1843 
31489	1236 
31490	510 
31491	1735 
31492	601 
31493	24 
31494	1384 
31495	1628 
31496	1691 
31497	993 
31498	492 
31499	556 
31500	1131 
31501	553 
31502	1286 
31503	1649 
31504	390 
31505	1765 
31506	1811 
31507	143 
31508	200 
31509	1630 
31510	542 
31511	1697 
31512	1339 
31513	48 
31514	1666 
31515	344 
31516	502 
31517	1445 
31518	1256 
31519	1426 
31520	1521 
31521	864 
31522	621 
31523	1725 
31524	1266 
31525	198 
31526	603 
31527	1718 
31528	1294 
31529	14 
31530	691 
31531	709 
31532	1001 
31533	146 
31534	303 
31535	420 
31536	1642 
31537	1246 
31538	1696 
31539	1345 
31540	334 
31541	318 
31542	272 
31543	207 
31544	873 
31545	911 
31546	1222 
31547	953 
31548	111 
31549	1838 
31550	915 
31551	1598 
31552	473 
31553	1025 
31554	112 
31555	1228 
31556	1841 
31557	98 
31558	872 
31559	391 
31560	1840 
31561	1689 
31562	314 
31563	1064 
31564	569 
31565	410 
31566	52 
31567	1171 
31568	1284 
31569	939 
31570	959 
31571	534 
31572	182 
31573	1643 
31574	1607 
31575	1332 
31576	1765 
31577	1341 
31578	1721 
31579	485 
31580	1713 
31581	983 
31582	699 
31583	71 
31584	881 
31585	1299 
31586	683 
31587	269 
31588	1038 
31589	1001 
31590	806 
31591	1810 
31592	1755 
31593	385 
31594	686 
31595	859 
31596	1579 
31597	1378 
31598	1019 
31599	703 
31600	119 
31601	42 
31602	1758 
31603	399 
31604	293 
31605	1341 
31606	1112 
31607	332 
31608	420 
31609	1027 
31610	1502 
31611	1718 
31612	170 
31613	1570 
31614	1073 
31615	1509 
31616	1135 
31617	1438 
31618	1344 
31619	703 
31620	1607 
31621	274 
31622	1039 
31623	706 
31624	1284 
31625	1045 
31626	993 
31627	1117 
31628	865 
31629	917 
31630	1282 
31631	416 
31632	922 
31633	258 
31634	1420 
31635	1758 
31636	1731 
31637	1438 
31638	994 
31639	1284 
31640	1211 
31641	1019 
31642	469 
31643	490 
31644	424 
31645	409 
31646	1633 
31647	879 
31648	1801 
31649	80 
31650	221 
31651	788 
31652	21 
31653	920 
31654	1308 
31655	1639 
31656	994 
31657	1823 
31658	1386 
31659	1077 
31660	788 
31661	415 
31662	1836 
31663	409 
31664	1239 
31665	1569 
31666	900 
31667	32 
31668	226 
31669	582 
31670	1743 
31671	147 
31672	846 
31673	412 
31674	835 
31675	1733 
31676	1714 
31677	1605 
31678	1226 
31679	1086 
31680	209 
31681	1726 
31682	1284 
31683	1725 
31684	337 
31685	56 
31686	1836 
31687	863 
31688	436 
31689	1726 
31690	986 
31691	1824 
31692	862 
31693	1547 
31694	7 
31695	1513 
31696	215 
31697	1846 
31698	1212 
31699	557 
31700	1344 
31701	669 
31702	1473 
31703	1858 
31704	1351 
31705	325 
31706	1162 
31707	807 
31708	8 
31709	708 
31710	1582 
31711	881 
31712	1411 
31713	1663 
31714	996 
31715	73 
31716	870 
31717	414 
31718	331 
31719	999 
31720	166 
31721	805 
31722	145 
31723	1403 
31724	1839 
31725	486 
31726	542 
31727	578 
31728	65 
31729	1738 
31730	41 
31731	749 
31732	564 
31733	1170 
31734	1078 
31735	672 
31736	1095 
31737	1197 
31738	1830 
31739	397 
31740	1850 
31741	1541 
31742	202 
31743	1839 
31744	1785 
31745	482 
31746	1746 
31747	411 
31748	1055 
31749	860 
31750	1696 
31751	845 
31752	527 
31753	1258 
31754	1007 
31755	1634 
31756	1041 
31757	340 
31758	360 
31759	792 
31760	290 
31761	331 
31762	62 
31763	602 
31764	122 
31765	805 
31766	565 
31767	407 
31768	1451 
31769	884 
31770	1179 
31771	376 
31772	1161 
31773	1074 
31774	1749 
31775	135 
31776	1533 
31777	1186 
31778	251 
31779	14 
31780	290 
31781	1268 
31782	365 
31783	1427 
31784	622 
31785	1068 
31786	283 
31787	1197 
31788	751 
31789	867 
31790	308 
31791	1639 
31792	8 
31793	497 
31794	1529 
31795	1263 
31796	939 
31797	1039 
31798	1358 
31799	47 
31800	1664 
31801	1813 
31802	25 
31803	1023 
31804	1348 
31805	290 
31806	1138 
31807	586 
31808	872 
31809	342 
31810	1246 
31811	1803 
31812	1121 
31813	499 
31814	576 
31815	482 
31816	1759 
31817	63 
31818	764 
31819	369 
31820	1694 
31821	1607 
31822	1038 
31823	520 
31824	1721 
31825	842 
31826	1064 
31827	522 
31828	961 
31829	37 
31830	845 
31831	292 
31832	1841 
31833	1048 
31834	535 
31835	209 
31836	155 
31837	1760 
31838	1040 
31839	146 
31840	1826 
31841	617 
31842	926 
31843	643 
31844	573 
31845	1307 
31846	111 
31847	172 
31848	1653 
31849	523 
31850	1714 
31851	1505 
31852	1688 
31853	543 
31854	559 
31855	1177 
31856	76 
31857	994 
31858	1192 
31859	706 
31860	1801 
31861	1671 
31862	1304 
31863	1755 
31864	1055 
31865	461 
31866	591 
31867	612 
31868	894 
31869	923 
31870	908 
31871	878 
31872	1029 
31873	1529 
31874	809 
31875	903 
31876	584 
31877	1119 
31878	481 
31879	336 
31880	1236 
31881	1210 
31882	482 
31883	1583 
31884	506 
31885	242 
31886	127 
31887	908 
31888	1647 
31889	1313 
31890	1296 
31891	1781 
31892	1229 
31893	1409 
31894	435 
31895	367 
31896	79 
31897	545 
31898	377 
31899	1648 
31900	146 
31901	1428 
31902	1809 
31903	227 
31904	956 
31905	620 
31906	693 
31907	458 
31908	818 
31909	1832 
31910	1379 
31911	622 
31912	1161 
31913	448 
31914	362 
31915	599 
31916	798 
31917	1213 
31918	270 
31919	989 
31920	393 
31921	424 
31922	1636 
31923	1449 
31924	1648 
31925	196 
31926	1048 
31927	400 
31928	856 
31929	206 
31930	1713 
31931	362 
31932	1194 
31933	1311 
31934	1840 
31935	136 
31936	1063 
31937	430 
31938	171 
31939	376 
31940	907 
31941	764 
31942	308 
31943	376 
31944	1256 
31945	1162 
31946	1188 
31947	809 
31948	1812 
31949	876 
31950	783 
31951	1188 
31952	1254 
31953	672 
31954	730 
31955	1606 
31956	1699 
31957	256 
31958	1302 
31959	1429 
31960	958 
31961	962 
31962	1169 
31963	1589 
31964	531 
31965	1202 
31966	130 
31967	1329 
31968	77 
31969	599 
31970	1734 
31971	1180 
31972	1758 
31973	1217 
31974	1318 
31975	1369 
31976	1838 
31977	1729 
31978	430 
31979	907 
31980	1758 
31981	1579 
31982	892 
31983	1093 
31984	120 
31985	232 
31986	6 
31987	1855 
31988	1341 
31989	1332 
31990	1039 
31991	557 
31992	1810 
31993	1040 
31994	284 
31995	271 
31996	1840 
31997	1053 
31998	206 
31999	410 
32000	880 
32001	73 
32002	1078 
32003	996 
32004	1662 
32005	203 
32006	330 
32007	1040 
32008	1440 
32009	921 
32010	1677 
32011	144 
32012	1524 
32013	640 
32014	1073 
32015	1404 
32016	1621 
32017	1561 
32018	574 
32019	81 
32020	519 
32021	1659 
32022	1390 
32023	1335 
32024	292 
32025	1681 
32026	1443 
32027	686 
32028	412 
32029	531 
32030	1074 
32031	1770 
32032	1362 
32033	1688 
32034	1724 
32035	292 
32036	1781 
32037	862 
32038	903 
32039	114 
32040	1143 
32041	99 
32042	256 
32043	1402 
32044	1826 
32045	812 
32046	466 
32047	961 
32048	1218 
32049	543 
32050	568 
32051	1410 
32052	338 
32053	1019 
32054	1125 
32055	1845 
32056	10 
32057	757 
32058	157 
32059	383 
32060	1445 
32061	1515 
32062	1528 
32063	289 
32064	1348 
32065	622 
32066	643 
32067	98 
32068	684 
32069	334 
32070	1549 
32071	18 
32072	1828 
32073	168 
32074	490 
32075	253 
32076	1151 
32077	864 
32078	545 
32079	744 
32080	363 
32081	7 
32082	1131 
32083	182 
32084	1137 
32085	1643 
32086	540 
32087	836 
32088	1341 
32089	239 
32090	229 
32091	292 
32092	1638 
32093	419 
32094	367 
32095	487 
32096	1378 
32097	292 
32098	739 
32099	1521 
32100	383 
32101	542 
32102	569 
32103	668 
32104	229 
32105	1369 
32106	1811 
32107	257 
32108	852 
32109	1322 
32110	1453 
32111	664 
32112	1179 
32113	227 
32114	591 
32115	1709 
32116	783 
32117	675 
32118	895 
32119	265 
32120	37 
32121	1194 
32122	234 
32123	632 
32124	804 
32125	1132 
32126	1245 
32127	1839 
32128	1216 
32129	783 
32130	1282 
32131	69 
32132	881 
32133	397 
32134	1503 
32135	102 
32136	1514 
32137	1422 
32138	1642 
32139	1433 
32140	963 
32141	1792 
32142	832 
32143	733 
32144	1346 
32145	114 
32146	1636 
32147	664 
32148	969 
32149	1845 
32150	474 
32151	783 
32152	70 
32153	809 
32154	598 
32155	1655 
32156	944 
32157	1532 
32158	1645 
32159	1071 
32160	1412 
32161	872 
32162	1663 
32163	783 
32164	1603 
32165	1478 
32166	8 
32167	1236 
32168	826 
32169	1684 
32170	633 
32171	1561 
32172	1174 
32173	1345 
32174	184 
32175	163 
32176	1854 
32177	1000 
32178	462 
32179	832 
32180	756 
32181	772 
32182	1694 
32183	1298 
32184	988 
32185	962 
32186	527 
32187	94 
32188	956 
32189	168 
32190	205 
32191	24 
32192	407 
32193	655 
32194	463 
32195	328 
32196	1610 
32197	1121 
32198	771 
32199	1384 
32200	769 
32201	1725 
32202	1688 
32203	1486 
32204	1709 
32205	1575 
32206	69 
32207	1284 
32208	1471 
32209	1236 
32210	1322 
32211	835 
32212	1273 
32213	782 
32214	1376 
32215	397 
32216	398 
32217	176 
32218	1367 
32219	1647 
32220	56 
32221	1707 
32222	1625 
32223	1553 
32224	1024 
32225	1639 
32226	1836 
32227	303 
32228	759 
32229	920 
32230	1270 
32231	1501 
32232	1748 
32233	964 
32234	1321 
32235	1758 
32236	367 
32237	1317 
32238	1814 
32239	1341 
32240	901 
32241	439 
32242	1364 
32243	743 
32244	1101 
32245	569 
32246	411 
32247	591 
32248	1357 
32249	435 
32250	187 
32251	1758 
32252	1028 
32253	931 
32254	643 
32255	367 
32256	156 
32257	187 
32258	557 
32259	371 
32260	486 
32261	440 
32262	1114 
32263	79 
32264	212 
32265	1726 
32266	996 
32267	42 
32268	2 
32269	808 
32270	159 
32271	259 
32272	596 
32273	350 
32274	1760 
32275	1486 
32276	1753 
32277	1337 
32278	75 
32279	881 
32280	1243 
32281	583 
32282	625 
32283	1766 
32284	1069 
32285	129 
32286	1062 
32287	985 
32288	1024 
32289	77 
32290	808 
32291	232 
32292	988 
32293	1549 
32294	842 
32295	1190 
32296	951 
32297	1005 
32298	643 
32299	138 
32300	984 
32301	1848 
32302	170 
32303	807 
32304	1278 
32305	608 
32306	24 
32307	69 
32308	1385 
32309	1194 
32310	128 
32311	1784 
32312	1380 
32313	1639 
32314	1022 
32315	1658 
32316	1038 
32317	915 
32318	907 
32319	1412 
32320	496 
32321	967 
32322	423 
32323	1515 
32324	398 
32325	1713 
32326	1379 
32327	1400 
32328	672 
32329	1520 
32330	863 
32331	71 
32332	1364 
32333	641 
32334	811 
32335	847 
32336	1007 
32337	112 
32338	772 
32339	341 
32340	1501 
32341	1742 
32342	612 
32343	28 
32344	1192 
32345	1222 
32346	811 
32347	140 
32348	307 
32349	1138 
32350	398 
32351	1188 
32352	1101 
32353	954 
32354	1708 
32355	53 
32356	997 
32357	486 
32358	322 
32359	921 
32360	1674 
32361	1147 
32362	1158 
32363	362 
32364	762 
32365	916 
32366	61 
32367	227 
32368	286 
32369	1258 
32370	60 
32371	200 
32372	1218 
32373	1759 
32374	925 
32375	1231 
32376	344 
32377	634 
32378	258 
32379	1527 
32380	1025 
32381	1722 
32382	599 
32383	1048 
32384	199 
32385	1551 
32386	1056 
32387	1826 
32388	68 
32389	1508 
32390	843 
32391	1351 
32392	893 
32393	1775 
32394	456 
32395	259 
32396	1270 
32397	697 
32398	1025 
32399	1280 
32400	920 
32401	545 
32402	1388 
32403	1355 
32404	1465 
32405	991 
32406	1345 
32407	363 
32408	990 
32409	1026 
32410	1492 
32411	70 
32412	656 
32413	1029 
32414	1455 
32415	420 
32416	880 
32417	144 
32418	1503 
32419	127 
32420	89 
32421	129 
32422	1282 
32423	357 
32424	398 
32425	1317 
32426	780 
32427	1138 
32428	1463 
32429	1768 
32430	323 
32431	238 
32432	649 
32433	779 
32434	845 
32435	360 
32436	649 
32437	703 
32438	723 
32439	962 
32440	609 
32441	1549 
32442	747 
32443	397 
32444	373 
32445	350 
32446	1372 
32447	671 
32448	588 
32449	14 
32450	860 
32451	408 
32452	391 
32453	397 
32454	710 
32455	1037 
32456	686 
32457	1498 
32458	611 
32459	1847 
32460	1250 
32461	204 
32462	1672 
32463	1726 
32464	172 
32465	1694 
32466	217 
32467	568 
32468	1630 
32469	341 
32470	958 
32471	78 
32472	416 
32473	318 
32474	683 
32475	1469 
32476	1061 
32477	1088 
32478	68 
32479	205 
32480	1798 
32481	612 
32482	533 
32483	469 
32484	1524 
32485	670 
32486	232 
32487	1504 
32488	765 
32489	1048 
32490	911 
32491	1589 
32492	805 
32493	1464 
32494	78 
32495	590 
32496	1162 
32497	237 
32498	1696 
32499	1361 
32500	391 
32501	1438 
32502	1358 
32503	373 
32504	1773 
32505	1517 
32506	802 
32507	346 
32508	1150 
32509	1128 
32510	150 
32511	553 
32512	1808 
32513	1362 
32514	337 
32515	1601 
32516	1753 
32517	829 
32518	1238 
32519	385 
32520	1191 
32521	1004 
32522	1053 
32523	1830 
32524	1790 
32525	1856 
32526	455 
32527	224 
32528	709 
32529	1687 
32530	867 
32531	727 
32532	249 
32533	884 
32534	284 
32535	1321 
32536	1806 
32537	1254 
32538	323 
32539	1048 
32540	983 
32541	1486 
32542	1781 
32543	370 
32544	307 
32545	1368 
32546	1426 
32547	204 
32548	1643 
32549	256 
32550	858 
32551	1108 
32552	1308 
32553	941 
32554	369 
32555	1321 
32556	133 
32557	440 
32558	373 
32559	728 
32560	1841 
32561	159 
32562	70 
32563	452 
32564	1108 
32565	159 
32566	583 
32567	1643 
32568	736 
32569	1710 
32570	1578 
32571	1191 
32572	922 
32573	4 
32574	1266 
32575	644 
32576	1300 
32577	166 
32578	1322 
32579	1448 
32580	868 
32581	324 
32582	1239 
32583	321 
32584	540 
32585	1175 
32586	666 
32587	1086 
32588	1857 
32589	1262 
32590	1489 
32591	64 
32592	433 
32593	904 
32594	1726 
32595	1164 
32596	1073 
32597	1828 
32598	143 
32599	328 
32600	1256 
32601	764 
32602	1564 
32603	268 
32604	1378 
32605	563 
32606	1367 
32607	202 
32608	257 
32609	1014 
32610	1728 
32611	131 
32612	1714 
32613	1091 
32614	385 
32615	457 
32616	1644 
32617	824 
32618	1080 
32619	1767 
32620	1514 
32621	569 
32622	889 
32623	1683 
32624	1482 
32625	492 
32626	709 
32627	685 
32628	185 
32629	1322 
32630	1173 
32631	983 
32632	434 
32633	990 
32634	1052 
32635	715 
32636	553 
32637	42 
32638	1778 
32639	1414 
32640	1272 
32641	1694 
32642	1806 
32643	1749 
32644	791 
32645	1311 
32646	410 
32647	887 
32648	1233 
32649	232 
32650	1006 
32651	10 
32652	1061 
32653	1138 
32654	404 
32655	155 
32656	1826 
32657	1048 
32658	394 
32659	456 
32660	991 
32661	980 
32662	1311 
32663	1527 
32664	62 
32665	1601 
32666	723 
32667	575 
32668	158 
32669	568 
32670	267 
32671	1221 
32672	145 
32673	907 
32674	728 
32675	256 
32676	162 
32677	801 
32678	444 
32679	686 
32680	1337 
32681	296 
32682	924 
32683	1489 
32684	1754 
32685	1588 
32686	1454 
32687	762 
32688	155 
32689	1661 
32690	496 
32691	1718 
32692	862 
32693	906 
32694	1096 
32695	1226 
32696	954 
32697	1102 
32698	514 
32699	1758 
32700	248 
32701	1056 
32702	858 
32703	573 
32704	1677 
32705	131 
32706	557 
32707	1525 
32708	591 
32709	270 
32710	552 
32711	343 
32712	470 
32713	540 
32714	1302 
32715	1337 
32716	1501 
32717	431 
32718	62 
32719	1131 
32720	1024 
32721	1153 
32722	1588 
32723	943 
32724	22 
32725	1323 
32726	292 
32727	996 
32728	612 
32729	1370 
32730	1626 
32731	1342 
32732	1411 
32733	1698 
32734	1631 
32735	1821 
32736	1856 
32737	162 
32738	1270 
32739	99 
32740	51 
32741	931 
32742	1597 
32743	490 
32744	1090 
32745	1614 
32746	772 
32747	184 
32748	769 
32749	829 
32750	1536 
32751	556 
32752	1088 
32753	250 
32754	1013 
32755	1271 
32756	1443 
32757	811 
32758	1639 
32759	937 
32760	218 
32761	495 
32762	1604 
32763	867 
32764	805 
32765	56 
32766	466 
32767	973 
32768	1258 
32769	1239 
32770	1207 
32771	599 
32772	247 
32773	400 
32774	578 
32775	1093 
32776	1738 
32777	383 
32778	456 
32779	466 
32780	1807 
32781	57 
32782	1529 
32783	60 
32784	286 
32785	1601 
32786	1677 
32787	1729 
32788	1693 
32789	1331 
32790	1518 
32791	829 
32792	1336 
32793	538 
32794	1361 
32795	1168 
32796	640 
32797	217 
32798	1341 
32799	1056 
32800	343 
32801	1830 
32802	556 
32803	1655 
32804	21 
32805	364 
32806	1609 
32807	1073 
32808	782 
32809	292 
32810	699 
32811	1084 
32812	203 
32813	1004 
32814	612 
32815	62 
32816	576 
32817	183 
32818	1707 
32819	1236 
32820	557 
32821	29 
32822	364 
32823	564 
32824	829 
32825	262 
32826	1560 
32827	643 
32828	1733 
32829	482 
32830	910 
32831	227 
32832	1630 
32833	1828 
32834	1048 
32835	56 
32836	443 
32837	916 
32838	490 
32839	56 
32840	1129 
32841	1560 
32842	1519 
32843	721 
32844	342 
32845	427 
32846	1653 
32847	385 
32848	602 
32849	535 
32850	562 
32851	446 
32852	910 
32853	290 
32854	1562 
32855	1332 
32856	951 
32857	1269 
32858	1559 
32859	1491 
32860	698 
32861	1492 
32862	1085 
32863	730 
32864	984 
32865	734 
32866	1434 
32867	692 
32868	1274 
32869	1680 
32870	789 
32871	604 
32872	257 
32873	454 
32874	1570 
32875	1508 
32876	1219 
32877	512 
32878	24 
32879	268 
32880	1814 
32881	256 
32882	1471 
32883	177 
32884	932 
32885	1772 
32886	1095 
32887	423 
32888	189 
32889	1646 
32890	533 
32891	1218 
32892	633 
32893	1263 
32894	443 
32895	924 
32896	24 
32897	1112 
32898	1192 
32899	1554 
32900	422 
32901	581 
32902	1193 
32903	745 
32904	411 
32905	806 
32906	1721 
32907	93 
32908	1671 
32909	534 
32910	1549 
32911	1054 
32912	481 
32913	1842 
32914	990 
32915	1301 
32916	1441 
32917	1476 
32918	1243 
32919	1440 
32920	244 
32921	639 
32922	1207 
32923	612 
32924	809 
32925	203 
32926	525 
32927	964 
32928	1342 
32929	1771 
32930	342 
32931	1153 
32932	830 
32933	76 
32934	1809 
32935	968 
32936	391 
32937	1263 
32938	573 
32939	6 
32940	954 
32941	1331 
32942	66 
32943	1409 
32944	1437 
32945	22 
32946	626 
32947	542 
32948	1524 
32949	1048 
32950	1801 
32951	1742 
32952	239 
32953	819 
32954	1283 
32955	282 
32956	1688 
32957	840 
32958	184 
32959	622 
32960	567 
32961	579 
32962	1639 
32963	323 
32964	835 
32965	452 
32966	945 
32967	1187 
32968	405 
32969	1735 
32970	1682 
32971	1511 
32972	318 
32973	1397 
32974	127 
32975	1713 
32976	747 
32977	1048 
32978	830 
32979	209 
32980	1078 
32981	628 
32982	889 
32983	382 
32984	418 
32985	1212 
32986	238 
32987	68 
32988	342 
32989	1118 
32990	950 
32991	1333 
32992	14 
32993	619 
32994	144 
32995	941 
32996	553 
32997	104 
32998	1438 
32999	1073 
33000	1426 
33001	903 
33002	1526 
33003	355 
33004	1498 
33005	643 
33006	1158 
33007	1397 
33008	734 
33009	14 
33010	556 
33011	1373 
33012	1808 
33013	1857 
33014	397 
33015	1643 
33016	1849 
33017	22 
33018	766 
33019	1671 
33020	689 
33021	349 
33022	129 
33023	339 
33024	1555 
33025	789 
33026	1004 
33027	835 
33028	470 
33029	1019 
33030	1101 
33031	1362 
33032	272 
33033	443 
33034	1039 
33035	169 
33036	727 
33037	1738 
33038	14 
33039	178 
33040	1321 
33041	497 
33042	473 
33043	1515 
33044	1325 
33045	1056 
33046	10 
33047	1332 
33048	735 
33049	1502 
33050	824 
33051	1843 
33052	836 
33053	1208 
33054	688 
33055	267 
33056	1139 
33057	1363 
33058	1655 
33059	867 
33060	1332 
33061	1400 
33062	1052 
33063	211 
33064	535 
33065	1462 
33066	1272 
33067	1340 
33068	762 
33069	1330 
33070	554 
33071	1308 
33072	813 
33073	1287 
33074	1528 
33075	842 
33076	420 
33077	1815 
33078	130 
33079	963 
33080	811 
33081	1855 
33082	1664 
33083	573 
33084	677 
33085	1649 
33086	782 
33087	409 
33088	324 
33089	810 
33090	533 
33091	545 
33092	4 
33093	757 
33094	591 
33095	960 
33096	1826 
33097	1262 
33098	1138 
33099	1776 
33100	256 
33101	123 
33102	1323 
33103	1183 
33104	568 
33105	879 
33106	687 
33107	967 
33108	1409 
33109	1114 
33110	1845 
33111	1712 
33112	1471 
33113	1379 
33114	1663 
33115	1474 
33116	376 
33117	537 
33118	282 
33119	1282 
33120	1655 
33121	258 
33122	736 
33123	730 
33124	809 
33125	733 
33126	1740 
33127	1257 
33128	436 
33129	182 
33130	1758 
33131	145 
33132	612 
33133	587 
33134	296 
33135	1306 
33136	95 
33137	1308 
33138	210 
33139	1687 
33140	373 
33141	556 
33142	1271 
33143	199 
33144	1473 
33145	866 
33146	1286 
33147	1357 
33148	1168 
33149	812 
33150	1786 
33151	1547 
33152	1836 
33153	1218 
33154	134 
33155	401 
33156	135 
33157	1606 
33158	1554 
33159	682 
33160	784 
33161	904 
33162	1445 
33163	416 
33164	1579 
33165	517 
33166	542 
33167	188 
33168	542 
33169	1374 
33170	1019 
33171	1233 
33172	1128 
33173	1680 
33174	1057 
33175	1281 
33176	290 
33177	1736 
33178	879 
33179	1846 
33180	1799 
33181	1274 
33182	1847 
33183	1315 
33184	1308 
33185	1084 
33186	931 
33187	1700 
33188	1384 
33189	972 
33190	61 
33191	1332 
33192	1758 
33193	824 
33194	409 
33195	29 
33196	1256 
33197	92 
33198	1693 
33199	1548 
33200	801 
33201	1734 
33202	1713 
33203	423 
33204	272 
33205	1179 
33206	145 
33207	1791 
33208	507 
33209	1528 
33210	189 
33211	1549 
33212	1144 
33213	1266 
33214	1843 
33215	264 
33216	1589 
33217	612 
33218	303 
33219	20 
33220	1758 
33221	1729 
33222	531 
33223	1845 
33224	185 
33225	1836 
33226	1050 
33227	1326 
33228	1670 
33229	727 
33230	236 
33231	440 
33232	172 
33233	530 
33234	1412 
33235	1347 
33236	1323 
33237	821 
33238	1539 
33239	1116 
33240	277 
33241	170 
33242	147 
33243	522 
33244	67 
33245	503 
33246	676 
33247	456 
33248	1755 
33249	1233 
33250	634 
33251	811 
33252	1086 
33253	535 
33254	662 
33255	1264 
33256	852 
33257	919 
33258	1760 
33259	848 
33260	1480 
33261	344 
33262	893 
33263	540 
33264	1694 
33265	1124 
33266	211 
33267	1259 
33268	87 
33269	788 
33270	1247 
33271	1210 
33272	989 
33273	579 
33274	334 
33275	1205 
33276	1511 
33277	966 
33278	1531 
33279	1074 
33280	272 
33281	456 
33282	119 
33283	818 
33284	1686 
33285	569 
33286	67 
33287	1840 
33288	516 
33289	1125 
33290	892 
33291	1442 
33292	7 
33293	1825 
33294	82 
33295	1337 
33296	1595 
33297	1539 
33298	1374 
33299	543 
33300	14 
33301	832 
33302	832 
33303	703 
33304	723 
33305	1528 
33306	860 
33307	1345 
33308	1781 
33309	754 
33310	356 
33311	13 
33312	1727 
33313	1265 
33314	499 
33315	530 
33316	1161 
33317	1397 
33318	1799 
33319	924 
33320	1185 
33321	127 
33322	234 
33323	565 
33324	1647 
33325	835 
33326	892 
33327	1368 
33328	4 
33329	229 
33330	655 
33331	114 
33332	991 
33333	818 
33334	266 
33335	1727 
33336	767 
33337	645 
33338	288 
33339	1000 
33340	782 
33341	1331 
33342	1609 
33343	785 
33344	489 
33345	1578 
33346	505 
33347	391 
33348	1492 
33349	1814 
33350	1682 
33351	124 
33352	1283 
33353	1836 
33354	353 
33355	1709 
33356	1073 
33357	578 
33358	780 
33359	1173 
33360	998 
33361	1269 
33362	1607 
33363	1139 
33364	714 
33365	691 
33366	1035 
33367	153 
33368	1626 
33369	1250 
33370	1054 
33371	553 
33372	1840 
33373	1491 
33374	1760 
33375	1628 
33376	1777 
33377	1181 
33378	1266 
33379	283 
33380	998 
33381	140 
33382	804 
33383	990 
33384	1346 
33385	321 
33386	1256 
33387	311 
33388	67 
33389	427 
33390	842 
33391	1692 
33392	731 
33393	507 
33394	308 
33395	744 
33396	1232 
33397	1040 
33398	1650 
33399	1783 
33400	416 
33401	354 
33402	753 
33403	800 
33404	947 
33405	1412 
33406	1824 
33407	1120 
33408	398 
33409	964 
33410	567 
33411	96 
33412	456 
33413	243 
33414	344 
33415	1815 
33416	1781 
33417	782 
33418	286 
33419	884 
33420	458 
33421	1751 
33422	892 
33423	824 
33424	217 
33425	1857 
33426	1639 
33427	1376 
33428	1598 
33429	1643 
33430	1275 
33431	257 
33432	1801 
33433	71 
33434	53 
33435	983 
33436	1084 
33437	490 
33438	1712 
33439	1773 
33440	1712 
33441	569 
33442	1582 
33443	508 
33444	890 
33445	773 
33446	890 
33447	1239 
33448	162 
33449	1117 
33450	459 
33451	293 
33452	313 
33453	946 
33454	1461 
33455	814 
33456	1169 
33457	331 
33458	1208 
33459	41 
33460	581 
33461	592 
33462	1609 
33463	1514 
33464	815 
33465	582 
33466	70 
33467	1536 
33468	1445 
33469	1527 
33470	75 
33471	1728 
33472	394 
33473	1482 
33474	1493 
33475	1106 
33476	986 
33477	700 
33478	1517 
33479	1633 
33480	449 
33481	466 
33482	71 
33483	1114 
33484	308 
33485	1052 
33486	392 
33487	525 
33488	1080 
33489	1188 
33490	789 
33491	643 
33492	76 
33493	1217 
33494	234 
33495	1292 
33496	1760 
33497	1775 
33498	1484 
33499	1734 
33500	830 
33501	1117 
33502	983 
33503	1217 
33504	491 
33505	396 
33506	527 
33507	1807 
33508	231 
33509	4 
33510	1006 
33511	637 
33512	1300 
33513	1749 
33514	830 
33515	1563 
33516	1120 
33517	1730 
33518	851 
33519	1257 
33520	493 
33521	373 
33522	21 
33523	723 
33524	774 
33525	788 
33526	1781 
33527	1736 
33528	534 
33529	1462 
33530	6 
33531	336 
33532	1177 
33533	129 
33534	49 
33535	1088 
33536	456 
33537	1511 
33538	662 
33539	1713 
33540	730 
33541	1678 
33542	338 
33543	1706 
33544	721 
33545	872 
33546	1609 
33547	567 
33548	948 
33549	292 
33550	84 
33551	1409 
33552	61 
33553	1675 
33554	1332 
33555	243 
33556	1339 
33557	1700 
33558	995 
33559	59 
33560	63 
33561	473 
33562	1812 
33563	1709 
33564	693 
33565	1386 
33566	460 
33567	1293 
33568	1505 
33569	531 
33570	1526 
33571	490 
33572	797 
33573	10 
33574	1615 
33575	1218 
33576	1758 
33577	1246 
33578	407 
33579	1410 
33580	14 
33581	308 
33582	427 
33583	234 
33584	1302 
33585	1619 
33586	1338 
33587	1524 
33588	944 
33589	981 
33590	537 
33591	952 
33592	813 
33593	424 
33594	6 
33595	631 
33596	1682 
33597	1263 
33598	1154 
33599	731 
33600	736 
33601	1437 
33602	1755 
33603	1394 
33604	356 
33605	1367 
33606	1632 
33607	1400 
33608	455 
33609	130 
33610	325 
33611	1004 
33612	922 
33613	1069 
33614	1190 
33615	751 
33616	291 
33617	202 
33618	703 
33619	613 
33620	1441 
33621	425 
33622	367 
33623	525 
33624	375 
33625	769 
33626	257 
33627	1097 
33628	1525 
33629	715 
33630	1704 
33631	447 
33632	1041 
33633	864 
33634	1064 
33635	893 
33636	1601 
33637	77 
33638	1454 
33639	635 
33640	48 
33641	1687 
33642	1337 
33643	1384 
33644	520 
33645	373 
33646	721 
33647	1460 
33648	598 
33649	67 
33650	1384 
33651	918 
33652	1709 
33653	1280 
33654	1458 
33655	1092 
33656	1672 
33657	1219 
33658	1221 
33659	492 
33660	1269 
33661	782 
33662	911 
33663	1063 
33664	1163 
33665	540 
33666	1633 
33667	1469 
33668	1468 
33669	1633 
33670	338 
33671	120 
33672	613 
33673	431 
33674	584 
33675	779 
33676	1692 
33677	650 
33678	1342 
33679	847 
33680	800 
33681	2 
33682	238 
33683	1842 
33684	377 
33685	699 
33686	482 
33687	704 
33688	1709 
33689	100 
33690	1376 
33691	232 
33692	1763 
33693	16 
33694	1639 
33695	135 
33696	390 
33697	1236 
33698	307 
33699	1821 
33700	1219 
33701	398 
33702	257 
33703	1143 
33704	1007 
33705	6 
33706	354 
33707	782 
33708	1627 
33709	1525 
33710	1438 
33711	1337 
33712	596 
33713	1817 
33714	470 
33715	696 
33716	1544 
33717	908 
33718	1336 
33719	487 
33720	540 
33721	869 
33722	1254 
33723	931 
33724	1618 
33725	1627 
33726	1380 
33727	455 
33728	347 
33729	228 
33730	407 
33731	584 
33732	1004 
33733	1337 
33734	564 
33735	1748 
33736	1138 
33737	1222 
33738	531 
33739	1800 
33740	836 
33741	342 
33742	797 
33743	1756 
33744	1615 
33745	1713 
33746	178 
33747	958 
33748	105 
33749	1369 
33750	202 
33751	1768 
33752	1085 
33753	1238 
33754	136 
33755	1840 
33756	1462 
33757	1218 
33758	1386 
33759	1382 
33760	1263 
33761	961 
33762	826 
33763	770 
33764	163 
33765	1488 
33766	415 
33767	542 
33768	258 
33769	908 
33770	171 
33771	203 
33772	912 
33773	631 
33774	1533 
33775	1344 
33776	1080 
33777	481 
33778	224 
33779	1444 
33780	752 
33781	1814 
33782	996 
33783	1286 
33784	373 
33785	161 
33786	819 
33787	129 
33788	892 
33789	589 
33790	104 
33791	1378 
33792	1018 
33793	1816 
33794	1128 
33795	409 
33796	458 
33797	544 
33798	329 
33799	1799 
33800	565 
33801	732 
33802	416 
33803	806 
33804	927 
33805	1701 
33806	1441 
33807	1765 
33808	1728 
33809	1594 
33810	1068 
33811	407 
33812	421 
33813	1743 
33814	1153 
33815	531 
33816	1263 
33817	616 
33818	586 
33819	48 
33820	1337 
33821	644 
33822	432 
33823	1614 
33824	557 
33825	958 
33826	806 
33827	975 
33828	77 
33829	569 
33830	1260 
33831	433 
33832	1325 
33833	1502 
33834	889 
33835	1857 
33836	749 
33837	1040 
33838	697 
33839	1453 
33840	1532 
33841	530 
33842	25 
33843	713 
33844	951 
33845	51 
33846	1490 
33847	1200 
33848	843 
33849	1000 
33850	815 
33851	1733 
33852	55 
33853	960 
33854	1195 
33855	194 
33856	56 
33857	1633 
33858	4 
33859	1438 
33860	105 
33861	917 
33862	33 
33863	1321 
33864	1132 
33865	1647 
33866	1708 
33867	380 
33868	385 
33869	1117 
33870	1594 
33871	16 
33872	1513 
33873	1424 
33874	772 
33875	1776 
33876	712 
33877	139 
33878	380 
33879	1293 
33880	366 
33881	199 
33882	661 
33883	1583 
33884	42 
33885	1781 
33886	1024 
33887	1564 
33888	1694 
33889	1264 
33890	1832 
33891	835 
33892	120 
33893	787 
33894	1070 
33895	1463 
33896	1476 
33897	579 
33898	1521 
33899	1608 
33900	1705 
33901	412 
33902	1711 
33903	159 
33904	131 
33905	1048 
33906	144 
33907	1858 
33908	762 
33909	1111 
33910	822 
33911	661 
33912	908 
33913	1588 
33914	271 
33915	1157 
33916	1498 
33917	193 
33918	1841 
33919	1306 
33920	29 
33921	1409 
33922	1688 
33923	735 
33924	1262 
33925	8 
33926	363 
33927	1838 
33928	1324 
33929	493 
33930	699 
33931	540 
33932	1778 
33933	993 
33934	1614 
33935	804 
33936	106 
33937	84 
33938	742 
33939	317 
33940	1055 
33941	527 
33942	353 
33943	415 
33944	1411 
33945	531 
33946	256 
33947	478 
33948	1088 
33949	1465 
33950	901 
33951	862 
33952	420 
33953	533 
33954	532 
33955	597 
33956	836 
33957	691 
33958	1671 
33959	1540 
33960	756 
33961	1208 
33962	404 
33963	414 
33964	999 
33965	99 
33966	1516 
33967	1712 
33968	24 
33969	1042 
33970	1130 
33971	1516 
33972	285 
33973	14 
33974	1680 
33975	1701 
33976	1412 
33977	234 
33978	165 
33979	1605 
33980	447 
33981	62 
33982	1734 
33983	1735 
33984	1533 
33985	1560 
33986	444 
33987	94 
33988	567 
33989	76 
33990	247 
33991	1250 
33992	1647 
33993	1334 
33994	1727 
33995	972 
33996	1706 
33997	1788 
33998	1304 
33999	1847 
34000	1567 
34001	1830 
34002	1722 
34003	1264 
34004	308 
34005	1023 
34006	1752 
34007	734 
34008	588 
34009	1607 
34010	854 
34011	1800 
34012	509 
34013	993 
34014	1265 
34015	864 
34016	788 
34017	788 
34018	1097 
34019	334 
34020	772 
34021	810 
34022	1115 
34023	1194 
34024	1608 
34025	426 
34026	1192 
34027	1110 
34028	1524 
34029	332 
34030	1767 
34031	400 
34032	108 
34033	793 
34034	665 
34035	1382 
34036	729 
34037	983 
34038	996 
34039	94 
34040	1004 
34041	535 
34042	1532 
34043	1203 
34044	143 
34045	22 
34046	215 
34047	193 
34048	42 
34049	1319 
34050	966 
34051	387 
34052	947 
34053	1526 
34054	510 
34055	466 
34056	362 
34057	941 
34058	1061 
34059	1366 
34060	833 
34061	862 
34062	1284 
34063	809 
34064	207 
34065	540 
34066	1783 
34067	292 
34068	1362 
34069	578 
34070	708 
34071	1226 
34072	1754 
34073	513 
34074	1610 
34075	1532 
34076	1759 
34077	977 
34078	1188 
34079	952 
34080	1266 
34081	1322 
34082	1289 
34083	1084 
34084	55 
34085	994 
34086	1086 
34087	1830 
34088	1806 
34089	805 
34090	695 
34091	224 
34092	78 
34093	1498 
34094	544 
34095	736 
34096	1262 
34097	1821 
34098	662 
34099	1374 
34100	1742 
34101	994 
34102	1693 
34103	133 
34104	732 
34105	1286 
34106	133 
34107	1607 
34108	963 
34109	683 
34110	1293 
34111	99 
34112	1262 
34113	18 
34114	1162 
34115	493 
34116	974 
34117	703 
34118	921 
34119	1258 
34120	1380 
34121	1855 
34122	1855 
34123	69 
34124	1536 
34125	311 
34126	1520 
34127	1080 
34128	1220 
34129	397 
34130	1384 
34131	1701 
34132	1188 
34133	1174 
34134	1346 
34135	1636 
34136	373 
34137	1568 
34138	567 
34139	76 
34140	1280 
34141	1280 
34142	1682 
34143	821 
34144	835 
34145	1368 
34146	71 
34147	407 
34148	1438 
34149	334 
34150	1813 
34151	950 
34152	1783 
34153	36 
34154	1525 
34155	822 
34156	22 
34157	377 
34158	6 
34159	537 
34160	684 
34161	1068 
34162	1825 
34163	209 
34164	1495 
34165	828 
34166	709 
34167	354 
34168	1846 
34169	243 
34170	1354 
34171	1220 
34172	288 
34173	1300 
34174	272 
34175	1437 
34176	735 
34177	1672 
34178	1464 
34179	1250 
34180	1673 
34181	743 
34182	1677 
34183	1454 
34184	1639 
34185	836 
34186	1358 
34187	19 
34188	662 
34189	367 
34190	343 
34191	1773 
34192	21 
34193	920 
34194	734 
34195	251 
34196	654 
34197	940 
34198	1790 
34199	278 
34200	353 
34201	1653 
34202	1807 
34203	1173 
34204	68 
34205	115 
34206	409 
34207	1411 
34208	1404 
34209	510 
34210	1055 
34211	1744 
34212	598 
34213	1599 
34214	1085 
34215	950 
34216	872 
34217	723 
34218	1424 
34219	1120 
34220	866 
34221	361 
34222	1822 
34223	1704 
34224	57 
34225	1080 
34226	1655 
34227	1377 
34228	14 
34229	1381 
34230	6 
34231	890 
34232	444 
34233	1426 
34234	633 
34235	199 
34236	1218 
34237	1294 
34238	662 
34239	773 
34240	1524 
34241	956 
34242	1473 
34243	1176 
34244	1346 
34245	940 
34246	1443 
34247	984 
34248	1153 
34249	1798 
34250	679 
34251	1593 
34252	1842 
34253	1340 
34254	1348 
34255	493 
34256	1045 
34257	818 
34258	1019 
34259	1078 
34260	76 
34261	1795 
34262	73 
34263	319 
34264	701 
34265	262 
34266	324 
34267	1542 
34268	1087 
34269	1071 
34270	579 
34271	1443 
34272	1728 
34273	499 
34274	1264 
34275	1086 
34276	1341 
34277	1481 
34278	1054 
34279	1138 
34280	735 
34281	756 
34282	1754 
34283	645 
34284	235 
34285	1846 
34286	13 
34287	535 
34288	952 
34289	1711 
34290	1073 
34291	1480 
34292	1208 
34293	249 
34294	146 
34295	1438 
34296	1517 
34297	1850 
34298	104 
34299	1615 
34300	1502 
34301	510 
34302	904 
34303	672 
34304	1434 
34305	1759 
34306	1798 
34307	1647 
34308	811 
34309	1846 
34310	1610 
34311	1789 
34312	1840 
34313	1412 
34314	1794 
34315	1065 
34316	401 
34317	436 
34318	695 
34319	1726 
34320	1765 
34321	432 
34322	973 
34323	1503 
34324	1208 
34325	922 
34326	1633 
34327	365 
34328	808 
34329	1648 
34330	806 
34331	1236 
34332	1296 
34333	1429 
34334	1610 
34335	1384 
34336	1611 
34337	769 
34338	1579 
34339	308 
34340	1110 
34341	711 
34342	1041 
34343	1220 
34344	1141 
34345	203 
34346	1801 
34347	1332 
34348	404 
34349	1704 
34350	1077 
34351	1647 
34352	1695 
34353	1490 
34354	455 
34355	1474 
34356	697 
34357	1120 
34358	105 
34359	447 
34360	444 
34361	1318 
34362	1594 
34363	981 
34364	442 
34365	98 
34366	1057 
34367	1573 
34368	1451 
34369	397 
34370	826 
34371	699 
34372	1025 
34373	896 
34374	1824 
34375	1421 
34376	1581 
34377	888 
34378	587 
34379	1434 
34380	1595 
34381	277 
34382	1332 
34383	82 
34384	1681 
34385	1114 
34386	1082 
34387	274 
34388	1273 
34389	568 
34390	908 
34391	889 
34392	324 
34393	1257 
34394	1411 
34395	1426 
34396	976 
34397	33 
34398	1284 
34399	731 
34400	1121 
34401	431 
34402	1194 
34403	1400 
34404	1734 
34405	1712 
34406	482 
34407	77 
34408	925 
34409	317 
34410	128 
34411	734 
34412	1696 
34413	1190 
34414	567 
34415	1212 
34416	364 
34417	1513 
34418	1176 
34419	644 
34420	1019 
34421	1766 
34422	1740 
34423	526 
34424	131 
34425	1706 
34426	1243 
34427	482 
34428	426 
34429	1052 
34430	822 
34431	730 
34432	1376 
34433	1531 
34434	1045 
34435	1735 
34436	366 
34437	1572 
34438	1602 
34439	1197 
34440	1486 
34441	145 
34442	312 
34443	447 
34444	1352 
34445	593 
34446	1190 
34447	1515 
34448	578 
34449	1624 
34450	1611 
34451	1276 
34452	1516 
34453	473 
34454	542 
34455	1290 
34456	842 
34457	1348 
34458	40 
34459	1532 
34460	56 
34461	1695 
34462	460 
34463	993 
34464	516 
34465	440 
34466	481 
34467	322 
34468	52 
34469	61 
34470	530 
34471	1246 
34472	1597 
34473	1465 
34474	1054 
34475	1151 
34476	214 
34477	1245 
34478	130 
34479	1689 
34480	354 
34481	1840 
34482	1697 
34483	421 
34484	1821 
34485	1589 
34486	1108 
34487	1779 
34488	767 
34489	1421 
34490	1500 
34491	1846 
34492	257 
34493	1134 
34494	1356 
34495	367 
34496	1575 
34497	373 
34498	407 
34499	256 
34500	1141 
34501	530 
34502	1629 
34503	917 
34504	1388 
34505	1480 
34506	328 
34507	805 
34508	729 
34509	126 
34510	407 
34511	1088 
34512	48 
34513	919 
34514	871 
34515	246 
34516	1306 
34517	319 
34518	1728 
34519	1058 
34520	16 
34521	1254 
34522	745 
34523	1032 
34524	684 
34525	274 
34526	367 
34527	509 
34528	1650 
34529	1347 
34530	1406 
34531	1746 
34532	1021 
34533	1750 
34534	1715 
34535	404 
34536	1582 
34537	147 
34538	303 
34539	1450 
34540	1275 
34541	983 
34542	529 
34543	781 
34544	698 
34545	94 
34546	214 
34547	1150 
34548	324 
34549	505 
34550	724 
34551	829 
34552	277 
34553	1846 
34554	579 
34555	1622 
34556	1189 
34557	54 
34558	1056 
34559	617 
34560	1127 
34561	277 
34562	1530 
34563	1161 
34564	1602 
34565	490 
34566	851 
34567	664 
34568	499 
34569	199 
34570	1239 
34571	1126 
34572	1677 
34573	1467 
34574	889 
34575	1313 
34576	1841 
34577	1069 
34578	903 
34579	493 
34580	1525 
34581	45 
34582	996 
34583	1427 
34584	145 
34585	1470 
34586	1341 
34587	1368 
34588	1667 
34589	610 
34590	1337 
34591	1672 
34592	1073 
34593	1036 
34594	968 
34595	435 
34596	683 
34597	976 
34598	1706 
34599	1327 
34600	1025 
34601	1502 
34602	42 
34603	1846 
34604	258 
34605	881 
34606	842 
34607	617 
34608	1845 
34609	1004 
34610	621 
34611	1510 
34612	925 
34613	1747 
34614	232 
34615	545 
34616	118 
34617	820 
34618	380 
34619	222 
34620	469 
34621	1817 
34622	1841 
34623	1321 
34624	319 
34625	227 
34626	1443 
34627	1266 
34628	1101 
34629	1157 
34630	503 
34631	308 
34632	272 
34633	478 
34634	144 
34635	1544 
34636	360 
34637	1030 
34638	1817 
34639	340 
34640	334 
34641	534 
34642	757 
34643	222 
34644	325 
34645	865 
34646	1825 
34647	655 
34648	1819 
34649	422 
34650	317 
34651	788 
34652	1236 
34653	1273 
34654	47 
34655	1735 
34656	304 
34657	80 
34658	1036 
34659	1156 
34660	1760 
34661	1157 
34662	296 
34663	1661 
34664	21 
34665	203 
34666	1843 
34667	688 
34668	1524 
34669	353 
34670	1141 
34671	520 
34672	1468 
34673	1294 
34674	130 
34675	811 
34676	55 
34677	59 
34678	1329 
34679	318 
34680	411 
34681	1691 
34682	1811 
34683	1675 
34684	20 
34685	1007 
34686	129 
34687	159 
34688	568 
34689	1471 
34690	13 
34691	307 
34692	1203 
34693	969 
34694	481 
34695	1696 
34696	1749 
34697	431 
34698	458 
34699	198 
34700	397 
34701	1358 
34702	1465 
34703	1825 
34704	1688 
34705	944 
34706	688 
34707	273 
34708	1286 
34709	40 
34710	545 
34711	127 
34712	1808 
34713	1792 
34714	1758 
34715	1162 
34716	24 
34717	404 
34718	57 
34719	59 
34720	276 
34721	1216 
34722	154 
34723	638 
34724	1510 
34725	286 
34726	112 
34727	1640 
34728	1263 
34729	1614 
34730	1570 
34731	1481 
34732	25 
34733	1500 
34734	948 
34735	1263 
34736	61 
34737	1755 
34738	74 
34739	930 
34740	108 
34741	314 
34742	747 
34743	814 
34744	701 
34745	836 
34746	1395 
34747	1836 
34748	1426 
34749	336 
34750	238 
34751	1150 
34752	385 
34753	158 
34754	1532 
34755	108 
34756	213 
34757	114 
34758	1763 
34759	319 
34760	1338 
34761	1053 
34762	1677 
34763	1164 
34764	1605 
34765	711 
34766	976 
34767	1789 
34768	1734 
34769	304 
34770	139 
34771	1492 
34772	215 
34773	709 
34774	1696 
34775	989 
34776	243 
34777	440 
34778	1635 
34779	826 
34780	920 
34781	711 
34782	1629 
34783	1044 
34784	748 
34785	234 
34786	1616 
34787	782 
34788	1823 
34789	917 
34790	971 
34791	378 
34792	1510 
34793	1139 
34794	248 
34795	1825 
34796	308 
34797	1682 
34798	584 
34799	545 
34800	1024 
34801	991 
34802	1551 
34803	837 
34804	451 
34805	298 
34806	353 
34807	260 
34808	1837 
34809	1236 
34810	1679 
34811	623 
34812	229 
34813	1243 
34814	201 
34815	1322 
34816	757 
34817	1048 
34818	1175 
34819	1643 
34820	436 
34821	565 
34822	162 
34823	1063 
34824	1713 
34825	1486 
34826	1589 
34827	1 
34828	930 
34829	832 
34830	1260 
34831	1211 
34832	701 
34833	965 
34834	730 
34835	764 
34836	596 
34837	820 
34838	1645 
34839	1296 
34840	1258 
34841	783 
34842	344 
34843	234 
34844	61 
34845	381 
34846	145 
34847	266 
34848	1194 
34849	1834 
34850	579 
34851	55 
34852	1797 
34853	1791 
34854	211 
34855	1489 
34856	6 
34857	193 
34858	288 
34859	1429 
34860	799 
34861	747 
34862	1576 
34863	132 
34864	1714 
34865	297 
34866	262 
34867	70 
34868	77 
34869	921 
34870	862 
34871	1697 
34872	1492 
34873	320 
34874	1283 
34875	1568 
34876	159 
34877	1236 
34878	1281 
34879	1458 
34880	183 
34881	624 
34882	1754 
34883	1639 
34884	572 
34885	693 
34886	1325 
34887	270 
34888	1162 
34889	163 
34890	1080 
34891	1587 
34892	340 
34893	1128 
34894	633 
34895	91 
34896	130 
34897	103 
34898	1042 
34899	996 
34900	809 
34901	819 
34902	1045 
34903	598 
34904	151 
34905	1540 
34906	959 
34907	228 
34908	1513 
34909	1737 
34910	1397 
34911	1358 
34912	1317 
34913	51 
34914	1039 
34915	931 
34916	213 
34917	1039 
34918	444 
34919	1438 
34920	10 
34921	859 
34922	533 
34923	452 
34924	819 
34925	420 
34926	1216 
34927	512 
34928	886 
34929	982 
34930	715 
34931	1728 
34932	1327 
34933	996 
34934	1390 
34935	1317 
34936	1224 
34937	266 
34938	68 
34939	535 
34940	1857 
34941	569 
34942	289 
34943	487 
34944	1361 
34945	1545 
34946	1713 
34947	1381 
34948	1035 
34949	1045 
34950	811 
34951	807 
34952	738 
34953	1058 
34954	954 
34955	1063 
34956	968 
34957	997 
34958	1850 
34959	1515 
34960	5 
34961	1060 
34962	480 
34963	1202 
34964	1713 
34965	830 
34966	1473 
34967	541 
34968	1132 
34969	223 
34970	918 
34971	924 
34972	1630 
34973	632 
34974	686 
34975	1420 
34976	584 
34977	1643 
34978	1024 
34979	473 
34980	873 
34981	556 
34982	296 
34983	1549 
34984	1380 
34985	526 
34986	1325 
34987	1603 
34988	1729 
34989	709 
34990	688 
34991	154 
34992	1758 
34993	1264 
34994	814 
34995	582 
34996	1706 
34997	1468 
34998	12 
34999	1413 
35000	1262 
35001	113 
35002	1254 
35003	894 
35004	1045 
35005	1700 
35006	317 
35007	1116 
35008	1039 
35009	579 
35010	308 
35011	819 
35012	303 
35013	1272 
35014	1539 
35015	1358 
35016	250 
35017	256 
35018	1484 
35019	1053 
35020	284 
35021	367 
35022	129 
35023	1274 
35024	1635 
35025	62 
35026	1734 
35027	1308 
35028	1678 
35029	834 
35030	641 
35031	461 
35032	947 
35033	881 
35034	1762 
35035	571 
35036	1643 
35037	2 
35038	1120 
35039	1400 
35040	1188 
35041	94 
35042	1080 
35043	14 
35044	739 
35045	1035 
35046	1653 
35047	1592 
35048	653 
35049	535 
35050	91 
35051	1063 
35052	1292 
35053	579 
35054	1760 
35055	1497 
35056	861 
35057	781 
35058	735 
35059	154 
35060	174 
35061	1415 
35062	1383 
35063	998 
35064	1706 
35065	18 
35066	1840 
35067	1320 
35068	184 
35069	466 
35070	1814 
35071	292 
35072	1620 
35073	853 
35074	1139 
35075	1411 
35076	1678 
35077	451 
35078	40 
35079	221 
35080	1727 
35081	145 
35082	520 
35083	1611 
35084	320 
35085	824 
35086	234 
35087	1759 
35088	1266 
35089	1000 
35090	1436 
35091	710 
35092	10 
35093	1788 
35094	588 
35095	360 
35096	730 
35097	901 
35098	394 
35099	1653 
35100	1648 
35101	1781 
35102	1775 
35103	1539 
35104	1337 
35105	1248 
35106	603 
35107	564 
35108	726 
35109	1131 
35110	397 
35111	8 
35112	835 
35113	334 
35114	880 
35115	356 
35116	1412 
35117	628 
35118	456 
35119	586 
35120	1743 
35121	79 
35122	1310 
35123	24 
35124	13 
35125	1794 
35126	347 
35127	98 
35128	461 
35129	818 
35130	184 
35131	5 
35132	33 
35133	931 
35134	749 
35135	344 
35136	1326 
35137	1677 
35138	350 
35139	1828 
35140	960 
35141	1359 
35142	525 
35143	798 
35144	1224 
35145	1376 
35146	556 
35147	562 
35148	872 
35149	551 
35150	212 
35151	166 
35152	1305 
35153	1217 
35154	1358 
35155	1171 
35156	796 
35157	319 
35158	523 
35159	774 
35160	422 
35161	1554 
35162	498 
35163	131 
35164	1004 
35165	843 
35166	1158 
35167	360 
35168	1828 
35169	1272 
35170	56 
35171	327 
35172	1712 
35173	809 
35174	646 
35175	1597 
35176	185 
35177	290 
35178	564 
35179	1817 
35180	1182 
35181	165 
35182	511 
35183	592 
35184	1144 
35185	445 
35186	1735 
35187	1349 
35188	447 
35189	1661 
35190	373 
35191	277 
35192	130 
35193	1482 
35194	1300 
35195	1067 
35196	1830 
35197	441 
35198	1342 
35199	144 
35200	54 
35201	1271 
35202	1218 
35203	164 
35204	1489 
35205	1825 
35206	1369 
35207	1533 
35208	1845 
35209	1624 
35210	968 
35211	818 
35212	622 
35213	612 
35214	1249 
35215	330 
35216	731 
35217	729 
35218	1511 
35219	1610 
35220	1608 
35221	334 
35222	698 
35223	836 
35224	1533 
35225	1727 
35226	1313 
35227	514 
35228	1438 
35229	1527 
35230	996 
35231	1743 
35232	1450 
35233	1078 
35234	1693 
35235	1062 
35236	213 
35237	21 
35238	1101 
35239	162 
35240	1064 
35241	1140 
35242	1001 
35243	356 
35244	1293 
35245	1157 
35246	1614 
35247	1798 
35248	729 
35249	1469 
35250	330 
35251	540 
35252	1801 
35253	1310 
35254	171 
35255	1293 
35256	1664 
35257	814 
35258	758 
35259	238 
35260	904 
35261	303 
35262	738 
35263	1729 
35264	1263 
35265	66 
35266	281 
35267	211 
35268	161 
35269	398 
35270	408 
35271	960 
35272	1458 
35273	607 
35274	1210 
35275	1630 
35276	791 
35277	889 
35278	958 
35279	628 
35280	130 
35281	672 
35282	738 
35283	350 
35284	774 
35285	709 
35286	1742 
35287	66 
35288	61 
35289	128 
35290	422 
35291	383 
35292	292 
35293	1645 
35294	331 
35295	1194 
35296	1267 
35297	1400 
35298	1272 
35299	217 
35300	257 
35301	801 
35302	1026 
35303	1746 
35304	893 
35305	131 
35306	1529 
35307	397 
35308	407 
35309	39 
35310	409 
35311	1210 
35312	553 
35313	1576 
35314	930 
35315	1529 
35316	1713 
35317	1025 
35318	187 
35319	1092 
35320	553 
35321	276 
35322	34 
35323	1841 
35324	1657 
35325	205 
35326	412 
35327	109 
35328	672 
35329	363 
35330	535 
35331	51 
35332	540 
35333	1422 
35334	29 
35335	1444 
35336	493 
35337	1444 
35338	1322 
35339	409 
35340	858 
35341	534 
35342	1830 
35343	1682 
35344	806 
35345	1749 
35346	1293 
35347	1153 
35348	580 
35349	980 
35350	1057 
35351	411 
35352	117 
35353	1197 
35354	985 
35355	376 
35356	1189 
35357	205 
35358	414 
35359	493 
35360	376 
35361	224 
35362	790 
35363	155 
35364	282 
35365	788 
35366	1362 
35367	789 
35368	1114 
35369	1751 
35370	299 
35371	533 
35372	397 
35373	1445 
35374	345 
35375	22 
35376	1486 
35377	1433 
35378	42 
35379	232 
35380	462 
35381	969 
35382	87 
35383	446 
35384	958 
35385	1374 
35386	1091 
35387	1119 
35388	108 
35389	808 
35390	1104 
35391	458 
35392	1713 
35393	1243 
35394	1657 
35395	1630 
35396	286 
35397	338 
35398	367 
35399	1578 
35400	36 
35401	290 
35402	845 
35403	242 
35404	1640 
35405	601 
35406	114 
35407	1348 
35408	176 
35409	1714 
35410	911 
35411	576 
35412	1309 
35413	1338 
35414	812 
35415	1582 
35416	1677 
35417	1325 
35418	779 
35419	1260 
35420	528 
35421	513 
35422	513 
35423	876 
35424	1272 
35425	1714 
35426	258 
35427	1628 
35428	1337 
35429	1056 
35430	1801 
35431	1401 
35432	886 
35433	543 
35434	405 
35435	1081 
35436	974 
35437	1000 
35438	464 
35439	1588 
35440	814 
35441	1773 
35442	1781 
35443	1218 
35444	416 
35445	169 
35446	486 
35447	739 
35448	420 
35449	206 
35450	565 
35451	1514 
35452	1686 
35453	699 
35454	30 
35455	860 
35456	1030 
35457	68 
35458	409 
35459	1317 
35460	782 
35461	1768 
35462	1588 
35463	298 
35464	33 
35465	661 
35466	1413 
35467	660 
35468	1218 
35469	559 
35470	996 
35471	1077 
35472	1049 
35473	456 
35474	568 
35475	331 
35476	56 
35477	292 
35478	1749 
35479	906 
35480	1338 
35481	1696 
35482	1019 
35483	35 
35484	959 
35485	318 
35486	140 
35487	862 
35488	821 
35489	556 
35490	135 
35491	1827 
35492	378 
35493	527 
35494	1314 
35495	814 
35496	1190 
35497	1547 
35498	1786 
35499	1524 
35500	362 
35501	58 
35502	1729 
35503	1454 
35504	1236 
35505	152 
35506	22 
35507	1614 
35508	1713 
35509	1729 
35510	1304 
35511	1618 
35512	992 
35513	1503 
35514	391 
35515	1420 
35516	131 
35517	242 
35518	451 
35519	1233 
35520	824 
35521	537 
35522	1218 
35523	644 
35524	661 
35525	1322 
35526	1021 
35527	482 
35528	808 
35529	331 
35530	156 
35531	1631 
35532	232 
35533	791 
35534	446 
35535	774 
35536	308 
35537	1224 
35538	1454 
35539	1274 
35540	680 
35541	269 
35542	1840 
35543	1482 
35544	1761 
35545	341 
35546	1112 
35547	451 
35548	1758 
35549	1362 
35550	1661 
35551	159 
35552	812 
35553	1568 
35554	1287 
35555	595 
35556	1482 
35557	564 
35558	1270 
35559	76 
35560	742 
35561	1051 
35562	470 
35563	1438 
35564	1828 
35565	28 
35566	1361 
35567	1150 
35568	1503 
35569	872 
35570	1694 
35571	1063 
35572	1162 
35573	303 
35574	1531 
35575	159 
35576	843 
35577	414 
35578	1258 
35579	1153 
35580	145 
35581	1505 
35582	760 
35583	1438 
35584	888 
35585	434 
35586	1843 
35587	805 
35588	794 
35589	1481 
35590	1069 
35591	1236 
35592	1322 
35593	394 
35594	1246 
35595	1504 
35596	265 
35597	318 
35598	1004 
35599	1024 
35600	1453 
35601	1429 
35602	1341 
35603	1609 
35604	444 
35605	1159 
35606	916 
35607	247 
35608	1091 
35609	243 
35610	478 
35611	175 
35612	1210 
35613	1569 
35614	1024 
35615	1675 
35616	894 
35617	123 
35618	1589 
35619	1372 
35620	1137 
35621	1722 
35622	736 
35623	1783 
35624	863 
35625	1527 
35626	1138 
35627	171 
35628	872 
35629	739 
35630	1554 
35631	380 
35632	1000 
35633	563 
35634	587 
35635	62 
35636	783 
35637	1729 
35638	1258 
35639	1273 
35640	1001 
35641	1168 
35642	832 
35643	227 
35644	1212 
35645	812 
35646	341 
35647	1091 
35648	1524 
35649	436 
35650	1391 
35651	1482 
35652	895 
35653	1390 
35654	360 
35655	183 
35656	522 
35657	1 
35658	3 
35659	1129 
35660	556 
35661	397 
35662	1246 
35663	1217 
35664	1795 
35665	1163 
35666	587 
35667	364 
35668	1794 
35669	1187 
35670	91 
35671	800 
35672	1004 
35673	1438 
35674	1840 
35675	269 
35676	859 
35677	1394 
35678	1825 
35679	1780 
35680	911 
35681	236 
35682	721 
35683	1661 
35684	1641 
35685	191 
35686	892 
35687	914 
35688	1393 
35689	1219 
35690	1440 
35691	545 
35692	756 
35693	98 
35694	734 
35695	1025 
35696	1754 
35697	545 
35698	604 
35699	952 
35700	1468 
35701	1822 
35702	583 
35703	846 
35704	123 
35705	805 
35706	1348 
35707	77 
35708	527 
35709	221 
35710	1175 
35711	356 
35712	256 
35713	1378 
35714	1332 
35715	393 
35716	1425 
35717	184 
35718	234 
35719	904 
35720	1655 
35721	14 
35722	1688 
35723	843 
35724	1722 
35725	131 
35726	1101 
35727	566 
35728	206 
35729	217 
35730	1709 
35731	1755 
35732	1492 
35733	1722 
35734	78 
35735	1589 
35736	954 
35737	643 
35738	1635 
35739	829 
35740	463 
35741	824 
35742	1465 
35743	1755 
35744	1612 
35745	1783 
35746	1008 
35747	93 
35748	1317 
35749	808 
35750	1052 
35751	557 
35752	821 
35753	1506 
35754	730 
35755	997 
35756	698 
35757	377 
35758	232 
35759	452 
35760	643 
35761	30 
35762	1194 
35763	179 
35764	1194 
35765	1635 
35766	397 
35767	1433 
35768	1104 
35769	1807 
35770	1528 
35771	4 
35772	4 
35773	1137 
35774	1486 
35775	1755 
35776	1733 
35777	1420 
35778	1583 
35779	1591 
35780	322 
35781	531 
35782	1478 
35783	1645 
35784	150 
35785	1796 
35786	956 
35787	562 
35788	144 
35789	319 
35790	347 
35791	1643 
35792	1643 
35793	129 
35794	1202 
35795	1289 
35796	32 
35797	296 
35798	1448 
35799	1072 
35800	1781 
35801	565 
35802	1071 
35803	1206 
35804	620 
35805	331 
35806	1809 
35807	1236 
35808	256 
35809	112 
35810	1369 
35811	105 
35812	1476 
35813	1185 
35814	562 
35815	171 
35816	764 
35817	1420 
35818	999 
35819	1663 
35820	661 
35821	1293 
35822	904 
35823	1662 
35824	81 
35825	461 
35826	954 
35827	1555 
35828	230 
35829	924 
35830	1005 
35831	409 
35832	1368 
35833	1735 
35834	1583 
35835	1640 
35836	556 
35837	213 
35838	546 
35839	97 
35840	257 
35841	1351 
35842	785 
35843	561 
35844	234 
35845	1028 
35846	1137 
35847	1067 
35848	739 
35849	1674 
35850	796 
35851	1742 
35852	290 
35853	579 
35854	155 
35855	1404 
35856	1387 
35857	1284 
35858	111 
35859	992 
35860	676 
35861	1539 
35862	321 
35863	686 
35864	418 
35865	1672 
35866	888 
35867	460 
35868	1575 
35869	1854 
35870	101 
35871	734 
35872	1824 
35873	89 
35874	554 
35875	51 
35876	1264 
35877	1539 
35878	1748 
35879	1086 
35880	1694 
35881	425 
35882	893 
35883	213 
35884	707 
35885	82 
35886	99 
35887	1197 
35888	1781 
35889	8 
35890	919 
35891	251 
35892	315 
35893	756 
35894	944 
35895	1264 
35896	148 
35897	1465 
35898	1275 
35899	721 
35900	98 
35901	19 
35902	1155 
35903	1260 
35904	375 
35905	344 
35906	1326 
35907	1799 
35908	597 
35909	389 
35910	1623 
35911	393 
35912	171 
35913	1316 
35914	464 
35915	1594 
35916	1688 
35917	592 
35918	1333 
35919	1774 
35920	76 
35921	1212 
35922	1045 
35923	320 
35924	1713 
35925	352 
35926	1511 
35927	40 
35928	1783 
35929	915 
35930	1254 
35931	1735 
35932	954 
35933	278 
35934	198 
35935	1131 
35936	186 
35937	1735 
35938	724 
35939	1814 
35940	249 
35941	856 
35942	1640 
35943	1115 
35944	114 
35945	617 
35946	941 
35947	1783 
35948	176 
35949	495 
35950	451 
35951	482 
35952	59 
35953	410 
35954	1264 
35955	122 
35956	812 
35957	1341 
35958	1760 
35959	967 
35960	1082 
35961	1801 
35962	604 
35963	1080 
35964	1283 
35965	91 
35966	550 
35967	407 
35968	1607 
35969	1207 
35970	1338 
35971	416 
35972	1824 
35973	563 
35974	448 
35975	1246 
35976	1610 
35977	876 
35978	1501 
35979	1196 
35980	519 
35981	72 
35982	472 
35983	1023 
35984	845 
35985	506 
35986	1140 
35987	1795 
35988	1011 
35989	788 
35990	380 
35991	549 
35992	1688 
35993	804 
35994	1082 
35995	1226 
35996	662 
35997	1760 
35998	94 
35999	20 
36000	1564 
36001	1163 
36002	1281 
36003	744 
36004	1601 
36005	738 
36006	739 
36007	416 
36008	812 
36009	196 
36010	416 
36011	1220 
36012	256 
36013	1833 
36014	1021 
36015	1765 
36016	782 
36017	806 
36018	1560 
36019	226 
36020	1128 
36021	1718 
36022	563 
36023	1549 
36024	1813 
36025	563 
36026	1750 
36027	129 
36028	1709 
36029	1850 
36030	632 
36031	1533 
36032	474 
36033	1322 
36034	1004 
36035	1855 
36036	836 
36037	1260 
36038	1767 
36039	1763 
36040	179 
36041	1724 
36042	1486 
36043	367 
36044	1005 
36045	1611 
36046	650 
36047	1400 
36048	45 
36049	1324 
36050	1657 
36051	881 
36052	1498 
36053	737 
36054	968 
36055	968 
36056	577 
36057	604 
36058	209 
36059	1772 
36060	1333 
36061	1028 
36062	1465 
36063	889 
36064	169 
36065	1308 
36066	1313 
36067	1359 
36068	369 
36069	1054 
36070	1386 
36071	1217 
36072	189 
36073	1758 
36074	996 
36075	322 
36076	993 
36077	1600 
36078	1057 
36079	961 
36080	1263 
36081	1068 
36082	927 
36083	492 
36084	1 
36085	1076 
36086	1184 
36087	683 
36088	534 
36089	506 
36090	856 
36091	892 
36092	597 
36093	1345 
36094	375 
36095	1849 
36096	1533 
36097	800 
36098	1774 
36099	62 
36100	1049 
36101	1392 
36102	391 
36103	942 
36104	114 
36105	954 
36106	185 
36107	760 
36108	129 
36109	1289 
36110	1266 
36111	362 
36112	500 
36113	1474 
36114	1578 
36115	19 
36116	1002 
36117	1053 
36118	672 
36119	499 
36120	1246 
36121	647 
36122	1650 
36123	1122 
36124	878 
36125	250 
36126	565 
36127	183 
36128	1438 
36129	383 
36130	984 
36131	576 
36132	1515 
36133	1076 
36134	137 
36135	1845 
36136	782 
36137	371 
36138	435 
36139	864 
36140	1222 
36141	523 
36142	68 
36143	1385 
36144	1441 
36145	456 
36146	1807 
36147	734 
36148	812 
36149	1073 
36150	599 
36151	643 
36152	1449 
36153	19 
36154	1262 
36155	531 
36156	1071 
36157	238 
36158	709 
36159	397 
36160	419 
36161	1120 
36162	1614 
36163	1524 
36164	1468 
36165	1378 
36166	71 
36167	1599 
36168	33 
36169	983 
36170	1434 
36171	70 
36172	105 
36173	677 
36174	1400 
36175	461 
36176	881 
36177	1601 
36178	435 
36179	461 
36180	1609 
36181	131 
36182	1547 
36183	98 
36184	556 
36185	749 
36186	1721 
36187	349 
36188	363 
36189	1171 
36190	836 
36191	1378 
36192	66 
36193	22 
36194	542 
36195	626 
36196	653 
36197	1728 
36198	941 
36199	1358 
36200	1034 
36201	701 
36202	1349 
36203	836 
36204	431 
36205	1721 
36206	1470 
36207	140 
36208	1194 
36209	1840 
36210	535 
36211	872 
36212	558 
36213	588 
36214	444 
36215	282 
36216	1560 
36217	356 
36218	164 
36219	1294 
36220	162 
36221	153 
36222	329 
36223	1086 
36224	608 
36225	1653 
36226	4 
36227	19 
36228	1688 
36229	651 
36230	486 
36231	976 
36232	48 
36233	889 
36234	672 
36235	493 
36236	692 
36237	673 
36238	1283 
36239	579 
36240	801 
36241	927 
36242	1636 
36243	1238 
36244	417 
36245	42 
36246	1351 
36247	1344 
36248	1379 
36249	1778 
36250	1801 
36251	30 
36252	493 
36253	363 
36254	130 
36255	1521 
36256	421 
36257	308 
36258	163 
36259	61 
36260	1342 
36261	821 
36262	920 
36263	1617 
36264	1048 
36265	832 
36266	1585 
36267	93 
36268	205 
36269	1850 
36270	908 
36271	249 
36272	698 
36273	404 
36274	1627 
36275	322 
36276	1004 
36277	599 
36278	282 
36279	280 
36280	1616 
36281	1498 
36282	789 
36283	1635 
36284	1338 
36285	1640 
36286	669 
36287	217 
36288	497 
36289	1514 
36290	814 
36291	1331 
36292	314 
36293	1444 
36294	24 
36295	230 
36296	1128 
36297	1498 
36298	135 
36299	1208 
36300	1467 
36301	50 
36302	227 
36303	458 
36304	1271 
36305	1759 
36306	556 
36307	217 
36308	6 
36309	1336 
36310	205 
36311	1578 
36312	582 
36313	1412 
36314	57 
36315	800 
36316	1088 
36317	456 
36318	451 
36319	71 
36320	1735 
36321	801 
36322	239 
36323	1672 
36324	212 
36325	998 
36326	1175 
36327	1307 
36328	8 
36329	1492 
36330	601 
36331	1366 
36332	832 
36333	1434 
36334	1797 
36335	1171 
36336	221 
36337	739 
36338	22 
36339	47 
36340	789 
36341	1726 
36342	166 
36343	701 
36344	1723 
36345	378 
36346	1697 
36347	1768 
36348	326 
36349	1170 
36350	810 
36351	52 
36352	693 
36353	1751 
36354	928 
36355	1035 
36356	422 
36357	1282 
36358	444 
36359	1359 
36360	205 
36361	1677 
36362	1 
36363	888 
36364	1506 
36365	1316 
36366	783 
36367	408 
36368	1452 
36369	1713 
36370	1020 
36371	1414 
36372	1331 
36373	1048 
36374	277 
36375	1140 
36376	1048 
36377	1362 
36378	703 
36379	804 
36380	334 
36381	841 
36382	805 
36383	1773 
36384	15 
36385	1431 
36386	1532 
36387	814 
36388	433 
36389	137 
36390	727 
36391	947 
36392	542 
36393	1542 
36394	1824 
36395	449 
36396	1684 
36397	1403 
36398	364 
36399	8 
36400	761 
36401	835 
36402	665 
36403	911 
36404	73 
36405	492 
36406	1282 
36407	1515 
36408	48 
36409	358 
36410	1014 
36411	888 
36412	212 
36413	1438 
36414	14 
36415	71 
36416	126 
36417	918 
36418	492 
36419	470 
36420	1759 
36421	424 
36422	1264 
36423	232 
36424	672 
36425	277 
36426	1671 
36427	330 
36428	1083 
36429	78 
36430	867 
36431	135 
36432	146 
36433	351 
36434	583 
36435	880 
36436	282 
36437	1555 
36438	255 
36439	1729 
36440	1140 
36441	1852 
36442	1709 
36443	1073 
36444	1263 
36445	803 
36446	1256 
36447	1218 
36448	764 
36449	344 
36450	804 
36451	14 
36452	903 
36453	1083 
36454	1762 
36455	794 
36456	1265 
36457	262 
36458	1401 
36459	454 
36460	1333 
36461	963 
36462	1589 
36463	312 
36464	398 
36465	582 
36466	431 
36467	1595 
36468	1013 
36469	1486 
36470	1692 
36471	626 
36472	1138 
36473	989 
36474	1422 
36475	598 
36476	1173 
36477	1455 
36478	956 
36479	1849 
36480	98 
36481	1787 
36482	1086 
36483	55 
36484	886 
36485	807 
36486	783 
36487	704 
36488	174 
36489	1484 
36490	662 
36491	160 
36492	1521 
36493	1249 
36494	208 
36495	631 
36496	1292 
36497	579 
36498	534 
36499	559 
36500	806 
36501	1221 
36502	921 
36503	1571 
36504	234 
36505	801 
36506	517 
36507	1733 
36508	1170 
36509	1287 
36510	758 
36511	256 
36512	1277 
36513	740 
36514	1770 
36515	1709 
36516	564 
36517	1836 
36518	1558 
36519	1324 
36520	843 
36521	1415 
36522	515 
36523	331 
36524	1571 
36525	917 
36526	4 
36527	1203 
36528	1696 
36529	1647 
36530	69 
36531	1480 
36532	565 
36533	47 
36534	1857 
36535	734 
36536	245 
36537	10 
36538	708 
36539	319 
36540	139 
36541	308 
36542	1845 
36543	1183 
36544	146 
36545	568 
36546	1054 
36547	1583 
36548	599 
36549	1689 
36550	334 
36551	1310 
36552	451 
36553	542 
36554	1124 
36555	892 
36556	1840 
36557	886 
36558	171 
36559	853 
36560	1257 
36561	1476 
36562	227 
36563	983 
36564	1226 
36565	670 
36566	249 
36567	1363 
36568	1021 
36569	661 
36570	952 
36571	867 
36572	18 
36573	974 
36574	609 
36575	1449 
36576	1028 
36577	42 
36578	744 
36579	1266 
36580	805 
36581	1729 
36582	1764 
36583	1384 
36584	911 
36585	1467 
36586	1346 
36587	1391 
36588	62 
36589	1645 
36590	1709 
36591	584 
36592	360 
36593	1669 
36594	1088 
36595	467 
36596	357 
36597	396 
36598	214 
36599	1421 
36600	1696 
36601	1412 
36602	272 
36603	456 
36604	235 
36605	1725 
36606	1694 
36607	135 
36608	8 
36609	1486 
36610	782 
36611	451 
36612	435 
36613	1039 
36614	1220 
36615	131 
36616	911 
36617	284 
36618	1027 
36619	1019 
36620	1603 
36621	1114 
36622	382 
36623	791 
36624	128 
36625	1263 
36626	1020 
36627	163 
36628	1355 
36629	183 
36630	597 
36631	1822 
36632	1074 
36633	1317 
36634	420 
36635	315 
36636	920 
36637	1414 
36638	693 
36639	354 
36640	1445 
36641	1068 
36642	1461 
36643	612 
36644	944 
36645	1705 
36646	1502 
36647	419 
36648	911 
36649	18 
36650	1755 
36651	1176 
36652	1143 
36653	1207 
36654	709 
36655	1264 
36656	42 
36657	1264 
36658	703 
36659	800 
36660	1490 
36661	1670 
36662	452 
36663	1509 
36664	376 
36665	1781 
36666	888 
36667	1607 
36668	1164 
36669	1115 
36670	1106 
36671	872 
36672	1092 
36673	1795 
36674	1564 
36675	579 
36676	730 
36677	1162 
36678	1650 
36679	1770 
36680	1201 
36681	1267 
36682	217 
36683	858 
36684	672 
36685	1153 
36686	7 
36687	407 
36688	291 
36689	1 
36690	108 
36691	266 
36692	473 
36693	1317 
36694	1196 
36695	557 
36696	112 
36697	13 
36698	1101 
36699	1064 
36700	1758 
36701	1696 
36702	1289 
36703	1140 
36704	98 
36705	56 
36706	385 
36707	1056 
36708	285 
36709	582 
36710	1409 
36711	647 
36712	1760 
36713	354 
36714	1063 
36715	1393 
36716	1473 
36717	856 
36718	876 
36719	983 
36720	513 
36721	1527 
36722	259 
36723	579 
36724	415 
36725	420 
36726	1445 
36727	517 
36728	15 
36729	976 
36730	1318 
36731	349 
36732	436 
36733	643 
36734	482 
36735	1609 
36736	1767 
36737	234 
36738	19 
36739	1419 
36740	155 
36741	904 
36742	1725 
36743	100 
36744	1426 
36745	702 
36746	292 
36747	1706 
36748	662 
36749	492 
36750	1155 
36751	500 
36752	1331 
36753	91 
36754	1385 
36755	546 
36756	1728 
36757	1011 
36758	1341 
36759	809 
36760	923 
36761	1672 
36762	472 
36763	698 
36764	1732 
36765	1071 
36766	1193 
36767	145 
36768	158 
36769	51 
36770	721 
36771	1150 
36772	579 
36773	1639 
36774	1021 
36775	568 
36776	1000 
36777	1141 
36778	420 
36779	783 
36780	1738 
36781	443 
36782	1222 
36783	772 
36784	1687 
36785	882 
36786	1212 
36787	455 
36788	13 
36789	1354 
36790	1745 
36791	911 
36792	989 
36793	1414 
36794	99 
36795	1292 
36796	1770 
36797	723 
36798	1112 
36799	1625 
36800	1465 
36801	1142 
36802	1354 
36803	1210 
36804	772 
36805	1591 
36806	1254 
36807	1157 
36808	1048 
36809	382 
36810	994 
36811	245 
36812	782 
36813	76 
36814	998 
36815	19 
36816	1765 
36817	327 
36818	604 
36819	127 
36820	1024 
36821	62 
36822	1143 
36823	1461 
36824	1153 
36825	172 
36826	1334 
36827	196 
36828	535 
36829	674 
36830	1434 
36831	1132 
36832	1532 
36833	307 
36834	604 
36835	331 
36836	6 
36837	492 
36838	804 
36839	1586 
36840	1765 
36841	856 
36842	1016 
36843	638 
36844	6 
36845	805 
36846	1366 
36847	1663 
36848	991 
36849	1718 
36850	264 
36851	1065 
36852	158 
36853	454 
36854	1693 
36855	998 
36856	1128 
36857	1810 
36858	1760 
36859	446 
36860	836 
36861	1585 
36862	1415 
36863	1332 
36864	1593 
36865	699 
36866	409 
36867	1819 
36868	941 
36869	89 
36870	465 
36871	493 
36872	921 
36873	130 
36874	699 
36875	351 
36876	392 
36877	1846 
36878	692 
36879	649 
36880	1473 
36881	1478 
36882	232 
36883	1362 
36884	1304 
36885	318 
36886	424 
36887	136 
36888	144 
36889	1272 
36890	1743 
36891	956 
36892	686 
36893	788 
36894	124 
36895	1571 
36896	1223 
36897	688 
36898	228 
36899	1412 
36900	1824 
36901	557 
36902	598 
36903	57 
36904	130 
36905	918 
36906	1024 
36907	801 
36908	672 
36909	1057 
36910	538 
36911	1213 
36912	1198 
36913	1453 
36914	1136 
36915	738 
36916	1672 
36917	147 
36918	1222 
36919	994 
36920	129 
36921	354 
36922	686 
36923	511 
36924	1458 
36925	14 
36926	842 
36927	1469 
36928	672 
36929	1153 
36930	1367 
36931	1291 
36932	1528 
36933	162 
36934	397 
36935	1337 
36936	367 
36937	1413 
36938	967 
36939	1413 
36940	363 
36941	1120 
36942	146 
36943	1256 
36944	611 
36945	155 
36946	540 
36947	1218 
36948	596 
36949	1789 
36950	70 
36951	536 
36952	685 
36953	436 
36954	772 
36955	1575 
36956	983 
36957	1677 
36958	78 
36959	832 
36960	721 
36961	89 
36962	29 
36963	261 
36964	262 
36965	1362 
36966	1250 
36967	567 
36968	1335 
36969	116 
36970	584 
36971	918 
36972	1322 
36973	1412 
36974	1206 
36975	129 
36976	1559 
36977	732 
36978	490 
36979	1078 
36980	1762 
36981	397 
36982	217 
36983	292 
36984	802 
36985	1390 
36986	1246 
36987	1368 
36988	659 
36989	1046 
36990	330 
36991	729 
36992	415 
36993	757 
36994	233 
36995	414 
36996	1404 
36997	522 
36998	735 
36999	1370 
37000	672 
37001	1709 
37002	531 
37003	1643 
37004	1437 
37005	698 
37006	1262 
37007	752 
37008	1532 
37009	944 
37010	759 
37011	456 
37012	98 
37013	8 
37014	471 
37015	661 
37016	1335 
37017	809 
37018	451 
37019	1490 
37020	922 
37021	1231 
37022	1429 
37023	1322 
37024	596 
37025	466 
37026	1824 
37027	788 
37028	46 
37029	1696 
37030	828 
37031	973 
37032	1358 
37033	1755 
37034	1643 
37035	542 
37036	1846 
37037	745 
37038	325 
37039	1671 
37040	390 
37041	1138 
37042	713 
37043	541 
37044	1733 
37045	527 
37046	1055 
37047	905 
37048	210 
37049	1296 
37050	1709 
37051	102 
37052	105 
37053	1824 
37054	1629 
37055	331 
37056	1754 
37057	1338 
37058	808 
37059	215 
37060	843 
37061	1143 
37062	1091 
37063	1746 
37064	1140 
37065	1583 
37066	1528 
37067	1262 
37068	1062 
37069	1758 
37070	889 
37071	61 
37072	807 
37073	73 
37074	789 
37075	1117 
37076	1188 
37077	529 
37078	314 
37079	78 
37080	1850 
37081	592 
37082	1157 
37083	522 
37084	1789 
37085	480 
37086	105 
37087	19 
37088	1331 
37089	804 
37090	209 
37091	1068 
37092	1092 
37093	1663 
37094	1004 
37095	470 
37096	1238 
37097	311 
37098	920 
37099	812 
37100	695 
37101	886 
37102	380 
37103	261 
37104	819 
37105	412 
37106	835 
37107	6 
37108	933 
37109	60 
37110	749 
37111	1538 
37112	656 
37113	1391 
37114	1419 
37115	1233 
37116	93 
37117	323 
37118	436 
37119	964 
37120	364 
37121	1273 
37122	832 
37123	1394 
37124	1344 
37125	375 
37126	1025 
37127	264 
37128	1633 
37129	907 
37130	78 
37131	1202 
37132	1378 
37133	1224 
37134	633 
37135	1091 
37136	156 
37137	425 
37138	1282 
37139	410 
37140	392 
37141	1084 
37142	400 
37143	199 
37144	22 
37145	1684 
37146	1000 
37147	466 
37148	74 
37149	1263 
37150	493 
37151	242 
37152	845 
37153	373 
37154	736 
37155	323 
37156	510 
37157	1778 
37158	553 
37159	142 
37160	272 
37161	449 
37162	1072 
37163	1142 
37164	1532 
37165	10 
37166	1527 
37167	804 
37168	1282 
37169	989 
37170	552 
37171	415 
37172	70 
37173	624 
37174	732 
37175	21 
37176	1633 
37177	688 
37178	1650 
37179	240 
37180	211 
37181	289 
37182	1346 
37183	452 
37184	369 
37185	495 
37186	617 
37187	127 
37188	1169 
37189	266 
37190	1706 
37191	1318 
37192	947 
37193	1039 
37194	1059 
37195	1091 
37196	601 
37197	1481 
37198	971 
37199	198 
37200	556 
37201	1758 
37202	1633 
37203	686 
37204	1503 
37205	256 
37206	769 
37207	1691 
37208	817 
37209	1578 
37210	1236 
37211	36 
37212	882 
37213	490 
37214	906 
37215	1273 
37216	363 
37217	1527 
37218	665 
37219	1527 
37220	490 
37221	795 
37222	75 
37223	809 
37224	1835 
37225	1774 
37226	633 
37227	362 
37228	1226 
37229	332 
37230	227 
37231	416 
37232	430 
37233	363 
37234	330 
37235	769 
37236	1540 
37237	1576 
37238	565 
37239	205 
37240	1762 
37241	621 
37242	908 
37243	889 
37244	1084 
37245	908 
37246	1022 
37247	1502 
37248	163 
37249	1222 
37250	555 
37251	608 
37252	221 
37253	1694 
37254	1718 
37255	87 
37256	1136 
37257	1412 
37258	56 
37259	831 
37260	1780 
37261	1272 
37262	699 
37263	199 
37264	618 
37265	1344 
37266	1524 
37267	578 
37268	1230 
37269	1030 
37270	1369 
37271	352 
37272	919 
37273	474 
37274	394 
37275	1471 
37276	633 
37277	1338 
37278	1415 
37279	804 
37280	1749 
37281	1599 
37282	1744 
37283	500 
37284	1262 
37285	1004 
37286	1000 
37287	892 
37288	568 
37289	868 
37290	1610 
37291	1474 
37292	1289 
37293	1639 
37294	802 
37295	952 
37296	488 
37297	1362 
37298	981 
37299	1119 
37300	1542 
37301	120 
37302	1425 
37303	1401 
37304	1735 
37305	1398 
37306	308 
37307	1540 
37308	456 
37309	535 
37310	1358 
37311	1333 
37312	82 
37313	1188 
37314	962 
37315	344 
37316	1765 
37317	1504 
37318	1285 
37319	486 
37320	1721 
37321	1317 
37322	1161 
37323	1114 
37324	1188 
37325	499 
37326	876 
37327	1560 
37328	193 
37329	1001 
37330	728 
37331	1670 
37332	319 
37333	265 
37334	1671 
37335	124 
37336	731 
37337	772 
37338	1383 
37339	285 
37340	398 
37341	57 
37342	748 
37343	1207 
37344	1736 
37345	730 
37346	1363 
37347	76 
37348	47 
37349	954 
37350	892 
37351	77 
37352	968 
37353	1714 
37354	41 
37355	1336 
37356	319 
37357	773 
37358	597 
37359	669 
37360	1607 
37361	983 
37362	143 
37363	253 
37364	1740 
37365	1555 
37366	409 
37367	369 
37368	1443 
37369	1654 
37370	1670 
37371	199 
37372	1849 
37373	981 
37374	1097 
37375	1385 
37376	1378 
37377	1223 
37378	322 
37379	1650 
37380	70 
37381	597 
37382	497 
37383	418 
37384	1141 
37385	1005 
37386	1838 
37387	1445 
37388	661 
37389	1774 
37390	920 
37391	1647 
37392	884 
37393	1131 
37394	409 
37395	762 
37396	201 
37397	1564 
37398	129 
37399	184 
37400	579 
37401	579 
37402	1725 
37403	482 
37404	1841 
37405	1226 
37406	1062 
37407	18 
37408	1842 
37409	584 
37410	1733 
37411	1350 
37412	895 
37413	1198 
37414	1718 
37415	660 
37416	1435 
37417	1649 
37418	1221 
37419	1844 
37420	399 
37421	497 
37422	1770 
37423	626 
37424	1663 
37425	906 
37426	1083 
37427	612 
37428	1293 
37429	804 
37430	367 
37431	1436 
37432	224 
37433	94 
37434	1830 
37435	1709 
37436	1070 
37437	451 
37438	1856 
37439	1758 
37440	1396 
37441	44 
37442	1337 
37443	351 
37444	1384 
37445	1797 
37446	227 
37447	23 
37448	129 
37449	1286 
37450	651 
37451	430 
37452	408 
37453	1484 
37454	613 
37455	858 
37456	1549 
37457	802 
37458	1609 
37459	1016 
37460	1515 
37461	1677 
37462	533 
37463	814 
37464	555 
37465	645 
37466	672 
37467	211 
37468	5 
37469	1471 
37470	1035 
37471	1003 
37472	86 
37473	535 
37474	769 
37475	1260 
37476	1453 
37477	154 
37478	129 
37479	209 
37480	442 
37481	153 
37482	1150 
37483	1011 
37484	387 
37485	1520 
37486	427 
37487	1360 
37488	1091 
37489	1602 
37490	800 
37491	1471 
37492	1696 
37493	1798 
37494	520 
37495	994 
37496	815 
37497	1513 
37498	1441 
37499	1407 
37500	414 
37501	1535 
37502	568 
37503	242 
37504	954 
37505	266 
37506	1532 
37507	1748 
37508	82 
37509	1086 
37510	497 
37511	1335 
37512	1042 
37513	783 
37514	126 
37515	1414 
37516	1399 
37517	870 
37518	810 
37519	1647 
37520	625 
37521	1697 
37522	544 
37523	1695 
37524	921 
37525	1265 
37526	876 
37527	611 
37528	1386 
37529	294 
37530	456 
37531	1284 
37532	701 
37533	7 
37534	391 
37535	277 
37536	472 
37537	130 
37538	187 
37539	1120 
37540	1830 
37541	546 
37542	1758 
37543	1318 
37544	192 
37545	173 
37546	1486 
37547	370 
37548	698 
37549	385 
37550	1 
37551	1648 
37552	533 
37553	815 
37554	1385 
37555	363 
37556	61 
37557	1410 
37558	490 
37559	373 
37560	322 
37561	1218 
37562	296 
37563	1473 
37564	758 
37565	754 
37566	138 
37567	56 
37568	972 
37569	68 
37570	1484 
37571	1400 
37572	1547 
37573	1840 
37574	105 
37575	435 
37576	1773 
37577	892 
37578	1438 
37579	1571 
37580	870 
37581	1404 
37582	1604 
37583	564 
37584	401 
37585	685 
37586	1400 
37587	830 
37588	893 
37589	393 
37590	1527 
37591	1692 
37592	534 
37593	314 
37594	94 
37595	97 
37596	1358 
37597	483 
37598	147 
37599	695 
37600	1284 
37601	323 
37602	332 
37603	556 
37604	616 
37605	858 
37606	997 
37607	1823 
37608	1042 
37609	404 
37610	1498 
37611	1059 
37612	1468 
37613	1328 
37614	1139 
37615	499 
37616	730 
37617	150 
37618	455 
37619	25 
37620	1525 
37621	809 
37622	1532 
37623	709 
37624	1833 
37625	806 
37626	400 
37627	597 
37628	1226 
37629	1412 
37630	683 
37631	380 
37632	789 
37633	1514 
37634	1153 
37635	826 
37636	162 
37637	1300 
37638	788 
37639	41 
37640	1236 
37641	646 
37642	1454 
37643	704 
37644	1322 
37645	864 
37646	521 
37647	1835 
37648	746 
37649	1774 
37650	1368 
37651	920 
37652	334 
37653	5 
37654	81 
37655	1576 
37656	1465 
37657	774 
37658	1594 
37659	1726 
37660	1115 
37661	1053 
37662	1185 
37663	1729 
37664	1780 
37665	431 
37666	1662 
37667	409 
37668	699 
37669	308 
37670	990 
37671	281 
37672	1443 
37673	94 
37674	1592 
37675	1680 
37676	990 
37677	466 
37678	461 
37679	243 
37680	808 
37681	344 
37682	414 
37683	285 
37684	1127 
37685	242 
37686	856 
37687	573 
37688	1266 
37689	526 
37690	258 
37691	1025 
37692	832 
37693	397 
37694	437 
37695	420 
37696	613 
37697	651 
37698	527 
37699	612 
37700	966 
37701	454 
37702	178 
37703	741 
37704	1625 
37705	1377 
37706	1663 
37707	53 
37708	1445 
37709	1706 
37710	381 
37711	1793 
37712	535 
37713	1443 
37714	1399 
37715	1655 
37716	555 
37717	1746 
37718	1384 
37719	1791 
37720	1462 
37721	258 
37722	325 
37723	399 
37724	1628 
37725	373 
37726	1362 
37727	698 
37728	1845 
37729	1369 
37730	468 
37731	579 
37732	579 
37733	1319 
37734	33 
37735	966 
37736	209 
37737	563 
37738	1226 
37739	1696 
37740	954 
37741	1422 
37742	806 
37743	1373 
37744	205 
37745	1855 
37746	171 
37747	746 
37748	164 
37749	1139 
37750	1828 
37751	221 
37752	1039 
37753	1293 
37754	819 
37755	135 
37756	350 
37757	143 
37758	1153 
37759	214 
37760	1091 
37761	1409 
37762	1606 
37763	71 
37764	198 
37765	108 
37766	407 
37767	1760 
37768	1062 
37769	1525 
37770	493 
37771	451 
37772	1337 
37773	92 
37774	1246 
37775	1373 
37776	1754 
37777	1579 
37778	73 
37779	354 
37780	699 
37781	542 
37782	472 
37783	1308 
37784	199 
37785	1337 
37786	699 
37787	608 
37788	232 
37789	989 
37790	1516 
37791	683 
37792	876 
37793	338 
37794	1526 
37795	86 
37796	795 
37797	257 
37798	1261 
37799	759 
37800	1599 
37801	210 
37802	1117 
37803	594 
37804	187 
37805	1687 
37806	424 
37807	1426 
37808	302 
37809	542 
37810	1830 
37811	444 
37812	1500 
37813	1855 
37814	1688 
37815	1078 
37816	444 
37817	462 
37818	444 
37819	1396 
37820	811 
37821	1655 
37822	1265 
37823	921 
37824	1331 
37825	1375 
37826	954 
37827	830 
37828	1580 
37829	124 
37830	10 
37831	1418 
37832	597 
37833	212 
37834	588 
37835	1797 
37836	1205 
37837	526 
37838	1503 
37839	421 
37840	59 
37841	1781 
37842	1194 
37843	1064 
37844	443 
37845	931 
37846	1088 
37847	466 
37848	1140 
37849	29 
37850	364 
37851	101 
37852	1337 
37853	1368 
37854	712 
37855	1778 
37856	1576 
37857	1086 
37858	1427 
37859	659 
37860	154 
37861	1760 
37862	1162 
37863	1640 
37864	1630 
37865	1087 
37866	1650 
37867	1193 
37868	1068 
37869	131 
37870	1284 
37871	1580 
37872	1586 
37873	1260 
37874	444 
37875	773 
37876	287 
37877	954 
37878	819 
37879	57 
37880	1169 
37881	374 
37882	1510 
37883	686 
37884	821 
37885	36 
37886	1396 
37887	946 
37888	826 
37889	1729 
37890	433 
37891	1296 
37892	1336 
37893	1250 
37894	1008 
37895	513 
37896	1 
37897	1703 
37898	693 
37899	534 
37900	1191 
37901	20 
37902	871 
37903	179 
37904	383 
37905	752 
37906	323 
37907	1619 
37908	780 
37909	232 
37910	1462 
37911	1338 
37912	693 
37913	1027 
37914	1162 
37915	130 
37916	559 
37917	323 
37918	720 
37919	1486 
37920	1393 
37921	1727 
37922	436 
37923	1284 
37924	266 
37925	1210 
37926	1647 
37927	1740 
37928	789 
37929	117 
37930	1340 
37931	733 
37932	574 
37933	968 
37934	264 
37935	1322 
37936	1781 
37937	841 
37938	1589 
37939	130 
37940	258 
37941	1597 
37942	470 
37943	72 
37944	133 
37945	321 
37946	1141 
37947	1331 
37948	633 
37949	1108 
37950	65 
37951	1328 
37952	688 
37953	91 
37954	1787 
37955	1701 
37956	1268 
37957	564 
37958	1217 
37959	667 
37960	762 
37961	1827 
37962	785 
37963	1340 
37964	598 
37965	416 
37966	1228 
37967	884 
37968	1785 
37969	1709 
37970	1230 
37971	764 
37972	399 
37973	357 
37974	1333 
37975	903 
37976	461 
37977	1161 
37978	1563 
37979	733 
37980	768 
37981	1498 
37982	1781 
37983	1456 
37984	646 
37985	927 
37986	1562 
37987	1254 
37988	436 
37989	1538 
37990	70 
37991	1264 
37992	451 
37993	672 
37994	1471 
37995	510 
37996	1236 
37997	795 
37998	509 
37999	1246 
38000	320 
38001	1857 
38002	270 
38003	154 
38004	1778 
38005	131 
38006	1248 
38007	52 
38008	1562 
38009	1696 
38010	1231 
38011	78 
38012	287 
38013	409 
38014	973 
38015	433 
38016	1760 
38017	322 
38018	1788 
38019	1718 
38020	1443 
38021	360 
38022	159 
38023	1110 
38024	748 
38025	144 
38026	621 
38027	455 
38028	1138 
38029	1080 
38030	661 
38031	1700 
38032	807 
38033	409 
38034	171 
38035	114 
38036	1248 
38037	785 
38038	600 
38039	313 
38040	1039 
38041	819 
38042	1238 
38043	1322 
38044	466 
38045	179 
38046	1 
38047	960 
38048	19 
38049	1415 
38050	201 
38051	920 
38052	1796 
38053	446 
38054	277 
38055	1434 
38056	531 
38057	1682 
38058	1646 
38059	1540 
38060	335 
38061	650 
38062	565 
38063	1294 
38064	989 
38065	47 
38066	545 
38067	47 
38068	1738 
38069	1171 
38070	274 
38071	1706 
38072	1313 
38073	1121 
38074	216 
38075	1789 
38076	1707 
38077	1628 
38078	560 
38079	598 
38080	1726 
38081	1649 
38082	1131 
38083	88 
38084	271 
38085	1615 
38086	470 
38087	1502 
38088	605 
38089	863 
38090	357 
38091	864 
38092	63 
38093	1139 
38094	961 
38095	458 
38096	671 
38097	258 
38098	105 
38099	1639 
38100	748 
38101	422 
38102	538 
38103	1286 
38104	1068 
38105	1400 
38106	542 
38107	908 
38108	1758 
38109	1597 
38110	1141 
38111	266 
38112	1269 
38113	892 
38114	1360 
38115	74 
38116	1453 
38117	764 
38118	1273 
38119	1524 
38120	1628 
38121	166 
38122	1845 
38123	10 
38124	130 
38125	461 
38126	78 
38127	349 
38128	513 
38129	1609 
38130	582 
38131	62 
38132	958 
38133	206 
38134	6 
38135	360 
38136	1010 
38137	1672 
38138	1078 
38139	559 
38140	1418 
38141	729 
38142	432 
38143	1680 
38144	1532 
38145	685 
38146	1073 
38147	772 
38148	1729 
38149	617 
38150	1529 
38151	1245 
38152	525 
38153	84 
38154	807 
38155	942 
38156	1232 
38157	70 
38158	1812 
38159	1368 
38160	1206 
38161	1718 
38162	732 
38163	1491 
38164	625 
38165	1482 
38166	369 
38167	1653 
38168	1021 
38169	1274 
38170	829 
38171	832 
38172	557 
38173	1091 
38174	1124 
38175	767 
38176	1760 
38177	1526 
38178	1132 
38179	324 
38180	939 
38181	277 
38182	963 
38183	858 
38184	1630 
38185	1653 
38186	1463 
38187	731 
38188	277 
38189	1342 
38190	721 
38191	382 
38192	1220 
38193	233 
38194	1574 
38195	864 
38196	1609 
38197	989 
38198	1755 
38199	421 
38200	1643 
38201	612 
38202	858 
38203	1689 
38204	1465 
38205	1103 
38206	889 
38207	242 
38208	1201 
38209	1005 
38210	1508 
38211	888 
38212	1129 
38213	1413 
38214	1250 
38215	1532 
38216	1272 
38217	385 
38218	1346 
38219	599 
38220	1527 
38221	949 
38222	91 
38223	1384 
38224	952 
38225	1124 
38226	1848 
38227	1138 
38228	1645 
38229	616 
38230	1004 
38231	24 
38232	292 
38233	1138 
38234	356 
38235	717 
38236	658 
38237	249 
38238	1051 
38239	311 
38240	660 
38241	1659 
38242	1032 
38243	993 
38244	131 
38245	1264 
38246	557 
38247	418 
38248	887 
38249	1807 
38250	435 
38251	1157 
38252	1554 
38253	1341 
38254	692 
38255	584 
38256	1503 
38257	582 
38258	1486 
38259	99 
38260	1431 
38261	1079 
38262	177 
38263	542 
38264	1710 
38265	1715 
38266	1824 
38267	76 
38268	1401 
38269	840 
38270	322 
38271	200 
38272	1648 
38273	265 
38274	807 
38275	24 
38276	1595 
38277	80 
38278	363 
38279	535 
38280	251 
38281	482 
38282	1836 
38283	699 
38284	1812 
38285	1465 
38286	1267 
38287	1378 
38288	621 
38289	1221 
38290	1693 
38291	815 
38292	1539 
38293	1727 
38294	2 
38295	564 
38296	1726 
38297	129 
38298	1153 
38299	1766 
38300	1682 
38301	1825 
38302	65 
38303	959 
38304	888 
38305	1359 
38306	1807 
38307	568 
38308	899 
38309	1227 
38310	1467 
38311	1077 
38312	1774 
38313	808 
38314	906 
38315	340 
38316	1319 
38317	1680 
38318	1667 
38319	1100 
38320	918 
38321	1723 
38322	1409 
38323	764 
38324	1023 
38325	1427 
38326	414 
38327	373 
38328	1045 
38329	1663 
38330	420 
38331	894 
38332	1614 
38333	914 
38334	1469 
38335	782 
38336	862 
38337	259 
38338	693 
38339	1397 
38340	1192 
38341	112 
38342	816 
38343	1698 
38344	1071 
38345	66 
38346	73 
38347	1572 
38348	147 
38349	974 
38350	672 
38351	1063 
38352	1426 
38353	1018 
38354	1815 
38355	14 
38356	455 
38357	1353 
38358	78 
38359	699 
38360	148 
38361	295 
38362	753 
38363	1021 
38364	47 
38365	1733 
38366	952 
38367	214 
38368	1036 
38369	1808 
38370	61 
38371	1749 
38372	320 
38373	963 
38374	901 
38375	530 
38376	178 
38377	982 
38378	907 
38379	1453 
38380	1341 
38381	808 
38382	1781 
38383	1718 
38384	391 
38385	910 
38386	1822 
38387	1028 
38388	1752 
38389	785 
38390	1771 
38391	1136 
38392	1789 
38393	1335 
38394	890 
38395	492 
38396	237 
38397	46 
38398	893 
38399	1432 
38400	701 
38401	325 
38402	1850 
38403	1794 
38404	893 
38405	654 
38406	1528 
38407	535 
38408	1175 
38409	556 
38410	1465 
38411	555 
38412	1706 
38413	1188 
38414	706 
38415	470 
38416	1282 
38417	1317 
38418	263 
38419	188 
38420	145 
38421	82 
38422	1774 
38423	287 
38424	862 
38425	147 
38426	692 
38427	204 
38428	551 
38429	1153 
38430	1028 
38431	563 
38432	1112 
38433	1103 
38434	61 
38435	1779 
38436	1052 
38437	146 
38438	1217 
38439	177 
38440	1376 
38441	852 
38442	1608 
38443	204 
38444	872 
38445	1035 
38446	600 
38447	1162 
38448	1467 
38449	1746 
38450	718 
38451	1065 
38452	1358 
38453	1625 
38454	888 
38455	1236 
38456	1035 
38457	1578 
38458	1341 
38459	1101 
38460	1 
38461	730 
38462	618 
38463	1415 
38464	409 
38465	104 
38466	203 
38467	1143 
38468	259 
38469	566 
38470	1338 
38471	960 
38472	785 
38473	1208 
38474	579 
38475	490 
38476	1116 
38477	1264 
38478	1471 
38479	1056 
38480	675 
38481	1362 
38482	1158 
38483	293 
38484	1465 
38485	525 
38486	179 
38487	322 
38488	153 
38489	568 
38490	662 
38491	1424 
38492	1367 
38493	82 
38494	1294 
38495	322 
38496	830 
38497	963 
38498	611 
38499	738 
38500	1726 
38501	1320 
38502	860 
38503	563 
38504	828 
38505	961 
38506	1366 
38507	888 
38508	469 
38509	432 
38510	789 
38511	956 
38512	1794 
38513	331 
38514	1352 
38515	1150 
38516	94 
38517	888 
38518	550 
38519	229 
38520	1855 
38521	1065 
38522	1198 
38523	1564 
38524	1328 
38525	377 
38526	535 
38527	554 
38528	728 
38529	567 
38530	481 
38531	843 
38532	255 
38533	1755 
38534	819 
38535	211 
38536	1532 
38537	797 
38538	203 
38539	802 
38540	1017 
38541	771 
38542	420 
38543	1140 
38544	1774 
38545	921 
38546	1435 
38547	1715 
38548	1528 
38549	1412 
38550	1602 
38551	281 
38552	1625 
38553	179 
38554	1127 
38555	1755 
38556	1774 
38557	565 
38558	1427 
38559	706 
38560	1721 
38561	650 
38562	416 
38563	1300 
38564	554 
38565	1128 
38566	579 
38567	1223 
38568	1678 
38569	57 
38570	634 
38571	819 
38572	808 
38573	199 
38574	234 
38575	1719 
38576	1157 
38577	1359 
38578	720 
38579	255 
38580	1479 
38581	48 
38582	843 
38583	234 
38584	1821 
38585	487 
38586	612 
38587	92 
38588	153 
38589	1658 
38590	831 
38591	804 
38592	542 
38593	1554 
38594	920 
38595	327 
38596	145 
38597	344 
38598	417 
38599	770 
38600	1532 
38601	486 
38602	159 
38603	406 
38604	1847 
38605	1057 
38606	1631 
38607	367 
38608	1 
38609	1007 
38610	1674 
38611	1136 
38612	1743 
38613	39 
38614	1126 
38615	171 
38616	712 
38617	767 
38618	337 
38619	210 
38620	978 
38621	1266 
38622	1496 
38623	1434 
38624	666 
38625	452 
38626	921 
38627	1652 
38628	30 
38629	53 
38630	380 
38631	1553 
38632	1588 
38633	1264 
38634	92 
38635	33 
38636	1828 
38637	483 
38638	1170 
38639	424 
38640	1659 
38641	1069 
38642	1515 
38643	1272 
38644	1801 
38645	1817 
38646	800 
38647	1163 
38648	1638 
38649	730 
38650	523 
38651	990 
38652	942 
38653	16 
38654	564 
38655	1236 
38656	242 
38657	1479 
38658	404 
38659	1217 
38660	772 
38661	148 
38662	1713 
38663	110 
38664	227 
38665	33 
38666	162 
38667	1680 
38668	948 
38669	1139 
38670	1762 
38671	800 
38672	1000 
38673	1112 
38674	1412 
38675	1128 
38676	1360 
38677	421 
38678	1695 
38679	1337 
38680	258 
38681	1315 
38682	769 
38683	356 
38684	1056 
38685	1157 
38686	1786 
38687	1138 
38688	187 
38689	864 
38690	1778 
38691	1445 
38692	931 
38693	1101 
38694	715 
38695	1628 
38696	430 
38697	814 
38698	723 
38699	1210 
38700	658 
38701	257 
38702	1080 
38703	179 
38704	1781 
38705	836 
38706	1449 
38707	691 
38708	178 
38709	583 
38710	1073 
38711	1426 
38712	1140 
38713	692 
38714	941 
38715	1322 
38716	1284 
38717	6 
38718	974 
38719	1034 
38720	730 
38721	371 
38722	1176 
38723	1696 
38724	1698 
38725	993 
38726	1774 
38727	747 
38728	71 
38729	942 
38730	923 
38731	1010 
38732	1207 
38733	506 
38734	923 
38735	1038 
38736	376 
38737	1849 
38738	319 
38739	1553 
38740	1810 
38741	429 
38742	143 
38743	1490 
38744	1282 
38745	205 
38746	1658 
38747	1003 
38748	60 
38749	1553 
38750	497 
38751	1515 
38752	1726 
38753	1208 
38754	485 
38755	1176 
38756	530 
38757	1610 
38758	1828 
38759	471 
38760	1368 
38761	297 
38762	282 
38763	790 
38764	1067 
38765	520 
38766	1128 
38767	452 
38768	73 
38769	211 
38770	67 
38771	1814 
38772	448 
38773	41 
38774	1544 
38775	1625 
38776	1169 
38777	424 
38778	1606 
38779	1524 
38780	1207 
38781	1396 
38782	969 
38783	704 
38784	1589 
38785	1380 
38786	1010 
38787	1549 
38788	1673 
38789	958 
38790	1554 
38791	199 
38792	1335 
38793	653 
38794	1157 
38795	416 
38796	1214 
38797	646 
38798	146 
38799	1606 
38800	16 
38801	1256 
38802	1502 
38803	363 
38804	394 
38805	1340 
38806	976 
38807	860 
38808	1282 
38809	541 
38810	104 
38811	10 
38812	633 
38813	514 
38814	1714 
38815	1138 
38816	204 
38817	1345 
38818	1220 
38819	1019 
38820	127 
38821	263 
38822	1532 
38823	879 
38824	598 
38825	156 
38826	1432 
38827	1422 
38828	984 
38829	190 
38830	1229 
38831	1703 
38832	662 
38833	455 
38834	1628 
38835	28 
38836	1643 
38837	545 
38838	112 
38839	612 
38840	782 
38841	321 
38842	1044 
38843	1813 
38844	70 
38845	1434 
38846	1084 
38847	832 
38848	383 
38849	1696 
38850	543 
38851	1432 
38852	1486 
38853	373 
38854	1422 
38855	796 
38856	1639 
38857	843 
38858	1017 
38859	1423 
38860	993 
38861	414 
38862	325 
38863	339 
38864	1091 
38865	499 
38866	1502 
38867	911 
38868	989 
38869	1684 
38870	88 
38871	1853 
38872	1775 
38873	1514 
38874	1710 
38875	1706 
38876	1296 
38877	234 
38878	948 
38879	1856 
38880	406 
38881	783 
38882	331 
38883	542 
38884	1391 
38885	146 
38886	398 
38887	1128 
38888	542 
38889	1029 
38890	75 
38891	438 
38892	772 
38893	721 
38894	1850 
38895	1758 
38896	367 
38897	998 
38898	1264 
38899	954 
38900	101 
38901	1310 
38902	10 
38903	130 
38904	209 
38905	417 
38906	375 
38907	1760 
38908	1663 
38909	599 
38910	1527 
38911	14 
38912	511 
38913	892 
38914	1157 
38915	1116 
38916	1553 
38917	640 
38918	1138 
38919	1071 
38920	1111 
38921	624 
38922	1722 
38923	10 
38924	28 
38925	182 
38926	1337 
38927	1263 
38928	337 
38929	1645 
38930	1451 
38931	1811 
38932	1257 
38933	490 
38934	1688 
38935	1465 
38936	1378 
38937	164 
38938	612 
38939	1554 
38940	783 
38941	184 
38942	1052 
38943	1676 
38944	1510 
38945	1266 
38946	1734 
38947	1114 
38948	10 
38949	1601 
38950	486 
38951	973 
38952	1532 
38953	342 
38954	1287 
38955	893 
38956	1770 
38957	1337 
38958	278 
38959	407 
38960	62 
38961	92 
38962	1808 
38963	1058 
38964	1027 
38965	805 
38966	1291 
38967	796 
38968	933 
38969	569 
38970	1316 
38971	269 
38972	1678 
38973	553 
38974	124 
38975	522 
38976	1140 
38977	338 
38978	427 
38979	315 
38980	711 
38981	1701 
38982	1773 
38983	1450 
38984	536 
38985	1127 
38986	187 
38987	492 
38988	1033 
38989	355 
38990	228 
38991	1404 
38992	373 
38993	1445 
38994	132 
38995	754 
38996	1553 
38997	1353 
38998	299 
38999	842 
39000	1426 
39001	1325 
39002	1121 
39003	1708 
39004	886 
39005	1278 
39006	1021 
39007	1313 
39008	177 
39009	723 
39010	1355 
39011	661 
39012	1062 
39013	571 
39014	1128 
39015	1806 
39016	282 
39017	1128 
39018	82 
39019	1319 
39020	424 
39021	250 
39022	697 
39023	64 
39024	807 
39025	1618 
39026	1364 
39027	235 
39028	1446 
39029	1262 
39030	492 
39031	1124 
39032	75 
39033	831 
39034	754 
39035	486 
39036	651 
39037	1 
39038	1710 
39039	1438 
39040	830 
39041	954 
39042	146 
39043	622 
39044	1830 
39045	1503 
39046	1299 
39047	1428 
39048	533 
39049	1220 
39050	1798 
39051	1264 
39052	95 
39053	1486 
39054	193 
39055	1674 
39056	736 
39057	21 
39058	1576 
39059	296 
39060	1394 
39061	976 
39062	1032 
39063	1128 
39064	461 
39065	1015 
39066	227 
39067	480 
39068	198 
39069	1807 
39070	314 
39071	762 
39072	611 
39073	843 
39074	1566 
39075	415 
39076	193 
39077	785 
39078	1131 
39079	1387 
39080	1328 
39081	749 
39082	659 
39083	1059 
39084	396 
39085	1308 
39086	776 
39087	1386 
39088	82 
39089	1445 
39090	162 
39091	829 
39092	1088 
39093	1173 
39094	599 
39095	1056 
39096	1188 
39097	429 
39098	1017 
39099	1278 
39100	127 
39101	65 
39102	94 
39103	1701 
39104	1696 
39105	682 
39106	1769 
39107	531 
39108	1065 
39109	1780 
39110	1070 
39111	85 
39112	1236 
39113	1218 
39114	331 
39115	226 
39116	127 
39117	1630 
39118	307 
39119	1760 
39120	1051 
39121	187 
39122	1001 
39123	545 
39124	1753 
39125	1840 
39126	872 
39127	230 
39128	997 
39129	795 
39130	465 
39131	45 
39132	1263 
39133	693 
39134	1583 
39135	735 
39136	377 
39137	367 
39138	1677 
39139	14 
39140	1366 
39141	123 
39142	51 
39143	1194 
39144	1029 
39145	1714 
39146	236 
39147	1258 
39148	1212 
39149	1778 
39150	1067 
39151	417 
39152	1662 
39153	1054 
39154	1527 
39155	1380 
39156	95 
39157	1628 
39158	221 
39159	1120 
39160	141 
39161	1297 
39162	1587 
39163	1120 
39164	215 
39165	1091 
39166	1639 
39167	565 
39168	158 
39169	749 
39170	1073 
39171	1501 
39172	84 
39173	1521 
39174	57 
39175	811 
39176	318 
39177	212 
39178	1013 
39179	330 
39180	1814 
39181	1623 
39182	1738 
39183	892 
39184	1220 
39185	999 
39186	483 
39187	1589 
39188	1053 
39189	1553 
39190	1747 
39191	504 
39192	1824 
39193	1337 
39194	1063 
39195	1525 
39196	1128 
39197	599 
39198	1415 
39199	1636 
39200	1595 
39201	548 
39202	1057 
39203	399 
39204	1039 
39205	929 
39206	1139 
39207	695 
39208	282 
39209	565 
39210	820 
39211	1268 
39212	671 
39213	8 
39214	24 
39215	257 
39216	1334 
39217	257 
39218	1563 
39219	850 
39220	120 
39221	896 
39222	1218 
39223	292 
39224	1697 
39225	1841 
39226	502 
39227	496 
39228	815 
39229	1769 
39230	968 
39231	922 
39232	1272 
39233	82 
39234	723 
39235	1713 
39236	436 
39237	800 
39238	1010 
39239	1375 
39240	1024 
39241	1527 
39242	1647 
39243	1505 
39244	1729 
39245	1514 
39246	843 
39247	1592 
39248	888 
39249	1773 
39250	1188 
39251	1073 
39252	73 
39253	870 
39254	456 
39255	162 
39256	542 
39257	1469 
39258	1286 
39259	30 
39260	1532 
39261	621 
39262	30 
39263	1025 
39264	576 
39265	598 
39266	1607 
39267	920 
39268	205 
39269	1528 
39270	733 
39271	1019 
39272	510 
39273	1095 
39274	174 
39275	1654 
39276	1554 
39277	1756 
39278	1055 
39279	1836 
39280	226 
39281	277 
39282	1039 
39283	1580 
39284	1648 
39285	611 
39286	535 
39287	557 
39288	710 
39289	1378 
39290	1332 
39291	420 
39292	171 
39293	1127 
39294	1458 
39295	638 
39296	1189 
39297	1083 
39298	893 
39299	1519 
39300	1107 
39301	522 
39302	1095 
39303	762 
39304	886 
39305	509 
39306	1772 
39307	736 
39308	1666 
39309	880 
39310	1446 
39311	873 
39312	1783 
39313	1583 
39314	535 
39315	1170 
39316	540 
39317	1224 
39318	920 
39319	1769 
39320	352 
39321	256 
39322	1286 
39323	1398 
39324	1664 
39325	99 
39326	860 
39327	767 
39328	663 
39329	772 
39330	466 
39331	776 
39332	473 
39333	1770 
39334	802 
39335	812 
39336	1514 
39337	1205 
39338	1042 
39339	1455 
39340	312 
39341	1781 
39342	142 
39343	1461 
39344	377 
39345	55 
39346	824 
39347	1025 
39348	1838 
39349	860 
39350	268 
39351	480 
39352	1558 
39353	272 
39354	204 
39355	184 
39356	974 
39357	879 
39358	567 
39359	1080 
39360	817 
39361	1175 
39362	383 
39363	1221 
39364	1755 
39365	532 
39366	621 
39367	838 
39368	11 
39369	579 
39370	234 
39371	44 
39372	975 
39373	977 
39374	1064 
39375	826 
39376	873 
39377	454 
39378	213 
39379	1382 
39380	1217 
39381	320 
39382	503 
39383	124 
39384	105 
39385	1294 
39386	564 
39387	1636 
39388	1005 
39389	736 
39390	129 
39391	808 
39392	1498 
39393	284 
39394	440 
39395	1527 
39396	1733 
39397	1467 
39398	552 
39399	291 
39400	481 
39401	1857 
39402	145 
39403	809 
39404	1263 
39405	1833 
39406	1263 
39407	1378 
39408	1558 
39409	1600 
39410	1147 
39411	146 
39412	1197 
39413	1463 
39414	1633 
39415	1318 
39416	160 
39417	14 
39418	1426 
39419	1554 
39420	1420 
39421	721 
39422	1486 
39423	355 
39424	374 
39425	1282 
39426	456 
39427	928 
39428	1514 
39429	329 
39430	1627 
39431	568 
39432	1143 
39433	1657 
39434	415 
39435	1798 
39436	1117 
39437	840 
39438	1030 
39439	1453 
39440	334 
39441	1138 
39442	1007 
39443	1623 
39444	262 
39445	112 
39446	587 
39447	1073 
39448	1188 
39449	1063 
39450	308 
39451	1266 
39452	579 
39453	489 
39454	1384 
39455	1733 
39456	1263 
39457	404 
39458	833 
39459	836 
39460	1007 
39461	235 
39462	913 
39463	1716 
39464	1663 
39465	1274 
39466	1643 
39467	893 
39468	112 
39469	86 
39470	371 
39471	263 
39472	179 
39473	1426 
39474	208 
39475	1116 
39476	1140 
39477	171 
39478	650 
39479	1348 
39480	1345 
39481	1035 
39482	1527 
39483	334 
39484	499 
39485	1022 
39486	1383 
39487	1003 
39488	1053 
39489	881 
39490	842 
39491	166 
39492	1269 
39493	391 
39494	1394 
39495	1153 
39496	1524 
39497	1482 
39498	529 
39499	1412 
39500	344 
39501	146 
39502	1202 
39503	234 
39504	971 
39505	1627 
39506	289 
39507	867 
39508	765 
39509	130 
39510	239 
39511	1191 
39512	677 
39513	922 
39514	1194 
39515	1190 
39516	554 
39517	762 
39518	1718 
39519	1694 
39520	785 
39521	1560 
39522	718 
39523	1284 
39524	1841 
39525	14 
39526	427 
39527	1238 
39528	135 
39529	527 
39530	499 
39531	1645 
39532	1735 
39533	1713 
39534	1776 
39535	103 
39536	808 
39537	1280 
39538	1216 
39539	4 
39540	1069 
39541	56 
39542	1298 
39543	1107 
39544	1566 
39545	625 
39546	1794 
39547	533 
39548	203 
39549	407 
39550	835 
39551	1746 
39552	662 
39553	1410 
39554	1554 
39555	73 
39556	516 
39557	1713 
39558	1510 
39559	89 
39560	147 
39561	646 
39562	1177 
39563	1221 
39564	1852 
39565	1358 
39566	158 
39567	507 
39568	1482 
39569	303 
39570	6 
39571	765 
39572	1263 
39573	718 
39574	529 
39575	1273 
39576	534 
39577	1450 
39578	538 
39579	1762 
39580	1210 
39581	1330 
39582	706 
39583	82 
39584	1787 
39585	1849 
39586	99 
39587	989 
39588	22 
39589	1221 
39590	969 
39591	1333 
39592	821 
39593	643 
39594	1441 
39595	257 
39596	1124 
39597	1263 
39598	956 
39599	1645 
39600	994 
39601	123 
39602	217 
39603	73 
39604	1272 
39605	1282 
39606	1391 
39607	974 
39608	1296 
39609	1250 
39610	1158 
39611	71 
39612	845 
39613	393 
39614	728 
39615	490 
39616	818 
39617	6 
39618	730 
39619	1765 
39620	723 
39621	115 
39622	888 
39623	24 
39624	1068 
39625	1092 
39626	1529 
39627	1412 
39628	1181 
39629	925 
39630	535 
39631	829 
39632	1594 
39633	808 
39634	1341 
39635	1481 
39636	455 
39637	853 
39638	670 
39639	358 
39640	1745 
39641	167 
39642	574 
39643	1004 
39644	880 
39645	1348 
39646	631 
39647	958 
39648	1189 
39649	1328 
39650	1445 
39651	764 
39652	809 
39653	273 
39654	323 
39655	1683 
39656	545 
39657	1001 
39658	867 
39659	394 
39660	15 
39661	1504 
39662	1696 
39663	1776 
39664	757 
39665	201 
39666	1183 
39667	1091 
39668	319 
39669	688 
39670	1150 
39671	1308 
39672	1012 
39673	1021 
39674	718 
39675	937 
39676	47 
39677	782 
39678	1020 
39679	650 
39680	1341 
39681	1655 
39682	398 
39683	1344 
39684	1162 
39685	17 
39686	1533 
39687	1236 
39688	1671 
39689	1264 
39690	451 
39691	267 
39692	686 
39693	1800 
39694	1000 
39695	683 
39696	1532 
39697	841 
39698	1062 
39699	1069 
39700	1401 
39701	729 
39702	1516 
39703	1421 
39704	370 
39705	1236 
39706	1394 
39707	249 
39708	958 
39709	70 
39710	124 
39711	1378 
39712	738 
39713	1765 
39714	672 
39715	1790 
39716	341 
39717	18 
39718	801 
39719	1335 
39720	324 
39721	412 
39722	563 
39723	499 
39724	1733 
39725	1015 
39726	658 
39727	1743 
39728	1465 
39729	1238 
39730	779 
39731	1833 
39732	159 
39733	533 
39734	259 
39735	6 
39736	557 
39737	1491 
39738	650 
39739	1482 
39740	781 
39741	51 
39742	1065 
39743	14 
39744	1559 
39745	242 
39746	764 
39747	409 
39748	170 
39749	989 
39750	942 
39751	888 
39752	720 
39753	1272 
39754	1755 
39755	1635 
39756	70 
39757	1587 
39758	423 
39759	1394 
39760	862 
39761	856 
39762	749 
39763	1760 
39764	266 
39765	1689 
39766	202 
39767	404 
39768	282 
39769	1420 
39770	1274 
39771	407 
39772	626 
39773	850 
39774	1415 
39775	650 
39776	1124 
39777	832 
39778	1776 
39779	568 
39780	920 
39781	94 
39782	565 
39783	170 
39784	455 
39785	52 
39786	567 
39787	1223 
39788	1846 
39789	989 
39790	1497 
39791	1465 
39792	1426 
39793	617 
39794	1285 
39795	1794 
39796	1718 
39797	1212 
39798	1734 
39799	826 
39800	451 
39801	1567 
39802	1007 
39803	1630 
39804	915 
39805	716 
39806	377 
39807	1707 
39808	1206 
39809	872 
39810	1344 
39811	451 
39812	1058 
39813	1572 
39814	1188 
39815	1230 
39816	1374 
39817	914 
39818	411 
39819	1399 
39820	247 
39821	1088 
39822	1650 
39823	136 
39824	1412 
39825	328 
39826	1293 
39827	1045 
39828	1761 
39829	1332 
39830	818 
39831	1337 
39832	1091 
39833	1030 
39834	1713 
39835	1471 
39836	835 
39837	1623 
39838	792 
39839	276 
39840	1164 
39841	225 
39842	1755 
39843	826 
39844	1316 
39845	1013 
39846	735 
39847	409 
39848	411 
39849	907 
39850	1774 
39851	176 
39852	911 
39853	131 
39854	1689 
39855	1413 
39856	729 
39857	1421 
39858	1183 
39859	62 
39860	496 
39861	808 
39862	466 
39863	1528 
39864	1830 
39865	1451 
39866	614 
39867	1664 
39868	1630 
39869	862 
39870	1438 
39871	1698 
39872	24 
39873	251 
39874	451 
39875	1662 
39876	1028 
39877	1650 
39878	826 
39879	889 
39880	550 
39881	1221 
39882	216 
39883	651 
39884	1127 
39885	1767 
39886	1386 
39887	57 
39888	856 
39889	1400 
39890	380 
39891	1197 
39892	626 
39893	1777 
39894	1108 
39895	873 
39896	814 
39897	331 
39898	1514 
39899	864 
39900	105 
39901	154 
39902	129 
39903	998 
39904	19 
39905	1638 
39906	42 
39907	1709 
39908	1004 
39909	544 
39910	1256 
39911	1126 
39912	545 
39913	734 
39914	907 
39915	1619 
39916	1272 
39917	408 
39918	351 
39919	1469 
39920	1412 
39921	53 
39922	1084 
39923	996 
39924	745 
39925	367 
39926	1246 
39927	1828 
39928	1233 
39929	148 
39930	1819 
39931	596 
39932	340 
39933	723 
39934	509 
39935	1221 
39936	1479 
39937	1246 
39938	480 
39939	712 
39940	1657 
39941	1550 
39942	530 
39943	858 
39944	1197 
39945	1338 
39946	323 
39947	992 
39948	179 
39949	1285 
39950	766 
39951	77 
39952	25 
39953	48 
39954	703 
39955	1458 
39956	865 
39957	1018 
39958	1223 
39959	482 
39960	13 
39961	1838 
39962	742 
39963	1696 
39964	1684 
39965	82 
39966	73 
39967	525 
39968	773 
39969	715 
39970	1321 
39971	1526 
39972	1814 
39973	748 
39974	1226 
39975	1836 
39976	1034 
39977	1750 
39978	907 
39979	1518 
39980	1027 
39981	1817 
39982	626 
39983	1709 
39984	1509 
39985	806 
39986	801 
39987	1595 
39988	1378 
39989	451 
39990	1284 
39991	809 
39992	2 
39993	32 
39994	531 
39995	444 
39996	967 
39997	1236 
39998	1055 
39999	1421 
40000	331 
40001	1629 
40002	448 
40003	1015 
40004	1700 
40005	889 
40006	296 
40007	1093 
40008	737 
40009	289 
40010	274 
40011	1694 
40012	648 
40013	461 
40014	542 
40015	1655 
40016	1722 
40017	1223 
40018	598 
40019	1374 
40020	1594 
40021	1566 
40022	912 
40023	586 
40024	961 
40025	943 
40026	353 
40027	299 
40028	1539 
40029	1269 
40030	234 
40031	1123 
40032	1407 
40033	923 
40034	327 
40035	530 
40036	1274 
40037	709 
40038	533 
40039	1823 
40040	812 
40041	171 
40042	115 
40043	858 
40044	242 
40045	163 
40046	1131 
40047	1532 
40048	1169 
40049	806 
40050	1221 
40051	1480 
40052	661 
40053	398 
40054	14 
40055	769 
40056	421 
40057	158 
40058	122 
40059	94 
40060	6 
40061	1314 
40062	1060 
40063	446 
40064	1120 
40065	373 
40066	530 
40067	1645 
40068	153 
40069	651 
40070	319 
40071	920 
40072	1118 
40073	1697 
40074	764 
40075	611 
40076	216 
40077	1412 
40078	1112 
40079	1746 
40080	553 
40081	259 
40082	221 
40083	285 
40084	1022 
40085	966 
40086	312 
40087	905 
40088	354 
40089	1378 
40090	50 
40091	217 
40092	1333 
40093	1259 
40094	1223 
40095	878 
40096	282 
40097	815 
40098	862 
40099	47 
40100	742 
40101	189 
40102	818 
40103	203 
40104	1140 
40105	1527 
40106	819 
40107	65 
40108	1203 
40109	1498 
40110	1249 
40111	1797 
40112	185 
40113	904 
40114	1360 
40115	1316 
40116	974 
40117	586 
40118	400 
40119	1306 
40120	1386 
40121	21 
40122	884 
40123	71 
40124	1102 
40125	1355 
40126	113 
40127	287 
40128	62 
40129	1540 
40130	451 
40131	591 
40132	1126 
40133	1525 
40134	89 
40135	151 
40136	1298 
40137	1341 
40138	57 
40139	357 
40140	862 
40141	136 
40142	958 
40143	1461 
40144	1065 
40145	1850 
40146	628 
40147	144 
40148	851 
40149	888 
40150	806 
40151	864 
40152	1293 
40153	36 
40154	994 
40155	1000 
40156	582 
40157	1061 
40158	1056 
40159	1188 
40160	1190 
40161	499 
40162	1378 
40163	1695 
40164	1223 
40165	492 
40166	1689 
40167	109 
40168	1636 
40169	565 
40170	597 
40171	1223 
40172	416 
40173	662 
40174	410 
40175	123 
40176	69 
40177	1185 
40178	808 
40179	452 
40180	1753 
40181	599 
40182	318 
40183	1562 
40184	1688 
40185	1855 
40186	1607 
40187	1819 
40188	1385 
40189	1179 
40190	56 
40191	1442 
40192	730 
40193	363 
40194	749 
40195	112 
40196	644 
40197	1599 
40198	475 
40199	769 
40200	373 
40201	1697 
40202	837 
40203	1369 
40204	1643 
40205	380 
40206	1564 
40207	1539 
40208	1114 
40209	1761 
40210	578 
40211	1140 
40212	667 
40213	1317 
40214	1054 
40215	541 
40216	1078 
40217	612 
40218	10 
40219	212 
40220	1689 
40221	322 
40222	1733 
40223	191 
40224	234 
40225	1203 
40226	1160 
40227	695 
40228	824 
40229	139 
40230	1108 
40231	841 
40232	1432 
40233	1420 
40234	1386 
40235	669 
40236	942 
40237	1520 
40238	1106 
40239	1017 
40240	872 
40241	1425 
40242	212 
40243	51 
40244	1754 
40245	1021 
40246	635 
40247	1322 
40248	637 
40249	533 
40250	1224 
40251	1471 
40252	416 
40253	809 
40254	1112 
40255	553 
40256	527 
40257	1426 
40258	752 
40259	798 
40260	456 
40261	258 
40262	746 
40263	535 
40264	1097 
40265	180 
40266	1192 
40267	1743 
40268	792 
40269	1817 
40270	400 
40271	945 
40272	1528 
40273	1824 
40274	315 
40275	878 
40276	1140 
40277	129 
40278	373 
40279	612 
40280	824 
40281	1789 
40282	1194 
40283	832 
40284	179 
40285	1116 
40286	1696 
40287	1746 
40288	1422 
40289	42 
40290	899 
40291	152 
40292	603 
40293	715 
40294	724 
40295	1419 
40296	1217 
40297	978 
40298	1640 
40299	1078 
40300	72 
40301	744 
40302	921 
40303	1124 
40304	377 
40305	1553 
40306	10 
40307	700 
40308	557 
40309	1648 
40310	184 
40311	258 
40312	330 
40313	661 
40314	409 
40315	654 
40316	1400 
40317	1527 
40318	1568 
40319	497 
40320	1019 
40321	1316 
40322	385 
40323	1114 
40324	249 
40325	258 
40326	1008 
40327	510 
40328	82 
40329	1723 
40330	1040 
40331	418 
40332	886 
40333	1378 
40334	1296 
40335	1470 
40336	1426 
40337	1594 
40338	396 
40339	126 
40340	672 
40341	345 
40342	567 
40343	1823 
40344	1541 
40345	289 
40346	1844 
40347	393 
40348	1 
40349	1630 
40350	675 
40351	1434 
40352	1208 
40353	249 
40354	156 
40355	1131 
40356	613 
40357	1431 
40358	791 
40359	1775 
40360	1493 
40361	824 
40362	1772 
40363	886 
40364	1694 
40365	72 
40366	869 
40367	1377 
40368	120 
40369	1448 
40370	815 
40371	939 
40372	1170 
40373	1578 
40374	266 
40375	383 
40376	550 
40377	1527 
40378	1785 
40379	1220 
40380	832 
40381	1774 
40382	908 
40383	1120 
40384	1281 
40385	1191 
40386	824 
40387	1013 
40388	299 
40389	245 
40390	1368 
40391	1115 
40392	1374 
40393	890 
40394	540 
40395	1846 
40396	212 
40397	1055 
40398	1478 
40399	1124 
40400	1408 
40401	179 
40402	525 
40403	542 
40404	1783 
40405	156 
40406	91 
40407	815 
40408	914 
40409	421 
40410	482 
40411	1709 
40412	790 
40413	1194 
40414	373 
40415	1677 
40416	931 
40417	222 
40418	1293 
40419	503 
40420	1362 
40421	492 
40422	1236 
40423	138 
40424	698 
40425	1841 
40426	1254 
40427	1441 
40428	1597 
40429	1743 
40430	1789 
40431	1572 
40432	599 
40433	1510 
40434	701 
40435	1034 
40436	663 
40437	1107 
40438	1810 
40439	1836 
40440	563 
40441	1671 
40442	1224 
40443	1854 
40444	468 
40445	170 
40446	1410 
40447	404 
40448	1376 
40449	764 
40450	391 
40451	231 
40452	769 
40453	401 
40454	851 
40455	738 
40456	230 
40457	808 
40458	1774 
40459	1701 
40460	59 
40461	948 
40462	409 
40463	1236 
40464	622 
40465	1774 
40466	307 
40467	869 
40468	1498 
40469	422 
40470	323 
40471	138 
40472	1401 
40473	263 
40474	1597 
40475	1229 
40476	566 
40477	325 
40478	1689 
40479	1722 
40480	186 
40481	1648 
40482	575 
40483	1336 
40484	1810 
40485	1341 
40486	1254 
40487	1126 
40488	637 
40489	1263 
40490	446 
40491	893 
40492	958 
40493	1274 
40494	1490 
40495	996 
40496	563 
40497	948 
40498	490 
40499	1012 
40500	529 
40501	1379 
40502	16 
40503	923 
40504	177 
40505	1625 
40506	377 
40507	560 
40508	1755 
40509	1391 
40510	502 
40511	731 
40512	295 
40513	1712 
40514	10 
40515	1811 
40516	1814 
40517	397 
40518	886 
40519	831 
40520	1661 
40521	754 
40522	1239 
40523	1588 
40524	1006 
40525	1838 
40526	1824 
40527	1045 
40528	1801 
40529	903 
40530	179 
40531	126 
40532	1336 
40533	886 
40534	989 
40535	535 
40536	232 
40537	1714 
40538	1723 
40539	1095 
40540	881 
40541	83 
40542	509 
40543	330 
40544	480 
40545	1473 
40546	1735 
40547	1733 
40548	1337 
40549	253 
40550	160 
40551	1567 
40552	323 
40553	1452 
40554	545 
40555	174 
40556	907 
40557	34 
40558	939 
40559	1756 
40560	1418 
40561	715 
40562	191 
40563	1049 
40564	407 
40565	491 
40566	1342 
40567	1020 
40568	174 
40569	1811 
40570	907 
40571	557 
40572	1609 
40573	1367 
40574	1609 
40575	541 
40576	1324 
40577	574 
40578	1588 
40579	544 
40580	1159 
40581	1055 
40582	18 
40583	1004 
40584	862 
40585	806 
40586	1284 
40587	1735 
40588	556 
40589	380 
40590	612 
40591	773 
40592	248 
40593	315 
40594	605 
40595	1035 
40596	790 
40597	1341 
40598	1211 
40599	108 
40600	572 
40601	1067 
40602	1854 
40603	354 
40604	1379 
40605	115 
40606	886 
40607	1039 
40608	1236 
40609	329 
40610	211 
40611	4 
40612	1320 
40613	130 
40614	804 
40615	49 
40616	1692 
40617	929 
40618	496 
40619	397 
40620	1057 
40621	456 
40622	267 
40623	1126 
40624	408 
40625	1540 
40626	1029 
40627	715 
40628	235 
40629	574 
40630	1456 
40631	1332 
40632	58 
40633	1376 
40634	1282 
40635	748 
40636	562 
40637	486 
40638	1801 
40639	1263 
40640	1381 
40641	1091 
40642	1079 
40643	1610 
40644	199 
40645	1572 
40646	1729 
40647	367 
40648	307 
40649	363 
40650	1516 
40651	1307 
40652	1767 
40653	1750 
40654	1091 
40655	1348 
40656	202 
40657	353 
40658	1733 
40659	1802 
40660	274 
40661	661 
40662	1131 
40663	1608 
40664	553 
40665	314 
40666	131 
40667	356 
40668	1095 
40669	1501 
40670	1322 
40671	845 
40672	1707 
40673	809 
40674	1210 
40675	1451 
40676	444 
40677	2 
40678	1161 
40679	872 
40680	1568 
40681	1706 
40682	272 
40683	397 
40684	1194 
40685	901 
40686	1672 
40687	136 
40688	1571 
40689	1755 
40690	892 
40691	108 
40692	579 
40693	249 
40694	170 
40695	1048 
40696	703 
40697	1810 
40698	1729 
40699	48 
40700	1738 
40701	931 
40702	1498 
40703	1024 
40704	53 
40705	1114 
40706	1036 
40707	1571 
40708	1420 
40709	1346 
40710	268 
40711	93 
40712	1587 
40713	48 
40714	1759 
40715	211 
40716	560 
40717	783 
40718	1040 
40719	889 
40720	1021 
40721	1137 
40722	1064 
40723	862 
40724	460 
40725	207 
40726	1 
40727	151 
40728	435 
40729	1068 
40730	322 
40731	1474 
40732	1514 
40733	232 
40734	976 
40735	1629 
40736	1857 
40737	1441 
40738	1513 
40739	1412 
40740	75 
40741	855 
40742	239 
40743	145 
40744	482 
40745	1528 
40746	1774 
40747	1707 
40748	1435 
40749	191 
40750	1138 
40751	1778 
40752	1131 
40753	315 
40754	920 
40755	1722 
40756	1300 
40757	624 
40758	212 
40759	20 
40760	1263 
40761	989 
40762	1762 
40763	1260 
40764	908 
40765	1182 
40766	1378 
40767	672 
40768	1403 
40769	602 
40770	487 
40771	1806 
40772	1147 
40773	405 
40774	1747 
40775	56 
40776	1101 
40777	1833 
40778	1378 
40779	266 
40780	1709 
40781	808 
40782	568 
40783	311 
40784	886 
40785	1080 
40786	1768 
40787	1718 
40788	267 
40789	835 
40790	941 
40791	1754 
40792	1539 
40793	969 
40794	802 
40795	738 
40796	795 
40797	1628 
40798	98 
40799	274 
40800	931 
40801	613 
40802	1437 
40803	923 
40804	527 
40805	1688 
40806	331 
40807	723 
40808	1287 
40809	1663 
40810	126 
40811	400 
40812	1309 
40813	199 
40814	1553 
40815	587 
40816	884 
40817	596 
40818	1296 
40819	1021 
40820	137 
40821	1358 
40822	820 
40823	829 
40824	61 
40825	230 
40826	237 
40827	783 
40828	1524 
40829	426 
40830	410 
40831	1353 
40832	1726 
40833	1689 
40834	55 
40835	1198 
40836	1140 
40837	202 
40838	4 
40839	281 
40840	103 
40841	1254 
40842	1276 
40843	85 
40844	1786 
40845	1504 
40846	393 
40847	339 
40848	1191 
40849	805 
40850	1318 
40851	1114 
40852	832 
40853	1073 
40854	1250 
40855	160 
40856	1052 
40857	805 
40858	1533 
40859	1138 
40860	1409 
40861	292 
40862	307 
40863	1387 
40864	1414 
40865	1807 
40866	994 
40867	889 
40868	939 
40869	383 
40870	203 
40871	1502 
40872	1845 
40873	1559 
40874	1284 
40875	1192 
40876	830 
40877	25 
40878	1130 
40879	373 
40880	948 
40881	1647 
40882	692 
40883	162 
40884	996 
40885	376 
40886	247 
40887	25 
40888	1828 
40889	805 
40890	848 
40891	748 
40892	1640 
40893	1386 
40894	665 
40895	8 
40896	1368 
40897	1513 
40898	863 
40899	58 
40900	993 
40901	1186 
40902	1266 
40903	420 
40904	1317 
40905	1765 
40906	587 
40907	1465 
40908	1609 
40909	1646 
40910	1 
40911	1469 
40912	448 
40913	238 
40914	1436 
40915	651 
40916	1824 
40917	1481 
40918	698 
40919	232 
40920	1073 
40921	1041 
40922	1062 
40923	122 
40924	886 
40925	1639 
40926	1527 
40927	968 
40928	1461 
40929	808 
40930	1503 
40931	277 
40932	1296 
40933	364 
40934	1708 
40935	1353 
40936	1349 
40937	1140 
40938	60 
40939	770 
40940	98 
40941	1346 
40942	901 
40943	876 
40944	890 
40945	1561 
40946	716 
40947	927 
40948	1175 
40949	1229 
40950	1645 
40951	1609 
40952	19 
40953	775 
40954	80 
40955	1310 
40956	805 
40957	1117 
40958	107 
40959	1154 
40960	968 
40961	540 
40962	1028 
40963	451 
40964	888 
40965	350 
40966	1280 
40967	1811 
40968	1069 
40969	1394 
40970	666 
40971	821 
40972	127 
40973	239 
40974	1811 
40975	196 
40976	1781 
40977	342 
40978	876 
40979	460 
40980	262 
40981	445 
40982	474 
40983	94 
40984	1527 
40985	663 
40986	1246 
40987	1143 
40988	1150 
40989	703 
40990	82 
40991	994 
40992	80 
40993	205 
40994	106 
40995	565 
40996	1632 
40997	369 
40998	1497 
40999	131 
41000	1645 
41001	662 
41002	523 
41003	981 
41004	1578 
41005	64 
41006	389 
41007	1438 
41008	811 
41009	1188 
41010	1264 
41011	1231 
41012	46 
41013	1369 
41014	225 
41015	513 
41016	1751 
41017	739 
41018	404 
41019	626 
41020	226 
41021	129 
41022	385 
41023	1326 
41024	1372 
41025	777 
41026	1091 
41027	1733 
41028	983 
41029	884 
41030	890 
41031	162 
41032	1097 
41033	1322 
41034	836 
41035	1114 
41036	695 
41037	1091 
41038	1122 
41039	1084 
41040	373 
41041	1378 
41042	1468 
41043	75 
41044	801 
41045	1100 
41046	814 
41047	1689 
41048	525 
41049	137 
41050	697 
41051	806 
41052	1547 
41053	852 
41054	444 
41055	1080 
41056	626 
41057	1738 
41058	1629 
41059	1488 
41060	1366 
41061	120 
41062	973 
41063	836 
41064	70 
41065	130 
41066	1771 
41067	29 
41068	688 
41069	1222 
41070	1420 
41071	763 
41072	75 
41073	1038 
41074	1025 
41075	1633 
41076	1097 
41077	1348 
41078	1837 
41079	758 
41080	990 
41081	1762 
41082	529 
41083	1197 
41084	982 
41085	113 
41086	29 
41087	1725 
41088	1833 
41089	435 
41090	7 
41091	412 
41092	1322 
41093	259 
41094	15 
41095	470 
41096	1786 
41097	1540 
41098	1345 
41099	1408 
41100	163 
41101	699 
41102	645 
41103	274 
41104	1695 
41105	1718 
41106	1443 
41107	721 
41108	893 
41109	989 
41110	1465 
41111	18 
41112	564 
41113	637 
41114	114 
41115	1079 
41116	204 
41117	916 
41118	216 
41119	1353 
41120	723 
41121	882 
41122	36 
41123	772 
41124	1471 
41125	514 
41126	1645 
41127	1153 
41128	1588 
41129	1015 
41130	969 
41131	1190 
41132	221 
41133	943 
41134	1501 
41135	373 
41136	350 
41137	1215 
41138	693 
41139	598 
41140	545 
41141	611 
41142	968 
41143	1030 
41144	392 
41145	1218 
41146	213 
41147	703 
41148	1618 
41149	203 
41150	613 
41151	1313 
41152	327 
41153	948 
41154	391 
41155	1601 
41156	1260 
41157	8 
41158	136 
41159	347 
41160	369 
41161	806 
41162	709 
41163	1833 
41164	1503 
41165	734 
41166	1524 
41167	1348 
41168	274 
41169	1603 
41170	1221 
41171	1308 
41172	1263 
41173	1753 
41174	1414 
41175	237 
41176	1223 
41177	322 
41178	71 
41179	1272 
41180	311 
41181	1754 
41182	223 
41183	568 
41184	1400 
41185	1706 
41186	1313 
41187	1412 
41188	272 
41189	1120 
41190	1039 
41191	1140 
41192	1495 
41193	907 
41194	988 
41195	401 
41196	52 
41197	234 
41198	1141 
41199	824 
41200	1609 
41201	1547 
41202	745 
41203	78 
41204	1218 
41205	282 
41206	1461 
41207	1503 
41208	1473 
41209	481 
41210	871 
41211	1091 
41212	290 
41213	1438 
41214	698 
41215	894 
41216	1369 
41217	1539 
41218	352 
41219	888 
41220	1581 
41221	1639 
41222	344 
41223	6 
41224	336 
41225	1451 
41226	1765 
41227	1239 
41228	1018 
41229	1762 
41230	72 
41231	1825 
41232	815 
41233	308 
41234	410 
41235	14 
41236	911 
41237	1049 
41238	497 
41239	1264 
41240	1628 
41241	94 
41242	775 
41243	1023 
41244	1340 
41245	298 
41246	1465 
41247	1462 
41248	772 
41249	1713 
41250	1326 
41251	662 
41252	1533 
41253	262 
41254	129 
41255	295 
41256	1445 
41257	25 
41258	867 
41259	1709 
41260	1164 
41261	796 
41262	1495 
41263	1007 
41264	1609 
41265	294 
41266	1212 
41267	679 
41268	683 
41269	483 
41270	865 
41271	565 
41272	1380 
41273	452 
41274	1721 
41275	821 
41276	455 
41277	1511 
41278	841 
41279	1479 
41280	1378 
41281	1570 
41282	1322 
41283	1137 
41284	1672 
41285	1438 
41286	1184 
41287	917 
41288	1677 
41289	349 
41290	929 
41291	1015 
41292	458 
41293	330 
41294	608 
41295	1366 
41296	1138 
41297	1284 
41298	1694 
41299	430 
41300	699 
41301	1554 
41302	907 
41303	230 
41304	1450 
41305	343 
41306	1671 
41307	1123 
41308	1778 
41309	154 
41310	1635 
41311	1189 
41312	1273 
41313	222 
41314	1358 
41315	1273 
41316	1305 
41317	507 
41318	400 
41319	531 
41320	237 
41321	126 
41322	1542 
41323	783 
41324	376 
41325	513 
41326	1666 
41327	1519 
41328	1384 
41329	806 
41330	921 
41331	204 
41332	128 
41333	446 
41334	191 
41335	1838 
41336	1141 
41337	554 
41338	836 
41339	282 
41340	579 
41341	907 
41342	983 
41343	1730 
41344	1391 
41345	1 
41346	1643 
41347	1114 
41348	1672 
41349	1677 
41350	1828 
41351	1696 
41352	1730 
41353	313 
41354	1175 
41355	24 
41356	1857 
41357	353 
41358	1735 
41359	136 
41360	923 
41361	1057 
41362	238 
41363	1539 
41364	590 
41365	258 
41366	469 
41367	1226 
41368	533 
41369	907 
41370	1539 
41371	1121 
41372	276 
41373	1593 
41374	243 
41375	40 
41376	664 
41377	583 
41378	1440 
41379	1469 
41380	199 
41381	91 
41382	127 
41383	1019 
41384	1775 
41385	1726 
41386	174 
41387	1597 
41388	582 
41389	1423 
41390	672 
41391	1758 
41392	988 
41393	1541 
41394	510 
41395	988 
41396	381 
41397	189 
41398	278 
41399	1138 
41400	222 
41401	1172 
41402	784 
41403	1578 
41404	683 
41405	46 
41406	565 
41407	609 
41408	1044 
41409	1461 
41410	853 
41411	1147 
41412	989 
41413	1344 
41414	1436 
41415	256 
41416	808 
41417	1083 
41418	356 
41419	1697 
41420	444 
41421	968 
41422	1280 
41423	817 
41424	208 
41425	146 
41426	1614 
41427	756 
41428	1078 
41429	591 
41430	1445 
41431	229 
41432	1715 
41433	178 
41434	51 
41435	650 
41436	1300 
41437	25 
41438	542 
41439	497 
41440	1424 
41441	1490 
41442	242 
41443	1236 
41444	492 
41445	1417 
41446	974 
41447	931 
41448	1218 
41449	1120 
41450	1588 
41451	385 
41452	1435 
41453	952 
41454	65 
41455	295 
41456	488 
41457	1670 
41458	1626 
41459	411 
41460	21 
41461	684 
41462	1014 
41463	769 
41464	888 
41465	1368 
41466	817 
41467	1422 
41468	693 
41469	1125 
41470	1646 
41471	1639 
41472	1661 
41473	1774 
41474	98 
41475	540 
41476	1773 
41477	128 
41478	732 
41479	935 
41480	1045 
41481	1161 
41482	71 
41483	809 
41484	990 
41485	1459 
41486	730 
41487	1817 
41488	1502 
41489	1481 
41490	334 
41491	319 
41492	405 
41493	804 
41494	841 
41495	1045 
41496	1524 
41497	732 
41498	1248 
41499	20 
41500	1078 
41501	1502 
41502	958 
41503	1291 
41504	509 
41505	560 
41506	128 
41507	199 
41508	1503 
41509	543 
41510	162 
41511	344 
41512	51 
41513	482 
41514	992 
41515	49 
41516	512 
41517	285 
41518	582 
41519	596 
41520	713 
41521	738 
41522	292 
41523	147 
41524	42 
41525	996 
41526	366 
41527	568 
41528	248 
41529	1718 
41530	280 
41531	1088 
41532	777 
41533	695 
41534	993 
41535	1451 
41536	1723 
41537	1143 
41538	1610 
41539	1509 
41540	1843 
41541	701 
41542	1007 
41543	1707 
41544	1058 
41545	443 
41546	320 
41547	730 
41548	1600 
41549	1490 
41550	74 
41551	574 
41552	836 
41553	828 
41554	346 
41555	109 
41556	1578 
41557	1857 
41558	598 
41559	731 
41560	1337 
41561	1320 
41562	299 
41563	120 
41564	1628 
41565	127 
41566	836 
41567	654 
41568	1191 
41569	868 
41570	404 
41571	666 
41572	55 
41573	120 
41574	1579 
41575	1427 
41576	565 
41577	661 
41578	833 
41579	591 
41580	927 
41581	421 
41582	1721 
41583	400 
41584	565 
41585	493 
41586	237 
41587	1426 
41588	1628 
41589	128 
41590	542 
41591	200 
41592	262 
41593	1694 
41594	1821 
41595	1588 
41596	609 
41597	553 
41598	596 
41599	686 
41600	376 
41601	150 
41602	1069 
41603	1409 
41604	886 
41605	1283 
41606	223 
41607	1070 
41608	259 
41609	1007 
41610	1828 
41611	1087 
41612	204 
41613	798 
41614	336 
41615	1338 
41616	243 
41617	525 
41618	880 
41619	166 
41620	598 
41621	1760 
41622	1348 
41623	1693 
41624	764 
41625	424 
41626	292 
41627	171 
41628	1817 
41629	802 
41630	21 
41631	1412 
41632	1084 
41633	538 
41634	1120 
41635	1627 
41636	341 
41637	373 
41638	1614 
41639	1775 
41640	686 
41641	1486 
41642	1400 
41643	1410 
41644	462 
41645	258 
41646	368 
41647	1694 
41648	584 
41649	693 
41650	483 
41651	1827 
41652	217 
41653	247 
41654	1560 
41655	1366 
41656	424 
41657	1052 
41658	598 
41659	1683 
41660	91 
41661	526 
41662	1835 
41663	436 
41664	1688 
41665	1503 
41666	262 
41667	1821 
41668	1348 
41669	1607 
41670	622 
41671	882 
41672	1718 
41673	843 
41674	1143 
41675	317 
41676	1212 
41677	758 
41678	419 
41679	82 
41680	1704 
41681	1683 
41682	1763 
41683	997 
41684	783 
41685	1578 
41686	47 
41687	545 
41688	1163 
41689	147 
41690	105 
41691	1498 
41692	1484 
41693	789 
41694	1844 
41695	158 
41696	1138 
41697	598 
41698	99 
41699	242 
41700	1697 
41701	47 
41702	1755 
41703	1522 
41704	60 
41705	1153 
41706	1300 
41707	1201 
41708	159 
41709	1687 
41710	307 
41711	1384 
41712	530 
41713	568 
41714	174 
41715	20 
41716	1090 
41717	662 
41718	1259 
41719	889 
41720	1841 
41721	1337 
41722	56 
41723	307 
41724	611 
41725	1120 
41726	1486 
41727	1086 
41728	308 
41729	1661 
41730	548 
41731	1332 
41732	71 
41733	563 
41734	1321 
41735	314 
41736	1080 
41737	1316 
41738	745 
41739	136 
41740	1059 
41741	1607 
41742	568 
41743	100 
41744	709 
41745	274 
41746	398 
41747	1168 
41748	1262 
41749	1271 
41750	325 
41751	1117 
41752	1497 
41753	292 
41754	1092 
41755	908 
41756	1528 
41757	1245 
41758	1753 
41759	214 
41760	1762 
41761	1055 
41762	1117 
41763	129 
41764	47 
41765	529 
41766	790 
41767	824 
41768	1409 
41769	1217 
41770	1080 
41771	229 
41772	697 
41773	869 
41774	911 
41775	1489 
41776	1594 
41777	560 
41778	4 
41779	865 
41780	89 
41781	543 
41782	699 
41783	1125 
41784	1624 
41785	1232 
41786	542 
41787	1320 
41788	1078 
41789	817 
41790	420 
41791	931 
41792	920 
41793	666 
41794	1660 
41795	1415 
41796	1790 
41797	1101 
41798	146 
41799	1200 
41800	523 
41801	923 
41802	530 
41803	637 
41804	42 
41805	954 
41806	1628 
41807	1754 
41808	824 
41809	1003 
41810	417 
41811	1067 
41812	1325 
41813	395 
41814	791 
41815	138 
41816	1246 
41817	1220 
41818	988 
41819	1562 
41820	51 
41821	962 
41822	533 
41823	696 
41824	906 
41825	1028 
41826	1190 
41827	375 
41828	1078 
41829	1258 
41830	961 
41831	931 
41832	166 
41833	1493 
41834	535 
41835	762 
41836	70 
41837	832 
41838	382 
41839	1045 
41840	1147 
41841	1150 
41842	522 
41843	613 
41844	1781 
41845	193 
41846	533 
41847	322 
41848	1744 
41849	254 
41850	884 
41851	98 
41852	24 
41853	237 
41854	1612 
41855	1758 
41856	732 
41857	1847 
41858	579 
41859	1296 
41860	1008 
41861	942 
41862	533 
41863	266 
41864	154 
41865	529 
41866	469 
41867	1645 
41868	733 
41869	1344 
41870	1322 
41871	1093 
41872	33 
41873	1520 
41874	90 
41875	1212 
41876	444 
41877	1005 
41878	1726 
41879	430 
41880	1426 
41881	869 
41882	1236 
41883	1794 
41884	214 
41885	478 
41886	391 
41887	1064 
41888	1415 
41889	1718 
41890	808 
41891	1200 
41892	686 
41893	1055 
41894	1550 
41895	1404 
41896	582 
41897	948 
41898	15 
41899	798 
41900	326 
41901	1074 
41902	19 
41903	893 
41904	266 
41905	1151 
41906	1055 
41907	974 
41908	1223 
41909	1746 
41910	1726 
41911	152 
41912	456 
41913	808 
41914	1313 
41915	788 
41916	424 
41917	1364 
41918	110 
41919	120 
41920	1383 
41921	153 
41922	1029 
41923	1694 
41924	1630 
41925	628 
41926	1614 
41927	176 
41928	123 
41929	1369 
41930	1774 
41931	602 
41932	1648 
41933	1465 
41934	204 
41935	1153 
41936	1807 
41937	1227 
41938	423 
41939	1106 
41940	400 
41941	353 
41942	1502 
41943	199 
41944	204 
41945	1257 
41946	598 
41947	66 
41948	20 
41949	1220 
41950	20 
41951	482 
41952	1688 
41953	289 
41954	1707 
41955	204 
41956	154 
41957	14 
41958	923 
41959	941 
41960	14 
41961	1572 
41962	663 
41963	400 
41964	569 
41965	254 
41966	1393 
41967	1760 
41968	1053 
41969	1291 
41970	624 
41971	376 
41972	1257 
41973	487 
41974	1210 
41975	1222 
41976	1054 
41977	331 
41978	570 
41979	162 
41980	1658 
41981	463 
41982	832 
41983	1661 
41984	1338 
41985	367 
41986	1473 
41987	1143 
41988	282 
41989	1749 
41990	274 
41991	514 
41992	1298 
41993	572 
41994	1210 
41995	587 
41996	1350 
41997	721 
41998	530 
41999	390 
42000	1757 
42001	1369 
42002	1250 
42003	1663 
42004	267 
42005	420 
42006	315 
42007	1822 
42008	740 
42009	1137 
42010	1296 
42011	776 
42012	338 
42013	1821 
42014	554 
42015	1748 
42016	78 
42017	1680 
42018	322 
42019	808 
42020	829 
42021	1427 
42022	248 
42023	886 
42024	1272 
42025	85 
42026	1691 
42027	1052 
42028	85 
42029	336 
42030	70 
42031	129 
42032	531 
42033	931 
42034	1628 
42035	380 
42036	1278 
42037	1221 
42038	530 
42039	162 
42040	1322 
42041	850 
42042	413 
42043	1296 
42044	400 
42045	1806 
42046	523 
42047	1583 
42048	1 
42049	599 
42050	299 
42051	791 
42052	47 
42053	1516 
42054	1454 
42055	1498 
42056	282 
42057	1362 
42058	1462 
42059	952 
42060	1160 
42061	906 
42062	1726 
42063	1594 
42064	853 
42065	591 
42066	1272 
42067	566 
42068	4 
42069	953 
42070	923 
42071	576 
42072	930 
42073	291 
42074	333 
42075	1806 
42076	456 
42077	1086 
42078	655 
42079	1032 
42080	530 
42081	1308 
42082	1498 
42083	611 
42084	773 
42085	1091 
42086	497 
42087	1080 
42088	502 
42089	1263 
42090	1254 
42091	520 
42092	284 
42093	693 
42094	1028 
42095	703 
42096	1459 
42097	367 
42098	667 
42099	1602 
42100	232 
42101	1048 
42102	29 
42103	272 
42104	377 
42105	1203 
42106	1014 
42107	1701 
42108	1417 
42109	836 
42110	613 
42111	87 
42112	1084 
42113	1857 
42114	1700 
42115	1615 
42116	1063 
42117	48 
42118	1502 
42119	1226 
42120	1045 
42121	152 
42122	332 
42123	1765 
42124	555 
42125	400 
42126	576 
42127	391 
42128	373 
42129	211 
42130	368 
42131	1391 
42132	1648 
42133	487 
42134	111 
42135	258 
42136	266 
42137	1839 
42138	1734 
42139	68 
42140	693 
42141	650 
42142	1473 
42143	1130 
42144	54 
42145	879 
42146	1578 
42147	656 
42148	983 
42149	308 
42150	1045 
42151	1504 
42152	637 
42153	1070 
42154	259 
42155	87 
42156	1411 
42157	529 
42158	808 
42159	1490 
42160	1746 
42161	409 
42162	1347 
42163	1368 
42164	1007 
42165	1406 
42166	1695 
42167	795 
42168	1482 
42169	795 
42170	482 
42171	1688 
42172	1381 
42173	650 
42174	1380 
42175	318 
42176	94 
42177	1162 
42178	487 
42179	431 
42180	818 
42181	1486 
42182	1352 
42183	1218 
42184	1394 
42185	1547 
42186	1709 
42187	205 
42188	1464 
42189	36 
42190	1296 
42191	1335 
42192	1311 
42193	1327 
42194	1063 
42195	1587 
42196	1283 
42197	156 
42198	1161 
42199	958 
42200	25 
42201	880 
42202	968 
42203	1157 
42204	1709 
42205	1175 
42206	1093 
42207	448 
42208	1643 
42209	1733 
42210	637 
42211	1678 
42212	941 
42213	952 
42214	807 
42215	1383 
42216	550 
42217	169 
42218	513 
42219	1338 
42220	1238 
42221	1711 
42222	1384 
42223	949 
42224	1007 
42225	1045 
42226	798 
42227	806 
42228	919 
42229	1797 
42230	568 
42231	416 
42232	1322 
42233	455 
42234	1373 
42235	341 
42236	789 
42237	1027 
42238	114 
42239	843 
42240	712 
42241	192 
42242	790 
42243	164 
42244	108 
42245	817 
42246	1504 
42247	1770 
42248	835 
42249	1825 
42250	686 
42251	1218 
42252	1755 
42253	355 
42254	1282 
42255	577 
42256	1735 
42257	1403 
42258	646 
42259	387 
42260	600 
42261	880 
42262	451 
42263	1258 
42264	717 
42265	447 
42266	534 
42267	904 
42268	1855 
42269	1678 
42270	1286 
42271	893 
42272	597 
42273	994 
42274	1258 
42275	1434 
42276	1814 
42277	281 
42278	1104 
42279	1071 
42280	60 
42281	1210 
42282	1220 
42283	1007 
42284	568 
42285	325 
42286	1220 
42287	578 
42288	819 
42289	546 
42290	961 
42291	521 
42292	1450 
42293	1471 
42294	454 
42295	72 
42296	732 
42297	1567 
42298	1208 
42299	1490 
42300	89 
42301	565 
42302	8 
42303	1716 
42304	974 
42305	14 
42306	1784 
42307	404 
42308	1045 
42309	1532 
42310	569 
42311	258 
42312	1532 
42313	1775 
42314	492 
42315	1085 
42316	473 
42317	1489 
42318	996 
42319	1726 
42320	554 
42321	1729 
42322	1614 
42323	558 
42324	1131 
42325	1097 
42326	858 
42327	455 
42328	1000 
42329	1170 
42330	360 
42331	778 
42332	1102 
42333	1415 
42334	58 
42335	739 
42336	48 
42337	303 
42338	33 
42339	576 
42340	557 
42341	168 
42342	259 
42343	487 
42344	1760 
42345	128 
42346	1515 
42347	367 
42348	1397 
42349	1470 
42350	292 
42351	1086 
42352	83 
42353	1353 
42354	1466 
42355	1296 
42356	1528 
42357	373 
42358	1289 
42359	462 
42360	507 
42361	1414 
42362	631 
42363	154 
42364	322 
42365	493 
42366	1112 
42367	1042 
42368	14 
42369	444 
42370	1639 
42371	1662 
42372	1387 
42373	624 
42374	1691 
42375	582 
42376	471 
42377	1362 
42378	876 
42379	224 
42380	6 
42381	1596 
42382	538 
42383	21 
42384	1348 
42385	1778 
42386	1719 
42387	579 
42388	522 
42389	1352 
42390	287 
42391	939 
42392	1313 
42393	448 
42394	1139 
42395	21 
42396	1120 
42397	1227 
42398	1282 
42399	773 
42400	291 
42401	1655 
42402	1787 
42403	1740 
42404	1226 
42405	57 
42406	683 
42407	1188 
42408	169 
42409	793 
42410	1026 
42411	1293 
42412	133 
42413	1427 
42414	33 
42415	1358 
42416	1824 
42417	126 
42418	568 
42419	362 
42420	1527 
42421	1605 
42422	1731 
42423	55 
42424	249 
42425	1276 
42426	1578 
42427	423 
42428	422 
42429	1781 
42430	449 
42431	1175 
42432	989 
42433	315 
42434	1758 
42435	1528 
42436	209 
42437	782 
42438	774 
42439	1529 
42440	1627 
42441	1597 
42442	1218 
42443	298 
42444	523 
42445	1280 
42446	1575 
42447	843 
42448	783 
42449	591 
42450	1183 
42451	727 
42452	299 
42453	1545 
42454	782 
42455	1564 
42456	1221 
42457	129 
42458	622 
42459	1711 
42460	1404 
42461	1655 
42462	1760 
42463	282 
42464	1520 
42465	1578 
42466	543 
42467	535 
42468	997 
42469	889 
42470	1498 
42471	781 
42472	703 
42473	1648 
42474	958 
42475	56 
42476	1425 
42477	893 
42478	469 
42479	1239 
42480	1810 
42481	1644 
42482	1267 
42483	604 
42484	465 
42485	1801 
42486	1147 
42487	1084 
42488	184 
42489	382 
42490	1449 
42491	1386 
42492	1336 
42493	1380 
42494	553 
42495	519 
42496	1471 
42497	1765 
42498	219 
42499	978 
42500	1664 
42501	1361 
42502	1383 
42503	1463 
42504	1848 
42505	818 
42506	1080 
42507	445 
42508	973 
42509	1677 
42510	1560 
42511	1628 
42512	686 
42513	715 
42514	1720 
42515	205 
42516	983 
42517	1856 
42518	824 
42519	95 
42520	626 
42521	31 
42522	412 
42523	801 
42524	1602 
42525	1 
42526	1194 
42527	209 
42528	840 
42529	1579 
42530	373 
42531	1184 
42532	181 
42533	1269 
42534	1283 
42535	399 
42536	10 
42537	598 
42538	1770 
42539	1404 
42540	1468 
42541	770 
42542	1070 
42543	1809 
42544	1532 
42545	876 
42546	1384 
42547	421 
42548	1013 
42549	1765 
42550	540 
42551	1203 
42552	1547 
42553	1352 
42554	234 
42555	1683 
42556	244 
42557	1841 
42558	49 
42559	809 
42560	324 
42561	1200 
42562	99 
42563	565 
42564	160 
42565	311 
42566	70 
42567	25 
42568	1641 
42569	1836 
42570	1571 
42571	1801 
42572	1774 
42573	1680 
42574	662 
42575	174 
42576	1527 
42577	1210 
42578	1415 
42579	853 
42580	765 
42581	1262 
42582	1540 
42583	782 
42584	55 
42585	1233 
42586	1734 
42587	1636 
42588	1030 
42589	414 
42590	1272 
42591	363 
42592	1722 
42593	168 
42594	130 
42595	1048 
42596	758 
42597	941 
42598	789 
42599	784 
42600	1828 
42601	1136 
42602	1223 
42603	729 
42604	179 
42605	1655 
42606	154 
42607	1643 
42608	650 
42609	845 
42610	1 
42611	256 
42612	586 
42613	1192 
42614	1118 
42615	762 
42616	749 
42617	3 
42618	1336 
42619	842 
42620	1687 
42621	1318 
42622	1130 
42623	1211 
42624	1636 
42625	1725 
42626	818 
42627	1726 
42628	376 
42629	187 
42630	1709 
42631	1547 
42632	162 
42633	1632 
42634	1130 
42635	341 
42636	783 
42637	1391 
42638	455 
42639	1047 
42640	1084 
42641	1375 
42642	1785 
42643	436 
42644	703 
42645	363 
42646	958 
42647	1064 
42648	946 
42649	440 
42650	1004 
42651	495 
42652	1564 
42653	1671 
42654	1812 
42655	632 
42656	688 
42657	814 
42658	772 
42659	94 
42660	1006 
42661	1039 
42662	649 
42663	1274 
42664	778 
42665	335 
42666	1031 
42667	51 
42668	1691 
42669	1316 
42670	1086 
42671	1427 
42672	760 
42673	836 
42674	598 
42675	1765 
42676	169 
42677	1801 
42678	1239 
42679	371 
42680	876 
42681	1743 
42682	542 
42683	1511 
42684	1443 
42685	1380 
42686	91 
42687	806 
42688	151 
42689	295 
42690	579 
42691	209 
42692	788 
42693	1069 
42694	1208 
42695	198 
42696	700 
42697	1825 
42698	469 
42699	557 
42700	462 
42701	889 
42702	1378 
42703	1131 
42704	1425 
42705	858 
42706	1280 
42707	1718 
42708	1682 
42709	553 
42710	1143 
42711	1772 
42712	530 
42713	284 
42714	442 
42715	564 
42716	1378 
42717	591 
42718	1369 
42719	44 
42720	1696 
42721	581 
42722	1118 
42723	1462 
42724	693 
42725	703 
42726	930 
42727	1579 
42728	1753 
42729	1069 
42730	845 
42731	426 
42732	1597 
42733	1761 
42734	1188 
42735	232 
42736	1282 
42737	944 
42738	635 
42739	1524 
42740	120 
42741	339 
42742	1266 
42743	156 
42744	397 
42745	946 
42746	1678 
42747	67 
42748	155 
42749	876 
42750	1482 
42751	1311 
42752	1309 
42753	1438 
42754	266 
42755	1115 
42756	756 
42757	1256 
42758	1007 
42759	698 
42760	974 
42761	633 
42762	1579 
42763	1286 
42764	1827 
42765	824 
42766	413 
42767	1163 
42768	1532 
42769	650 
42770	1722 
42771	354 
42772	470 
42773	1718 
42774	1163 
42775	274 
42776	234 
42777	569 
42778	969 
42779	56 
42780	217 
42781	565 
42782	648 
42783	924 
42784	1219 
42785	563 
42786	1596 
42787	974 
42788	258 
42789	845 
42790	1137 
42791	922 
42792	1331 
42793	1672 
42794	1722 
42795	1493 
42796	626 
42797	715 
42798	487 
42799	860 
42800	1726 
42801	1039 
42802	1115 
42803	232 
42804	1857 
42805	1309 
42806	1073 
42807	788 
42808	415 
42809	766 
42810	198 
42811	1387 
42812	818 
42813	460 
42814	1498 
42815	783 
42816	1730 
42817	1332 
42818	1398 
42819	1849 
42820	1080 
42821	723 
42822	1346 
42823	1007 
42824	259 
42825	1210 
42826	32 
42827	23 
42828	315 
42829	74 
42830	529 
42831	960 
42832	752 
42833	621 
42834	1128 
42835	1007 
42836	531 
42837	1061 
42838	1320 
42839	778 
42840	836 
42841	1060 
42842	211 
42843	1647 
42844	1286 
42845	1263 
42846	1190 
42847	1718 
42848	1263 
42849	531 
42850	1801 
42851	144 
42852	1822 
42853	1712 
42854	177 
42855	33 
42856	1471 
42857	1618 
42858	541 
42859	330 
42860	1774 
42861	1714 
42862	1547 
42863	1564 
42864	235 
42865	123 
42866	1 
42867	833 
42868	966 
42869	1515 
42870	29 
42871	591 
42872	1064 
42873	1004 
42874	1513 
42875	772 
42876	1503 
42877	1511 
42878	864 
42879	910 
42880	355 
42881	732 
42882	1317 
42883	1504 
42884	511 
42885	1384 
42886	808 
42887	1412 
42888	1772 
42889	602 
42890	1264 
42891	1662 
42892	1433 
42893	946 
42894	1638 
42895	70 
42896	232 
42897	282 
42898	1188 
42899	1404 
42900	1218 
42901	259 
42902	1019 
42903	735 
42904	1226 
42905	56 
42906	1333 
42907	1677 
42908	104 
42909	1662 
42910	692 
42911	597 
42912	603 
42913	1518 
42914	826 
42915	1067 
42916	1175 
42917	469 
42918	1588 
42919	307 
42920	562 
42921	716 
42922	914 
42923	1647 
42924	1284 
42925	906 
42926	1481 
42927	1362 
42928	1420 
42929	308 
42930	1220 
42931	57 
42932	1527 
42933	1088 
42934	1374 
42935	1083 
42936	801 
42937	431 
42938	640 
42939	633 
42940	1560 
42941	1781 
42942	487 
42943	1417 
42944	1778 
42945	383 
42946	334 
42947	1830 
42948	420 
42949	1824 
42950	1040 
42951	843 
42952	1001 
42953	519 
42954	1703 
42955	1382 
42956	1760 
42957	804 
42958	436 
42959	254 
42960	703 
42961	1283 
42962	886 
42963	1426 
42964	993 
42965	872 
42966	553 
42967	357 
42968	1840 
42969	1325 
42970	862 
42971	941 
42972	227 
42973	1664 
42974	806 
42975	28 
42976	1311 
42977	1391 
42978	1083 
42979	1431 
42980	1473 
42981	7 
42982	1614 
42983	1284 
42984	586 
42985	1498 
42986	790 
42987	872 
42988	1726 
42989	878 
42990	1778 
42991	1792 
42992	5 
42993	1153 
42994	353 
42995	1539 
42996	1263 
42997	1269 
42998	469 
42999	916 
43000	537 
43001	531 
43002	277 
43003	204 
43004	393 
43005	18 
43006	535 
43007	4 
43008	1386 
43009	1394 
43010	1221 
43011	162 
43012	1274 
43013	1158 
43014	59 
43015	274 
43016	1378 
43017	1609 
43018	1150 
43019	982 
43020	374 
43021	440 
43022	594 
43023	1361 
43024	1059 
43025	1588 
43026	864 
43027	685 
43028	688 
43029	134 
43030	1579 
43031	1285 
43032	1434 
43033	1719 
43034	1045 
43035	1185 
43036	1116 
43037	216 
43038	761 
43039	284 
43040	397 
43041	1117 
43042	1627 
43043	1817 
43044	988 
43045	51 
43046	265 
43047	212 
43048	975 
43049	1615 
43050	673 
43051	811 
43052	880 
43053	777 
43054	1479 
43055	1513 
43056	872 
43057	1785 
43058	1782 
43059	414 
43060	806 
43061	1626 
43062	205 
43063	1760 
43064	1504 
43065	424 
43066	444 
43067	1275 
43068	211 
43069	880 
43070	227 
43071	1746 
43072	1128 
43073	1269 
43074	448 
43075	1194 
43076	56 
43077	1139 
43078	1071 
43079	1801 
43080	456 
43081	353 
43082	857 
43083	323 
43084	202 
43085	492 
43086	1761 
43087	253 
43088	895 
43089	277 
43090	179 
43091	1775 
43092	284 
43093	436 
43094	871 
43095	6 
43096	1526 
43097	415 
43098	1208 
43099	1333 
43100	1233 
43101	578 
43102	633 
43103	1459 
43104	1223 
43105	1272 
43106	1367 
43107	540 
43108	409 
43109	1692 
43110	363 
43111	1356 
43112	801 
43113	791 
43114	591 
43115	1503 
43116	600 
43117	1291 
43118	233 
43119	1379 
43120	723 
43121	42 
43122	735 
43123	568 
43124	94 
43125	801 
43126	271 
43127	1701 
43128	1115 
43129	829 
43130	1273 
43131	908 
43132	135 
43133	1825 
43134	1270 
43135	579 
43136	148 
43137	1755 
43138	323 
43139	1341 
43140	284 
43141	421 
43142	1068 
43143	842 
43144	94 
43145	124 
43146	1749 
43147	1629 
43148	1635 
43149	1175 
43150	547 
43151	1344 
43152	982 
43153	595 
43154	162 
43155	711 
43156	893 
43157	1263 
43158	307 
43159	1698 
43160	556 
43161	334 
43162	1597 
43163	1012 
43164	247 
43165	876 
43166	460 
43167	114 
43168	871 
43169	1659 
43170	693 
43171	1260 
43172	1839 
43173	623 
43174	156 
43175	91 
43176	1264 
43177	1207 
43178	966 
43179	422 
43180	944 
43181	24 
43182	1229 
43183	1733 
43184	70 
43185	1515 
43186	765 
43187	1607 
43188	930 
43189	21 
43190	1438 
43191	1430 
43192	1139 
43193	880 
43194	893 
43195	362 
43196	1438 
43197	1519 
43198	1309 
43199	1322 
43200	814 
43201	806 
43202	84 
43203	1300 
43204	582 
43205	680 
43206	876 
43207	1479 
43208	1778 
43209	1812 
43210	521 
43211	1262 
43212	239 
43213	1097 
43214	617 
43215	763 
43216	30 
43217	71 
43218	1639 
43219	841 
43220	102 
43221	1579 
43222	527 
43223	1513 
43224	1648 
43225	1648 
43226	1 
43227	640 
43228	1645 
43229	595 
43230	930 
43231	1236 
43232	419 
43233	1293 
43234	1187 
43235	187 
43236	1733 
43237	1010 
43238	127 
43239	377 
43240	180 
43241	704 
43242	954 
43243	407 
43244	1004 
43245	1388 
43246	204 
43247	802 
43248	1454 
43249	565 
43250	1619 
43251	1708 
43252	919 
43253	449 
43254	490 
43255	1128 
43256	1027 
43257	155 
43258	188 
43259	214 
43260	1 
43261	915 
43262	946 
43263	612 
43264	202 
43265	699 
43266	1230 
43267	111 
43268	1513 
43269	701 
43270	887 
43271	817 
43272	598 
43273	1348 
43274	1336 
43275	1345 
43276	40 
43277	901 
43278	1208 
43279	29 
43280	731 
43281	579 
43282	217 
43283	142 
43284	1635 
43285	1468 
43286	573 
43287	1313 
43288	1194 
43289	1823 
43290	1273 
43291	1283 
43292	1283 
43293	1733 
43294	225 
43295	504 
43296	1673 
43297	1587 
43298	1039 
43299	504 
43300	692 
43301	946 
43302	1571 
43303	1319 
43304	31 
43305	1269 
43306	1391 
43307	7 
43308	812 
43309	1081 
43310	1589 
43311	1430 
43312	747 
43313	842 
43314	661 
43315	693 
43316	436 
43317	1650 
43318	1113 
43319	1672 
43320	1338 
43321	8 
43322	733 
43323	136 
43324	435 
43325	510 
43326	1318 
43327	56 
43328	1019 
43329	490 
43330	1203 
43331	420 
43332	640 
43333	510 
43334	1493 
43335	1840 
43336	478 
43337	805 
43338	99 
43339	458 
43340	923 
43341	94 
43342	700 
43343	1236 
43344	559 
43345	620 
43346	893 
43347	1657 
43348	1533 
43349	1790 
43350	880 
43351	669 
43352	1021 
43353	466 
43354	888 
43355	982 
43356	1735 
43357	1708 
43358	70 
43359	733 
43360	596 
43361	881 
43362	807 
43363	272 
43364	1502 
43365	1068 
43366	481 
43367	371 
43368	674 
43369	308 
43370	385 
43371	1505 
43372	1001 
43373	1208 
43374	153 
43375	191 
43376	1188 
43377	276 
43378	519 
43379	1814 
43380	927 
43381	374 
43382	1450 
43383	878 
43384	1221 
43385	1262 
43386	24 
43387	1501 
43388	1525 
43389	455 
43390	994 
43391	364 
43392	144 
43393	1801 
43394	1260 
43395	554 
43396	1121 
43397	542 
43398	1006 
43399	1662 
43400	1773 
43401	247 
43402	907 
43403	56 
43404	800 
43405	1783 
43406	1794 
43407	222 
43408	1340 
43409	664 
43410	698 
43411	107 
43412	919 
43413	836 
43414	1117 
43415	892 
43416	1718 
43417	335 
43418	1850 
43419	444 
43420	850 
43421	1069 
43422	221 
43423	1775 
43424	40 
43425	277 
43426	19 
43427	546 
43428	296 
43429	520 
43430	211 
43431	1004 
43432	130 
43433	61 
43434	1218 
43435	429 
43436	990 
43437	1273 
43438	1086 
43439	1088 
43440	193 
43441	947 
43442	892 
43443	499 
43444	330 
43445	867 
43446	409 
43447	1765 
43448	738 
43449	1264 
43450	120 
43451	1280 
43452	911 
43453	1231 
43454	951 
43455	320 
43456	1106 
43457	1502 
43458	158 
43459	406 
43460	1774 
43461	509 
43462	1140 
43463	1609 
43464	1280 
43465	1711 
43466	295 
43467	542 
43468	377 
43469	1504 
43470	1572 
43471	1232 
43472	1091 
43473	1473 
43474	140 
43475	1474 
43476	1510 
43477	408 
43478	497 
43479	1823 
43480	1073 
43481	1680 
43482	767 
43483	323 
43484	1615 
43485	1306 
43486	1529 
43487	952 
43488	519 
43489	1264 
43490	29 
43491	1410 
43492	398 
43493	1663 
43494	759 
43495	60 
43496	1034 
43497	535 
43498	1063 
43499	203 
43500	439 
43501	1254 
43502	1156 
43503	1807 
43504	460 
43505	1737 
43506	1001 
43507	1368 
43508	276 
43509	787 
43510	643 
43511	967 
43512	1526 
43513	249 
43514	1498 
43515	1774 
43516	36 
43517	542 
43518	792 
43519	1503 
43520	1753 
43521	1400 
43522	1349 
43523	1220 
43524	1772 
43525	1672 
43526	130 
43527	1662 
43528	251 
43529	867 
43530	1691 
43531	480 
43532	587 
43533	816 
43534	1031 
43535	362 
43536	958 
43537	334 
43538	1628 
43539	806 
43540	858 
43541	927 
43542	1841 
43543	42 
43544	565 
43545	76 
43546	456 
43547	688 
43548	353 
43549	806 
43550	1597 
43551	557 
43552	1513 
43553	1040 
43554	397 
43555	404 
43556	425 
43557	1492 
43558	131 
43559	156 
43560	1612 
43561	1729 
43562	832 
43563	490 
43564	466 
43565	319 
43566	216 
43567	931 
43568	909 
43569	1643 
43570	1108 
43571	272 
43572	345 
43573	816 
43574	1401 
43575	1156 
43576	1378 
43577	1520 
43578	820 
43579	1379 
43580	89 
43581	154 
43582	285 
43583	602 
43584	1539 
43585	400 
43586	1564 
43587	1137 
43588	715 
43589	1478 
43590	689 
43591	1568 
43592	1758 
43593	216 
43594	377 
43595	568 
43596	1243 
43597	443 
43598	472 
43599	598 
43600	1811 
43601	1821 
43602	1369 
43603	269 
43604	1527 
43605	541 
43606	873 
43607	721 
43608	1028 
43609	383 
43610	456 
43611	695 
43612	1363 
43613	1320 
43614	1542 
43615	391 
43616	258 
43617	880 
43618	6 
43619	560 
43620	842 
43621	1028 
43622	703 
43623	893 
43624	461 
43625	1491 
43626	339 
43627	685 
43628	337 
43629	194 
43630	1025 
43631	982 
43632	1192 
43633	100 
43634	749 
43635	1207 
43636	856 
43637	1039 
43638	85 
43639	951 
43640	540 
43641	597 
43642	1053 
43643	893 
43644	1639 
43645	569 
43646	303 
43647	451 
43648	542 
43649	1845 
43650	1053 
43651	879 
43652	344 
43653	347 
43654	214 
43655	1157 
43656	446 
43657	541 
43658	1233 
43659	1007 
43660	1352 
43661	666 
43662	65 
43663	1726 
43664	1194 
43665	1790 
43666	1194 
43667	1372 
43668	565 
43669	163 
43670	783 
43671	540 
43672	267 
43673	330 
43674	1190 
43675	1770 
43676	1775 
43677	356 
43678	291 
43679	1264 
43680	542 
43681	70 
43682	165 
43683	318 
43684	1229 
43685	61 
43686	908 
43687	1532 
43688	771 
43689	1639 
43690	1082 
43691	1369 
43692	1783 
43693	693 
43694	1662 
43695	769 
43696	758 
43697	381 
43698	1597 
43699	1080 
43700	1226 
43701	294 
43702	1490 
43703	1486 
43704	290 
43705	1653 
43706	19 
43707	683 
43708	1107 
43709	187 
43710	667 
43711	1517 
43712	1112 
43713	182 
43714	1024 
43715	145 
43716	749 
43717	384 
43718	1285 
43719	958 
43720	1092 
43721	1386 
43722	624 
43723	867 
43724	229 
43725	1412 
43726	911 
43727	929 
43728	1441 
43729	65 
43730	64 
43731	52 
43732	1824 
43733	1073 
43734	729 
43735	409 
43736	493 
43737	431 
43738	935 
43739	7 
43740	30 
43741	503 
43742	1218 
43743	1788 
43744	1362 
43745	259 
43746	1201 
43747	1490 
43748	1508 
43749	1308 
43750	40 
43751	1131 
43752	1161 
43753	558 
43754	1814 
43755	870 
43756	1653 
43757	404 
43758	864 
43759	604 
43760	129 
43761	666 
43762	920 
43763	826 
43764	158 
43765	411 
43766	983 
43767	1707 
43768	140 
43769	573 
43770	163 
43771	1713 
43772	415 
43773	1858 
43774	490 
43775	1516 
43776	1616 
43777	576 
43778	684 
43779	145 
43780	782 
43781	540 
43782	541 
43783	154 
43784	146 
43785	598 
43786	242 
43787	256 
43788	565 
43789	211 
43790	1153 
43791	127 
43792	1113 
43793	1321 
43794	1628 
43795	824 
43796	1773 
43797	227 
43798	140 
43799	1424 
43800	1462 
43801	1528 
43802	107 
43803	272 
43804	948 
43805	331 
43806	20 
43807	1579 
43808	55 
43809	1004 
43810	553 
43811	451 
43812	1264 
43813	1028 
43814	1675 
43815	1415 
43816	477 
43817	1450 
43818	50 
43819	724 
43820	499 
43821	1266 
43822	989 
43823	68 
43824	1701 
43825	308 
43826	75 
43827	308 
43828	888 
43829	466 
43830	815 
43831	995 
43832	919 
43833	107 
43834	356 
43835	1606 
43836	205 
43837	1028 
43838	14 
43839	683 
43840	591 
43841	194 
43842	511 
43843	65 
43844	1331 
43845	899 
43846	1824 
43847	1368 
43848	762 
43849	5 
43850	554 
43851	1317 
43852	1814 
43853	1469 
43854	600 
43855	266 
43856	525 
43857	1170 
43858	1627 
43859	203 
43860	493 
43861	1364 
43862	1342 
43863	576 
43864	535 
43865	1688 
43866	292 
43867	1080 
43868	686 
43869	1306 
43870	229 
43871	345 
43872	13 
43873	952 
43874	1322 
43875	1355 
43876	881 
43877	614 
43878	410 
43879	851 
43880	1547 
43881	797 
43882	1409 
43883	1236 
43884	1325 
43885	229 
43886	988 
43887	764 
43888	996 
43889	1722 
43890	662 
43891	239 
43892	70 
43893	1715 
43894	1029 
43895	533 
43896	1721 
43897	1626 
43898	860 
43899	420 
43900	1770 
43901	307 
43902	858 
43903	138 
43904	1584 
43905	1286 
43906	1185 
43907	966 
43908	738 
43909	758 
43910	91 
43911	288 
43912	446 
43913	732 
43914	534 
43915	793 
43916	1229 
43917	1410 
43918	1548 
43919	983 
43920	227 
43921	1285 
43922	1266 
43923	383 
43924	420 
43925	1626 
43926	1465 
43927	772 
43928	448 
43929	564 
43930	923 
43931	14 
43932	272 
43933	70 
43934	384 
43935	695 
43936	1313 
43937	1048 
43938	1283 
43939	1073 
43940	928 
43941	1751 
43942	1486 
43943	664 
43944	1143 
43945	298 
43946	1018 
43947	1168 
43948	295 
43949	373 
43950	555 
43951	1026 
43952	1293 
43953	1271 
43954	1060 
43955	1193 
43956	1121 
43957	788 
43958	646 
43959	1610 
43960	1324 
43961	579 
43962	71 
43963	1746 
43964	788 
43965	296 
43966	558 
43967	1550 
43968	855 
43969	75 
43970	730 
43971	889 
43972	1370 
43973	1132 
43974	1516 
43975	877 
43976	1047 
43977	961 
43978	391 
43979	767 
43980	1429 
43981	574 
43982	920 
43983	201 
43984	1753 
43985	1208 
43986	577 
43987	1555 
43988	1004 
43989	1584 
43990	1223 
43991	1677 
43992	451 
43993	1250 
43994	1845 
43995	19 
43996	1322 
43997	1653 
43998	1445 
43999	1568 
44000	742 
44001	1566 
44002	554 
44003	1152 
44004	1555 
44005	991 
44006	372 
44007	1473 
44008	1628 
44009	632 
44010	717 
44011	1221 
44012	1669 
44013	1337 
44014	280 
44015	318 
44016	1518 
44017	449 
44018	730 
44019	1697 
44020	769 
44021	343 
44022	19 
44023	1208 
44024	303 
44025	744 
44026	748 
44027	242 
44028	954 
44029	1342 
44030	1336 
44031	56 
44032	416 
44033	888 
44034	1789 
44035	974 
44036	889 
44037	703 
44038	583 
44039	826 
44040	893 
44041	1659 
44042	1310 
44043	478 
44044	41 
44045	353 
44046	376 
44047	452 
44048	876 
44049	1542 
44050	1250 
44051	344 
44052	1335 
44053	33 
44054	461 
44055	284 
44056	1161 
44057	1260 
44058	99 
44059	625 
44060	1308 
44061	1718 
44062	242 
44063	1348 
44064	1653 
44065	147 
44066	266 
44067	1855 
44068	836 
44069	1549 
44070	661 
44071	1073 
44072	1072 
44073	396 
44074	1148 
44075	1801 
44076	1068 
44077	1078 
44078	1415 
44079	1063 
44080	868 
44081	1207 
44082	868 
44083	1084 
44084	1481 
44085	1084 
44086	1328 
44087	815 
44088	811 
44089	603 
44090	751 
44091	813 
44092	688 
44093	47 
44094	334 
44095	509 
44096	303 
44097	894 
44098	1120 
44099	144 
44100	1700 
44101	1086 
44102	1709 
44103	1042 
44104	480 
44105	534 
44106	172 
44107	214 
44108	1532 
44109	1814 
44110	1084 
44111	1792 
44112	1715 
44113	1567 
44114	129 
44115	1839 
44116	890 
44117	685 
44118	1361 
44119	1511 
44120	1639 
44121	582 
44122	1601 
44123	1648 
44124	341 
44125	482 
44126	495 
44127	1421 
44128	56 
44129	327 
44130	1369 
44131	1706 
44132	1802 
44133	1201 
44134	1350 
44135	541 
44136	86 
44137	335 
44138	1758 
44139	935 
44140	1161 
44141	557 
44142	1139 
44143	872 
44144	993 
44145	455 
44146	790 
44147	721 
44148	611 
44149	145 
44150	983 
44151	1000 
44152	1257 
44153	1194 
44154	1162 
44155	800 
44156	1528 
44157	1532 
44158	700 
44159	540 
44160	703 
44161	444 
44162	565 
44163	1465 
44164	472 
44165	1091 
44166	1097 
44167	1516 
44168	1179 
44169	216 
44170	289 
44171	773 
44172	1694 
44173	152 
44174	15 
44175	1597 
44176	1360 
44177	808 
44178	1524 
44179	924 
44180	1725 
44181	416 
44182	1366 
44183	722 
44184	1579 
44185	762 
44186	1427 
44187	1454 
44188	709 
44189	578 
44190	1597 
44191	1091 
44192	448 
44193	423 
44194	583 
44195	1420 
44196	286 
44197	685 
44198	1749 
44199	1214 
44200	900 
44201	353 
44202	493 
44203	432 
44204	676 
44205	1078 
44206	611 
44207	400 
44208	1801 
44209	81 
44210	481 
44211	155 
44212	335 
44213	698 
44214	4 
44215	754 
44216	587 
44217	1734 
44218	1271 
44219	542 
44220	1264 
44221	105 
44222	394 
44223	966 
44224	76 
44225	1855 
44226	1678 
44227	1413 
44228	47 
44229	1762 
44230	1503 
44231	1047 
44232	820 
44233	1503 
44234	353 
44235	824 
44236	92 
44237	660 
44238	601 
44239	1445 
44240	563 
44241	449 
44242	1463 
44243	1479 
44244	1381 
44245	311 
44246	4 
44247	911 
44248	1228 
44249	477 
44250	1083 
44251	1510 
44252	1750 
44253	69 
44254	1264 
44255	129 
44256	1260 
44257	425 
44258	927 
44259	1069 
44260	338 
44261	1032 
44262	1341 
44263	308 
44264	738 
44265	932 
44266	247 
44267	1024 
44268	1256 
44269	1695 
44270	1489 
44271	1384 
44272	968 
44273	1163 
44274	865 
44275	880 
44276	1260 
44277	1698 
44278	185 
44279	373 
44280	1106 
44281	523 
44282	888 
44283	805 
44284	922 
44285	596 
44286	1738 
44287	1083 
44288	796 
44289	949 
44290	444 
44291	772 
44292	1720 
44293	240 
44294	47 
44295	869 
44296	916 
44297	802 
44298	1462 
44299	76 
44300	232 
44301	204 
44302	368 
44303	1454 
44304	330 
44305	997 
44306	809 
44307	1711 
44308	146 
44309	1055 
44310	1310 
44311	131 
44312	1774 
44313	824 
44314	1035 
44315	397 
44316	1589 
44317	731 
44318	904 
44319	622 
44320	931 
44321	3 
44322	1663 
44323	1777 
44324	120 
44325	1601 
44326	5 
44327	94 
44328	353 
44329	267 
44330	1238 
44331	612 
44332	918 
44333	1807 
44334	1773 
44335	236 
44336	1321 
44337	1579 
44338	994 
44339	1001 
44340	908 
44341	1069 
44342	802 
44343	1188 
44344	106 
44345	258 
44346	1450 
44347	1528 
44348	1746 
44349	992 
44350	1802 
44351	398 
44352	1035 
44353	1471 
44354	416 
44355	314 
44356	1263 
44357	1223 
44358	122 
44359	1108 
44360	201 
44361	41 
44362	1391 
44363	684 
44364	553 
44365	258 
44366	54 
44367	1340 
44368	1502 
44369	1057 
44370	1441 
44371	1254 
44372	1025 
44373	736 
44374	709 
44375	13 
44376	1047 
44377	806 
44378	946 
44379	1341 
44380	1217 
44381	1422 
44382	1345 
44383	801 
44384	92 
44385	1161 
44386	587 
44387	907 
44388	423 
44389	1692 
44390	560 
44391	1609 
44392	91 
44393	832 
44394	334 
44395	857 
44396	1220 
44397	1726 
44398	529 
44399	1266 
44400	1122 
44401	1379 
44402	1274 
44403	237 
44404	493 
44405	1101 
44406	98 
44407	1628 
44408	1597 
44409	89 
44410	598 
44411	1713 
44412	397 
44413	463 
44414	1773 
44415	1772 
44416	894 
44417	609 
44418	1509 
44419	172 
44420	1390 
44421	782 
44422	716 
44423	1828 
44424	845 
44425	427 
44426	533 
44427	1591 
44428	1176 
44429	1147 
44430	492 
44431	787 
44432	7 
44433	1069 
44434	1224 
44435	1527 
44436	1176 
44437	782 
44438	444 
44439	1102 
44440	879 
44441	876 
44442	616 
44443	1018 
44444	1443 
44445	801 
44446	1798 
44447	1774 
44448	1622 
44449	199 
44450	1772 
44451	1520 
44452	1535 
44453	1220 
44454	534 
44455	384 
44456	783 
44457	815 
44458	995 
44459	56 
44460	129 
44461	48 
44462	856 
44463	1733 
44464	889 
44465	579 
44466	1503 
44467	1709 
44468	958 
44469	1412 
44470	250 
44471	1513 
44472	1346 
44473	1175 
44474	1070 
44475	1188 
44476	806 
44477	1262 
44478	1676 
44479	1767 
44480	1856 
44481	1850 
44482	1421 
44483	1623 
44484	1084 
44485	1283 
44486	880 
44487	1132 
44488	1300 
44489	383 
44490	1358 
44491	1630 
44492	1709 
44493	1818 
44494	949 
44495	302 
44496	391 
44497	13 
44498	864 
44499	1313 
44500	109 
44501	65 
44502	888 
44503	376 
44504	237 
44505	1550 
44506	97 
44507	1117 
44508	373 
44509	775 
44510	666 
44511	614 
44512	1191 
44513	1274 
44514	1197 
44515	1694 
44516	330 
44517	266 
44518	785 
44519	758 
44520	1131 
44521	146 
44522	217 
44523	1614 
44524	224 
44525	1068 
44526	889 
44527	1262 
44528	904 
44529	1845 
44530	888 
44531	1454 
44532	1153 
44533	1654 
44534	1441 
44535	1120 
44536	1609 
44537	381 
44538	647 
44539	211 
44540	1653 
44541	1718 
44542	63 
44543	1169 
44544	818 
44545	656 
44546	956 
44547	1688 
44548	882 
44549	685 
44550	1696 
44551	731 
44552	633 
44553	983 
44554	872 
44555	188 
44556	1533 
44557	416 
44558	123 
44559	80 
44560	751 
44561	258 
44562	1727 
44563	596 
44564	584 
44565	1325 
44566	968 
44567	864 
44568	1407 
44569	830 
44570	733 
44571	1317 
44572	1810 
44573	1584 
44574	519 
44575	186 
44576	47 
44577	1176 
44578	4 
44579	1366 
44580	33 
44581	55 
44582	1239 
44583	203 
44584	1085 
44585	1076 
44586	576 
44587	63 
44588	242 
44589	236 
44590	230 
44591	1306 
44592	1701 
44593	461 
44594	1796 
44595	68 
44596	1320 
44597	1560 
44598	1645 
44599	1664 
44600	754 
44601	192 
44602	1217 
44603	1525 
44604	1515 
44605	129 
44606	683 
44607	1807 
44608	1332 
44609	578 
44610	491 
44611	170 
44612	228 
44613	716 
44614	1233 
44615	1801 
44616	1010 
44617	782 
44618	351 
44619	625 
44620	1296 
44621	1756 
44622	1790 
44623	944 
44624	1528 
44625	550 
44626	308 
44627	628 
44628	1010 
44629	1482 
44630	880 
44631	262 
44632	862 
44633	1277 
44634	331 
44635	48 
44636	529 
44637	321 
44638	981 
44639	4 
44640	1465 
44641	723 
44642	798 
44643	1039 
44644	1361 
44645	1782 
44646	1725 
44647	1445 
44648	335 
44649	884 
44650	963 
44651	805 
44652	1528 
44653	1143 
44654	1465 
44655	91 
44656	1192 
44657	863 
44658	791 
44659	1163 
44660	1445 
44661	1336 
44662	783 
44663	1366 
44664	1649 
44665	1073 
44666	56 
44667	1040 
44668	1655 
44669	906 
44670	1239 
44671	290 
44672	219 
44673	291 
44674	172 
44675	533 
44676	544 
44677	1666 
44678	1490 
44679	282 
44680	1104 
44681	843 
44682	444 
44683	1745 
44684	53 
44685	412 
44686	1853 
44687	430 
44688	325 
44689	1039 
44690	601 
44691	1143 
44692	1410 
44693	1143 
44694	914 
44695	956 
44696	185 
44697	272 
44698	1646 
44699	1763 
44700	968 
44701	1409 
44702	69 
44703	758 
44704	1415 
44705	646 
44706	1465 
44707	983 
44708	420 
44709	94 
44710	864 
44711	864 
44712	1161 
44713	341 
44714	893 
44715	417 
44716	1391 
44717	56 
44718	758 
44719	243 
44720	797 
44721	130 
44722	492 
44723	1600 
44724	1750 
44725	751 
44726	1732 
44727	1502 
44728	654 
44729	617 
44730	850 
44731	221 
44732	168 
44733	1578 
44734	495 
44735	533 
44736	972 
44737	1143 
44738	322 
44739	1461 
44740	1283 
44741	1226 
44742	1031 
44743	1765 
44744	981 
44745	614 
44746	1592 
44747	369 
44748	519 
44749	1328 
44750	862 
44751	721 
44752	1296 
44753	1032 
44754	929 
44755	146 
44756	1054 
44757	709 
44758	1528 
44759	145 
44760	249 
44761	1024 
44762	1114 
44763	470 
44764	1128 
44765	557 
44766	800 
44767	738 
44768	341 
44769	1614 
44770	108 
44771	24 
44772	396 
44773	835 
44774	1436 
44775	1674 
44776	1830 
44777	116 
44778	170 
44779	571 
44780	845 
44781	1787 
44782	205 
44783	513 
44784	1735 
44785	1572 
44786	533 
44787	1853 
44788	423 
44789	730 
44790	454 
44791	911 
44792	456 
44793	1222 
44794	509 
44795	1219 
44796	1005 
44797	1511 
44798	1034 
44799	14 
44800	1735 
44801	1850 
44802	396 
44803	919 
44804	1629 
44805	941 
44806	290 
44807	994 
44808	1349 
44809	1028 
44810	152 
44811	832 
44812	537 
44813	836 
44814	322 
44815	563 
44816	1121 
44817	1671 
44818	800 
44819	376 
44820	1850 
44821	233 
44822	733 
44823	1053 
44824	783 
44825	1450 
44826	1353 
44827	469 
44828	1473 
44829	1019 
44830	1434 
44831	375 
44832	880 
44833	1792 
44834	1273 
44835	1059 
44836	1385 
44837	784 
44838	1258 
44839	10 
44840	200 
44841	144 
44842	400 
44843	67 
44844	1169 
44845	1597 
44846	717 
44847	565 
44848	1609 
44849	1384 
44850	187 
44851	55 
44852	13 
44853	1539 
44854	446 
44855	205 
44856	1336 
44857	1254 
44858	339 
44859	325 
44860	1219 
44861	586 
44862	815 
44863	136 
44864	261 
44865	956 
44866	1378 
44867	862 
44868	959 
44869	57 
44870	377 
44871	1400 
44872	1310 
44873	343 
44874	1694 
44875	872 
44876	731 
44877	446 
44878	153 
44879	1426 
44880	969 
44881	354 
44882	229 
44883	1696 
44884	1221 
44885	1452 
44886	1511 
44887	56 
44888	1236 
44889	65 
44890	175 
44891	794 
44892	884 
44893	1256 
44894	232 
44895	1155 
44896	353 
44897	19 
44898	762 
44899	1390 
44900	1662 
44901	116 
44902	1455 
44903	1453 
44904	135 
44905	1401 
44906	525 
44907	1085 
44908	1001 
44909	896 
44910	1025 
44911	1800 
44912	1346 
44913	841 
44914	433 
44915	516 
44916	624 
44917	258 
44918	560 
44919	148 
44920	226 
44921	975 
44922	1257 
44923	996 
44924	1776 
44925	108 
44926	1281 
44927	139 
44928	672 
44929	1297 
44930	41 
44931	492 
44932	1415 
44933	1584 
44934	808 
44935	735 
44936	1775 
44937	1030 
44938	391 
44939	721 
44940	116 
44941	1744 
44942	1053 
44943	355 
44944	330 
44945	95 
44946	1362 
44947	114 
44948	842 
44949	128 
44950	869 
44951	802 
44952	204 
44953	915 
44954	1019 
44955	1589 
44956	1801 
44957	2 
44958	1734 
44959	1330 
44960	259 
44961	834 
44962	783 
44963	1138 
44964	169 
44965	1448 
44966	1471 
44967	981 
44968	812 
44969	1529 
44970	1262 
44971	682 
44972	1391 
44973	1462 
44974	465 
44975	1663 
44976	6 
44977	1203 
44978	1559 
44979	1153 
44980	217 
44981	864 
44982	1028 
44983	443 
44984	1462 
44985	1614 
44986	522 
44987	1629 
44988	1749 
44989	1516 
44990	798 
44991	1058 
44992	692 
44993	1776 
44994	1333 
44995	954 
44996	470 
44997	1696 
44998	693 
44999	1743 
45000	1524 
45001	1797 
45002	1609 
45003	461 
45004	318 
45005	1525 
45006	1714 
45007	108 
45008	995 
45009	1052 
45010	976 
45011	1207 
45012	1731 
45013	212 
45014	1386 
45015	591 
45016	1774 
45017	325 
45018	631 
45019	1775 
45020	242 
45021	234 
45022	1463 
45023	152 
45024	1220 
45025	1857 
45026	1718 
45027	1074 
45028	597 
45029	1078 
45030	1446 
45031	266 
45032	303 
45033	1647 
45034	33 
45035	1378 
45036	1510 
45037	685 
45038	33 
45039	1078 
45040	918 
45041	1147 
45042	1322 
45043	1345 
45044	1463 
45045	1426 
45046	758 
45047	1481 
45048	1438 
45049	769 
45050	517 
45051	1539 
45052	828 
45053	86 
45054	463 
45055	695 
45056	1723 
45057	1541 
45058	344 
45059	1293 
45060	167 
45061	1221 
45062	14 
45063	18 
45064	1653 
45065	591 
45066	602 
45067	224 
45068	1775 
45069	599 
45070	1029 
45071	974 
45072	339 
45073	596 
45074	1454 
45075	1710 
45076	762 
45077	94 
45078	341 
45079	535 
45080	22 
45081	322 
45082	759 
45083	609 
45084	256 
45085	1635 
45086	880 
45087	1775 
45088	1056 
45089	493 
45090	169 
45091	1121 
45092	1796 
45093	180 
45094	961 
45095	805 
45096	1718 
45097	236 
45098	75 
45099	410 
45100	1161 
45101	1336 
45102	1025 
45103	277 
45104	94 
45105	1503 
45106	24 
45107	19 
45108	562 
45109	1358 
45110	1707 
45111	579 
45112	1655 
45113	284 
45114	215 
45115	1726 
45116	49 
45117	172 
45118	356 
45119	1203 
45120	1808 
45121	1771 
45122	1219 
45123	801 
45124	699 
45125	613 
45126	1732 
45127	1376 
45128	60 
45129	1014 
45130	826 
45131	889 
45132	974 
45133	373 
45134	1269 
45135	124 
45136	999 
45137	503 
45138	919 
45139	48 
45140	1465 
45141	1486 
45142	307 
45143	525 
45144	86 
45145	835 
45146	1338 
45147	1555 
45148	1029 
45149	1016 
45150	1409 
45151	1742 
45152	685 
45153	1449 
45154	1380 
45155	1553 
45156	1491 
45157	1155 
45158	232 
45159	1661 
45160	105 
45161	1764 
45162	812 
45163	1838 
45164	4 
45165	808 
45166	1444 
45167	863 
45168	146 
45169	654 
45170	1528 
45171	65 
45172	249 
45173	1482 
45174	318 
45175	575 
45176	692 
45177	1223 
45178	1018 
45179	1059 
45180	409 
45181	217 
45182	189 
45183	1712 
45184	1469 
45185	762 
45186	72 
45187	788 
45188	1614 
45189	373 
45190	907 
45191	1438 
45192	372 
45193	667 
45194	331 
45195	1007 
45196	1738 
45197	1608 
45198	152 
45199	1194 
45200	853 
45201	889 
45202	56 
45203	1035 
45204	1266 
45205	451 
45206	1677 
45207	1153 
45208	1427 
45209	996 
45210	756 
45211	131 
45212	1218 
45213	942 
45214	205 
45215	24 
45216	266 
45217	92 
45218	773 
45219	958 
45220	446 
45221	221 
45222	4 
45223	489 
45224	487 
45225	470 
45226	196 
45227	807 
45228	769 
45229	451 
45230	1626 
45231	230 
45232	749 
45233	1553 
45234	579 
45235	758 
45236	430 
45237	1694 
45238	1315 
45239	470 
45240	470 
45241	307 
45242	84 
45243	1354 
45244	1774 
45245	709 
45246	1673 
45247	1638 
45248	1662 
45249	534 
45250	591 
45251	153 
45252	1503 
45253	311 
45254	470 
45255	1007 
45256	843 
45257	303 
45258	1466 
45259	1232 
45260	1196 
45261	1786 
45262	80 
45263	20 
45264	232 
45265	1760 
45266	1161 
45267	383 
45268	323 
45269	314 
45270	598 
45271	413 
45272	835 
45273	1218 
45274	795 
45275	182 
45276	320 
45277	322 
45278	1106 
45279	1073 
45280	1254 
45281	1148 
45282	1427 
45283	587 
45284	1727 
45285	1353 
45286	1387 
45287	51 
45288	1648 
45289	285 
45290	269 
45291	621 
45292	1301 
45293	1643 
45294	564 
45295	486 
45296	1415 
45297	1030 
45298	1561 
45299	456 
45300	886 
45301	769 
45302	1822 
45303	1258 
45304	1085 
45305	1162 
45306	733 
45307	669 
45308	45 
45309	1198 
45310	25 
45311	1538 
45312	1018 
45313	1143 
45314	1217 
45315	325 
45316	876 
45317	1021 
45318	1056 
45319	555 
45320	1232 
45321	1140 
45322	1362 
45323	1638 
45324	1018 
45325	36 
45326	739 
45327	24 
45328	1731 
45329	1069 
45330	1277 
45331	1471 
45332	808 
45333	1263 
45334	1232 
45335	1040 
45336	131 
45337	456 
45338	1775 
45339	1464 
45340	1097 
45341	76 
45342	650 
45343	1269 
45344	1115 
45345	1151 
45346	1060 
45347	984 
45348	69 
45349	360 
45350	1486 
45351	703 
45352	330 
45353	921 
45354	819 
45355	183 
45356	1358 
45357	602 
45358	1505 
45359	563 
45360	70 
45361	1836 
45362	1755 
45363	709 
45364	482 
45365	563 
45366	14 
45367	62 
45368	1824 
45369	806 
45370	1065 
45371	666 
45372	1535 
45373	1368 
45374	962 
45375	1172 
45376	377 
45377	1175 
45378	1117 
45379	236 
45380	163 
45381	744 
45382	1645 
45383	748 
45384	554 
45385	702 
45386	1238 
45387	633 
45388	529 
45389	1012 
45390	747 
45391	452 
45392	1560 
45393	1274 
45394	385 
45395	430 
45396	212 
45397	829 
45398	948 
45399	1725 
45400	584 
45401	1726 
45402	1193 
45403	71 
45404	1709 
45405	831 
45406	1758 
45407	879 
45408	1034 
45409	1855 
45410	341 
45411	1345 
45412	1092 
45413	57 
45414	1316 
45415	835 
45416	661 
45417	968 
45418	1594 
45419	1606 
45420	1002 
45421	1003 
45422	41 
45423	1070 
45424	1080 
45425	836 
45426	360 
45427	1706 
45428	1479 
45429	626 
45430	698 
45431	105 
45432	761 
45433	33 
45434	98 
45435	444 
45436	972 
45437	1498 
45438	146 
45439	290 
45440	623 
45441	1158 
45442	36 
45443	1438 
45444	1427 
45445	1639 
45446	424 
45447	155 
45448	713 
45449	812 
45450	620 
45451	1263 
45452	33 
45453	150 
45454	436 
45455	1492 
45456	613 
45457	809 
45458	853 
45459	224 
45460	1716 
45461	1076 
45462	1397 
45463	1132 
45464	1560 
45465	1289 
45466	659 
45467	172 
45468	1350 
45469	701 
45470	1317 
45471	611 
45472	1694 
45473	412 
45474	129 
45475	1173 
45476	407 
45477	1560 
45478	972 
45479	1168 
45480	889 
45481	1576 
45482	1498 
45483	1774 
45484	1468 
45485	923 
45486	409 
45487	1808 
45488	554 
45489	612 
45490	1212 
45491	1718 
45492	1149 
45493	1761 
45494	1038 
45495	266 
45496	182 
45497	1035 
45498	661 
45499	961 
45500	1374 
45501	1322 
45502	1808 
45503	1841 
45504	789 
45505	1039 
45506	24 
45507	1239 
45508	1292 
45509	1400 
45510	863 
45511	1352 
45512	424 
45513	842 
45514	335 
45515	1726 
45516	407 
45517	1471 
45518	1021 
45519	1072 
45520	20 
45521	560 
45522	55 
45523	24 
45524	369 
45525	1350 
45526	983 
45527	800 
45528	540 
45529	1052 
45530	730 
45531	498 
45532	1614 
45533	813 
45534	811 
45535	1386 
45536	290 
45537	692 
45538	821 
45539	222 
45540	802 
45541	529 
45542	1028 
45543	720 
45544	611 
45545	209 
45546	341 
45547	1083 
45548	1595 
45549	1092 
45550	917 
45551	1753 
45552	1446 
45553	868 
45554	1163 
45555	1528 
45556	976 
45557	80 
45558	154 
45559	363 
45560	1469 
45561	8 
45562	70 
45563	1029 
45564	832 
45565	985 
45566	455 
45567	1729 
45568	541 
45569	1776 
45570	954 
45571	1835 
45572	948 
45573	1179 
45574	115 
45575	949 
45576	1427 
45577	429 
45578	340 
45579	908 
45580	534 
45581	242 
45582	1586 
45583	260 
45584	430 
45585	83 
45586	1845 
45587	1706 
45588	221 
45589	880 
45590	735 
45591	373 
45592	351 
45593	375 
45594	407 
45595	1170 
45596	1272 
45597	303 
45598	1380 
45599	1273 
45600	1450 
45601	1760 
45602	880 
45603	1709 
45604	1191 
45605	1639 
45606	1402 
45607	89 
45608	709 
45609	6 
45610	89 
45611	1605 
45612	1212 
45613	449 
45614	1064 
45615	259 
45616	1048 
45617	320 
45618	876 
45619	360 
45620	1616 
45621	320 
45622	1086 
45623	661 
45624	1749 
45625	1065 
45626	266 
45627	712 
45628	886 
45629	784 
45630	650 
45631	1643 
45632	14 
45633	1560 
45634	1221 
45635	744 
45636	1840 
45637	70 
45638	144 
45639	1661 
45640	1559 
45641	843 
45642	210 
45643	1080 
45644	1148 
45645	1284 
45646	1540 
45647	1368 
45648	1221 
45649	1480 
45650	1835 
45651	676 
45652	579 
45653	258 
45654	127 
45655	1120 
45656	1387 
45657	356 
45658	1526 
45659	1091 
45660	1748 
45661	1749 
45662	1853 
45663	6 
45664	19 
45665	436 
45666	331 
45667	1755 
45668	1335 
45669	1076 
45670	1341 
45671	1674 
45672	1551 
45673	946 
45674	217 
45675	1183 
45676	1438 
45677	53 
45678	1663 
45679	994 
45680	732 
45681	1411 
45682	1696 
45683	1143 
45684	733 
45685	812 
45686	356 
45687	1001 
45688	783 
45689	415 
45690	553 
45691	1757 
45692	1140 
45693	1705 
45694	1628 
45695	1035 
45696	18 
45697	164 
45698	1549 
45699	330 
45700	756 
45701	1432 
45702	292 
45703	1473 
45704	451 
45705	258 
45706	968 
45707	1648 
45708	273 
45709	1782 
45710	1293 
45711	1335 
45712	1638 
45713	75 
45714	1560 
45715	1515 
45716	889 
45717	709 
45718	29 
45719	1471 
45720	801 
45721	187 
45722	70 
45723	1468 
45724	331 
45725	1221 
45726	712 
45727	1692 
45728	1722 
45729	71 
45730	569 
45731	353 
45732	1168 
45733	122 
45734	1397 
45735	341 
45736	843 
45737	1190 
45738	829 
45739	812 
45740	1384 
45741	1828 
45742	1674 
45743	715 
45744	96 
45745	1823 
45746	626 
45747	1254 
45748	1384 
45749	1173 
45750	18 
45751	454 
45752	1408 
45753	525 
45754	1539 
45755	1823 
45756	1059 
45757	1845 
45758	114 
45759	1589 
45760	1802 
45761	430 
45762	338 
45763	1503 
45764	410 
45765	1332 
45766	1694 
45767	1752 
45768	801 
45769	1384 
45770	896 
45771	211 
45772	128 
45773	1293 
45774	1678 
45775	307 
45776	232 
45777	1362 
45778	1677 
45779	497 
45780	344 
45781	92 
45782	529 
45783	1786 
45784	320 
45785	81 
45786	446 
45787	257 
45788	382 
45789	269 
45790	318 
45791	1221 
45792	51 
45793	740 
45794	367 
45795	677 
45796	1072 
45797	1358 
45798	892 
45799	865 
45800	1218 
45801	397 
45802	295 
45803	1278 
45804	864 
45805	354 
45806	1609 
45807	1853 
45808	744 
45809	1559 
45810	968 
45811	535 
45812	1024 
45813	397 
45814	1026 
45815	1238 
45816	591 
45817	997 
45818	1772 
45819	1397 
45820	1594 
45821	967 
45822	262 
45823	1715 
45824	1478 
45825	1584 
45826	842 
45827	105 
45828	804 
45829	1273 
45830	353 
45831	858 
45832	1589 
45833	1355 
45834	1264 
45835	200 
45836	601 
45837	1268 
45838	260 
45839	257 
45840	1760 
45841	1162 
45842	1223 
45843	341 
45844	1765 
45845	893 
45846	612 
45847	1733 
45848	791 
45849	1116 
45850	1296 
45851	204 
45852	1004 
45853	602 
45854	1595 
45855	13 
45856	1238 
45857	318 
45858	451 
45859	1002 
45860	1034 
45861	1020 
45862	1128 
45863	1372 
45864	1053 
45865	30 
45866	1046 
45867	1828 
45868	1018 
45869	77 
45870	1161 
45871	1063 
45872	1649 
45873	1467 
45874	351 
45875	1532 
45876	1730 
45877	1151 
45878	287 
45879	349 
45880	769 
45881	1528 
45882	266 
45883	1689 
45884	1378 
45885	493 
45886	907 
45887	864 
45888	1248 
45889	317 
45890	1336 
45891	1709 
45892	1409 
45893	1789 
45894	1029 
45895	50 
45896	182 
45897	703 
45898	1843 
45899	1272 
45900	440 
45901	201 
45902	29 
45903	1525 
45904	6 
45905	266 
45906	1021 
45907	446 
45908	120 
45909	1623 
45910	954 
45911	62 
45912	1825 
45913	1492 
45914	373 
45915	1693 
45916	8 
45917	1528 
45918	1677 
45919	493 
45920	983 
45921	1388 
45922	183 
45923	612 
45924	731 
45925	1283 
45926	1762 
45927	1037 
45928	321 
45929	105 
45930	1003 
45931	535 
45932	1173 
45933	490 
45934	1588 
45935	1473 
45936	1672 
45937	996 
45938	824 
45939	1586 
45940	1709 
45941	512 
45942	322 
45943	495 
45944	198 
45945	1003 
45946	1378 
45947	634 
45948	1539 
45949	999 
45950	357 
45951	370 
45952	1159 
45953	525 
45954	222 
45955	1635 
45956	1592 
45957	387 
45958	789 
45959	1378 
45960	41 
45961	831 
45962	350 
45963	1443 
45964	1380 
45965	1177 
45966	59 
45967	1391 
45968	993 
45969	611 
45970	567 
45971	1743 
45972	20 
45973	1120 
45974	1747 
45975	945 
45976	1609 
45977	1482 
45978	76 
45979	238 
45980	1409 
45981	1758 
45982	1317 
45983	234 
45984	693 
45985	120 
45986	525 
45987	456 
45988	1773 
45989	447 
45990	695 
45991	1627 
45992	24 
45993	1486 
45994	202 
45995	1469 
45996	41 
45997	803 
45998	1289 
45999	8 
46000	148 
46001	557 
46002	164 
46003	272 
46004	178 
46005	339 
46006	367 
46007	177 
46008	1542 
46009	1120 
46010	1510 
46011	7 
46012	42 
46013	1263 
46014	1233 
46015	105 
46016	1588 
46017	1576 
46018	509 
46019	1208 
46020	520 
46021	1256 
46022	492 
46023	1692 
46024	30 
46025	281 
46026	906 
46027	1293 
46028	905 
46029	198 
46030	567 
46031	517 
46032	22 
46033	189 
46034	272 
46035	1833 
46036	266 
46037	114 
46038	930 
46039	397 
46040	741 
46041	159 
46042	516 
46043	1005 
46044	1743 
46045	1786 
46046	40 
46047	559 
46048	1828 
46049	895 
46050	1052 
46051	1489 
46052	1336 
46053	1345 
46054	553 
46055	1437 
46056	69 
46057	1391 
46058	318 
46059	67 
46060	1700 
46061	911 
46062	209 
46063	102 
46064	748 
46065	1374 
46066	556 
46067	1246 
46068	1293 
46069	292 
46070	1264 
46071	989 
46072	1480 
46073	876 
46074	452 
46075	686 
46076	877 
46077	376 
46078	1650 
46079	567 
46080	733 
46081	1338 
46082	1358 
46083	1378 
46084	772 
46085	362 
46086	545 
46087	715 
46088	1502 
46089	1713 
46090	1025 
46091	1196 
46092	1088 
46093	1369 
46094	785 
46095	1510 
46096	626 
46097	314 
46098	1192 
46099	966 
46100	1229 
46101	21 
46102	806 
46103	1789 
46104	1102 
46105	1266 
46106	1688 
46107	38 
46108	1025 
46109	836 
46110	559 
46111	234 
46112	399 
46113	1194 
46114	543 
46115	205 
46116	584 
46117	1322 
46118	553 
46119	130 
46120	420 
46121	670 
46122	1502 
46123	1140 
46124	907 
46125	353 
46126	471 
46127	1689 
46128	958 
46129	10 
46130	18 
46131	50 
46132	199 
46133	594 
46134	370 
46135	1138 
46136	1468 
46137	1683 
46138	461 
46139	1733 
46140	921 
46141	789 
46142	993 
46143	886 
46144	221 
46145	800 
46146	455 
46147	1381 
46148	809 
46149	572 
46150	354 
46151	445 
46152	170 
46153	565 
46154	680 
46155	814 
46156	1772 
46157	211 
46158	1156 
46159	1609 
46160	181 
46161	342 
46162	1595 
46163	591 
46164	1210 
46165	1035 
46166	1660 
46167	496 
46168	477 
46169	131 
46170	83 
46171	179 
46172	308 
46173	808 
46174	203 
46175	448 
46176	1226 
46177	579 
46178	1082 
46179	282 
46180	1245 
46181	1853 
46182	1823 
46183	163 
46184	941 
46185	1239 
46186	1723 
46187	490 
46188	120 
46189	651 
46190	785 
46191	334 
46192	1814 
46193	421 
46194	19 
46195	347 
46196	1453 
46197	1824 
46198	234 
46199	553 
46200	1566 
46201	1170 
46202	1445 
46203	1264 
46204	1342 
46205	1606 
46206	1638 
46207	684 
46208	1855 
46209	194 
46210	1043 
46211	662 
46212	410 
46213	735 
46214	1263 
46215	533 
46216	1830 
46217	1083 
46218	828 
46219	1018 
46220	794 
46221	1208 
46222	1455 
46223	1001 
46224	946 
46225	1223 
46226	175 
46227	393 
46228	812 
46229	1729 
46230	256 
46231	1841 
46232	880 
46233	1800 
46234	830 
46235	1597 
46236	466 
46237	801 
46238	734 
46239	1787 
46240	650 
46241	1773 
46242	1317 
46243	557 
46244	1707 
46245	89 
46246	387 
46247	667 
46248	1775 
46249	140 
46250	1277 
46251	529 
46252	57 
46253	759 
46254	1426 
46255	1504 
46256	404 
46257	1274 
46258	1567 
46259	1616 
46260	1652 
46261	808 
46262	685 
46263	1599 
46264	199 
46265	783 
46266	92 
46267	1131 
46268	1286 
46269	1346 
46270	576 
46271	460 
46272	1212 
46273	742 
46274	860 
46275	935 
46276	1168 
46277	830 
46278	265 
46279	611 
46280	128 
46281	158 
46282	692 
46283	1286 
46284	152 
46285	414 
46286	832 
46287	680 
46288	1539 
46289	356 
46290	1336 
46291	164 
46292	1726 
46293	69 
46294	257 
46295	148 
46296	1117 
46297	704 
46298	748 
46299	362 
46300	202 
46301	42 
46302	1374 
46303	535 
46304	1551 
46305	1704 
46306	686 
46307	1400 
46308	516 
46309	25 
46310	377 
46311	573 
46312	1840 
46313	225 
46314	1163 
46315	744 
46316	815 
46317	51 
46318	967 
46319	1644 
46320	715 
46321	1274 
46322	733 
46323	582 
46324	529 
46325	302 
46326	1073 
46327	1326 
46328	1379 
46329	383 
46330	407 
46331	850 
46332	587 
46333	944 
46334	482 
46335	65 
46336	360 
46337	1831 
46338	1524 
46339	1490 
46340	1260 
46341	334 
46342	1055 
46343	384 
46344	317 
46345	480 
46346	1052 
46347	941 
46348	199 
46349	619 
46350	1591 
46351	544 
46352	1072 
46353	75 
46354	1746 
46355	814 
46356	973 
46357	290 
46358	721 
46359	194 
46360	1646 
46361	292 
46362	1013 
46363	570 
46364	1515 
46365	1230 
46366	493 
46367	1153 
46368	367 
46369	318 
46370	732 
46371	57 
46372	277 
46373	127 
46374	783 
46375	1479 
46376	185 
46377	1408 
46378	87 
46379	1394 
46380	1448 
46381	1683 
46382	721 
46383	561 
46384	380 
46385	1045 
46386	1258 
46387	1840 
46388	354 
46389	1773 
46390	262 
46391	277 
46392	660 
46393	1210 
46394	994 
46395	599 
46396	1593 
46397	73 
46398	99 
46399	1445 
46400	1725 
46401	526 
46402	1788 
46403	138 
46404	1673 
46405	22 
46406	1039 
46407	80 
46408	814 
46409	482 
46410	1836 
46411	466 
46412	1321 
46413	416 
46414	42 
46415	852 
46416	142 
46417	360 
46418	319 
46419	599 
46420	813 
46421	1194 
46422	557 
46423	981 
46424	1336 
46425	785 
46426	391 
46427	788 
46428	226 
46429	451 
46430	782 
46431	798 
46432	923 
46433	816 
46434	556 
46435	1313 
46436	185 
46437	1177 
46438	523 
46439	727 
46440	1272 
46441	805 
46442	152 
46443	515 
46444	1451 
46445	1807 
46446	1588 
46447	888 
46448	1773 
46449	373 
46450	878 
46451	411 
46452	1688 
46453	25 
46454	656 
46455	1153 
46456	1454 
46457	978 
46458	1157 
46459	482 
46460	1716 
46461	996 
46462	886 
46463	130 
46464	229 
46465	1120 
46466	1765 
46467	182 
46468	772 
46469	1296 
46470	1678 
46471	90 
46472	1412 
46473	70 
46474	322 
46475	1773 
46476	73 
46477	1528 
46478	1262 
46479	1672 
46480	1444 
46481	954 
46482	1283 
46483	1080 
46484	1233 
46485	522 
46486	519 
46487	559 
46488	1336 
46489	923 
46490	1331 
46491	948 
46492	24 
46493	424 
46494	1837 
46495	1663 
46496	729 
46497	81 
46498	699 
46499	383 
46500	1346 
46501	559 
46502	1333 
46503	64 
46504	482 
46505	10 
46506	422 
46507	1259 
46508	1374 
46509	1650 
46510	1567 
46511	1648 
46512	408 
46513	1150 
46514	543 
46515	653 
46516	1300 
46517	1314 
46518	1272 
46519	424 
46520	598 
46521	397 
46522	1840 
46523	1029 
46524	282 
46525	1377 
46526	1650 
46527	535 
46528	974 
46529	204 
46530	1401 
46531	1746 
46532	303 
46533	1190 
46534	291 
46535	155 
46536	420 
46537	1126 
46538	1345 
46539	1376 
46540	1412 
46541	1768 
46542	351 
46543	1594 
46544	1266 
46545	1410 
46546	1143 
46547	1807 
46548	367 
46549	1300 
46550	966 
46551	1728 
46552	748 
46553	1694 
46554	404 
46555	1674 
46556	1845 
46557	921 
46558	174 
46559	70 
46560	72 
46561	730 
46562	697 
46563	167 
46564	892 
46565	856 
46566	212 
46567	1826 
46568	1160 
46569	1468 
46570	598 
46571	1722 
46572	1528 
46573	662 
46574	1078 
46575	993 
46576	215 
46577	1284 
46578	314 
46579	1297 
46580	1602 
46581	1118 
46582	1778 
46583	5 
46584	1092 
46585	667 
46586	358 
46587	71 
46588	598 
46589	1728 
46590	822 
46591	602 
46592	159 
46593	454 
46594	1516 
46595	145 
46596	964 
46597	308 
46598	535 
46599	1774 
46600	1562 
46601	820 
46602	144 
46603	145 
46604	308 
46605	765 
46606	443 
46607	818 
46608	721 
46609	46 
46610	1572 
46611	1471 
46612	521 
46613	493 
46614	1090 
46615	1112 
46616	1438 
46617	383 
46618	223 
46619	502 
46620	1846 
46621	1063 
46622	67 
46623	1701 
46624	1377 
46625	356 
46626	1698 
46627	931 
46628	1222 
46629	1767 
46630	884 
46631	82 
46632	1738 
46633	919 
46634	407 
46635	1194 
46636	447 
46637	380 
46638	638 
46639	1260 
46640	1655 
46641	1725 
46642	1045 
46643	647 
46644	983 
46645	981 
46646	1696 
46647	1019 
46648	139 
46649	1345 
46650	753 
46651	1773 
46652	1713 
46653	98 
46654	383 
46655	363 
46656	908 
46657	1385 
46658	961 
46659	145 
46660	1639 
46661	145 
46662	591 
46663	701 
46664	1378 
46665	1182 
46666	487 
46667	119 
46668	1421 
46669	6 
46670	535 
46671	1551 
46672	1466 
46673	1418 
46674	1274 
46675	904 
46676	591 
46677	1662 
46678	1236 
46679	254 
46680	1814 
46681	2 
46682	1177 
46683	1337 
46684	1293 
46685	1473 
46686	1019 
46687	1424 
46688	1048 
46689	863 
46690	1387 
46691	1828 
46692	14 
46693	1514 
46694	1743 
46695	735 
46696	1525 
46697	1341 
46698	10 
46699	458 
46700	577 
46701	753 
46702	171 
46703	466 
46704	211 
46705	982 
46706	644 
46707	1022 
46708	394 
46709	187 
46710	308 
46711	1465 
46712	710 
46713	1830 
46714	262 
46715	1550 
46716	487 
46717	469 
46718	153 
46719	1270 
46720	292 
46721	808 
46722	744 
46723	1287 
46724	802 
46725	1296 
46726	400 
46727	809 
46728	92 
46729	62 
46730	435 
46731	812 
46732	931 
46733	946 
46734	1272 
46735	1850 
46736	72 
46737	303 
46738	529 
46739	1293 
46740	625 
46741	429 
46742	721 
46743	594 
46744	247 
46745	738 
46746	829 
46747	470 
46748	424 
46749	918 
46750	1833 
46751	354 
46752	134 
46753	1352 
46754	416 
46755	1386 
46756	420 
46757	1801 
46758	1278 
46759	1384 
46760	804 
46761	94 
46762	1769 
46763	941 
46764	533 
46765	1045 
46766	625 
46767	1360 
46768	862 
46769	721 
46770	560 
46771	992 
46772	611 
46773	931 
46774	107 
46775	1643 
46776	718 
46777	1143 
46778	1273 
46779	522 
46780	1068 
46781	966 
46782	878 
46783	542 
46784	542 
46785	1813 
46786	292 
46787	1263 
46788	1199 
46789	410 
46790	213 
46791	1374 
46792	662 
46793	401 
46794	461 
46795	1427 
46796	383 
46797	91 
46798	808 
46799	1300 
46800	1540 
46801	1694 
46802	1562 
46803	8 
46804	1283 
46805	1438 
46806	1528 
46807	1064 
46808	550 
46809	1221 
46810	1256 
46811	596 
46812	455 
46813	584 
46814	570 
46815	553 
46816	1663 
46817	1780 
46818	1272 
46819	362 
46820	1594 
46821	920 
46822	1045 
46823	1625 
46824	1143 
46825	1219 
46826	94 
46827	1770 
46828	1187 
46829	371 
46830	1151 
46831	469 
46832	407 
46833	68 
46834	1775 
46835	1317 
46836	1083 
46837	210 
46838	232 
46839	1525 
46840	1349 
46841	1238 
46842	821 
46843	1059 
46844	1609 
46845	612 
46846	492 
46847	1080 
46848	277 
46849	703 
46850	961 
46851	71 
46852	709 
46853	1052 
46854	842 
46855	385 
46856	731 
46857	683 
46858	1669 
46859	1718 
46860	33 
46861	435 
46862	563 
46863	907 
46864	967 
46865	1516 
46866	243 
46867	272 
46868	266 
46869	805 
46870	267 
46871	968 
46872	543 
46873	1521 
46874	194 
46875	1236 
46876	355 
46877	1376 
46878	1715 
46879	1664 
46880	127 
46881	1116 
46882	127 
46883	541 
46884	1311 
46885	1400 
46886	277 
46887	836 
46888	807 
46889	1635 
46890	832 
46891	1196 
46892	1005 
46893	650 
46894	640 
46895	199 
46896	70 
46897	105 
46898	1505 
46899	67 
46900	954 
46901	895 
46902	1114 
46903	1539 
46904	446 
46905	1463 
46906	1348 
46907	1413 
46908	1157 
46909	340 
46910	1468 
46911	318 
46912	449 
46913	344 
46914	323 
46915	1282 
46916	1787 
46917	1503 
46918	1843 
46919	1266 
46920	959 
46921	81 
46922	1035 
46923	1788 
46924	1076 
46925	183 
46926	646 
46927	1016 
46928	1661 
46929	534 
46930	1278 
46931	216 
46932	1023 
46933	1059 
46934	920 
46935	709 
46936	1314 
46937	772 
46938	1238 
46939	295 
46940	1436 
46941	164 
46942	911 
46943	735 
46944	93 
46945	207 
46946	29 
46947	73 
46948	1597 
46949	556 
46950	947 
46951	1504 
46952	1185 
46953	703 
46954	542 
46955	720 
46956	969 
46957	974 
46958	613 
46959	738 
46960	1088 
46961	401 
46962	1379 
46963	1711 
46964	456 
46965	1218 
46966	523 
46967	1265 
46968	482 
46969	1562 
46970	146 
46971	1117 
46972	104 
46973	871 
46974	1179 
46975	1709 
46976	582 
46977	211 
46978	703 
46979	148 
46980	258 
46981	1749 
46982	1733 
46983	109 
46984	262 
46985	198 
46986	1479 
46987	1227 
46988	960 
46989	319 
46990	1073 
46991	1345 
46992	83 
46993	1193 
46994	1143 
46995	60 
46996	628 
46997	391 
46998	889 
46999	61 
47000	1130 
47001	1700 
47002	40 
47003	1583 
47004	1188 
47005	835 
47006	1018 
47007	277 
47008	1436 
47009	1254 
47010	1462 
47011	103 
47012	1572 
47013	797 
47014	738 
47015	1203 
47016	1336 
47017	1599 
47018	929 
47019	185 
47020	749 
47021	1701 
47022	1272 
47023	423 
47024	1005 
47025	1751 
47026	1772 
47027	171 
47028	626 
47029	732 
47030	1124 
47031	1151 
47032	1120 
47033	1528 
47034	1673 
47035	862 
47036	1828 
47037	481 
47038	1260 
47039	199 
47040	530 
47041	1074 
47042	1218 
47043	1052 
47044	1778 
47045	1073 
47046	1203 
47047	988 
47048	415 
47049	94 
47050	546 
47051	819 
47052	1397 
47053	1746 
47054	1636 
47055	1218 
47056	1734 
47057	394 
47058	324 
47059	1091 
47060	646 
47061	1808 
47062	42 
47063	1517 
47064	1384 
47065	1647 
47066	1758 
47067	1450 
47068	1713 
47069	947 
47070	994 
47071	1574 
47072	493 
47073	905 
47074	482 
47075	1628 
47076	1585 
47077	882 
47078	296 
47079	1711 
47080	1773 
47081	1788 
47082	239 
47083	695 
47084	130 
47085	709 
47086	1118 
47087	1735 
47088	1787 
47089	416 
47090	98 
47091	24 
47092	813 
47093	1609 
47094	112 
47095	377 
47096	1110 
47097	709 
47098	1661 
47099	68 
47100	556 
47101	1711 
47102	317 
47103	363 
47104	323 
47105	909 
47106	695 
47107	1748 
47108	272 
47109	1400 
47110	75 
47111	230 
47112	400 
47113	954 
47114	1018 
47115	215 
47116	1378 
47117	108 
47118	703 
47119	1371 
47120	640 
47121	1679 
47122	804 
47123	1003 
47124	330 
47125	1113 
47126	229 
47127	1680 
47128	1338 
47129	1813 
47130	1394 
47131	1480 
47132	227 
47133	80 
47134	699 
47135	1579 
47136	1610 
47137	75 
47138	168 
47139	3 
47140	533 
47141	481 
47142	451 
47143	1427 
47144	258 
47145	749 
47146	1128 
47147	790 
47148	530 
47149	878 
47150	1117 
47151	1059 
47152	867 
47153	397 
47154	94 
47155	633 
47156	666 
47157	318 
47158	444 
47159	146 
47160	1377 
47161	209 
47162	469 
47163	715 
47164	864 
47165	257 
47166	534 
47167	1479 
47168	1236 
47169	1519 
47170	658 
47171	95 
47172	557 
47173	1468 
47174	958 
47175	1308 
47176	382 
47177	1845 
47178	1768 
47179	1612 
47180	1654 
47181	303 
47182	1520 
47183	1124 
47184	692 
47185	373 
47186	1501 
47187	573 
47188	1378 
47189	730 
47190	1469 
47191	1185 
47192	1672 
47193	721 
47194	474 
47195	201 
47196	527 
47197	1735 
47198	391 
47199	1396 
47200	1 
47201	1583 
47202	658 
47203	1067 
47204	66 
47205	1070 
47206	1706 
47207	1021 
47208	1497 
47209	1838 
47210	1188 
47211	564 
47212	920 
47213	1336 
47214	1374 
47215	1163 
47216	297 
47217	730 
47218	633 
47219	1064 
47220	1551 
47221	805 
47222	277 
47223	1224 
47224	881 
47225	597 
47226	1418 
47227	299 
47228	1776 
47229	376 
47230	129 
47231	1541 
47232	129 
47233	360 
47234	939 
47235	1462 
47236	1806 
47237	361 
47238	734 
47239	1443 
47240	1233 
47241	890 
47242	1216 
47243	1001 
47244	567 
47245	862 
47246	531 
47247	321 
47248	1262 
47249	1419 
47250	1210 
47251	1083 
47252	889 
47253	534 
47254	569 
47255	127 
47256	553 
47257	287 
47258	1857 
47259	399 
47260	467 
47261	919 
47262	1322 
47263	45 
47264	1538 
47265	867 
47266	162 
47267	295 
47268	200 
47269	672 
47270	77 
47271	1150 
47272	1014 
47273	71 
47274	841 
47275	350 
47276	731 
47277	890 
47278	1245 
47279	1113 
47280	1696 
47281	216 
47282	814 
47283	467 
47284	1229 
47285	1728 
47286	1597 
47287	1025 
47288	71 
47289	60 
47290	604 
47291	643 
47292	335 
47293	331 
47294	863 
47295	1761 
47296	1645 
47297	1726 
47298	686 
47299	146 
47300	192 
47301	251 
47302	695 
47303	1533 
47304	1267 
47305	713 
47306	460 
47307	415 
47308	904 
47309	1843 
47310	1663 
47311	222 
47312	806 
47313	994 
47314	542 
47315	1790 
47316	51 
47317	917 
47318	968 
47319	1239 
47320	1073 
47321	1825 
47322	470 
47323	278 
47324	1451 
47325	1140 
47326	1527 
47327	572 
47328	456 
47329	1068 
47330	905 
47331	1650 
47332	1245 
47333	1753 
47334	8 
47335	1322 
47336	1836 
47337	483 
47338	1353 
47339	1433 
47340	1828 
47341	308 
47342	1628 
47343	71 
47344	535 
47345	662 
47346	1117 
47347	1039 
47348	599 
47349	260 
47350	1406 
47351	1775 
47352	1794 
47353	1068 
47354	811 
47355	161 
47356	331 
47357	1426 
47358	727 
47359	1568 
47360	1722 
47361	353 
47362	1746 
47363	1540 
47364	1822 
47365	1304 
47366	904 
47367	377 
47368	1788 
47369	1778 
47370	701 
47371	1400 
47372	1035 
47373	1400 
47374	534 
47375	767 
47376	888 
47377	1572 
47378	1701 
47379	1311 
47380	1273 
47381	646 
47382	490 
47383	1358 
47384	1122 
47385	8 
47386	1567 
47387	587 
47388	322 
47389	1486 
47390	1484 
47391	1547 
47392	1284 
47393	58 
47394	373 
47395	462 
47396	758 
47397	1401 
47398	318 
47399	1841 
47400	974 
47401	1085 
47402	420 
47403	806 
47404	64 
47405	133 
47406	1427 
47407	1354 
47408	853 
47409	178 
47410	1595 
47411	892 
47412	1088 
47413	1814 
47414	193 
47415	626 
47416	896 
47417	1850 
47418	908 
47419	292 
47420	1576 
47421	158 
47422	901 
47423	73 
47424	564 
47425	1540 
47426	1791 
47427	560 
47428	1661 
47429	1469 
47430	1438 
47431	1678 
47432	183 
47433	88 
47434	763 
47435	463 
47436	1004 
47437	1386 
47438	251 
47439	660 
47440	1285 
47441	884 
47442	1124 
47443	61 
47444	324 
47445	731 
47446	1586 
47447	772 
47448	336 
47449	228 
47450	1743 
47451	247 
47452	353 
47453	1340 
47454	129 
47455	7 
47456	1721 
47457	470 
47458	650 
47459	804 
47460	335 
47461	1362 
47462	1344 
47463	266 
47464	222 
47465	994 
47466	1751 
47467	1601 
47468	1052 
47469	212 
47470	423 
47471	502 
47472	290 
47473	1360 
47474	1103 
47475	163 
47476	930 
47477	1197 
47478	1539 
47479	961 
47480	1333 
47481	1588 
47482	154 
47483	556 
47484	1078 
47485	1286 
47486	889 
47487	1025 
47488	817 
47489	1376 
47490	732 
47491	422 
47492	203 
47493	1374 
47494	1535 
47495	144 
47496	191 
47497	1539 
47498	493 
47499	1822 
47500	1031 
47501	1121 
47502	95 
47503	1706 
47504	757 
47505	1021 
47506	819 
47507	884 
47508	1607 
47509	1083 
47510	217 
47511	967 
47512	393 
47513	1259 
47514	1264 
47515	1321 
47516	292 
47517	202 
47518	1223 
47519	1647 
47520	1732 
47521	199 
47522	51 
47523	311 
47524	1221 
47525	798 
47526	1316 
47527	138 
47528	122 
47529	1525 
47530	210 
47531	163 
47532	1352 
47533	541 
47534	278 
47535	570 
47536	1221 
47537	1162 
47538	1578 
47539	209 
47540	354 
47541	583 
47542	813 
47543	1262 
47544	1610 
47545	116 
47546	1186 
47547	1713 
47548	183 
47549	683 
47550	545 
47551	1287 
47552	785 
47553	1576 
47554	353 
47555	983 
47556	812 
47557	308 
47558	1274 
47559	1384 
47560	522 
47561	89 
47562	1131 
47563	1648 
47564	788 
47565	534 
47566	1122 
47567	811 
47568	1194 
47569	573 
47570	389 
47571	1046 
47572	444 
47573	153 
47574	284 
47575	1515 
47576	256 
47577	651 
47578	303 
47579	469 
47580	670 
47581	1338 
47582	815 
47583	1755 
47584	1801 
47585	1400 
47586	1402 
47587	864 
47588	1217 
47589	376 
47590	1118 
47591	1212 
47592	1645 
47593	78 
47594	144 
47595	1503 
47596	391 
47597	1254 
47598	1463 
47599	1810 
47600	656 
47601	913 
47602	204 
47603	982 
47604	1427 
47605	1318 
47606	1614 
47607	758 
47608	1333 
47609	563 
47610	1774 
47611	878 
47612	273 
47613	238 
47614	1448 
47615	136 
47616	993 
47617	917 
47618	1526 
47619	1663 
47620	612 
47621	682 
47622	1789 
47623	1083 
47624	1648 
47625	147 
47626	24 
47627	470 
47628	1301 
47629	1000 
47630	134 
47631	764 
47632	845 
47633	165 
47634	535 
47635	277 
47636	533 
47637	1852 
47638	1229 
47639	490 
47640	1502 
47641	1307 
47642	1817 
47643	612 
47644	1000 
47645	983 
47646	211 
47647	98 
47648	129 
47649	1502 
47650	172 
47651	1232 
47652	1212 
47653	230 
47654	564 
47655	1729 
47656	1577 
47657	336 
47658	1846 
47659	1091 
47660	400 
47661	1511 
47662	1583 
47663	754 
47664	56 
47665	817 
47666	1064 
47667	872 
47668	1083 
47669	767 
47670	1269 
47671	709 
47672	1086 
47673	788 
47674	1427 
47675	1740 
47676	1758 
47677	693 
47678	1663 
47679	662 
47680	893 
47681	1076 
47682	1052 
47683	98 
47684	711 
47685	1516 
47686	1226 
47687	70 
47688	1627 
47689	896 
47690	584 
47691	519 
47692	25 
47693	400 
47694	1210 
47695	1388 
47696	344 
47697	187 
47698	1221 
47699	565 
47700	1072 
47701	1162 
47702	1342 
47703	573 
47704	983 
47705	292 
47706	1728 
47707	1694 
47708	1450 
47709	808 
47710	1337 
47711	8 
47712	1726 
47713	1153 
47714	337 
47715	1256 
47716	216 
47717	486 
47718	686 
47719	1641 
47720	876 
47721	1138 
47722	1103 
47723	575 
47724	416 
47725	1849 
47726	373 
47727	1266 
47728	1084 
47729	256 
47730	460 
47731	1 
47732	129 
47733	1841 
47734	75 
47735	451 
47736	1610 
47737	1682 
47738	1771 
47739	1808 
47740	1097 
47741	1047 
47742	1770 
47743	1493 
47744	381 
47745	1502 
47746	535 
47747	813 
47748	398 
47749	1510 
47750	1062 
47751	1325 
47752	894 
47753	1131 
47754	470 
47755	573 
47756	544 
47757	582 
47758	1807 
47759	833 
47760	221 
47761	591 
47762	1239 
47763	683 
47764	1363 
47765	22 
47766	1663 
47767	863 
47768	1539 
47769	94 
47770	1088 
47771	976 
47772	967 
47773	423 
47774	700 
47775	1639 
47776	1465 
47777	1157 
47778	46 
47779	886 
47780	612 
47781	373 
47782	1008 
47783	80 
47784	734 
47785	490 
47786	1663 
47787	923 
47788	602 
47789	1459 
47790	1524 
47791	1010 
47792	1064 
47793	988 
47794	1774 
47795	16 
47796	1027 
47797	836 
47798	1576 
47799	1048 
47800	1239 
47801	108 
47802	1625 
47803	469 
47804	144 
47805	1540 
47806	314 
47807	1004 
47808	1840 
47809	1506 
47810	1754 
47811	1083 
47812	286 
47813	1489 
47814	1464 
47815	931 
47816	228 
47817	1369 
47818	502 
47819	1258 
47820	1190 
47821	1284 
47822	1223 
47823	1513 
47824	1520 
47825	1419 
47826	1000 
47827	92 
47828	152 
47829	338 
47830	1301 
47831	886 
47832	377 
47833	863 
47834	470 
47835	367 
47836	907 
47837	1639 
47838	1441 
47839	1203 
47840	482 
47841	1192 
47842	1239 
47843	3 
47844	989 
47845	1568 
47846	420 
47847	835 
47848	1086 
47849	303 
47850	850 
47851	888 
47852	804 
47853	1825 
47854	1352 
47855	249 
47856	989 
47857	179 
47858	803 
47859	683 
47860	835 
47861	1101 
47862	561 
47863	1498 
47864	420 
47865	840 
47866	1274 
47867	1703 
47868	1788 
47869	144 
47870	1623 
47871	1266 
47872	315 
47873	19 
47874	1451 
47875	1346 
47876	145 
47877	1102 
47878	930 
47879	36 
47880	1083 
47881	698 
47882	72 
47883	1151 
47884	1019 
47885	178 
47886	1207 
47887	772 
47888	1680 
47889	921 
47890	1548 
47891	487 
47892	1005 
47893	120 
47894	1358 
47895	1553 
47896	1359 
47897	1576 
47898	70 
47899	1256 
47900	1461 
47901	556 
47902	556 
47903	905 
47904	591 
47905	656 
47906	1735 
47907	1188 
47908	892 
47909	1539 
47910	769 
47911	236 
47912	699 
47913	845 
47914	857 
47915	373 
47916	656 
47917	1208 
47918	1734 
47919	444 
47920	1781 
47921	1058 
47922	773 
47923	721 
47924	1633 
47925	497 
47926	553 
47927	1597 
47928	292 
47929	179 
47930	680 
47931	1383 
47932	748 
47933	385 
47934	308 
47935	1817 
47936	1024 
47937	601 
47938	930 
47939	1762 
47940	1783 
47941	1112 
47942	764 
47943	1143 
47944	802 
47945	808 
47946	1001 
47947	331 
47948	1819 
47949	367 
47950	1217 
47951	888 
47952	356 
47953	1554 
47954	535 
47955	1161 
47956	1464 
47957	1206 
47958	1263 
47959	1246 
47960	526 
47961	1219 
47962	1194 
47963	1080 
47964	223 
47965	1635 
47966	1688 
47967	727 
47968	426 
47969	315 
47970	665 
47971	1176 
47972	418 
47973	836 
47974	1516 
47975	997 
47976	814 
47977	1437 
47978	821 
47979	914 
47980	619 
47981	171 
47982	1465 
47983	565 
47984	877 
47985	1308 
47986	1101 
47987	1418 
47988	1527 
47989	1486 
47990	1655 
47991	818 
47992	533 
47993	564 
47994	53 
47995	243 
47996	1337 
47997	1083 
47998	499 
47999	266 
48000	385 
48001	698 
48002	1748 
48003	685 
48004	222 
48005	1236 
48006	54 
48007	927 
48008	1 
48009	331 
48010	1044 
48011	323 
48012	646 
48013	599 
48014	907 
48015	968 
48016	24 
48017	1654 
48018	1456 
48019	1527 
48020	733 
48021	89 
48022	884 
48023	1391 
48024	286 
48025	89 
48026	715 
48027	894 
48028	1220 
48029	1337 
48030	392 
48031	1845 
48032	22 
48033	135 
48034	948 
48035	69 
48036	473 
48037	509 
48038	1692 
48039	258 
48040	693 
48041	540 
48042	1221 
48043	1740 
48044	1071 
48045	1042 
48046	1426 
48047	983 
48048	1640 
48049	1045 
48050	57 
48051	1516 
48052	1586 
48053	1469 
48054	1850 
48055	748 
48056	1857 
48057	1052 
48058	1317 
48059	253 
48060	569 
48061	1372 
48062	1745 
48063	1797 
48064	1335 
48065	357 
48066	1128 
48067	876 
48068	1647 
48069	684 
48070	234 
48071	1774 
48072	946 
48073	1583 
48074	565 
48075	958 
48076	802 
48077	840 
48078	1724 
48079	1320 
48080	1260 
48081	886 
48082	1801 
48083	797 
48084	1300 
48085	1331 
48086	1057 
48087	1388 
48088	922 
48089	1465 
48090	954 
48091	308 
48092	1811 
48093	144 
48094	232 
48095	535 
48096	1317 
48097	682 
48098	1745 
48099	1106 
48100	1630 
48101	1776 
48102	1367 
48103	1682 
48104	545 
48105	1755 
48106	232 
48107	604 
48108	1671 
48109	591 
48110	56 
48111	1238 
48112	1597 
48113	570 
48114	862 
48115	808 
48116	1032 
48117	82 
48118	1755 
48119	146 
48120	1454 
48121	130 
48122	1616 
48123	808 
48124	1362 
48125	1502 
48126	1188 
48127	1785 
48128	1374 
48129	131 
48130	1334 
48131	510 
48132	864 
48133	1733 
48134	1229 
48135	1838 
48136	1794 
48137	819 
48138	407 
48139	1335 
48140	738 
48141	45 
48142	557 
48143	1226 
48144	655 
48145	287 
48146	1825 
48147	1713 
48148	277 
48149	461 
48150	1765 
48151	435 
48152	456 
48153	1233 
48154	892 
48155	1502 
48156	949 
48157	1091 
48158	1117 
48159	967 
48160	1828 
48161	815 
48162	1262 
48163	51 
48164	1182 
48165	47 
48166	1827 
48167	234 
48168	1515 
48169	980 
48170	1676 
48171	259 
48172	243 
48173	1188 
48174	165 
48175	267 
48176	922 
48177	461 
48178	1185 
48179	952 
48180	1337 
48181	672 
48182	884 
48183	1341 
48184	889 
48185	373 
48186	531 
48187	1203 
48188	1725 
48189	269 
48190	1486 
48191	1080 
48192	1578 
48193	747 
48194	1445 
48195	818 
48196	729 
48197	464 
48198	142 
48199	682 
48200	148 
48201	876 
48202	1429 
48203	853 
48204	715 
48205	637 
48206	127 
48207	383 
48208	29 
48209	706 
48210	845 
48211	1471 
48212	1857 
48213	808 
48214	1014 
48215	1273 
48216	1062 
48217	274 
48218	334 
48219	1503 
48220	822 
48221	557 
48222	550 
48223	1265 
48224	565 
48225	1824 
48226	299 
48227	112 
48228	169 
48229	1830 
48230	146 
48231	155 
48232	972 
48233	985 
48234	1502 
48235	1748 
48236	761 
48237	773 
48238	815 
48239	1509 
48240	308 
48241	1272 
48242	683 
48243	1021 
48244	367 
48245	815 
48246	36 
48247	666 
48248	1328 
48249	455 
48250	1101 
48251	596 
48252	54 
48253	396 
48254	650 
48255	480 
48256	435 
48257	1007 
48258	320 
48259	127 
48260	203 
48261	860 
48262	1749 
48263	888 
48264	192 
48265	187 
48266	962 
48267	1120 
48268	878 
48269	876 
48270	486 
48271	1012 
48272	249 
48273	414 
48274	599 
48275	887 
48276	1510 
48277	563 
48278	1848 
48279	977 
48280	1731 
48281	1753 
48282	1091 
48283	931 
48284	1220 
48285	1300 
48286	222 
48287	249 
48288	886 
48289	1028 
48290	516 
48291	1455 
48292	742 
48293	994 
48294	1086 
48295	1359 
48296	1802 
48297	230 
48298	155 
48299	1614 
48300	794 
48301	1222 
48302	290 
48303	1078 
48304	983 
48305	423 
48306	685 
48307	137 
48308	292 
48309	648 
48310	1508 
48311	1846 
48312	1296 
48313	292 
48314	1776 
48315	698 
48316	1120 
48317	371 
48318	1368 
48319	595 
48320	1406 
48321	862 
48322	1614 
48323	1438 
48324	1029 
48325	1 
48326	1221 
48327	1822 
48328	1004 
48329	362 
48330	782 
48331	237 
48332	583 
48333	633 
48334	504 
48335	695 
48336	215 
48337	944 
48338	1383 
48339	1163 
48340	1338 
48341	525 
48342	1629 
48343	1468 
48344	1697 
48345	1358 
48346	1414 
48347	801 
48348	1528 
48349	144 
48350	521 
48351	61 
48352	411 
48353	170 
48354	1807 
48355	1704 
48356	233 
48357	1641 
48358	769 
48359	1052 
48360	835 
48361	390 
48362	1220 
48363	921 
48364	1515 
48365	332 
48366	683 
48367	990 
48368	42 
48369	966 
48370	1380 
48371	829 
48372	887 
48373	804 
48374	216 
48375	1659 
48376	203 
48377	1229 
48378	1150 
48379	1503 
48380	1223 
48381	145 
48382	51 
48383	1503 
48384	1402 
48385	597 
48386	1647 
48387	1153 
48388	1758 
48389	773 
48390	150 
48391	1212 
48392	470 
48393	1719 
48394	1236 
48395	36 
48396	789 
48397	1435 
48398	886 
48399	1735 
48400	1060 
48401	1797 
48402	1367 
48403	1508 
48404	1746 
48405	880 
48406	1535 
48407	1529 
48408	1086 
48409	179 
48410	59 
48411	237 
48412	1025 
48413	914 
48414	927 
48415	800 
48416	1535 
48417	785 
48418	722 
48419	1427 
48420	363 
48421	870 
48422	1059 
48423	99 
48424	542 
48425	362 
48426	171 
48427	1850 
48428	688 
48429	273 
48430	782 
48431	994 
48432	1399 
48433	559 
48434	383 
48435	968 
48436	349 
48437	568 
48438	1025 
48439	1022 
48440	683 
48441	1454 
48442	1660 
48443	789 
48444	1561 
48445	1595 
48446	976 
48447	771 
48448	586 
48449	1809 
48450	135 
48451	756 
48452	168 
48453	1529 
48454	24 
48455	841 
48456	1648 
48457	1629 
48458	284 
48459	1468 
48460	996 
48461	1807 
48462	721 
48463	655 
48464	882 
48465	876 
48466	801 
48467	1721 
48468	540 
48469	729 
48470	36 
48471	13 
48472	1414 
48473	1760 
48474	963 
48475	166 
48476	1743 
48477	1659 
48478	1088 
48479	75 
48480	76 
48481	563 
48482	1321 
48483	1694 
48484	1586 
48485	1845 
48486	330 
48487	709 
48488	871 
48489	836 
48490	262 
48491	458 
48492	1081 
48493	715 
48494	94 
48495	112 
48496	1596 
48497	1710 
48498	1530 
48499	1840 
48500	881 
48501	105 
48502	1505 
48503	391 
48504	367 
48505	1464 
48506	1186 
48507	383 
48508	1517 
48509	1730 
48510	182 
48511	534 
48512	944 
48513	1443 
48514	999 
48515	1780 
48516	1754 
48517	1610 
48518	420 
48519	1694 
48520	194 
48521	1693 
48522	1383 
48523	1161 
48524	1772 
48525	873 
48526	1326 
48527	688 
48528	723 
48529	39 
48530	1836 
48531	1407 
48532	1143 
48533	1289 
48534	519 
48535	729 
48536	238 
48537	1539 
48538	410 
48539	317 
48540	142 
48541	168 
48542	788 
48543	1814 
48544	1086 
48545	1356 
48546	1497 
48547	303 
48548	1088 
48549	1205 
48550	1115 
48551	1208 
48552	1514 
48553	1825 
48554	322 
48555	451 
48556	559 
48557	1579 
48558	1348 
48559	1810 
48560	331 
48561	1822 
48562	1441 
48563	954 
48564	1211 
48565	917 
48566	92 
48567	1420 
48568	559 
48569	699 
48570	212 
48571	391 
48572	1654 
48573	6 
48574	715 
48575	308 
48576	210 
48577	1073 
48578	250 
48579	762 
48580	758 
48581	1577 
48582	974 
48583	1392 
48584	1108 
48585	256 
48586	1048 
48587	303 
48588	941 
48589	1269 
48590	893 
48591	1391 
48592	738 
48593	1394 
48594	258 
48595	1441 
48596	1490 
48597	712 
48598	1318 
48599	800 
48600	1845 
48601	1280 
48602	832 
48603	878 
48604	1228 
48605	812 
48606	911 
48607	131 
48608	1570 
48609	67 
48610	1735 
48611	770 
48612	1710 
48613	808 
48614	367 
48615	311 
48616	983 
48617	1317 
48618	824 
48619	29 
48620	376 
48621	1677 
48622	1367 
48623	332 
48624	238 
48625	1274 
48626	1293 
48627	1454 
48628	1574 
48629	1473 
48630	1048 
48631	1437 
48632	1248 
48633	1129 
48634	1706 
48635	1267 
48636	1062 
48637	148 
48638	1836 
48639	470 
48640	540 
48641	571 
48642	1259 
48643	431 
48644	317 
48645	1687 
48646	1352 
48647	344 
48648	138 
48649	162 
48650	91 
48651	209 
48652	461 
48653	398 
48654	171 
48655	1840 
48656	801 
48657	1218 
48658	907 
48659	1347 
48660	1505 
48661	1826 
48662	1139 
48663	1450 
48664	558 
48665	582 
48666	728 
48667	1662 
48668	1246 
48669	376 
48670	1558 
48671	452 
48672	486 
48673	1233 
48674	321 
48675	1438 
48676	1751 
48677	1210 
48678	1019 
48679	1418 
48680	1106 
48681	1207 
48682	789 
48683	862 
48684	308 
48685	1749 
48686	1384 
48687	1298 
48688	1010 
48689	229 
48690	692 
48691	1723 
48692	734 
48693	1422 
48694	1075 
48695	1157 
48696	1067 
48697	773 
48698	1035 
48699	1855 
48700	735 
48701	1047 
48702	401 
48703	954 
48704	1513 
48705	1057 
48706	1021 
48707	562 
48708	1438 
48709	1137 
48710	1337 
48711	1337 
48712	504 
48713	1348 
48714	738 
48715	1129 
48716	907 
48717	522 
48718	127 
48719	1107 
48720	1019 
48721	472 
48722	1533 
48723	1477 
48724	1528 
48725	1709 
48726	271 
48727	171 
48728	1486 
48729	291 
48730	353 
48731	554 
48732	1538 
48733	70 
48734	698 
48735	1370 
48736	41 
48737	773 
48738	1360 
48739	1464 
48740	1845 
48741	1627 
48742	519 
48743	812 
48744	788 
48745	662 
48746	1530 
48747	499 
48748	415 
48749	1696 
48750	1091 
48751	1338 
48752	574 
48753	845 
48754	1428 
48755	1267 
48756	182 
48757	1539 
48758	907 
48759	1318 
48760	946 
48761	554 
48762	1319 
48763	1840 
48764	734 
48765	1811 
48766	1319 
48767	582 
48768	1352 
48769	1646 
48770	1790 
48771	1048 
48772	582 
48773	1814 
48774	806 
48775	759 
48776	1148 
48777	416 
48778	57 
48779	1680 
48780	1769 
48781	896 
48782	588 
48783	1138 
48784	151 
48785	1091 
48786	1 
48787	1775 
48788	808 
48789	1392 
48790	685 
48791	703 
48792	724 
48793	966 
48794	1153 
48795	1153 
48796	1843 
48797	139 
48798	1629 
48799	800 
48800	1527 
48801	1292 
48802	1698 
48803	1341 
48804	1243 
48805	1041 
48806	78 
48807	1391 
48808	126 
48809	730 
48810	1502 
48811	161 
48812	693 
48813	1048 
48814	721 
48815	1841 
48816	174 
48817	1728 
48818	353 
48819	1840 
48820	1291 
48821	396 
48822	420 
48823	795 
48824	963 
48825	1308 
48826	1469 
48827	1730 
48828	137 
48829	990 
48830	292 
48831	758 
48832	974 
48833	1774 
48834	212 
48835	1318 
48836	635 
48837	1047 
48838	1107 
48839	745 
48840	120 
48841	1057 
48842	597 
48843	1505 
48844	1029 
48845	1661 
48846	1480 
48847	1179 
48848	1056 
48849	42 
48850	1814 
48851	165 
48852	1080 
48853	1471 
48854	832 
48855	1220 
48856	824 
48857	1733 
48858	919 
48859	1427 
48860	1825 
48861	1286 
48862	1272 
48863	152 
48864	130 
48865	1212 
48866	1778 
48867	793 
48868	1471 
48869	1817 
48870	234 
48871	911 
48872	1696 
48873	172 
48874	1188 
48875	1765 
48876	1627 
48877	594 
48878	218 
48879	1746 
48880	525 
48881	1554 
48882	1476 
48883	670 
48884	266 
48885	112 
48886	473 
48887	857 
48888	1759 
48889	390 
48890	731 
48891	1698 
48892	1022 
48893	1490 
48894	1807 
48895	1291 
48896	1559 
48897	1409 
48898	1818 
48899	1362 
48900	662 
48901	1585 
48902	1246 
48903	214 
48904	1371 
48905	1410 
48906	1187 
48907	384 
48908	1606 
48909	289 
48910	617 
48911	1470 
48912	1120 
48913	385 
48914	1317 
48915	71 
48916	862 
48917	721 
48918	545 
48919	556 
48920	1642 
48921	1243 
48922	267 
48923	1807 
48924	448 
48925	122 
48926	997 
48927	843 
48928	50 
48929	958 
48930	1647 
48931	802 
48932	1404 
48933	1280 
48934	357 
48935	107 
48936	70 
48937	138 
48938	1239 
48939	1325 
48940	746 
48941	1847 
48942	890 
48943	1836 
48944	1639 
48945	796 
48946	192 
48947	1338 
48948	575 
48949	41 
48950	226 
48951	216 
48952	415 
48953	1348 
48954	534 
48955	130 
48956	1549 
48957	6 
48958	1755 
48959	4 
48960	944 
48961	1403 
48962	1207 
48963	1360 
48964	1207 
48965	1533 
48966	1614 
48967	1548 
48968	1386 
48969	1677 
48970	140 
48971	1789 
48972	579 
48973	1733 
48974	1578 
48975	1305 
48976	1144 
48977	1114 
48978	1293 
48979	242 
48980	1476 
48981	1828 
48982	1296 
48983	193 
48984	296 
48985	1437 
48986	216 
48987	1031 
48988	308 
48989	374 
48990	345 
48991	691 
48992	1765 
48993	1387 
48994	1503 
48995	963 
48996	576 
48997	1643 
48998	455 
48999	1833 
49000	284 
49001	1163 
49002	1358 
49003	1164 
49004	1808 
49005	1794 
49006	832 
49007	1229 
49008	1771 
49009	529 
49010	1560 
49011	1078 
49012	78 
49013	889 
49014	363 
49015	30 
49016	1843 
49017	1760 
49018	997 
49019	1486 
49020	1113 
49021	1231 
49022	1493 
49023	1086 
49024	563 
49025	660 
49026	1023 
49027	367 
49028	980 
49029	1610 
49030	144 
49031	575 
49032	1675 
49033	972 
49034	975 
49035	98 
49036	76 
49037	47 
49038	1662 
49039	1645 
49040	55 
49041	82 
49042	876 
49043	129 
49044	356 
49045	455 
49046	1035 
49047	1366 
49048	1336 
49049	609 
49050	510 
49051	274 
49052	611 
49053	221 
49054	94 
49055	686 
49056	282 
49057	70 
49058	232 
49059	351 
49060	1443 
49061	749 
49062	1607 
49063	1571 
49064	1649 
49065	1583 
49066	1539 
49067	626 
49068	774 
49069	1781 
49070	614 
49071	153 
49072	1082 
49073	57 
49074	357 
49075	1292 
49076	1076 
49077	1806 
49078	1197 
49079	1128 
49080	154 
49081	338 
49082	217 
49083	1097 
49084	356 
49085	374 
49086	801 
49087	1426 
49088	1814 
49089	1357 
49090	400 
49091	73 
49092	1021 
49093	191 
49094	227 
49095	1517 
49096	1124 
49097	145 
49098	407 
49099	812 
49100	1080 
49101	976 
49102	1333 
49103	1101 
49104	1672 
49105	884 
49106	1806 
49107	458 
49108	709 
49109	893 
49110	95 
49111	584 
49112	1624 
49113	315 
49114	170 
49115	1386 
49116	1825 
49117	232 
49118	1220 
49119	285 
49120	543 
49121	599 
49122	1648 
49123	1817 
49124	1609 
49125	1256 
49126	22 
49127	36 
49128	1127 
49129	1409 
49130	1273 
49131	699 
49132	222 
49133	573 
49134	988 
49135	661 
49136	1107 
49137	1213 
49138	739 
49139	829 
49140	1593 
49141	675 
49142	565 
49143	1639 
49144	1554 
49145	1378 
49146	570 
49147	397 
49148	626 
49149	272 
49150	144 
49151	127 
49152	137 
49153	15 
49154	1373 
49155	1188 
49156	171 
49157	964 
49158	578 
49159	735 
49160	1215 
49161	1086 
49162	1762 
49163	1400 
49164	1332 
49165	1712 
49166	1317 
49167	1400 
49168	1211 
49169	1471 
49170	754 
49171	802 
49172	1176 
49173	1624 
49174	734 
49175	81 
49176	1701 
49177	1000 
49178	184 
49179	1470 
49180	1614 
49181	480 
49182	1759 
49183	1698 
49184	477 
49185	1611 
49186	267 
49187	1427 
49188	1239 
49189	819 
49190	1210 
49191	1326 
49192	451 
49193	242 
49194	730 
49195	71 
49196	1408 
49197	144 
49198	1753 
49199	1627 
49200	683 
49201	863 
49202	192 
49203	451 
49204	640 
49205	1468 
49206	71 
49207	1079 
49208	1332 
49209	1450 
49210	662 
49211	126 
49212	1086 
49213	131 
49214	561 
49215	140 
49216	1657 
49217	977 
49218	1550 
49219	579 
49220	1682 
49221	1074 
49222	1704 
49223	1426 
49224	344 
49225	160 
49226	1161 
49227	1525 
49228	574 
49229	811 
49230	40 
49231	338 
49232	212 
49233	50 
49234	811 
49235	25 
49236	1161 
49237	1403 
49238	198 
49239	920 
49240	1438 
49241	868 
49242	1004 
49243	1147 
49244	1293 
49245	229 
49246	352 
49247	410 
49248	1524 
49249	950 
49250	876 
49251	363 
49252	1692 
49253	33 
49254	133 
49255	131 
49256	989 
49257	545 
49258	143 
49259	1188 
49260	951 
49261	318 
49262	529 
49263	1445 
49264	114 
49265	48 
49266	905 
49267	344 
49268	1469 
49269	1759 
49270	1362 
49271	1772 
49272	61 
49273	533 
49274	1063 
49275	931 
49276	1402 
49277	182 
49278	1445 
49279	989 
49280	98 
49281	61 
49282	420 
49283	1438 
49284	1533 
49285	36 
49286	1704 
49287	784 
49288	1476 
49289	1505 
49290	1293 
49291	1812 
49292	285 
49293	685 
49294	140 
49295	631 
49296	146 
49297	274 
49298	196 
49299	183 
49300	130 
49301	1817 
49302	1220 
49303	1831 
49304	892 
49305	1530 
49306	982 
49307	646 
49308	1157 
49309	273 
49310	942 
49311	272 
49312	249 
49313	314 
49314	559 
49315	843 
49316	1692 
49317	962 
49318	1568 
49319	1381 
49320	1589 
49321	1482 
49322	807 
49323	277 
49324	272 
49325	320 
49326	1086 
49327	499 
49328	1028 
49329	93 
49330	806 
49331	1186 
49332	534 
49333	918 
49334	727 
49335	61 
49336	1463 
49337	1337 
49338	1743 
49339	1233 
49340	762 
49341	283 
49342	56 
49343	1412 
49344	1091 
49345	1019 
49346	537 
49347	699 
49348	806 
49349	1461 
49350	129 
49351	693 
49352	187 
49353	1194 
49354	1786 
49355	1058 
49356	1588 
49357	1765 
49358	1420 
49359	1694 
49360	764 
49361	731 
49362	1775 
49363	1525 
49364	1341 
49365	954 
49366	1694 
49367	1505 
49368	1750 
49369	1283 
49370	1426 
49371	806 
49372	1108 
49373	163 
49374	1262 
49375	543 
49376	194 
49377	492 
49378	908 
49379	107 
49380	1607 
49381	801 
49382	1019 
49383	907 
49384	391 
49385	1801 
49386	617 
49387	1710 
49388	769 
49389	147 
49390	130 
49391	1272 
49392	461 
49393	272 
49394	292 
49395	234 
49396	604 
49397	807 
49398	819 
49399	1469 
49400	805 
49401	1647 
49402	224 
49403	1362 
49404	1738 
49405	588 
49406	1191 
49407	867 
49408	1610 
49409	503 
49410	6 
49411	40 
49412	247 
49413	878 
49414	1802 
49415	391 
49416	1418 
49417	817 
49418	1064 
49419	1490 
49420	1586 
49421	1661 
49422	150 
49423	1628 
49424	734 
49425	1128 
49426	171 
49427	221 
49428	322 
49429	633 
49430	1706 
49431	1648 
49432	835 
49433	226 
49434	1420 
49435	540 
49436	1341 
49437	1780 
49438	169 
49439	1639 
49440	1175 
49441	1294 
49442	1599 
49443	146 
49444	602 
49445	1273 
49446	758 
49447	218 
49448	1481 
49449	1293 
49450	703 
49451	1325 
49452	48 
49453	1175 
49454	1120 
49455	1038 
49456	1157 
49457	1104 
49458	1831 
49459	1431 
49460	334 
49461	791 
49462	721 
49463	398 
49464	257 
49465	1469 
49466	872 
49467	289 
49468	1857 
49469	1263 
49470	199 
49471	1045 
49472	1594 
49473	1098 
49474	862 
49475	1336 
49476	362 
49477	3 
49478	1516 
49479	1535 
49480	1693 
49481	1342 
49482	8 
49483	656 
49484	921 
49485	932 
49486	770 
49487	1384 
49488	599 
49489	1322 
49490	144 
49491	330 
49492	1336 
49493	1797 
49494	633 
49495	588 
49496	1696 
49497	1579 
49498	1400 
49499	14 
49500	1205 
49501	1824 
49502	1532 
49503	1511 
49504	637 
49505	734 
49506	572 
49507	13 
49508	872 
49509	1799 
49510	146 
49511	735 
49512	1137 
49513	1630 
49514	1305 
49515	409 
49516	1506 
49517	754 
49518	177 
49519	227 
49520	256 
49521	456 
49522	1683 
49523	151 
49524	596 
49525	645 
49526	1378 
49527	83 
49528	758 
49529	998 
49530	686 
49531	1346 
49532	554 
49533	1394 
49534	1712 
49535	1498 
49536	703 
49537	1332 
49538	295 
49539	1489 
49540	1627 
49541	217 
49542	105 
49543	147 
49544	659 
49545	698 
49546	1226 
49547	153 
49548	530 
49549	862 
49550	89 
49551	335 
49552	1162 
49553	715 
49554	1079 
49555	918 
49556	835 
49557	789 
49558	146 
49559	1138 
49560	325 
49561	1465 
49562	1262 
49563	169 
49564	334 
49565	458 
49566	624 
49567	1633 
49568	1814 
49569	637 
49570	1203 
49571	845 
49572	1317 
49573	530 
49574	1007 
49575	872 
49576	334 
49577	842 
49578	1755 
49579	1101 
49580	456 
49581	1578 
49582	1412 
49583	420 
49584	684 
49585	881 
49586	394 
49587	1663 
49588	993 
49589	698 
49590	1126 
49591	20 
49592	871 
49593	867 
49594	966 
49595	367 
49596	569 
49597	420 
49598	974 
49599	1222 
49600	1612 
49601	801 
49602	493 
49603	1502 
49604	173 
49605	133 
49606	144 
49607	1374 
49608	1415 
49609	1322 
49610	377 
49611	1831 
49612	111 
49613	782 
49614	1482 
49615	1218 
49616	1626 
49617	1532 
49618	1262 
49619	574 
49620	1714 
49621	407 
49622	1511 
49623	1069 
49624	131 
49625	884 
49626	1314 
49627	1700 
49628	587 
49629	998 
49630	1709 
49631	1680 
49632	1018 
49633	266 
49634	497 
49635	1256 
49636	587 
49637	349 
49638	796 
49639	135 
49640	76 
49641	171 
49642	1675 
49643	1052 
49644	862 
49645	7 
49646	1262 
49647	87 
49648	1769 
49649	1040 
49650	1063 
49651	1239 
49652	824 
49653	1363 
49654	95 
49655	804 
49656	1283 
49657	1671 
49658	1004 
49659	1091 
49660	845 
49661	204 
49662	769 
49663	42 
49664	510 
49665	1467 
49666	1028 
49667	612 
49668	454 
49669	553 
49670	203 
49671	490 
49672	204 
49673	171 
49674	1411 
49675	1342 
49676	40 
49677	531 
49678	444 
49679	608 
49680	1505 
49681	1397 
49682	1232 
49683	1034 
49684	1658 
49685	1813 
49686	1203 
49687	908 
49688	69 
49689	1091 
49690	54 
49691	921 
49692	1454 
49693	1264 
49694	410 
49695	1035 
49696	414 
49697	1768 
49698	1794 
49699	1335 
49700	1113 
49701	1139 
49702	802 
49703	1564 
49704	1144 
49705	994 
49706	867 
49707	233 
49708	482 
49709	242 
49710	1026 
49711	1206 
49712	582 
49713	526 
49714	404 
49715	1662 
49716	818 
49717	686 
49718	876 
49719	699 
49720	741 
49721	699 
49722	1726 
49723	29 
49724	71 
49725	656 
49726	187 
49727	114 
49728	958 
49729	16 
49730	414 
49731	715 
49732	1825 
49733	584 
49734	1000 
49735	535 
49736	357 
49737	367 
49738	993 
49739	199 
49740	1212 
49741	1028 
49742	1585 
49743	989 
49744	1341 
49745	446 
49746	1436 
49747	1845 
49748	961 
49749	542 
49750	356 
49751	295 
49752	322 
49753	1787 
49754	94 
49755	1362 
49756	1300 
49757	367 
49758	622 
49759	1513 
49760	1201 
49761	550 
49762	1016 
49763	1807 
49764	611 
49765	835 
49766	1469 
49767	292 
49768	1058 
49769	1480 
49770	391 
49771	1722 
49772	749 
49773	1406 
49774	497 
49775	1210 
49776	1028 
49777	982 
49778	256 
49779	1633 
49780	1014 
49781	920 
49782	1052 
49783	1311 
49784	1324 
49785	1168 
49786	1421 
49787	367 
49788	1220 
49789	923 
49790	227 
49791	317 
49792	24 
49793	108 
49794	1317 
49795	148 
49796	738 
49797	92 
49798	1838 
49799	653 
49800	1194 
49801	994 
49802	1319 
49803	1629 
49804	383 
49805	355 
49806	974 
49807	278 
49808	666 
49809	266 
49810	1258 
49811	1630 
49812	576 
49813	213 
49814	1718 
49815	1434 
49816	939 
49817	540 
49818	1456 
49819	469 
49820	1462 
49821	1843 
49822	818 
49823	1322 
49824	222 
49825	72 
49826	1781 
49827	1348 
49828	1704 
49829	1321 
49830	1628 
49831	1568 
49832	619 
49833	70 
49834	1188 
49835	802 
49836	297 
49837	1771 
49838	234 
49839	1245 
49840	126 
49841	1138 
49842	1811 
49843	542 
49844	956 
49845	61 
49846	1091 
49847	324 
49848	541 
49849	51 
49850	62 
49851	1080 
49852	498 
49853	766 
49854	1454 
49855	530 
49856	771 
49857	404 
49858	1810 
49859	1658 
49860	1609 
49861	1857 
49862	127 
49863	1527 
49864	1669 
49865	71 
49866	350 
49867	218 
49868	812 
49869	662 
49870	92 
49871	709 
49872	51 
49873	1603 
49874	977 
49875	544 
49876	963 
49877	206 
49878	427 
49879	1843 
49880	692 
49881	693 
49882	1203 
49883	1124 
49884	1344 
49885	802 
49886	903 
49887	57 
49888	354 
49889	795 
49890	1071 
49891	720 
49892	943 
49893	199 
49894	1317 
49895	164 
49896	1618 
49897	8 
49898	331 
49899	342 
49900	363 
49901	1785 
49902	1762 
49903	1677 
49904	611 
49905	1120 
49906	1054 
49907	274 
49908	1712 
49909	1465 
49910	1658 
49911	1391 
49912	353 
49913	111 
49914	1091 
49915	919 
49916	1541 
49917	482 
49918	14 
49919	538 
49920	619 
49921	127 
49922	510 
49923	912 
49924	75 
49925	83 
49926	969 
49927	1056 
49928	341 
49929	1836 
49930	566 
49931	1012 
49932	1190 
49933	70 
49934	583 
49935	843 
49936	1502 
49937	993 
49938	1753 
49939	966 
49940	235 
49941	1627 
49942	19 
49943	187 
49944	1053 
49945	1071 
49946	1412 
49947	1341 
49948	32 
49949	983 
49950	1461 
49951	1338 
49952	876 
49953	448 
49954	1190 
49955	1722 
49956	1629 
49957	1486 
49958	661 
49959	121 
49960	892 
49961	1504 
49962	1431 
49963	1029 
49964	1846 
49965	486 
49966	1025 
49967	1293 
49968	650 
49969	1348 
49970	350 
49971	672 
49972	233 
49973	155 
49974	1541 
49975	357 
49976	1856 
49977	864 
49978	1527 
49979	184 
49980	61 
49981	1769 
49982	951 
49983	285 
49984	1161 
49985	637 
49986	931 
49987	1823 
49988	944 
49989	1572 
49990	1743 
49991	635 
49992	1782 
49993	497 
49994	1318 
49995	1317 
49996	769 
49997	266 
49998	806 
49999	56 
50000	1545 
50001	1348 
50002	1004 
50003	688 
50004	602 
50005	322 
50006	1661 
50007	1467 
50008	739 
50009	1516 
50010	493 
50011	1778 
50012	56 
50013	1157 
50014	454 
50015	71 
50016	1801 
50017	1753 
50018	287 
50019	1068 
50020	1624 
50021	1781 
50022	1333 
50023	1627 
50024	227 
50025	1091 
50026	307 
50027	1373 
50028	1199 
50029	1711 
50030	1238 
50031	1714 
50032	1331 
50033	1051 
50034	1639 
50035	277 
50036	674 
50037	513 
50038	1852 
50039	1102 
50040	1003 
50041	1624 
50042	1836 
50043	148 
50044	733 
50045	302 
50046	376 
50047	435 
50048	800 
50049	391 
50050	818 
50051	481 
50052	452 
50053	1256 
50054	1568 
50055	920 
50056	1131 
50057	1115 
50058	1336 
50059	1203 
50060	67 
50061	1420 
50062	1383 
50063	649 
50064	1786 
50065	956 
50066	6 
50067	506 
50068	788 
50069	1250 
50070	1553 
50071	1399 
50072	906 
50073	424 
50074	843 
50075	730 
50076	566 
50077	1734 
50078	1124 
50079	67 
50080	407 
50081	1344 
50082	254 
50083	625 
50084	1367 
50085	1000 
50086	797 
50087	474 
50088	631 
50089	295 
50090	1246 
50091	459 
50092	1735 
50093	362 
50094	521 
50095	906 
50096	183 
50097	1035 
50098	643 
50099	662 
50100	1120 
50101	1464 
50102	889 
50103	334 
50104	789 
50105	858 
50106	954 
50107	1825 
50108	535 
50109	1473 
50110	688 
50111	398 
50112	214 
50113	1161 
50114	584 
50115	808 
50116	1162 
50117	954 
50118	1588 
50119	1 
50120	1701 
50121	1808 
50122	1837 
50123	1810 
50124	1480 
50125	1310 
50126	748 
50127	232 
50128	1846 
50129	699 
50130	723 
50131	397 
50132	55 
50133	672 
50134	1821 
50135	997 
50136	967 
50137	256 
50138	97 
50139	1073 
50140	890 
50141	1300 
50142	1073 
50143	1027 
50144	1014 
50145	836 
50146	483 
50147	1594 
50148	635 
50149	1341 
50150	1325 
50151	373 
50152	1069 
50153	40 
50154	290 
50155	573 
50156	1073 
50157	1450 
50158	154 
50159	625 
50160	888 
50161	1785 
50162	923 
50163	767 
50164	1857 
50165	1292 
50166	647 
50167	1855 
50168	981 
50169	924 
50170	82 
50171	832 
50172	888 
50173	769 
50174	357 
50175	407 
50176	1056 
50177	64 
50178	1411 
50179	210 
50180	1236 
50181	721 
50182	387 
50183	582 
50184	1502 
50185	493 
50186	1827 
50187	324 
50188	1562 
50189	271 
50190	319 
50191	1194 
50192	735 
50193	800 
50194	611 
50195	398 
50196	380 
50197	1554 
50198	1650 
50199	778 
50200	808 
50201	344 
50202	914 
50203	1609 
50204	886 
50205	1291 
50206	598 
50207	650 
50208	1129 
50209	36 
50210	1021 
50211	909 
50212	568 
50213	1284 
50214	781 
50215	1313 
50216	1426 
50217	59 
50218	1141 
50219	175 
50220	1344 
50221	225 
50222	138 
50223	85 
50224	1833 
50225	587 
50226	104 
50227	1311 
50228	637 
50229	1194 
50230	52 
50231	1473 
50232	243 
50233	805 
50234	879 
50235	127 
50236	1229 
50237	41 
50238	189 
50239	1221 
50240	289 
50241	1498 
50242	1707 
50243	12 
50244	1120 
50245	895 
50246	1005 
50247	377 
50248	1529 
50249	692 
50250	315 
50251	451 
50252	1326 
50253	191 
50254	921 
50255	1181 
50256	1648 
50257	699 
50258	446 
50259	1103 
50260	1549 
50261	1120 
50262	112 
50263	448 
50264	920 
50265	1818 
50266	985 
50267	1790 
50268	1369 
50269	864 
50270	1773 
50271	1191 
50272	961 
50273	895 
50274	1284 
50275	858 
50276	781 
50277	932 
50278	1065 
50279	400 
50280	745 
50281	1828 
50282	911 
50283	1322 
50284	800 
50285	1769 
50286	529 
50287	1115 
50288	1445 
50289	1586 
50290	356 
50291	430 
50292	1738 
50293	1029 
50294	1463 
50295	1484 
50296	345 
50297	699 
50298	946 
50299	703 
50300	1782 
50301	1696 
50302	1039 
50303	29 
50304	562 
50305	1749 
50306	1073 
50307	533 
50308	185 
50309	404 
50310	1313 
50311	1183 
50312	344 
50313	1781 
50314	1427 
50315	1562 
50316	533 
50317	517 
50318	812 
50319	771 
50320	1709 
50321	408 
50322	1039 
50323	1421 
50324	667 
50325	1838 
50326	1517 
50327	599 
50328	1687 
50329	1076 
50330	1850 
50331	964 
50332	961 
50333	1226 
50334	1776 
50335	1781 
50336	69 
50337	1639 
50338	818 
50339	1188 
50340	1360 
50341	1264 
50342	988 
50343	1638 
50344	914 
50345	1345 
50346	568 
50347	71 
50348	36 
50349	1614 
50350	1076 
50351	961 
50352	1222 
50353	130 
50354	1807 
50355	452 
50356	733 
50357	703 
50358	1491 
50359	989 
50360	788 
50361	1245 
50362	1427 
50363	363 
50364	411 
50365	878 
50366	1497 
50367	1465 
50368	1280 
50369	557 
50370	1743 
50371	145 
50372	659 
50373	744 
50374	1643 
50375	235 
50376	129 
50377	1528 
50378	569 
50379	1438 
50380	1284 
50381	1342 
50382	354 
50383	1379 
50384	906 
50385	1341 
50386	1837 
50387	1426 
50388	470 
50389	30 
50390	1771 
50391	1274 
50392	93 
50393	1745 
50394	1578 
50395	436 
50396	568 
50397	621 
50398	1774 
50399	298 
50400	52 
50401	672 
50402	242 
50403	1356 
50404	647 
50405	612 
50406	1229 
50407	1840 
50408	801 
50409	480 
50410	1841 
50411	1239 
50412	565 
50413	325 
50414	608 
50415	221 
50416	1162 
50417	95 
50418	1024 
50419	994 
50420	632 
50421	1070 
50422	327 
50423	73 
50424	1080 
50425	693 
50426	219 
50427	256 
50428	1758 
50429	614 
50430	1715 
50431	1091 
50432	821 
50433	1071 
50434	1349 
50435	531 
50436	1395 
50437	1545 
50438	504 
50439	747 
50440	584 
50441	941 
50442	772 
50443	1048 
50444	1492 
50445	1473 
50446	449 
50447	1450 
50448	535 
50449	1280 
50450	538 
50451	735 
50452	126 
50453	1759 
50454	1080 
50455	179 
50456	1286 
50457	892 
50458	481 
50459	942 
50460	1437 
50461	1773 
50462	1198 
50463	1169 
50464	1566 
50465	886 
50466	1194 
50467	469 
50468	602 
50469	757 
50470	128 
50471	931 
50472	14 
50473	154 
50474	1811 
50475	931 
50476	128 
50477	1338 
50478	82 
50479	1208 
50480	397 
50481	1553 
50482	393 
50483	212 
50484	1000 
50485	1491 
50486	82 
50487	685 
50488	1083 
50489	495 
50490	290 
50491	1183 
50492	675 
50493	699 
50494	406 
50495	1532 
50496	561 
50497	1648 
50498	122 
50499	1059 
50500	758 
50501	579 
50502	1376 
50503	803 
50504	397 
50505	540 
50506	340 
50507	533 
50508	237 
50509	1456 
50510	785 
50511	717 
50512	599 
50513	1153 
50514	1071 
50515	1217 
50516	217 
50517	842 
50518	60 
50519	1658 
50520	444 
50521	1073 
50522	59 
50523	225 
50524	486 
50525	1224 
50526	1153 
50527	1635 
50528	1373 
50529	851 
50530	1618 
50531	876 
50532	1751 
50533	1753 
50534	941 
50535	10 
50536	1695 
50537	267 
50538	540 
50539	527 
50540	1755 
50541	78 
50542	890 
50543	701 
50544	321 
50545	73 
50546	1385 
50547	409 
50548	446 
50549	334 
50550	327 
50551	1083 
50552	72 
50553	351 
50554	376 
50555	204 
50556	1273 
50557	990 
50558	640 
50559	1296 
50560	1054 
50561	1601 
50562	880 
50563	845 
50564	1623 
50565	50 
50566	923 
50567	202 
50568	665 
50569	1451 
50570	456 
50571	298 
50572	921 
50573	1835 
50574	1193 
50575	1143 
50576	931 
50577	296 
50578	135 
50579	409 
50580	51 
50581	120 
50582	466 
50583	33 
50584	416 
50585	785 
50586	1445 
50587	565 
50588	23 
50589	1086 
50590	783 
50591	984 
50592	383 
50593	217 
50594	383 
50595	397 
50596	461 
50597	1379 
50598	1754 
50599	204 
50600	920 
50601	258 
50602	1337 
50603	67 
50604	1480 
50605	1116 
50606	1688 
50607	1505 
50608	145 
50609	1562 
50610	1188 
50611	754 
50612	1267 
50613	617 
50614	1550 
50615	8 
50616	69 
50617	862 
50618	692 
50619	692 
50620	614 
50621	560 
50622	298 
50623	527 
50624	1444 
50625	1698 
50626	48 
50627	416 
50628	983 
50629	1014 
50630	385 
50631	201 
50632	1857 
50633	297 
50634	1296 
50635	1161 
50636	1236 
50637	776 
50638	1814 
50639	430 
50640	63 
50641	997 
50642	14 
50643	1266 
50644	1374 
50645	394 
50646	1212 
50647	1385 
50648	143 
50649	217 
50650	1040 
50651	492 
50652	907 
50653	1108 
50654	105 
50655	1120 
50656	1464 
50657	1763 
50658	1836 
50659	1161 
50660	1300 
50661	1308 
50662	1470 
50663	341 
50664	425 
50665	223 
50666	21 
50667	1313 
50668	818 
50669	49 
50670	797 
50671	1314 
50672	70 
50673	349 
50674	1337 
50675	191 
50676	1143 
50677	502 
50678	1149 
50679	677 
50680	686 
50681	586 
50682	1515 
50683	824 
50684	1473 
50685	1445 
50686	173 
50687	60 
50688	75 
50689	808 
50690	1124 
50691	754 
50692	1501 
50693	452 
50694	1648 
50695	215 
50696	391 
50697	1034 
50698	1560 
50699	1443 
50700	1624 
50701	730 
50702	1373 
50703	305 
50704	385 
50705	1677 
50706	806 
50707	145 
50708	511 
50709	806 
50710	497 
50711	1692 
50712	1639 
50713	1579 
50714	1258 
50715	51 
50716	466 
50717	1258 
50718	831 
50719	318 
50720	1208 
50721	1626 
50722	1775 
50723	989 
50724	525 
50725	1817 
50726	1051 
50727	715 
50728	563 
50729	22 
50730	1114 
50731	12 
50732	22 
50733	1524 
50734	1124 
50735	912 
50736	493 
50737	1853 
50738	768 
50739	131 
50740	1296 
50741	1021 
50742	1492 
50743	582 
50744	267 
50745	557 
50746	856 
50747	90 
50748	813 
50749	1724 
50750	420 
50751	371 
50752	1570 
50753	1558 
50754	769 
50755	1526 
50756	1422 
50757	941 
50758	766 
50759	527 
50760	1359 
50761	1138 
50762	904 
50763	80 
50764	330 
50765	1733 
50766	1587 
50767	120 
50768	626 
50769	1840 
50770	1115 
50771	99 
50772	78 
50773	1571 
50774	323 
50775	1756 
50776	990 
50777	1503 
50778	1539 
50779	1245 
50780	92 
50781	1694 
50782	1292 
50783	415 
50784	364 
50785	1385 
50786	881 
50787	212 
50788	660 
50789	425 
50790	1138 
50791	1019 
50792	332 
50793	706 
50794	1112 
50795	943 
50796	258 
50797	487 
50798	56 
50799	1334 
50800	1264 
50801	1078 
50802	251 
50803	1333 
50804	1360 
50805	1474 
50806	237 
50807	1597 
50808	1774 
50809	1024 
50810	715 
50811	1374 
50812	1392 
50813	1533 
50814	1284 
50815	703 
50816	424 
50817	369 
50818	482 
50819	1082 
50820	612 
50821	259 
50822	1639 
50823	415 
50824	1 
50825	162 
50826	138 
50827	338 
50828	685 
50829	42 
50830	1549 
50831	1672 
50832	373 
50833	1029 
50834	340 
50835	1263 
50836	1748 
50837	1574 
50838	1458 
50839	921 
50840	1207 
50841	1647 
50842	321 
50843	721 
50844	1703 
50845	1113 
50846	1600 
50847	930 
50848	736 
50849	1298 
50850	1048 
50851	1451 
50852	812 
50853	225 
50854	1722 
50855	492 
50856	1384 
50857	213 
50858	1516 
50859	1589 
50860	598 
50861	42 
50862	1745 
50863	91 
50864	1074 
50865	154 
50866	598 
50867	1539 
50868	1158 
50869	1624 
50870	1212 
50871	1284 
50872	1376 
50873	896 
50874	801 
50875	1662 
50876	1566 
50877	409 
50878	243 
50879	556 
50880	904 
50881	191 
50882	1628 
50883	1246 
50884	1700 
50885	672 
50886	749 
50887	730 
50888	785 
50889	1 
50890	632 
50891	881 
50892	554 
50893	1636 
50894	1208 
50895	20 
50896	1771 
50897	376 
50898	1578 
50899	666 
50900	215 
50901	1519 
50902	1760 
50903	782 
50904	709 
50905	718 
50906	1192 
50907	404 
50908	1038 
50909	1388 
50910	1400 
50911	1382 
50912	763 
50913	1280 
50914	1280 
50915	1454 
50916	416 
50917	843 
50918	1427 
50919	57 
50920	1085 
50921	1855 
50922	344 
50923	457 
50924	563 
50925	1709 
50926	908 
50927	1725 
50928	430 
50929	1585 
50930	11 
50931	62 
50932	429 
50933	1694 
50934	55 
50935	308 
50936	520 
50937	481 
50938	430 
50939	1471 
50940	447 
50941	812 
50942	1212 
50943	745 
50944	911 
50945	1680 
50946	1163 
50947	1269 
50948	1471 
50949	91 
50950	1462 
50951	1655 
50952	1412 
50953	75 
50954	931 
50955	1370 
50956	563 
50957	3 
50958	1592 
50959	1445 
50960	1192 
50961	444 
50962	380 
50963	296 
50964	1128 
50965	1425 
50966	537 
50967	66 
50968	1663 
50969	315 
50970	845 
50971	1310 
50972	876 
50973	334 
50974	40 
50975	292 
50976	601 
50977	1713 
50978	1293 
50979	824 
50980	1726 
50981	1286 
50982	553 
50983	1758 
50984	1132 
50985	621 
50986	466 
50987	63 
50988	1709 
50989	277 
50990	1130 
50991	1269 
50992	1454 
50993	1760 
50994	1709 
50995	1502 
50996	80 
50997	1653 
50998	1150 
50999	126 
51000	832 
51001	1479 
51002	89 
51003	1525 
51004	1633 
51005	722 
51006	1347 
51007	888 
51008	1811 
51009	1207 
51010	1114 
51011	189 
51012	59 
51013	112 
51014	941 
51015	1203 
51016	1071 
51017	82 
51018	1161 
51019	428 
51020	286 
51021	376 
51022	1842 
51023	1424 
51024	1192 
51025	330 
51026	276 
51027	1335 
51028	908 
51029	357 
51030	1636 
51031	980 
51032	782 
51033	1645 
51034	611 
51035	1471 
51036	922 
51037	1291 
51038	1426 
51039	1258 
51040	80 
51041	1087 
51042	51 
51043	456 
51044	1707 
51045	423 
51046	1357 
51047	715 
51048	1514 
51049	1226 
51050	1561 
51051	108 
51052	463 
51053	919 
51054	284 
51055	579 
51056	2 
51057	801 
51058	323 
51059	165 
51060	1029 
51061	1632 
51062	1036 
51063	908 
51064	198 
51065	1038 
51066	1510 
51067	651 
51068	1052 
51069	1320 
51070	565 
51071	1748 
51072	778 
51073	1729 
51074	703 
51075	864 
51076	1345 
51077	1465 
51078	988 
51079	1358 
51080	1024 
51081	994 
51082	1019 
51083	1856 
51084	1588 
51085	983 
51086	75 
51087	622 
51088	1631 
51089	1655 
51090	1551 
51091	815 
51092	1614 
51093	984 
51094	1444 
51095	1465 
51096	1735 
51097	498 
51098	923 
51099	493 
51100	1386 
51101	703 
51102	1327 
51103	852 
51104	796 
51105	1610 
51106	1843 
51107	951 
51108	6 
51109	258 
51110	880 
51111	147 
51112	958 
51113	77 
51114	1293 
51115	1413 
51116	1337 
51117	803 
51118	260 
51119	558 
51120	1727 
51121	318 
51122	568 
51123	683 
51124	22 
51125	1226 
51126	565 
51127	353 
51128	1080 
51129	216 
51130	130 
51131	1723 
51132	369 
51133	1806 
51134	1718 
51135	554 
51136	1825 
51137	612 
51138	1643 
51139	162 
51140	1458 
51141	1468 
51142	568 
51143	1192 
51144	1126 
51145	417 
51146	1807 
51147	1131 
51148	1743 
51149	1282 
51150	836 
51151	904 
51152	21 
51153	363 
51154	1282 
51155	187 
51156	1068 
51157	70 
51158	330 
51159	1413 
51160	163 
51161	377 
51162	30 
51163	421 
51164	994 
51165	1848 
51166	215 
51167	586 
51168	1138 
51169	1129 
51170	322 
51171	493 
51172	1208 
51173	1360 
51174	568 
51175	1387 
51176	212 
51177	1437 
51178	842 
51179	1574 
51180	842 
51181	4 
51182	504 
51183	1275 
51184	1495 
51185	51 
51186	877 
51187	1421 
51188	1758 
51189	78 
51190	461 
51191	541 
51192	768 
51193	426 
51194	179 
51195	22 
51196	523 
51197	1239 
51198	192 
51199	1308 
51200	1445 
51201	1301 
51202	1583 
51203	1344 
51204	1336 
51205	81 
51206	1287 
51207	697 
51208	974 
51209	912 
51210	1577 
51211	332 
51212	1847 
51213	1264 
51214	569 
51215	1595 
51216	130 
51217	919 
51218	672 
51219	1337 
51220	1451 
51221	871 
51222	1300 
51223	733 
51224	1415 
51225	383 
51226	591 
51227	1719 
51228	456 
51229	763 
51230	291 
51231	1549 
51232	216 
51233	567 
51234	1771 
51235	983 
51236	105 
51237	202 
51238	1063 
51239	1057 
51240	1394 
51241	239 
51242	966 
51243	1611 
51244	209 
51245	1143 
51246	650 
51247	824 
51248	1706 
51249	285 
51250	36 
51251	1813 
51252	209 
51253	1153 
51254	667 
51255	801 
51256	324 
51257	1819 
51258	775 
51259	1833 
51260	1504 
51261	1248 
51262	1738 
51263	1208 
51264	1492 
51265	1763 
51266	1773 
51267	1007 
51268	1450 
51269	599 
51270	1183 
51271	1652 
51272	1801 
51273	334 
51274	888 
51275	1455 
51276	654 
51277	334 
51278	1424 
51279	1648 
51280	1379 
51281	1190 
51282	318 
51283	1162 
51284	567 
51285	994 
51286	36 
51287	1763 
51288	1143 
51289	1067 
51290	137 
51291	98 
51292	744 
51293	130 
51294	1786 
51295	504 
51296	1229 
51297	911 
51298	224 
51299	192 
51300	1091 
51301	323 
51302	470 
51303	1018 
51304	183 
51305	193 
51306	495 
51307	762 
51308	483 
51309	981 
51310	256 
51311	460 
51312	10 
51313	395 
51314	989 
51315	1726 
51316	1264 
51317	1630 
51318	1769 
51319	213 
51320	1570 
51321	1788 
51322	692 
51323	658 
51324	129 
51325	263 
51326	801 
51327	1740 
51328	1482 
51329	1840 
51330	513 
51331	533 
51332	467 
51333	1264 
51334	734 
51335	1331 
51336	1073 
51337	150 
51338	1638 
51339	380 
51340	1554 
51341	1296 
51342	41 
51343	1701 
51344	105 
51345	1197 
51346	70 
51347	19 
51348	85 
51349	813 
51350	951 
51351	1645 
51352	519 
51353	1516 
51354	410 
51355	886 
51356	1016 
51357	1013 
51358	76 
51359	553 
51360	393 
51361	272 
51362	383 
51363	1539 
51364	1326 
51365	436 
51366	1035 
51367	888 
51368	1618 
51369	367 
51370	311 
51371	257 
51372	1083 
51373	554 
51374	748 
51375	1086 
51376	1709 
51377	120 
51378	655 
51379	584 
51380	1148 
51381	204 
51382	871 
51383	790 
51384	969 
51385	836 
51386	282 
51387	214 
51388	1229 
51389	1256 
51390	57 
51391	604 
51392	603 
51393	1232 
51394	709 
51395	1711 
51396	373 
51397	290 
51398	765 
51399	349 
51400	531 
51401	1738 
51402	321 
51403	1223 
51404	1355 
51405	88 
51406	1594 
51407	322 
51408	179 
51409	285 
51410	876 
51411	1210 
51412	129 
51413	389 
51414	1140 
51415	1358 
51416	1304 
51417	754 
51418	1213 
51419	334 
51420	222 
51421	658 
51422	114 
51423	972 
51424	856 
51425	216 
51426	154 
51427	1025 
51428	179 
51429	1282 
51430	1360 
51431	469 
51432	1208 
51433	1293 
51434	419 
51435	941 
51436	1236 
51437	1212 
51438	591 
51439	1119 
51440	271 
51441	1788 
51442	1022 
51443	1179 
51444	1470 
51445	948 
51446	1378 
51447	97 
51448	1049 
51449	1336 
51450	542 
51451	1677 
51452	1486 
51453	203 
51454	1068 
51455	209 
51456	1388 
51457	877 
51458	146 
51459	748 
51460	234 
51461	146 
51462	267 
51463	1797 
51464	1735 
51465	1486 
51466	656 
51467	341 
51468	526 
51469	1193 
51470	65 
51471	1780 
51472	983 
51473	466 
51474	222 
51475	1749 
51476	921 
51477	1729 
51478	318 
51479	1446 
51480	946 
51481	1239 
51482	1300 
51483	809 
51484	1220 
51485	1770 
51486	1677 
51487	1138 
51488	1426 
51489	1431 
51490	1275 
51491	1463 
51492	1504 
51493	1728 
51494	344 
51495	1387 
51496	78 
51497	1840 
51498	617 
51499	1101 
51500	146 
51501	1498 
51502	14 
51503	1344 
51504	1465 
51505	1840 
51506	199 
51507	256 
51508	159 
51509	693 
51510	1687 
51511	1772 
51512	1124 
51513	1775 
51514	851 
51515	1283 
51516	409 
51517	782 
51518	892 
51519	646 
51520	890 
51521	1633 
51522	40 
51523	553 
51524	860 
51525	1441 
51526	1532 
51527	1517 
51528	178 
51529	862 
51530	80 
51531	562 
51532	269 
51533	1642 
51534	1467 
51535	1208 
51536	1662 
51537	1324 
51538	42 
51539	239 
51540	703 
51541	420 
51542	1807 
51543	151 
51544	843 
51545	788 
51546	983 
51547	1131 
51548	1190 
51549	1478 
51550	675 
51551	216 
51552	878 
51553	1782 
51554	14 
51555	1346 
51556	1246 
51557	292 
51558	212 
51559	1070 
51560	817 
51561	436 
51562	1765 
51563	423 
51564	1045 
51565	444 
51566	263 
51567	1821 
51568	867 
51569	1646 
51570	1817 
51571	409 
51572	307 
51573	46 
51574	1833 
51575	242 
51576	700 
51577	1719 
51578	336 
51579	423 
51580	1854 
51581	1457 
51582	342 
51583	1254 
51584	1080 
51585	354 
51586	1194 
51587	56 
51588	1609 
51589	758 
51590	1397 
51591	146 
51592	1643 
51593	385 
51594	879 
51595	1065 
51596	1025 
51597	1337 
51598	1073 
51599	1316 
51600	1083 
51601	1035 
51602	1630 
51603	1628 
51604	911 
51605	1080 
51606	1024 
51607	10 
51608	1147 
51609	1520 
51610	601 
51611	1771 
51612	1576 
51613	920 
51614	1409 
51615	1141 
51616	1806 
51617	1731 
51618	1629 
51619	884 
51620	988 
51621	1646 
51622	1532 
51623	83 
51624	722 
51625	1570 
51626	24 
51627	715 
51628	1138 
51629	1056 
51630	332 
51631	1533 
51632	1426 
51633	262 
51634	121 
51635	967 
51636	863 
51637	879 
51638	165 
51639	1305 
51640	968 
51641	1595 
51642	703 
51643	1790 
51644	617 
51645	598 
51646	1554 
51647	285 
51648	492 
51649	184 
51650	535 
51651	556 
51652	604 
51653	1358 
51654	852 
51655	1043 
51656	792 
51657	1114 
51658	1362 
51659	835 
51660	1293 
51661	904 
51662	1715 
51663	1511 
51664	1458 
51665	772 
51666	1404 
51667	395 
51668	1515 
51669	784 
51670	1410 
51671	927 
51672	1130 
51673	1843 
51674	1040 
51675	1807 
51676	542 
51677	1812 
51678	1650 
51679	284 
51680	703 
51681	564 
51682	396 
51683	193 
51684	637 
51685	1035 
51686	1063 
51687	1229 
51688	216 
51689	1661 
51690	918 
51691	1042 
51692	1740 
51693	1817 
51694	1212 
51695	715 
51696	599 
51697	1445 
51698	1207 
51699	1857 
51700	169 
51701	658 
51702	701 
51703	189 
51704	1643 
51705	812 
51706	1281 
51707	1196 
51708	473 
51709	1332 
51710	410 
51711	699 
51712	1130 
51713	649 
51714	1272 
51715	721 
51716	72 
51717	782 
51718	25 
51719	1636 
51720	257 
51721	951 
51722	563 
51723	1576 
51724	1368 
51725	576 
51726	111 
51727	1246 
51728	400 
51729	1114 
51730	391 
51731	312 
51732	1397 
51733	283 
51734	487 
51735	1516 
51736	601 
51737	1138 
51738	1007 
51739	1084 
51740	1322 
51741	1053 
51742	1199 
51743	1341 
51744	258 
51745	1188 
51746	930 
51747	1282 
51748	355 
51749	460 
51750	400 
51751	888 
51752	1647 
51753	1425 
51754	1410 
51755	865 
51756	454 
51757	1677 
51758	1585 
51759	545 
51760	1340 
51761	191 
51762	805 
51763	57 
51764	466 
51765	889 
51766	1203 
51767	493 
51768	693 
51769	1444 
51770	467 
51771	1421 
51772	1212 
51773	1307 
51774	258 
51775	1230 
51776	567 
51777	1296 
51778	396 
51779	1194 
51780	1639 
51781	531 
51782	804 
51783	1181 
51784	205 
51785	1269 
51786	204 
51787	1760 
51788	418 
51789	48 
51790	1688 
51791	908 
51792	1079 
51793	1445 
51794	1018 
51795	857 
51796	921 
51797	1528 
51798	1589 
51799	533 
51800	1128 
51801	36 
51802	759 
51803	1746 
51804	1073 
51805	980 
51806	1781 
51807	894 
51808	1833 
51809	384 
51810	205 
51811	1648 
51812	11 
51813	1384 
51814	201 
51815	1728 
51816	362 
51817	1086 
51818	567 
51819	1069 
51820	1520 
51821	327 
51822	1458 
51823	994 
51824	1532 
51825	1260 
51826	259 
51827	421 
51828	24 
51829	1318 
51830	1408 
51831	1420 
51832	169 
51833	664 
51834	1410 
51835	506 
51836	369 
51837	1035 
51838	1024 
51839	65 
51840	1266 
51841	1825 
51842	1835 
51843	1503 
51844	917 
51845	800 
51846	788 
51847	56 
51848	1118 
51849	1011 
51850	1293 
51851	873 
51852	76 
51853	8 
51854	812 
51855	1516 
51856	1614 
51857	1039 
51858	1283 
51859	1524 
51860	598 
51861	1045 
51862	867 
51863	1768 
51864	1338 
51865	1092 
51866	1126 
51867	576 
51868	1182 
51869	1052 
51870	556 
51871	189 
51872	234 
51873	93 
51874	1157 
51875	741 
51876	1734 
51877	568 
51878	1508 
51879	1263 
51880	983 
51881	21 
51882	1473 
51883	417 
51884	1403 
51885	1508 
51886	1073 
51887	1015 
51888	880 
51889	730 
51890	1266 
51891	1671 
51892	1694 
51893	846 
51894	1488 
51895	216 
51896	204 
51897	1631 
51898	128 
51899	734 
51900	568 
51901	808 
51902	55 
51903	1596 
51904	1266 
51905	461 
51906	315 
51907	575 
51908	920 
51909	1583 
51910	721 
51911	1129 
51912	782 
51913	1332 
51914	1337 
51915	1843 
51916	1217 
51917	863 
51918	1689 
51919	54 
51920	7 
51921	989 
51922	1256 
51923	930 
51924	1122 
51925	163 
51926	734 
51927	6 
51928	1002 
51929	748 
51930	1274 
51931	277 
51932	852 
51933	234 
51934	948 
51935	209 
51936	242 
51937	1331 
51938	1639 
51939	1019 
51940	1661 
51941	1517 
51942	266 
51943	291 
51944	184 
51945	1025 
51946	329 
51947	354 
51948	633 
51949	801 
51950	503 
51951	1831 
51952	747 
51953	1548 
51954	1362 
51955	1095 
51956	1425 
51957	1709 
51958	949 
51959	134 
51960	756 
51961	989 
51962	1341 
51963	463 
51964	153 
51965	223 
51966	1718 
51967	398 
51968	1153 
51969	871 
51970	63 
51971	204 
51972	1341 
51973	1039 
51974	774 
51975	1497 
51976	599 
51977	131 
51978	1689 
51979	788 
51980	782 
51981	1106 
51982	334 
51983	1338 
51984	802 
51985	729 
51986	574 
51987	417 
51988	1622 
51989	1758 
51990	1194 
51991	1142 
51992	1712 
51993	907 
51994	47 
51995	1051 
51996	757 
51997	315 
51998	1562 
51999	650 
52000	400 
52001	6 
52002	1794 
52003	1789 
52004	1004 
52005	1390 
52006	455 
52007	1701 
52008	559 
52009	739 
52010	1378 
52011	371 
52012	946 
52013	1141 
52014	1579 
52015	105 
52016	921 
52017	1191 
52018	684 
52019	1400 
52020	1464 
52021	360 
52022	888 
52023	1101 
52024	226 
52025	535 
52026	907 
52027	779 
52028	1775 
52029	507 
52030	287 
52031	1157 
52032	1469 
52033	1203 
52034	1707 
52035	941 
52036	1495 
52037	281 
52038	1445 
52039	893 
52040	1709 
52041	1469 
52042	1455 
52043	913 
52044	565 
52045	237 
52046	1124 
52047	1358 
52048	648 
52049	556 
52050	911 
52051	377 
52052	1392 
52053	455 
52054	1120 
52055	1027 
52056	1282 
52057	455 
52058	1426 
52059	330 
52060	502 
52061	1528 
52062	128 
52063	1321 
52064	1073 
52065	522 
52066	1713 
52067	242 
52068	1729 
52069	12 
52070	734 
52071	186 
52072	808 
52073	1751 
52074	1520 
52075	1013 
52076	622 
52077	804 
52078	136 
52079	400 
52080	864 
52081	1794 
52082	1262 
52083	1161 
52084	1450 
52085	732 
52086	960 
52087	1810 
52088	1511 
52089	1808 
52090	530 
52091	1488 
52092	1550 
52093	371 
52094	1715 
52095	654 
52096	1347 
52097	815 
52098	1187 
52099	1128 
52100	374 
52101	880 
52102	612 
52103	59 
52104	693 
52105	187 
52106	491 
52107	1818 
52108	1141 
52109	334 
52110	51 
52111	876 
52112	988 
52113	1230 
52114	1579 
52115	234 
52116	973 
52117	339 
52118	148 
52119	1796 
52120	1259 
52121	991 
52122	120 
52123	1570 
52124	1609 
52125	993 
52126	632 
52127	576 
52128	758 
52129	948 
52130	604 
52131	1712 
52132	1802 
52133	1169 
52134	1376 
52135	919 
52136	482 
52137	976 
52138	1294 
52139	672 
52140	1402 
52141	554 
52142	410 
52143	1004 
52144	1215 
52145	800 
52146	1115 
52147	901 
52148	991 
52149	1468 
52150	686 
52151	835 
52152	353 
52153	982 
52154	1193 
52155	1689 
52156	958 
52157	804 
52158	21 
52159	886 
52160	1814 
52161	277 
52162	1131 
52163	1226 
52164	1264 
52165	50 
52166	1636 
52167	1263 
52168	579 
52169	631 
52170	163 
52171	53 
52172	1643 
52173	307 
52174	1528 
52175	360 
52176	1012 
52177	70 
52178	1588 
52179	234 
52180	391 
52181	1660 
52182	698 
52183	407 
52184	1830 
52185	591 
52186	873 
52187	398 
52188	1028 
52189	1697 
52190	829 
52191	472 
52192	637 
52193	1141 
52194	58 
52195	1073 
52196	1412 
52197	1045 
52198	832 
52199	734 
52200	233 
52201	457 
52202	922 
52203	790 
52204	1049 
52205	811 
52206	984 
52207	466 
52208	67 
52209	285 
52210	1036 
52211	1511 
52212	290 
52213	699 
52214	1635 
52215	1515 
52216	292 
52217	274 
52218	742 
52219	25 
52220	76 
52221	1260 
52222	529 
52223	221 
52224	396 
52225	1671 
52226	448 
52227	70 
52228	449 
52229	412 
52230	1272 
52231	128 
52232	797 
52233	1194 
52234	930 
52235	470 
52236	285 
52237	360 
52238	1608 
52239	1583 
52240	1783 
52241	340 
52242	1679 
52243	699 
52244	737 
52245	1723 
52246	242 
52247	107 
52248	225 
52249	1718 
52250	688 
52251	146 
52252	608 
52253	1614 
52254	42 
52255	1062 
52256	1236 
52257	452 
52258	1073 
52259	810 
52260	1426 
52261	414 
52262	1282 
52263	105 
52264	643 
52265	25 
52266	1802 
52267	1628 
52268	336 
52269	1597 
52270	1630 
52271	662 
52272	259 
52273	385 
52274	961 
52275	722 
52276	1411 
52277	748 
52278	284 
52279	1369 
52280	217 
52281	68 
52282	1153 
52283	341 
52284	557 
52285	367 
52286	698 
52287	344 
52288	407 
52289	930 
52290	1243 
52291	318 
52292	667 
52293	1583 
52294	920 
52295	486 
52296	1726 
52297	1380 
52298	1319 
52299	1013 
52300	574 
52301	1374 
52302	921 
52303	367 
52304	347 
52305	1645 
52306	683 
52307	715 
52308	33 
52309	1733 
52310	1070 
52311	331 
52312	57 
52313	596 
52314	1213 
52315	170 
52316	221 
52317	1432 
52318	464 
52319	1138 
52320	741 
52321	550 
52322	1348 
52323	1814 
52324	939 
52325	1678 
52326	709 
52327	1645 
52328	1064 
52329	421 
52330	944 
52331	1220 
52332	353 
52333	248 
52334	1378 
52335	1553 
52336	198 
52337	345 
52338	291 
52339	1407 
52340	1378 
52341	904 
52342	1438 
52343	1311 
52344	864 
52345	232 
52346	163 
52347	892 
52348	1358 
52349	832 
52350	1488 
52351	625 
52352	158 
52353	143 
52354	1369 
52355	319 
52356	1021 
52357	843 
52358	802 
52359	1271 
52360	662 
52361	1790 
52362	843 
52363	1540 
52364	1387 
52365	796 
52366	130 
52367	417 
52368	411 
52369	468 
52370	1843 
52371	1264 
52372	1391 
52373	482 
52374	579 
52375	1336 
52376	40 
52377	1369 
52378	1648 
52379	1367 
52380	1812 
52381	1743 
52382	981 
52383	169 
52384	1471 
52385	1398 
52386	814 
52387	1409 
52388	216 
52389	783 
52390	840 
52391	1771 
52392	456 
52393	55 
52394	1376 
52395	1738 
52396	722 
52397	832 
52398	456 
52399	482 
52400	575 
52401	716 
52402	320 
52403	188 
52404	1845 
52405	69 
52406	697 
52407	1228 
52408	1113 
52409	571 
52410	8 
52411	544 
52412	1712 
52413	60 
52414	1587 
52415	256 
52416	1367 
52417	1293 
52418	1801 
52419	812 
52420	1286 
52421	391 
52422	982 
52423	701 
52424	1143 
52425	194 
52426	604 
52427	1655 
52428	889 
52429	1313 
52430	80 
52431	271 
52432	835 
52433	10 
52434	1322 
52435	952 
52436	646 
52437	646 
52438	1632 
52439	1689 
52440	155 
52441	11 
52442	338 
52443	1264 
52444	1815 
52445	662 
52446	1723 
52447	225 
52448	481 
52449	73 
52450	1030 
52451	1585 
52452	1625 
52453	1532 
52454	1280 
52455	890 
52456	87 
52457	1091 
52458	424 
52459	1084 
52460	1663 
52461	82 
52462	967 
52463	1618 
52464	623 
52465	1486 
52466	135 
52467	271 
52468	565 
52469	167 
52470	1515 
52471	576 
52472	668 
52473	353 
52474	127 
52475	1021 
52476	1684 
52477	41 
52478	908 
52479	107 
52480	776 
52481	363 
52482	708 
52483	1048 
52484	454 
52485	1004 
52486	89 
52487	1036 
52488	655 
52489	591 
52490	47 
52491	144 
52492	692 
52493	1120 
52494	1515 
52495	1641 
52496	330 
52497	1841 
52498	1765 
52499	1259 
52500	272 
52501	1513 
52502	21 
52503	711 
52504	1612 
52505	911 
52506	522 
52507	1095 
52508	12 
52509	553 
52510	787 
52511	1336 
52512	1420 
52513	1806 
52514	312 
52515	1498 
52516	1063 
52517	317 
52518	1576 
52519	356 
52520	1024 
52521	1826 
52522	1639 
52523	824 
52524	331 
52525	1489 
52526	1397 
52527	1550 
52528	1611 
52529	919 
52530	376 
52531	1114 
52532	1340 
52533	1504 
52534	1376 
52535	1331 
52536	368 
52537	499 
52538	1340 
52539	465 
52540	801 
52541	1273 
52542	56 
52543	764 
52544	1266 
52545	697 
52546	172 
52547	1828 
52548	315 
52549	1769 
52550	92 
52551	1775 
52552	1848 
52553	80 
52554	857 
52555	1016 
52556	1754 
52557	93 
52558	1722 
52559	19 
52560	1482 
52561	807 
52562	113 
52563	798 
52564	145 
52565	543 
52566	1399 
52567	487 
52568	203 
52569	356 
52570	200 
52571	360 
52572	1368 
52573	908 
52574	232 
52575	1028 
52576	1511 
52577	349 
52578	354 
52579	41 
52580	1538 
52581	154 
52582	1778 
52583	1381 
52584	1628 
52585	323 
52586	698 
52587	1092 
52588	1382 
52589	98 
52590	769 
52591	1004 
52592	98 
52593	1147 
52594	1503 
52595	192 
52596	632 
52597	1190 
52598	338 
52599	1750 
52600	438 
52601	25 
52602	1293 
52603	1188 
52604	1381 
52605	422 
52606	1498 
52607	1830 
52608	33 
52609	20 
52610	956 
52611	1748 
52612	56 
52613	1728 
52614	466 
52615	814 
52616	721 
52617	724 
52618	175 
52619	1245 
52620	1432 
52621	683 
52622	814 
52623	10 
52624	864 
52625	1836 
52626	829 
52627	704 
52628	1141 
52629	1796 
52630	1445 
52631	1774 
52632	1733 
52633	1028 
52634	624 
52635	1516 
52636	901 
52637	1106 
52638	1131 
52639	1836 
52640	599 
52641	527 
52642	1219 
52643	876 
52644	1704 
52645	1350 
52646	6 
52647	1107 
52648	1530 
52649	212 
52650	48 
52651	1298 
52652	889 
52653	232 
52654	1348 
52655	565 
52656	1835 
52657	170 
52658	1664 
52659	817 
52660	1348 
52661	520 
52662	1676 
52663	1539 
52664	927 
52665	1256 
52666	1158 
52667	568 
52668	993 
52669	1659 
52670	889 
52671	1342 
52672	958 
52673	1564 
52674	344 
52675	1587 
52676	1578 
52677	1270 
52678	545 
52679	1706 
52680	162 
52681	1647 
52682	662 
52683	143 
52684	193 
52685	1614 
52686	482 
52687	322 
52688	436 
52689	1412 
52690	482 
52691	256 
52692	181 
52693	1647 
52694	1138 
52695	882 
52696	131 
52697	1857 
52698	843 
52699	377 
52700	320 
52701	568 
52702	1287 
52703	665 
52704	155 
52705	998 
52706	1316 
52707	591 
52708	805 
52709	1791 
52710	278 
52711	1362 
52712	1296 
52713	1102 
52714	513 
52715	1749 
52716	1139 
52717	1277 
52718	1465 
52719	889 
52720	521 
52721	733 
52722	22 
52723	432 
52724	1384 
52725	428 
52726	1585 
52727	832 
52728	1243 
52729	330 
52730	1794 
52731	1555 
52732	510 
52733	1744 
52734	599 
52735	923 
52736	596 
52737	3 
52738	1441 
52739	1525 
52740	1672 
52741	1650 
52742	754 
52743	1098 
52744	1486 
52745	303 
52746	1511 
52747	393 
52748	1780 
52749	424 
52750	1694 
52751	200 
52752	204 
52753	1713 
52754	911 
52755	767 
52756	397 
52757	1228 
52758	1155 
52759	1571 
52760	895 
52761	377 
52762	1538 
52763	286 
52764	941 
52765	449 
52766	291 
52767	375 
52768	1564 
52769	1473 
52770	1802 
52771	852 
52772	217 
52773	1658 
52774	110 
52775	605 
52776	131 
52777	1301 
52778	1321 
52779	771 
52780	1697 
52781	1283 
52782	798 
52783	217 
52784	299 
52785	1338 
52786	1063 
52787	487 
52788	357 
52789	1425 
52790	591 
52791	1086 
52792	533 
52793	1663 
52794	1755 
52795	311 
52796	941 
52797	998 
52798	1843 
52799	380 
52800	996 
52801	1080 
52802	1772 
52803	59 
52804	504 
52805	1197 
52806	688 
52807	1643 
52808	1508 
52809	863 
52810	214 
52811	290 
52812	814 
52813	1510 
52814	1221 
52815	821 
52816	1281 
52817	1709 
52818	622 
52819	1380 
52820	1695 
52821	698 
52822	553 
52823	367 
52824	1758 
52825	345 
52826	371 
52827	942 
52828	633 
52829	758 
52830	556 
52831	858 
52832	1221 
52833	361 
52834	1103 
52835	890 
52836	921 
52837	1233 
52838	164 
52839	33 
52840	996 
52841	574 
52842	1682 
52843	1006 
52844	216 
52845	1752 
52846	1273 
52847	1110 
52848	1004 
52849	904 
52850	1363 
52851	1789 
52852	1579 
52853	1120 
52854	805 
52855	451 
52856	611 
52857	731 
52858	974 
52859	1138 
52860	666 
52861	560 
52862	1188 
52863	1058 
52864	954 
52865	789 
52866	404 
52867	788 
52868	130 
52869	1733 
52870	919 
52871	983 
52872	1124 
52873	322 
52874	170 
52875	356 
52876	98 
52877	364 
52878	105 
52879	1388 
52880	36 
52881	97 
52882	1438 
52883	7 
52884	461 
52885	864 
52886	858 
52887	921 
52888	569 
52889	808 
52890	911 
52891	1088 
52892	226 
52893	1643 
52894	482 
52895	1806 
52896	1786 
52897	1541 
52898	360 
52899	1532 
52900	1622 
52901	151 
52902	162 
52903	1746 
52904	1794 
52905	1233 
52906	276 
52907	1062 
52908	314 
52909	383 
52910	1614 
52911	1394 
52912	534 
52913	463 
52914	136 
52915	202 
52916	709 
52917	1024 
52918	1735 
52919	1318 
52920	565 
52921	144 
52922	1703 
52923	1653 
52924	1781 
52925	179 
52926	686 
52927	862 
52928	1733 
52929	1238 
52930	557 
52931	1097 
52932	919 
52933	205 
52934	535 
52935	578 
52936	1335 
52937	1781 
52938	1524 
52939	535 
52940	584 
52941	487 
52942	1584 
52943	879 
52944	131 
52945	876 
52946	1421 
52947	1723 
52948	353 
52949	1080 
52950	1463 
52951	1633 
52952	1071 
52953	1157 
52954	490 
52955	1340 
52956	234 
52957	1337 
52958	169 
52959	741 
52960	682 
52961	880 
52962	1039 
52963	563 
52964	1438 
52965	1466 
52966	920 
52967	1024 
52968	684 
52969	1317 
52970	1821 
52971	1284 
52972	1332 
52973	1003 
52974	423 
52975	1841 
52976	1426 
52977	67 
52978	1729 
52979	1532 
52980	13 
52981	1615 
52982	1362 
52983	1054 
52984	1733 
52985	603 
52986	1451 
52987	1746 
52988	974 
52989	13 
52990	1592 
52991	1179 
52992	77 
52993	1311 
52994	1197 
52995	1828 
52996	890 
52997	798 
52998	1515 
52999	1599 
53000	409 
53001	533 
53002	1341 
53003	1592 
53004	127 
53005	238 
53006	557 
53007	1753 
53008	1821 
53009	1758 
53010	1531 
53011	1756 
53012	413 
53013	1021 
53014	1217 
53015	81 
53016	1246 
53017	1738 
53018	809 
53019	447 
53020	920 
53021	662 
53022	71 
53023	806 
53024	324 
53025	409 
53026	993 
53027	384 
53028	1248 
53029	259 
53030	1413 
53031	1301 
53032	1539 
53033	1348 
53034	49 
53035	146 
53036	478 
53037	1010 
53038	1101 
53039	186 
53040	319 
53041	14 
53042	319 
53043	1191 
53044	267 
53045	1831 
53046	456 
53047	60 
53048	237 
53049	162 
53050	1694 
53051	4 
53052	487 
53053	1451 
53054	996 
53055	1114 
53056	444 
53057	285 
53058	48 
53059	1409 
53060	633 
53061	221 
53062	1788 
53063	1028 
53064	1848 
53065	1850 
53066	574 
53067	721 
53068	170 
53069	632 
53070	1373 
53071	1378 
53072	506 
53073	567 
53074	1469 
53075	1155 
53076	818 
53077	729 
53078	1671 
53079	1758 
53080	1609 
53081	1749 
53082	1840 
53083	42 
53084	1415 
53085	95 
53086	1642 
53087	587 
53088	231 
53089	1765 
53090	870 
53091	730 
53092	1857 
53093	1704 
53094	1173 
53095	1792 
53096	267 
53097	756 
53098	211 
53099	1407 
53100	1042 
53101	1718 
53102	144 
53103	1307 
53104	1840 
53105	775 
53106	1508 
53107	233 
53108	643 
53109	1250 
53110	882 
53111	806 
53112	826 
53113	1622 
53114	867 
53115	449 
53116	658 
53117	470 
53118	1643 
53119	338 
53120	1750 
53121	435 
53122	709 
53123	458 
53124	880 
53125	546 
53126	1362 
53127	1369 
53128	889 
53129	319 
53130	1250 
53131	1039 
53132	331 
53133	204 
53134	1856 
53135	391 
53136	1164 
53137	988 
53138	1147 
53139	115 
53140	330 
53141	1328 
53142	155 
53143	1399 
53144	931 
53145	421 
53146	29 
53147	1003 
53148	1278 
53149	1744 
53150	1712 
53151	815 
53152	1583 
53153	258 
53154	47 
53155	573 
53156	776 
53157	1191 
53158	199 
53159	1648 
53160	788 
53161	1400 
53162	461 
53163	1047 
53164	436 
53165	433 
53166	658 
53167	1776 
53168	836 
53169	282 
53170	597 
53171	1857 
53172	383 
53173	1578 
53174	1025 
53175	894 
53176	1513 
53177	721 
53178	877 
53179	225 
53180	1115 
53181	153 
53182	1417 
53183	661 
53184	19 
53185	1653 
53186	16 
53187	1454 
53188	1101 
53189	1503 
53190	1181 
53191	16 
53192	1355 
53193	1814 
53194	120 
53195	1078 
53196	1542 
53197	1694 
53198	424 
53199	513 
53200	1426 
53201	1593 
53202	1078 
53203	14 
53204	836 
53205	1274 
53206	1415 
53207	1370 
53208	612 
53209	324 
53210	400 
53211	144 
53212	1597 
53213	422 
53214	836 
53215	465 
53216	36 
53217	977 
53218	1376 
53219	1196 
53220	996 
53221	1264 
53222	621 
53223	1236 
53224	797 
53225	748 
53226	1340 
53227	272 
53228	1143 
53229	1068 
53230	1062 
53231	1670 
53232	522 
53233	1662 
53234	1506 
53235	1445 
53236	564 
53237	76 
53238	1791 
53239	367 
53240	1328 
53241	1778 
53242	748 
53243	775 
53244	1765 
53245	908 
53246	1358 
53247	65 
53248	537 
53249	213 
53250	1520 
53251	234 
53252	1599 
53253	1418 
53254	1760 
53255	1801 
53256	1831 
53257	1562 
53258	1212 
53259	514 
53260	1712 
53261	907 
53262	1625 
53263	1853 
53264	598 
53265	119 
53266	127 
53267	1769 
53268	1315 
53269	633 
53270	267 
53271	1073 
53272	1345 
53273	308 
53274	70 
53275	939 
53276	1348 
53277	876 
53278	857 
53279	1733 
53280	1369 
53281	431 
53282	1706 
53283	89 
53284	234 
53285	1527 
53286	1638 
53287	1080 
53288	1400 
53289	4 
53290	1328 
53291	361 
53292	458 
53293	1498 
53294	766 
53295	1291 
53296	579 
53297	658 
53298	567 
53299	354 
53300	323 
53301	1718 
53302	276 
53303	120 
53304	942 
53305	626 
53306	564 
53307	1735 
53308	399 
53309	1759 
53310	613 
53311	785 
53312	533 
53313	128 
53314	398 
53315	1570 
53316	1286 
53317	1514 
53318	1210 
53319	73 
53320	291 
53321	1611 
53322	903 
53323	1153 
53324	762 
53325	1384 
53326	466 
53327	968 
53328	1706 
53329	769 
53330	1138 
53331	715 
53332	1645 
53333	1794 
53334	1025 
53335	1643 
53336	800 
53337	1672 
53338	1130 
53339	1502 
53340	892 
53341	1030 
53342	20 
53343	1318 
53344	1143 
53345	1758 
53346	1498 
53347	924 
53348	1183 
53349	703 
53350	1547 
53351	557 
53352	591 
53353	1335 
53354	443 
53355	876 
53356	249 
53357	1289 
53358	385 
53359	1164 
53360	191 
53361	980 
53362	1528 
53363	1349 
53364	1455 
53365	302 
53366	1468 
53367	765 
53368	421 
53369	1311 
53370	226 
53371	845 
53372	1597 
53373	188 
53374	380 
53375	568 
53376	1120 
53377	1396 
53378	1653 
53379	232 
53380	418 
53381	138 
53382	274 
53383	317 
53384	1071 
53385	611 
53386	162 
53387	483 
53388	808 
53389	1743 
53390	984 
53391	1366 
53392	1381 
53393	1775 
53394	1191 
53395	842 
53396	554 
53397	1525 
53398	507 
53399	1588 
53400	539 
53401	813 
53402	974 
53403	1808 
53404	277 
53405	889 
53406	1277 
53407	1676 
53408	155 
53409	1073 
53410	1429 
53411	808 
53412	1709 
53413	1527 
53414	1053 
53415	1337 
53416	1293 
53417	1161 
53418	331 
53419	1609 
53420	267 
53421	410 
53422	710 
53423	535 
53424	871 
53425	685 
53426	1840 
53427	1332 
53428	1755 
53429	793 
53430	919 
53431	1833 
53432	931 
53433	396 
53434	974 
53435	94 
53436	1545 
53437	8 
53438	1013 
53439	802 
53440	1653 
53441	214 
53442	1584 
53443	1120 
53444	6 
53445	1372 
53446	1313 
53447	1369 
53448	751 
53449	691 
53450	1703 
53451	145 
53452	4 
53453	1308 
53454	931 
53455	323 
53456	843 
53457	1153 
53458	196 
53459	421 
53460	289 
53461	105 
53462	1271 
53463	1658 
53464	257 
53465	980 
53466	1019 
53467	82 
53468	14 
53469	1733 
53470	1272 
53471	382 
53472	1554 
53473	1226 
53474	131 
53475	1707 
53476	573 
53477	864 
53478	597 
53479	888 
53480	1400 
53481	1566 
53482	73 
53483	269 
53484	976 
53485	655 
53486	50 
53487	1069 
53488	1271 
53489	539 
53490	266 
53491	1516 
53492	1063 
53493	1746 
53494	1781 
53495	286 
53496	1553 
53497	1257 
53498	369 
53499	330 
53500	1187 
53501	1153 
53502	1080 
53503	362 
53504	947 
53505	1438 
53506	281 
53507	1293 
53508	1317 
53509	900 
53510	1505 
53511	1228 
53512	145 
53513	1293 
53514	1480 
53515	599 
53516	1266 
53517	393 
53518	1479 
53519	277 
53520	75 
53521	776 
53522	426 
53523	852 
53524	427 
53525	1681 
53526	1578 
53527	1005 
53528	1648 
53529	1631 
53530	373 
53531	1755 
53532	69 
53533	258 
53534	789 
53535	1293 
53536	1207 
53537	1162 
53538	1384 
53539	788 
53540	699 
53541	383 
53542	256 
53543	1625 
53544	1130 
53545	1527 
53546	1326 
53547	1498 
53548	872 
53549	523 
53550	535 
53551	1576 
53552	950 
53553	1718 
53554	498 
53555	1610 
53556	51 
53557	1727 
53558	951 
53559	1456 
53560	1658 
53561	703 
53562	721 
53563	1045 
53564	1482 
53565	1528 
53566	8 
53567	1042 
53568	236 
53569	1629 
53570	1775 
53571	880 
53572	1426 
53573	1677 
53574	1282 
53575	143 
53576	46 
53577	1473 
53578	202 
53579	351 
53580	481 
53581	506 
53582	699 
53583	1539 
53584	867 
53585	1769 
53586	758 
53587	892 
53588	249 
53589	1318 
53590	997 
53591	1071 
53592	892 
53593	1211 
53594	1015 
53595	1106 
53596	930 
53597	1775 
53598	356 
53599	903 
53600	990 
53601	922 
53602	762 
53603	137 
53604	981 
53605	1333 
53606	88 
53607	804 
53608	1284 
53609	1733 
53610	1482 
53611	1706 
53612	1677 
53613	1760 
53614	1548 
53615	1480 
53616	436 
53617	1745 
53618	1028 
53619	782 
53620	507 
53621	203 
53622	1514 
53623	1469 
53624	653 
53625	553 
53626	906 
53627	1190 
53628	1041 
53629	1608 
53630	1024 
53631	410 
53632	867 
53633	256 
53634	876 
53635	892 
53636	1630 
53637	695 
53638	1190 
53639	527 
53640	1296 
53641	1554 
53642	337 
53643	135 
53644	1056 
53645	363 
53646	1045 
53647	1317 
53648	1564 
53649	339 
53650	175 
53651	717 
53652	1256 
53653	298 
53654	510 
53655	1161 
53656	1839 
53657	282 
53658	1233 
53659	174 
53660	888 
53661	876 
53662	1658 
53663	798 
53664	1428 
53665	1706 
53666	1506 
53667	835 
53668	1855 
53669	1566 
53670	1161 
53671	146 
53672	202 
53673	1114 
53674	4 
53675	788 
53676	1801 
53677	1461 
53678	1539 
53679	646 
53680	221 
53681	421 
53682	730 
53683	1806 
53684	1055 
53685	259 
53686	1124 
53687	1426 
53688	292 
53689	463 
53690	458 
53691	1086 
53692	836 
53693	881 
53694	779 
53695	492 
53696	1362 
53697	1663 
53698	730 
53699	203 
53700	1515 
53701	1207 
53702	1633 
53703	992 
53704	692 
53705	1287 
53706	567 
53707	24 
53708	1116 
53709	337 
53710	1325 
53711	1049 
53712	1139 
53713	409 
53714	1596 
53715	1801 
53716	1226 
53717	1752 
53718	1045 
53719	232 
53720	876 
53721	1045 
53722	1409 
53723	622 
53724	1091 
53725	962 
53726	522 
53727	997 
53728	542 
53729	1714 
53730	1333 
53731	1350 
53732	129 
53733	1672 
53734	877 
53735	522 
53736	744 
53737	1733 
53738	773 
53739	1223 
53740	1570 
53741	1019 
53742	941 
53743	1004 
53744	1413 
53745	1672 
53746	424 
53747	910 
53748	1751 
53749	806 
53750	856 
53751	650 
53752	682 
53753	1788 
53754	812 
53755	1193 
53756	1517 
53757	711 
53758	1754 
53759	602 
53760	599 
53761	211 
53762	331 
53763	962 
53764	469 
53765	741 
53766	1086 
53767	216 
53768	1380 
53769	1097 
53770	1128 
53771	226 
53772	303 
53773	958 
53774	1623 
53775	292 
53776	421 
53777	901 
53778	1718 
53779	1575 
53780	534 
53781	249 
53782	1774 
53783	1256 
53784	1415 
53785	1412 
53786	1313 
53787	1286 
53788	1463 
53789	1274 
53790	912 
53791	864 
53792	1362 
53793	1272 
53794	412 
53795	530 
53796	1129 
53797	1732 
53798	1335 
53799	613 
53800	1140 
53801	30 
53802	130 
53803	42 
53804	1220 
53805	199 
53806	1824 
53807	969 
53808	62 
53809	614 
53810	1721 
53811	130 
53812	45 
53813	1091 
53814	617 
53815	808 
53816	920 
53817	1527 
53818	764 
53819	1428 
53820	1324 
53821	787 
53822	782 
53823	315 
53824	22 
53825	565 
53826	1568 
53827	1625 
53828	176 
53829	917 
53830	69 
53831	539 
53832	666 
53833	782 
53834	1120 
53835	332 
53836	510 
53837	591 
53838	1039 
53839	487 
53840	48 
53841	42 
53842	1761 
53843	1516 
53844	165 
53845	69 
53846	1281 
53847	267 
53848	1709 
53849	1643 
53850	1714 
53851	1696 
53852	82 
53853	48 
53854	982 
53855	845 
53856	25 
53857	1388 
53858	527 
53859	435 
53860	1341 
53861	1391 
53862	1048 
53863	8 
53864	387 
53865	307 
53866	595 
53867	1114 
53868	130 
53869	201 
53870	204 
53871	1164 
53872	855 
53873	353 
53874	1823 
53875	1226 
53876	131 
53877	561 
53878	1807 
53879	167 
53880	258 
53881	916 
53882	1533 
53883	457 
53884	1226 
53885	72 
53886	626 
53887	191 
53888	952 
53889	19 
53890	662 
53891	530 
53892	1841 
53893	1246 
53894	171 
53895	215 
53896	1345 
53897	1163 
53898	1091 
53899	1397 
53900	1072 
53901	1539 
53902	136 
53903	520 
53904	787 
53905	1618 
53906	394 
53907	237 
53908	1516 
53909	1185 
53910	1272 
53911	1024 
53912	1662 
53913	376 
53914	1019 
53915	1371 
53916	1004 
53917	1677 
53918	846 
53919	1758 
53920	911 
53921	490 
53922	1671 
53923	1128 
53924	1520 
53925	1239 
53926	1274 
53927	1749 
53928	700 
53929	428 
53930	605 
53931	461 
53932	582 
53933	1236 
53934	1004 
53935	185 
53936	80 
53937	130 
53938	284 
53939	530 
53940	1503 
53941	533 
53942	703 
53943	203 
53944	1781 
53945	41 
53946	790 
53947	446 
53948	1007 
53949	1849 
53950	1601 
53951	1688 
53952	1502 
53953	535 
53954	535 
53955	237 
53956	1467 
53957	1035 
53958	729 
53959	65 
53960	1688 
53961	699 
53962	1562 
53963	1676 
53964	332 
53965	917 
53966	161 
53967	1040 
53968	1304 
53969	739 
53970	219 
53971	747 
53972	829 
53973	1113 
53974	749 
53975	1421 
53976	331 
53977	1115 
53978	1384 
53979	890 
53980	1418 
53981	249 
53982	1262 
53983	1701 
53984	199 
53985	1598 
53986	595 
53987	907 
53988	1236 
53989	1112 
53990	226 
53991	1722 
53992	1775 
53993	1420 
53994	880 
53995	621 
53996	1790 
53997	818 
53998	1177 
53999	327 
54000	322 
54001	602 
54002	731 
54003	1726 
54004	1 
54005	1294 
54006	123 
54007	529 
54008	465 
54009	46 
54010	1337 
54011	1814 
54012	805 
54013	503 
54014	1283 
54015	651 
54016	497 
54017	1462 
54018	1286 
54019	1661 
54020	373 
54021	1082 
54022	340 
54023	317 
54024	395 
54025	1384 
54026	1386 
54027	1781 
54028	529 
54029	805 
54030	75 
54031	1516 
54032	1752 
54033	715 
54034	997 
54035	1662 
54036	397 
54037	1468 
54038	1025 
54039	1395 
54040	843 
54041	584 
54042	499 
54043	483 
54044	1435 
54045	1019 
54046	1083 
54047	995 
54048	1497 
54049	1341 
54050	1068 
54051	1513 
54052	1119 
54053	574 
54054	502 
54055	591 
54056	51 
54057	1728 
54058	10 
54059	1465 
54060	303 
54061	1696 
54062	1828 
54063	322 
54064	1245 
54065	1769 
54066	612 
54067	574 
54068	864 
54069	892 
54070	1054 
54071	1539 
54072	1760 
54073	1107 
54074	675 
54075	1042 
54076	877 
54077	1671 
54078	158 
54079	1461 
54080	959 
54081	258 
54082	398 
54083	82 
54084	397 
54085	258 
54086	1112 
54087	1560 
54088	1726 
54089	1726 
54090	385 
54091	1049 
54092	1502 
54093	881 
54094	178 
54095	24 
54096	21 
54097	1223 
54098	1161 
54099	1524 
54100	1381 
54101	42 
54102	1005 
54103	1473 
54104	158 
54105	769 
54106	1025 
54107	1432 
54108	152 
54109	76 
54110	1726 
54111	162 
54112	1845 
54113	487 
54114	1332 
54115	1694 
54116	913 
54117	1366 
54118	1272 
54119	1696 
54120	234 
54121	171 
54122	1062 
54123	114 
54124	523 
54125	1151 
54126	1062 
54127	1721 
54128	97 
54129	1426 
54130	1514 
54131	211 
54132	1263 
54133	47 
54134	736 
54135	1645 
54136	1322 
54137	1026 
54138	846 
54139	1755 
54140	1282 
54141	215 
54142	1412 
54143	1755 
54144	611 
54145	1566 
54146	988 
54147	1024 
54148	258 
54149	33 
54150	818 
54151	790 
54152	1575 
54153	895 
54154	1321 
54155	1080 
54156	45 
54157	920 
54158	1345 
54159	1527 
54160	789 
54161	1817 
54162	1595 
54163	452 
54164	1694 
54165	24 
54166	36 
54167	1208 
54168	788 
54169	308 
54170	257 
54171	1337 
54172	444 
54173	877 
54174	772 
54175	1527 
54176	1753 
54177	1074 
54178	1607 
54179	383 
54180	612 
54181	1787 
54182	1610 
54183	1032 
54184	1338 
54185	578 
54186	1769 
54187	1503 
54188	1245 
54189	229 
54190	529 
54191	1097 
54192	762 
54193	1308 
54194	1029 
54195	804 
54196	974 
54197	533 
54198	46 
54199	992 
54200	1426 
54201	661 
54202	249 
54203	1362 
54204	754 
54205	420 
54206	973 
54207	1647 
54208	323 
54209	1360 
54210	209 
54211	427 
54212	12 
54213	1386 
54214	356 
54215	1141 
54216	56 
54217	734 
54218	836 
54219	456 
54220	1732 
54221	1824 
54222	1263 
54223	1583 
54224	269 
54225	1367 
54226	211 
54227	415 
54228	631 
54229	1403 
54230	1320 
54231	82 
54232	147 
54233	1390 
54234	1115 
54235	733 
54236	289 
54237	1486 
54238	622 
54239	1722 
54240	1643 
54241	563 
54242	1161 
54243	1594 
54244	1595 
54245	1183 
54246	994 
54247	919 
54248	558 
54249	62 
54250	1671 
54251	1272 
54252	1571 
54253	1443 
54254	1223 
54255	1296 
54256	998 
54257	1786 
54258	791 
54259	1643 
54260	880 
54261	411 
54262	1492 
54263	765 
54264	1682 
54265	205 
54266	649 
54267	14 
54268	1781 
54269	1019 
54270	540 
54271	1714 
54272	61 
54273	69 
54274	1378 
54275	114 
54276	700 
54277	53 
54278	229 
54279	1529 
54280	1722 
54281	736 
54282	1450 
54283	411 
54284	995 
54285	54 
54286	295 
54287	410 
54288	1840 
54289	1039 
54290	1745 
54291	377 
54292	1036 
54293	534 
54294	997 
54295	1564 
54296	1662 
54297	911 
54298	1248 
54299	821 
54300	598 
54301	1368 
54302	1830 
54303	2 
54304	721 
54305	1163 
54306	51 
54307	1465 
54308	87 
54309	911 
54310	529 
54311	266 
54312	225 
54313	1427 
54314	189 
54315	1327 
54316	769 
54317	538 
54318	1824 
54319	1461 
54320	1362 
54321	1063 
54322	1701 
54323	233 
54324	1387 
54325	1675 
54326	1554 
54327	170 
54328	1183 
54329	76 
54330	383 
54331	826 
54332	1207 
54333	142 
54334	1413 
54335	469 
54336	473 
54337	539 
54338	1325 
54339	1841 
54340	236 
54341	1480 
54342	1697 
54343	1450 
54344	416 
54345	588 
54346	1164 
54347	397 
54348	876 
54349	650 
54350	806 
54351	864 
54352	1845 
54353	557 
54354	178 
54355	1068 
54356	314 
54357	1722 
54358	210 
54359	1153 
54360	1039 
54361	444 
54362	787 
54363	58 
54364	1659 
54365	278 
54366	71 
54367	1101 
54368	1098 
54369	1703 
54370	188 
54371	556 
54372	813 
54373	233 
54374	317 
54375	377 
54376	1647 
54377	853 
54378	732 
54379	877 
54380	853 
54381	1588 
54382	1246 
54383	424 
54384	205 
54385	1341 
54386	436 
54387	1412 
54388	409 
54389	380 
54390	801 
54391	381 
54392	1048 
54393	1274 
54394	1272 
54395	1112 
54396	920 
54397	881 
54398	1162 
54399	911 
54400	1222 
54401	406 
54402	331 
54403	699 
54404	796 
54405	806 
54406	1708 
54407	1715 
54408	1131 
54409	1463 
54410	729 
54411	784 
54412	767 
54413	783 
54414	1490 
54415	1335 
54416	222 
54417	1076 
54418	1236 
54419	782 
54420	1052 
54421	1539 
54422	943 
54423	372 
54424	1578 
54425	1480 
54426	1508 
54427	23 
54428	1163 
54429	1660 
54430	411 
54431	826 
54432	695 
54433	470 
54434	1163 
54435	227 
54436	363 
54437	1185 
54438	324 
54439	1567 
54440	1341 
54441	1377 
54442	382 
54443	143 
54444	688 
54445	1337 
54446	249 
54447	1756 
54448	769 
54449	345 
54450	452 
54451	385 
54452	1117 
54453	1457 
54454	1337 
54455	1814 
54456	420 
54457	308 
54458	1478 
54459	734 
54460	946 
54461	1421 
54462	884 
54463	1476 
54464	1467 
54465	1073 
54466	1436 
54467	216 
54468	628 
54469	1131 
54470	1359 
54471	249 
54472	404 
54473	1845 
54474	465 
54475	876 
54476	1254 
54477	1688 
54478	418 
54479	819 
54480	277 
54481	1746 
54482	98 
54483	204 
54484	1758 
54485	1855 
54486	1128 
54487	8 
54488	621 
54489	277 
54490	1091 
54491	1661 
54492	1415 
54493	71 
54494	628 
54495	6 
54496	1157 
54497	1143 
54498	1506 
54499	790 
54500	758 
54501	1296 
54502	563 
54503	358 
54504	334 
54505	1505 
54506	1748 
54507	456 
54508	384 
54509	170 
54510	353 
54511	672 
54512	504 
54513	61 
54514	66 
54515	162 
54516	920 
54517	1032 
54518	308 
54519	845 
54520	1220 
54521	185 
54522	1688 
54523	732 
54524	1836 
54525	135 
54526	1047 
54527	136 
54528	709 
54529	416 
54530	906 
54531	1042 
54532	1322 
54533	802 
54534	1639 
54535	907 
54536	155 
54537	1435 
54538	1587 
54539	886 
54540	30 
54541	989 
54542	1852 
54543	417 
54544	322 
54545	1714 
54546	1073 
54547	889 
54548	1528 
54549	604 
54550	1603 
54551	277 
54552	215 
54553	1116 
54554	1759 
54555	380 
54556	445 
54557	672 
54558	1082 
54559	154 
54560	1080 
54561	1069 
54562	339 
54563	1504 
54564	1587 
54565	596 
54566	756 
54567	1455 
54568	814 
54569	1045 
54570	411 
54571	1662 
54572	308 
54573	867 
54574	480 
54575	924 
54576	893 
54577	446 
54578	691 
54579	923 
54580	1532 
54581	1628 
54582	1597 
54583	723 
54584	1648 
54585	662 
54586	1526 
54587	153 
54588	1615 
54589	922 
54590	1095 
54591	1256 
54592	1143 
54593	892 
54594	747 
54595	1486 
54596	539 
54597	930 
54598	80 
54599	637 
54600	1117 
54601	1233 
54602	1425 
54603	773 
54604	1721 
54605	1587 
54606	1659 
54607	287 
54608	1610 
54609	1629 
54610	994 
54611	927 
54612	821 
54613	420 
54614	1153 
54615	470 
54616	1661 
54617	38 
54618	1188 
54619	1689 
54620	1567 
54621	30 
54622	449 
54623	877 
54624	1120 
54625	993 
54626	553 
54627	1471 
54628	465 
54629	1437 
54630	19 
54631	1063 
54632	469 
54633	1510 
54634	15 
54635	154 
54636	788 
54637	490 
54638	373 
54639	1346 
54640	356 
54641	47 
54642	556 
54643	7 
54644	138 
54645	1728 
54646	1498 
54647	25 
54648	57 
54649	345 
54650	1688 
54651	693 
54652	57 
54653	1362 
54654	1362 
54655	1438 
54656	535 
54657	234 
54658	1735 
54659	1610 
54660	1486 
54661	1578 
54662	256 
54663	394 
54664	787 
54665	867 
54666	1566 
54667	863 
54668	394 
54669	1823 
54670	1337 
54671	1583 
54672	499 
54673	693 
54674	1140 
54675	908 
54676	1853 
54677	836 
54678	564 
54679	596 
54680	1456 
54681	232 
54682	1239 
54683	686 
54684	285 
54685	729 
54686	1259 
54687	1839 
54688	56 
54689	1218 
54690	1260 
54691	1437 
54692	138 
54693	582 
54694	624 
54695	1143 
54696	1062 
54697	818 
54698	1024 
54699	456 
54700	916 
54701	1110 
54702	98 
54703	222 
54704	779 
54705	1630 
54706	1283 
54707	410 
54708	749 
54709	115 
54710	584 
54711	603 
54712	625 
54713	1655 
54714	845 
54715	1239 
54716	499 
54717	988 
54718	1151 
54719	440 
54720	164 
54721	1444 
54722	405 
54723	579 
54724	1311 
54725	1790 
54726	201 
54727	156 
54728	824 
54729	237 
54730	456 
54731	1790 
54732	1709 
54733	1434 
54734	1015 
54735	436 
54736	1001 
54737	1048 
54738	1192 
54739	1092 
54740	1201 
54741	415 
54742	1671 
54743	1068 
54744	1510 
54745	86 
54746	845 
54747	1273 
54748	1786 
54749	890 
54750	1609 
54751	762 
54752	460 
54753	1426 
54754	191 
54755	1490 
54756	1380 
54757	1338 
54758	672 
54759	129 
54760	1273 
54761	1462 
54762	1735 
54763	795 
54764	867 
54765	1645 
54766	1275 
54767	829 
54768	1781 
54769	1471 
54770	258 
54771	692 
54772	1771 
54773	324 
54774	247 
54775	1853 
54776	1482 
54777	492 
54778	1243 
54779	1696 
54780	1064 
54781	1727 
54782	1727 
54783	846 
54784	801 
54785	1517 
54786	556 
54787	466 
54788	193 
54789	1791 
54790	1367 
54791	800 
54792	242 
54793	146 
54794	851 
54795	910 
54796	764 
54797	1162 
54798	976 
54799	460 
54800	242 
54801	1629 
54802	81 
54803	1463 
54804	782 
54805	24 
54806	1709 
54807	889 
54808	1528 
54809	1545 
54810	1562 
54811	99 
54812	1836 
54813	1445 
54814	732 
54815	357 
54816	1692 
54817	1028 
54818	1322 
54819	1286 
54820	70 
54821	497 
54822	73 
54823	1349 
54824	1348 
54825	1223 
54826	1824 
54827	334 
54828	1576 
54829	62 
54830	559 
54831	60 
54832	1333 
54833	318 
54834	774 
54835	993 
54836	187 
54837	266 
54838	312 
54839	1143 
54840	353 
54841	1021 
54842	878 
54843	256 
54844	19 
54845	1517 
54846	1112 
54847	1410 
54848	771 
54849	121 
54850	711 
54851	51 
54852	1524 
54853	597 
54854	1040 
54855	946 
54856	1026 
54857	617 
54858	1421 
54859	573 
54860	830 
54861	907 
54862	1659 
54863	520 
54864	533 
54865	1179 
54866	1102 
54867	71 
54868	308 
54869	400 
54870	1266 
54871	1479 
54872	422 
54873	989 
54874	1360 
54875	24 
54876	988 
54877	205 
54878	295 
54879	19 
54880	236 
54881	363 
54882	18 
54883	983 
54884	993 
54885	1186 
54886	672 
54887	1647 
54888	234 
54889	1256 
54890	174 
54891	147 
54892	1445 
54893	1755 
54894	123 
54895	277 
54896	112 
54897	1748 
54898	444 
54899	1661 
54900	1627 
54901	767 
54902	790 
54903	1168 
54904	1260 
54905	416 
54906	1672 
54907	920 
54908	968 
54909	1618 
54910	733 
54911	1300 
54912	1068 
54913	247 
54914	541 
54915	1293 
54916	1194 
54917	1139 
54918	815 
54919	49 
54920	1218 
54921	888 
54922	20 
54923	40 
54924	1824 
54925	864 
54926	920 
54927	816 
54928	1801 
54929	853 
54930	564 
54931	221 
54932	1293 
54933	911 
54934	1032 
54935	1549 
54936	952 
54937	380 
54938	199 
54939	277 
54940	145 
54941	232 
54942	398 
54943	1316 
54944	1332 
54945	1827 
54946	470 
54947	364 
54948	1776 
54949	594 
54950	871 
54951	1128 
54952	612 
54953	124 
54954	1344 
54955	748 
54956	1091 
54957	886 
54958	1346 
54959	1034 
54960	785 
54961	411 
54962	994 
54963	851 
54964	1751 
54965	1857 
54966	1384 
54967	1486 
54968	1781 
54969	1346 
54970	644 
54971	1850 
54972	2 
54973	1102 
54974	303 
54975	973 
54976	399 
54977	1713 
54978	563 
54979	1421 
54980	698 
54981	237 
54982	1611 
54983	813 
54984	469 
54985	646 
54986	711 
54987	1226 
54988	51 
54989	284 
54990	1554 
54991	506 
54992	1751 
54993	1304 
54994	1374 
54995	963 
54996	383 
54997	788 
54998	152 
54999	1062 
55000	621 
55001	1510 
55002	851 
55003	813 
55004	876 
55005	400 
55006	1150 
55007	1106 
55008	981 
55009	1003 
55010	1639 
55011	387 
55012	554 
55013	1409 
55014	526 
55015	1673 
55016	1128 
55017	1210 
55018	1633 
55019	425 
55020	578 
55021	829 
55022	381 
55023	553 
55024	468 
55025	1019 
55026	578 
55027	1039 
55028	1030 
55029	1362 
55030	1771 
55031	3 
55032	1188 
55033	599 
55034	788 
55035	465 
55036	1524 
55037	161 
55038	931 
55039	216 
55040	870 
55041	685 
55042	391 
55043	1080 
55044	879 
55045	1173 
55046	367 
55047	1597 
55048	6 
55049	7 
55050	1085 
55051	698 
55052	1843 
55053	334 
55054	324 
55055	201 
55056	344 
55057	1412 
55058	892 
55059	1218 
55060	130 
55061	131 
55062	1413 
55063	70 
55064	695 
55065	137 
55066	94 
55067	449 
55068	894 
55069	127 
55070	1015 
55071	632 
55072	692 
55073	1304 
55074	542 
55075	692 
55076	1830 
55077	1598 
55078	1220 
55079	1692 
55080	1843 
55081	612 
55082	1380 
55083	699 
55084	1465 
55085	1748 
55086	232 
55087	587 
55088	1263 
55089	758 
55090	1663 
55091	1551 
55092	1218 
55093	1671 
55094	1322 
55095	399 
55096	675 
55097	1841 
55098	1527 
55099	888 
55100	1210 
55101	703 
55102	1086 
55103	1743 
55104	339 
55105	1845 
55106	1629 
55107	1445 
55108	1141 
55109	369 
55110	809 
55111	412 
55112	1486 
55113	785 
55114	1273 
55115	62 
55116	1527 
55117	1254 
55118	409 
55119	130 
55120	872 
55121	1076 
55122	1824 
55123	1161 
55124	1772 
55125	544 
55126	972 
55127	317 
55128	588 
55129	1029 
55130	1246 
55131	1143 
55132	1490 
55133	75 
55134	1480 
55135	371 
55136	850 
55137	1516 
55138	769 
55139	353 
55140	1672 
55141	1221 
55142	187 
55143	1746 
55144	1266 
55145	893 
55146	818 
55147	561 
55148	1408 
55149	1703 
55150	930 
55151	286 
55152	1743 
55153	416 
55154	1677 
55155	1333 
55156	1650 
55157	51 
55158	983 
55159	788 
55160	357 
55161	124 
55162	98 
55163	1164 
55164	1830 
55165	699 
55166	1304 
55167	1147 
55168	1765 
55169	730 
55170	1322 
55171	212 
55172	1289 
55173	92 
55174	1588 
55175	4 
55176	782 
55177	356 
55178	1399 
55179	1308 
55180	257 
55181	531 
55182	804 
55183	218 
55184	253 
55185	1572 
55186	490 
55187	1263 
55188	921 
55189	836 
55190	262 
55191	1728 
55192	400 
55193	1503 
55194	540 
55195	1514 
55196	94 
55197	1238 
55198	1358 
55199	4 
55200	33 
55201	1120 
55202	1218 
55203	324 
55204	7 
55205	455 
55206	21 
55207	884 
55208	1221 
55209	921 
55210	764 
55211	1041 
55212	811 
55213	154 
55214	1064 
55215	71 
55216	82 
55217	1760 
55218	108 
55219	14 
55220	1769 
55221	1115 
55222	1197 
55223	643 
55224	1345 
55225	1317 
55226	779 
55227	599 
55228	1838 
55229	21 
55230	836 
55231	10 
55232	1852 
55233	1490 
55234	1310 
55235	540 
55236	835 
55237	1162 
55238	1362 
55239	1790 
55240	323 
55241	1835 
55242	201 
55243	1126 
55244	1657 
55245	1748 
55246	496 
55247	1760 
55248	1612 
55249	410 
55250	417 
55251	461 
55252	1005 
55253	560 
55254	1735 
55255	308 
55256	1368 
55257	1564 
55258	1706 
55259	223 
55260	1101 
55261	429 
55262	1674 
55263	1628 
55264	368 
55265	490 
55266	1746 
55267	556 
55268	1769 
55269	357 
55270	230 
55271	633 
55272	840 
55273	649 
55274	179 
55275	1765 
55276	1062 
55277	944 
55278	1760 
55279	1138 
55280	163 
55281	1583 
55282	1358 
55283	554 
55284	697 
55285	1203 
55286	209 
55287	404 
55288	533 
55289	721 
55290	735 
55291	420 
55292	315 
55293	1527 
55294	868 
55295	832 
55296	144 
55297	242 
55298	66 
55299	203 
55300	1578 
55301	115 
55302	1001 
55303	1333 
55304	835 
55305	640 
55306	1286 
55307	1185 
55308	692 
55309	340 
55310	523 
55311	808 
55312	1516 
55313	1660 
55314	758 
55315	1035 
55316	130 
55317	1728 
55318	144 
55319	406 
55320	217 
55321	1065 
55322	435 
55323	677 
55324	1175 
55325	682 
55326	804 
55327	765 
55328	482 
55329	1039 
55330	114 
55331	1810 
55332	824 
55333	830 
55334	1341 
55335	540 
55336	165 
55337	868 
55338	470 
55339	1082 
55340	956 
55341	53 
55342	889 
55343	376 
55344	1064 
55345	1527 
55346	1759 
55347	892 
55348	513 
55349	461 
55350	1246 
55351	790 
55352	217 
55353	65 
55354	377 
55355	1421 
55356	1087 
55357	272 
55358	1369 
55359	420 
55360	1566 
55361	1498 
55362	1842 
55363	604 
55364	1786 
55365	94 
55366	1333 
55367	872 
55368	249 
55369	868 
55370	277 
55371	1850 
55372	1845 
55373	1773 
55374	48 
55375	1579 
55376	99 
55377	598 
55378	20 
55379	1131 
55380	1653 
55381	1412 
55382	320 
55383	376 
55384	1616 
55385	832 
55386	1260 
55387	461 
55388	1042 
55389	1282 
55390	1083 
55391	1407 
55392	1082 
55393	1188 
55394	1127 
55395	1653 
55396	582 
55397	377 
55398	1344 
55399	10 
55400	1162 
55401	28 
55402	296 
55403	881 
55404	1181 
55405	682 
55406	916 
55407	1629 
55408	458 
55409	1294 
55410	973 
55411	189 
55412	21 
55413	280 
55414	867 
55415	436 
55416	522 
55417	154 
55418	331 
55419	308 
55420	1067 
55421	1465 
55422	1019 
55423	1718 
55424	1272 
55425	1570 
55426	1497 
55427	871 
55428	1847 
55429	257 
55430	1528 
55431	1451 
55432	1128 
55433	1358 
55434	1427 
55435	315 
55436	699 
55437	1726 
55438	1564 
55439	845 
55440	893 
55441	89 
55442	1013 
55443	1772 
55444	385 
55445	431 
55446	1071 
55447	1841 
55448	430 
55449	320 
55450	1376 
55451	1775 
55452	1322 
55453	1486 
55454	276 
55455	1314 
55456	152 
55457	1220 
55458	1758 
55459	533 
55460	1270 
55461	1409 
55462	51 
55463	624 
55464	700 
55465	738 
55466	163 
55467	1486 
55468	731 
55469	1032 
55470	187 
55471	1322 
55472	1579 
55473	1352 
55474	1233 
55475	1220 
55476	961 
55477	1603 
55478	425 
55479	1289 
55480	862 
55481	470 
55482	698 
55483	1639 
55484	461 
55485	204 
55486	1814 
55487	1224 
55488	456 
55489	426 
55490	1755 
55491	1478 
55492	1498 
55493	697 
55494	1358 
55495	1101 
55496	830 
55497	1317 
55498	24 
55499	1120 
55500	455 
55501	28 
55502	1663 
55503	535 
55504	404 
55505	1296 
55506	1194 
55507	1229 
55508	721 
55509	20 
55510	715 
55511	699 
55512	778 
55513	754 
55514	497 
55515	1287 
55516	1554 
55517	247 
55518	1594 
55519	983 
55520	1022 
55521	1349 
55522	176 
55523	61 
55524	567 
55525	1143 
55526	1073 
55527	364 
55528	1505 
55529	48 
55530	308 
55531	469 
55532	1362 
55533	1529 
55534	1858 
55535	876 
55536	22 
55537	1001 
55538	87 
55539	1131 
55540	490 
55541	112 
55542	1608 
55543	1120 
55544	383 
55545	462 
55546	862 
55547	1377 
55548	1345 
55549	1597 
55550	131 
55551	961 
55552	804 
55553	787 
55554	1040 
55555	409 
55556	129 
55557	1768 
55558	769 
55559	1513 
55560	137 
55561	1749 
55562	1514 
55563	858 
55564	400 
55565	735 
55566	25 
55567	75 
55568	1098 
55569	836 
55570	1412 
55571	1025 
55572	1169 
55573	354 
55574	1424 
55575	469 
55576	292 
55577	129 
55578	1188 
55579	1629 
55580	1445 
55581	753 
55582	199 
55583	461 
55584	1578 
55585	984 
55586	1785 
55587	29 
55588	889 
55589	1706 
55590	1473 
55591	331 
55592	835 
55593	383 
55594	889 
55595	1855 
55596	1161 
55597	1207 
55598	1849 
55599	1638 
55600	1497 
55601	1726 
55602	456 
55603	1222 
55604	1207 
55605	1139 
55606	946 
55607	1258 
55608	97 
55609	1578 
55610	533 
55611	80 
55612	1856 
55613	368 
55614	845 
55615	1147 
55616	1471 
55617	779 
55618	295 
55619	845 
55620	411 
55621	1828 
55622	307 
55623	383 
55624	57 
55625	465 
55626	1208 
55627	24 
55628	21 
55629	1729 
55630	683 
55631	1221 
55632	908 
55633	1794 
55634	1589 
55635	564 
55636	835 
55637	95 
55638	1217 
55639	1648 
55640	708 
55641	597 
55642	482 
55643	1539 
55644	291 
55645	1733 
55646	1427 
55647	1362 
55648	567 
55649	30 
55650	57 
55651	738 
55652	1840 
55653	1540 
55654	974 
55655	744 
55656	1028 
55657	1707 
55658	818 
55659	1600 
55660	1282 
55661	1082 
55662	1696 
55663	1071 
55664	762 
55665	7 
55666	1114 
55667	1264 
55668	534 
55669	179 
55670	67 
55671	1348 
55672	129 
55673	1369 
55674	258 
55675	1369 
55676	605 
55677	1282 
55678	896 
55679	1257 
55680	1338 
55681	862 
55682	284 
55683	51 
55684	473 
55685	759 
55686	1335 
55687	720 
55688	315 
55689	544 
55690	90 
55691	238 
55692	650 
55693	76 
55694	1203 
55695	1486 
55696	1705 
55697	573 
55698	1849 
55699	397 
55700	568 
55701	1539 
55702	18 
55703	1814 
55704	425 
55705	1696 
55706	1400 
55707	57 
55708	560 
55709	400 
55710	1040 
55711	1219 
55712	140 
55713	1387 
55714	775 
55715	1498 
55716	214 
55717	1465 
55718	62 
55719	130 
55720	1426 
55721	1282 
55722	126 
55723	715 
55724	424 
55725	1648 
55726	1328 
55727	1473 
55728	131 
55729	1007 
55730	808 
55731	1452 
55732	204 
55733	1603 
55734	968 
55735	586 
55736	1841 
55737	692 
55738	988 
55739	1835 
55740	1019 
55741	1771 
55742	533 
55743	1814 
55744	368 
55745	356 
55746	724 
55747	1579 
55748	6 
55749	1677 
55750	410 
55751	865 
55752	1153 
55753	85 
55754	341 
55755	1318 
55756	1630 
55757	787 
55758	924 
55759	1067 
55760	10 
55761	1070 
55762	468 
55763	989 
55764	411 
55765	327 
55766	1491 
55767	1040 
55768	1735 
55769	1348 
55770	1845 
55771	803 
55772	406 
55773	4 
55774	397 
55775	723 
55776	6 
55777	446 
55778	1222 
55779	1322 
55780	591 
55781	20 
55782	339 
55783	1138 
55784	1380 
55785	1628 
55786	278 
55787	1080 
55788	668 
55789	1806 
55790	341 
55791	1203 
55792	591 
55793	1821 
55794	1342 
55795	1606 
55796	1733 
55797	527 
55798	1352 
55799	1248 
55800	1594 
55801	373 
55802	377 
55803	235 
55804	41 
55805	383 
55806	858 
55807	1409 
55808	553 
55809	775 
55810	54 
55811	921 
55812	892 
55813	1080 
55814	1035 
55815	686 
55816	1088 
55817	6 
55818	340 
55819	38 
55820	1437 
55821	1015 
55822	1539 
55823	542 
55824	1516 
55825	1643 
55826	421 
55827	598 
55828	95 
55829	1516 
55830	1262 
55831	1226 
55832	1586 
55833	1691 
55834	541 
55835	1039 
55836	1630 
55837	105 
55838	98 
55839	1284 
55840	701 
55841	903 
55842	982 
55843	482 
55844	451 
55845	292 
55846	29 
55847	1114 
55848	1286 
55849	1086 
55850	417 
55851	632 
55852	1160 
55853	229 
55854	356 
55855	371 
55856	76 
55857	1709 
55858	482 
55859	1808 
55860	864 
55861	1408 
55862	201 
55863	1638 
55864	787 
55865	975 
55866	1701 
55867	48 
55868	41 
55869	1257 
55870	1609 
55871	493 
55872	319 
55873	1470 
55874	888 
55875	1215 
55876	495 
55877	130 
55878	63 
55879	1065 
55880	377 
55881	1437 
55882	729 
55883	7 
55884	499 
55885	55 
55886	1164 
55887	968 
55888	242 
55889	889 
55890	1791 
55891	188 
55892	212 
55893	1025 
55894	1765 
55895	303 
55896	1527 
55897	1004 
55898	785 
55899	1639 
55900	473 
55901	454 
55902	602 
55903	867 
55904	183 
55905	814 
55906	783 
55907	667 
55908	880 
55909	211 
55910	966 
55911	470 
55912	344 
55913	130 
55914	1150 
55915	258 
55916	842 
55917	104 
55918	1632 
55919	1203 
55920	695 
55921	801 
55922	731 
55923	621 
55924	1143 
55925	716 
55926	596 
55927	530 
55928	569 
55929	411 
55930	1751 
55931	1633 
55932	1287 
55933	1220 
55934	1267 
55935	1170 
55936	99 
55937	1775 
55938	1642 
55939	495 
55940	262 
55941	41 
55942	864 
55943	1326 
55944	387 
55945	1599 
55946	853 
55947	1514 
55948	871 
55949	628 
55950	6 
55951	1150 
55952	1449 
55953	864 
55954	6 
55955	1578 
55956	888 
55957	1143 
55958	1056 
55959	572 
55960	1080 
55961	444 
55962	1807 
55963	1735 
55964	1687 
55965	1262 
55966	455 
55967	1595 
55968	1688 
55969	1296 
55970	1705 
55971	1335 
55972	285 
55973	1078 
55974	1190 
55975	3 
55976	1823 
55977	1807 
55978	637 
55979	1630 
55980	493 
55981	542 
55982	836 
55983	1790 
55984	369 
55985	1059 
55986	260 
55987	1348 
55988	377 
55989	451 
55990	16 
55991	1463 
55992	1217 
55993	221 
55994	473 
55995	461 
55996	482 
55997	321 
55998	1118 
55999	1412 
56000	1528 
56001	363 
56002	1520 
56003	1027 
56004	1733 
56005	1162 
56006	802 
56007	852 
56008	1564 
56009	216 
56010	1163 
56011	925 
56012	1592 
56013	651 
56014	319 
56015	1755 
56016	176 
56017	284 
56018	869 
56019	911 
56020	1220 
56021	414 
56022	1798 
56023	950 
56024	129 
56025	1774 
56026	1369 
56027	145 
56028	1366 
56029	325 
56030	1236 
56031	1514 
56032	1072 
56033	493 
56034	762 
56035	667 
56036	229 
56037	574 
56038	1324 
56039	394 
56040	1572 
56041	482 
56042	225 
56043	1721 
56044	930 
56045	1004 
56046	182 
56047	557 
56048	1161 
56049	1778 
56050	597 
56051	1709 
56052	701 
56053	531 
56054	856 
56055	243 
56056	821 
56057	436 
56058	480 
56059	1782 
56060	1071 
56061	881 
56062	59 
56063	115 
56064	420 
56065	21 
56066	295 
56067	1643 
56068	407 
56069	1843 
56070	1577 
56071	1010 
56072	41 
56073	1548 
56074	1850 
56075	1714 
56076	1226 
56077	417 
56078	1226 
56079	1489 
56080	1084 
56081	729 
56082	56 
56083	1600 
56084	1344 
56085	411 
56086	334 
56087	1629 
56088	686 
56089	852 
56090	1075 
56091	1528 
56092	307 
56093	1243 
56094	19 
56095	1316 
56096	1444 
56097	1578 
56098	1183 
56099	1352 
56100	1318 
56101	1246 
56102	1163 
56103	1645 
56104	451 
56105	1064 
56106	917 
56107	1769 
56108	651 
56109	1102 
56110	819 
56111	762 
56112	1551 
56113	921 
56114	211 
56115	163 
56116	444 
56117	744 
56118	735 
56119	573 
56120	880 
56121	1776 
56122	1062 
56123	1367 
56124	930 
56125	1004 
56126	1412 
56127	73 
56128	981 
56129	82 
56130	1376 
56131	1088 
56132	1183 
56133	1806 
56134	651 
56135	466 
56136	1648 
56137	341 
56138	1289 
56139	1783 
56140	1845 
56141	1830 
56142	1445 
56143	232 
56144	1280 
56145	1822 
56146	1822 
56147	1197 
56148	1814 
56149	1712 
56150	466 
56151	857 
56152	1231 
56153	238 
56154	860 
56155	1415 
56156	373 
56157	533 
56158	8 
56159	919 
56160	1575 
56161	1254 
56162	1062 
56163	773 
56164	1153 
56165	1217 
56166	1838 
56167	1796 
56168	1284 
56169	658 
56170	806 
56171	308 
56172	872 
56173	1283 
56174	56 
56175	147 
56176	930 
56177	758 
56178	976 
56179	1643 
56180	131 
56181	1437 
56182	16 
56183	1775 
56184	216 
56185	91 
56186	1070 
56187	360 
56188	1400 
56189	363 
56190	1845 
56191	7 
56192	599 
56193	502 
56194	1153 
56195	788 
56196	1313 
56197	533 
56198	773 
56199	221 
56200	449 
56201	133 
56202	1298 
56203	282 
56204	611 
56205	686 
56206	1344 
56207	391 
56208	407 
56209	502 
56210	67 
56211	1287 
56212	1035 
56213	1807 
56214	435 
56215	354 
56216	1281 
56217	1028 
56218	1360 
56219	1437 
56220	1525 
56221	554 
56222	470 
56223	1675 
56224	1578 
56225	374 
56226	1362 
56227	1120 
56228	1337 
56229	481 
56230	1445 
56231	1658 
56232	126 
56233	322 
56234	342 
56235	452 
56236	1431 
56237	187 
56238	51 
56239	1648 
56240	369 
56241	1790 
56242	295 
56243	502 
56244	1403 
56245	257 
56246	1039 
56247	1286 
56248	383 
56249	295 
56250	994 
56251	1141 
56252	876 
56253	130 
56254	1010 
56255	287 
56256	734 
56257	1243 
56258	330 
56259	156 
56260	1789 
56261	949 
56262	420 
56263	1696 
56264	353 
56265	567 
56266	611 
56267	1331 
56268	162 
56269	1771 
56270	1601 
56271	1477 
56272	951 
56273	556 
56274	1760 
56275	430 
56276	1662 
56277	1735 
56278	355 
56279	731 
56280	1772 
56281	171 
56282	460 
56283	168 
56284	819 
56285	1452 
56286	1663 
56287	565 
56288	274 
56289	65 
56290	1765 
56291	1313 
56292	613 
56293	545 
56294	931 
56295	1057 
56296	542 
56297	744 
56298	62 
56299	418 
56300	961 
56301	1118 
56302	1259 
56303	171 
56304	48 
56305	526 
56306	1358 
56307	1360 
56308	807 
56309	1162 
56310	513 
56311	1025 
56312	1080 
56313	808 
56314	819 
56315	258 
56316	53 
56317	1600 
56318	686 
56319	1790 
56320	1048 
56321	1689 
56322	542 
56323	1465 
56324	242 
56325	221 
56326	94 
56327	203 
56328	1643 
56329	739 
56330	1452 
56331	563 
56332	974 
56333	322 
56334	232 
56335	238 
56336	318 
56337	613 
56338	123 
56339	135 
56340	340 
56341	21 
56342	430 
56343	1409 
56344	722 
56345	1504 
56346	344 
56347	127 
56348	817 
56349	1406 
56350	958 
56351	274 
56352	792 
56353	146 
56354	1468 
56355	596 
56356	1337 
56357	1789 
56358	1286 
56359	33 
56360	10 
56361	491 
56362	478 
56363	1272 
56364	76 
56365	1368 
56366	318 
56367	338 
56368	1281 
56369	153 
56370	1529 
56371	1790 
56372	1188 
56373	1025 
56374	497 
56375	1217 
56376	1583 
56377	1715 
56378	1102 
56379	262 
56380	8 
56381	894 
56382	688 
56383	129 
56384	903 
56385	731 
56386	1612 
56387	423 
56388	876 
56389	1246 
56390	470 
56391	989 
56392	685 
56393	411 
56394	583 
56395	715 
56396	1684 
56397	188 
56398	1102 
56399	764 
56400	1767 
56401	89 
56402	709 
56403	1359 
56404	613 
56405	587 
56406	1514 
56407	801 
56408	890 
56409	1840 
56410	259 
56411	1085 
56412	1048 
56413	6 
56414	1399 
56415	667 
56416	1554 
56417	1603 
56418	864 
56419	1019 
56420	428 
56421	1661 
56422	917 
56423	656 
56424	1208 
56425	1525 
56426	579 
56427	373 
56428	1831 
56429	86 
56430	11 
56431	1031 
56432	801 
56433	913 
56434	487 
56435	1517 
56436	331 
56437	1233 
56438	1515 
56439	1547 
56440	1746 
56441	586 
56442	266 
56443	762 
56444	397 
56445	1778 
56446	818 
56447	373 
56448	1427 
56449	161 
56450	6 
56451	98 
56452	1562 
56453	989 
56454	907 
56455	814 
56456	1320 
56457	1822 
56458	1578 
56459	146 
56460	282 
56461	290 
56462	744 
56463	516 
56464	1802 
56465	1192 
56466	1647 
56467	1194 
56468	1068 
56469	20 
56470	374 
56471	921 
56472	278 
56473	1168 
56474	1140 
56475	1062 
56476	622 
56477	821 
56478	1748 
56479	563 
56480	789 
56481	376 
56482	698 
56483	1504 
56484	1627 
56485	1780 
56486	84 
56487	1117 
56488	152 
56489	1525 
56490	69 
56491	1449 
56492	284 
56493	201 
56494	972 
56495	1576 
56496	4 
56497	1006 
56498	443 
56499	1482 
56500	1528 
56501	1630 
56502	1001 
56503	802 
56504	1128 
56505	835 
56506	765 
56507	397 
56508	205 
56509	994 
56510	540 
56511	1726 
56512	1609 
56513	258 
56514	1760 
56515	257 
56516	1075 
56517	270 
56518	230 
56519	18 
56520	1400 
56521	959 
56522	739 
56523	1760 
56524	1321 
56525	919 
56526	1084 
56527	401 
56528	75 
56529	1578 
56530	1647 
56531	543 
56532	565 
56533	493 
56534	1400 
56535	70 
56536	461 
56537	961 
56538	273 
56539	213 
56540	1528 
56541	377 
56542	423 
56543	1549 
56544	1325 
56545	331 
56546	1653 
56547	1005 
56548	404 
56549	1786 
56550	1438 
56551	342 
56552	502 
56553	1035 
56554	723 
56555	658 
56556	1394 
56557	1774 
56558	1794 
56559	1333 
56560	1504 
56561	176 
56562	1428 
56563	1238 
56564	906 
56565	759 
56566	1385 
56567	1007 
56568	1063 
56569	1701 
56570	1709 
56571	199 
56572	289 
56573	746 
56574	267 
56575	632 
56576	338 
56577	1287 
56578	1268 
56579	1753 
56580	1063 
56581	1450 
56582	1194 
56583	1227 
56584	1293 
56585	1677 
56586	557 
56587	529 
56588	11 
56589	591 
56590	1833 
56591	175 
56592	1823 
56593	1689 
56594	232 
56595	129 
56596	1371 
56597	1306 
56598	1316 
56599	282 
56600	1316 
56601	290 
56602	199 
56603	92 
56604	7 
56605	1729 
56606	1824 
56607	1449 
56608	216 
56609	355 
56610	1397 
56611	1074 
56612	391 
56613	1850 
56614	1647 
56615	1210 
56616	534 
56617	730 
56618	729 
56619	123 
56620	568 
56621	1317 
56622	380 
56623	991 
56624	954 
56625	1218 
56626	421 
56627	703 
56628	469 
56629	1358 
56630	1410 
56631	729 
56632	903 
56633	1705 
56634	654 
56635	568 
56636	1797 
56637	152 
56638	739 
56639	1203 
56640	661 
56641	983 
56642	1337 
56643	559 
56644	591 
56645	533 
56646	1671 
56647	1562 
56648	8 
56649	7 
56650	380 
56651	756 
56652	1563 
56653	1409 
56654	840 
56655	257 
56656	1262 
56657	1726 
56658	1438 
56659	58 
56660	1598 
56661	1395 
56662	56 
56663	1386 
56664	503 
56665	74 
56666	882 
56667	1035 
56668	1388 
56669	114 
56670	1257 
56671	553 
56672	1326 
56673	1369 
56674	1532 
56675	927 
56676	257 
56677	682 
56678	1603 
56679	1728 
56680	55 
56681	1293 
56682	769 
56683	385 
56684	828 
56685	146 
56686	813 
56687	1349 
56688	1263 
56689	1445 
56690	842 
56691	1409 
56692	1394 
56693	855 
56694	583 
56695	319 
56696	1161 
56697	342 
56698	1480 
56699	410 
56700	383 
56701	1074 
56702	62 
56703	994 
56704	363 
56705	69 
56706	1592 
56707	1176 
56708	510 
56709	584 
56710	1157 
56711	1191 
56712	919 
56713	47 
56714	819 
56715	383 
56716	1815 
56717	1092 
56718	33 
56719	1059 
56720	1700 
56721	66 
56722	624 
56723	1358 
56724	1539 
56725	159 
56726	1316 
56727	1669 
56728	1530 
56729	808 
56730	1296 
56731	422 
56732	25 
56733	1311 
56734	481 
56735	567 
56736	1660 
56737	1039 
56738	633 
56739	667 
56740	773 
56741	626 
56742	1000 
56743	1170 
56744	482 
56745	185 
56746	889 
56747	258 
56748	685 
56749	335 
56750	1493 
56751	1083 
56752	892 
56753	976 
56754	1282 
56755	1400 
56756	1124 
56757	1019 
56758	1734 
56759	445 
56760	888 
56761	1503 
56762	867 
56763	1056 
56764	461 
56765	1283 
56766	930 
56767	1532 
56768	889 
56769	1700 
56770	10 
56771	1296 
56772	311 
56773	1030 
56774	917 
56775	1019 
56776	527 
56777	1345 
56778	1308 
56779	836 
56780	1549 
56781	469 
56782	377 
56783	162 
56784	912 
56785	1434 
56786	1282 
56787	781 
56788	1127 
56789	1067 
56790	569 
56791	805 
56792	582 
56793	1714 
56794	772 
56795	1071 
56796	1774 
56797	1482 
56798	693 
56799	1462 
56800	1073 
56801	1321 
56802	153 
56803	842 
56804	988 
56805	793 
56806	1789 
56807	1358 
56808	1833 
56809	531 
56810	729 
56811	1649 
56812	1714 
56813	1706 
56814	183 
56815	493 
56816	1810 
56817	1810 
56818	123 
56819	369 
56820	340 
56821	1576 
56822	353 
56823	889 
56824	369 
56825	1782 
56826	542 
56827	1 
56828	472 
56829	1790 
56830	599 
56831	349 
56832	200 
56833	911 
56834	105 
56835	1518 
56836	98 
56837	131 
56838	1783 
56839	159 
56840	48 
56841	127 
56842	230 
56843	720 
56844	242 
56845	818 
56846	1789 
56847	1453 
56848	738 
56849	876 
56850	806 
56851	599 
56852	311 
56853	1098 
56854	733 
56855	1708 
56856	420 
56857	217 
56858	1208 
56859	709 
56860	1357 
56861	625 
56862	1778 
56863	1260 
56864	1396 
56865	211 
56866	344 
56867	1713 
56868	1 
56869	1647 
56870	312 
56871	219 
56872	1026 
56873	1838 
56874	1080 
56875	231 
56876	1589 
56877	1091 
56878	572 
56879	1414 
56880	1715 
56881	529 
56882	931 
56883	1789 
56884	355 
56885	108 
56886	1071 
56887	243 
56888	1005 
56889	613 
56890	1614 
56891	1308 
56892	1627 
56893	1052 
56894	1143 
56895	910 
56896	1715 
56897	114 
56898	871 
56899	1599 
56900	651 
56901	624 
56902	1101 
56903	164 
56904	1468 
56905	889 
56906	290 
56907	492 
56908	1733 
56909	478 
56910	1443 
56911	919 
56912	989 
56913	1708 
56914	493 
56915	1048 
56916	1664 
56917	801 
56918	503 
56919	879 
56920	1322 
56921	1643 
56922	1318 
56923	1408 
56924	579 
56925	1127 
56926	564 
56927	1743 
56928	504 
56929	33 
56930	633 
56931	1371 
56932	1005 
56933	727 
56934	111 
56935	1627 
56936	408 
56937	564 
56938	1229 
56939	384 
56940	4 
56941	1635 
56942	542 
56943	1540 
56944	989 
56945	422 
56946	81 
56947	748 
56948	14 
56949	128 
56950	511 
56951	446 
56952	958 
56953	337 
56954	1170 
56955	1128 
56956	1801 
56957	456 
56958	1396 
56959	1097 
56960	1830 
56961	818 
56962	410 
56963	1110 
56964	1030 
56965	1407 
56966	804 
56967	812 
56968	655 
56969	127 
56970	1554 
56971	709 
56972	1814 
56973	1706 
56974	1708 
56975	666 
56976	1052 
56977	1647 
56978	346 
56979	360 
56980	806 
56981	1130 
56982	1479 
56983	1746 
56984	1341 
56985	290 
56986	1830 
56987	553 
56988	1633 
56989	130 
56990	788 
56991	1088 
56992	277 
56993	98 
56994	693 
56995	1284 
56996	949 
56997	325 
56998	573 
56999	596 
57000	598 
57001	1282 
57002	1594 
57003	1684 
57004	815 
57005	908 
57006	1157 
57007	534 
57008	259 
57009	131 
57010	1161 
57011	1262 
57012	140 
57013	1689 
57014	959 
57015	1143 
57016	458 
57017	1473 
57018	13 
57019	1029 
57020	1310 
57021	533 
57022	1063 
57023	721 
57024	6 
57025	775 
57026	99 
57027	1443 
57028	1700 
57029	894 
57030	1333 
57031	1840 
57032	1677 
57033	152 
57034	1317 
57035	667 
57036	38 
57037	886 
57038	881 
57039	1153 
57040	911 
57041	1070 
57042	1342 
57043	1714 
57044	1221 
57045	614 
57046	398 
57047	1692 
57048	967 
57049	1317 
57050	401 
57051	435 
57052	2 
57053	4 
57054	1117 
57055	135 
57056	643 
57057	888 
57058	836 
57059	1445 
57060	961 
57061	1589 
57062	1759 
57063	171 
57064	1560 
57065	1614 
57066	1633 
57067	1026 
57068	1331 
57069	704 
57070	893 
57071	1733 
57072	363 
57073	55 
57074	907 
57075	1609 
57076	204 
57077	1714 
57078	996 
57079	1701 
57080	1398 
57081	1421 
57082	1245 
57083	1647 
57084	1486 
57085	1609 
57086	1647 
57087	1218 
57088	862 
57089	331 
57090	1426 
57091	599 
57092	646 
57093	394 
57094	1344 
57095	1170 
57096	1266 
57097	367 
57098	782 
57099	862 
57100	1631 
57101	1539 
57102	1597 
57103	1291 
57104	1801 
57105	1846 
57106	832 
57107	1578 
57108	545 
57109	782 
57110	461 
57111	48 
57112	1486 
57113	75 
57114	4 
57115	1223 
57116	1532 
57117	1539 
57118	542 
57119	1188 
57120	1758 
57121	89 
57122	1520 
57123	906 
57124	377 
57125	983 
57126	1453 
57127	1005 
57128	78 
57129	8 
57130	531 
57131	643 
57132	321 
57133	1753 
57134	1788 
57135	40 
57136	1847 
57137	788 
57138	23 
57139	1801 
57140	119 
57141	830 
57142	1498 
57143	576 
57144	1087 
57145	206 
57146	1704 
57147	693 
57148	1217 
57149	1246 
57150	989 
57151	1263 
57152	1725 
57153	1821 
57154	1056 
57155	756 
57156	274 
57157	672 
57158	878 
57159	499 
57160	318 
57161	842 
57162	922 
57163	1293 
57164	769 
57165	1506 
57166	568 
57167	1490 
57168	176 
57169	1207 
57170	1378 
57171	686 
57172	1070 
57173	418 
57174	843 
57175	95 
57176	1176 
57177	168 
57178	1272 
57179	41 
57180	319 
57181	78 
57182	1318 
57183	1706 
57184	187 
57185	247 
57186	1841 
57187	1319 
57188	398 
57189	808 
57190	596 
57191	1446 
57192	377 
57193	1532 
57194	1398 
57195	234 
57196	1635 
57197	1828 
57198	1045 
57199	1473 
57200	1357 
57201	78 
57202	1062 
57203	362 
57204	214 
57205	236 
57206	70 
57207	944 
57208	1056 
57209	557 
57210	1453 
57211	568 
57212	1286 
57213	93 
57214	1431 
57215	1138 
57216	1810 
57217	1598 
57218	534 
57219	1836 
57220	1160 
57221	1469 
57222	782 
57223	565 
57224	199 
57225	371 
57226	1211 
57227	863 
57228	420 
57229	888 
57230	1781 
57231	234 
57232	1703 
57233	818 
57234	994 
57235	845 
57236	1689 
57237	1304 
57238	540 
57239	1399 
57240	1579 
57241	612 
57242	782 
57243	988 
57244	1337 
57245	1091 
57246	1515 
57247	1233 
57248	1350 
57249	782 
57250	1273 
57251	1286 
57252	1635 
57253	862 
57254	234 
57255	1838 
57256	591 
57257	1476 
57258	1307 
57259	944 
57260	232 
57261	1758 
57262	1147 
57263	1147 
57264	1031 
57265	994 
57266	1415 
57267	1289 
57268	38 
57269	237 
57270	829 
57271	758 
57272	1847 
57273	281 
57274	48 
57275	1348 
57276	544 
57277	853 
57278	47 
57279	1021 
57280	1137 
57281	70 
57282	1400 
57283	767 
57284	568 
57285	1471 
57286	1743 
57287	1486 
57288	1233 
57289	277 
57290	824 
57291	646 
57292	655 
57293	1411 
57294	1609 
57295	562 
57296	52 
57297	734 
57298	36 
57299	1722 
57300	99 
57301	586 
57302	19 
57303	715 
57304	314 
57305	1321 
57306	1653 
57307	1080 
57308	1246 
57309	10 
57310	621 
57311	284 
57312	1513 
57313	1479 
57314	1004 
57315	1643 
57316	1407 
57317	1136 
57318	1789 
57319	61 
57320	1498 
57321	1473 
57322	944 
57323	1210 
57324	436 
57325	1384 
57326	1539 
57327	862 
57328	1743 
57329	578 
57330	146 
57331	1653 
57332	182 
57333	924 
57334	474 
57335	1328 
57336	171 
57337	1848 
57338	256 
57339	920 
57340	1124 
57341	144 
57342	733 
57343	1553 
57344	384 
57345	542 
57346	1639 
57347	1060 
57348	765 
57349	1101 
57350	1210 
57351	71 
57352	374 
57353	56 
57354	449 
57355	1425 
57356	1746 
57357	398 
57358	1314 
57359	1031 
57360	1703 
57361	918 
57362	1641 
57363	1502 
57364	1749 
57365	864 
57366	984 
57367	1397 
57368	1286 
57369	491 
57370	52 
57371	1525 
57372	1400 
57373	1519 
57374	249 
57375	1322 
57376	1533 
57377	1398 
57378	1258 
57379	1533 
57380	368 
57381	531 
57382	568 
57383	1486 
57384	199 
57385	1798 
57386	1744 
57387	1211 
57388	632 
57389	1344 
57390	579 
57391	80 
57392	1516 
57393	298 
57394	989 
57395	872 
57396	47 
57397	1280 
57398	19 
57399	1175 
57400	1807 
57401	568 
57402	967 
57403	174 
57404	25 
57405	533 
57406	715 
57407	1091 
57408	954 
57409	40 
57410	556 
57411	307 
57412	1755 
57413	922 
57414	1471 
57415	1474 
57416	582 
57417	1794 
57418	179 
57419	513 
57420	1194 
57421	658 
57422	363 
57423	699 
57424	530 
57425	465 
57426	1706 
57427	1194 
57428	579 
57429	976 
57430	611 
57431	1048 
57432	1525 
57433	10 
57434	569 
57435	126 
57436	769 
57437	267 
57438	1280 
57439	1828 
57440	529 
57441	686 
57442	1149 
57443	1004 
57444	458 
57445	906 
57446	470 
57447	92 
57448	1525 
57449	290 
57450	1468 
57451	1790 
57452	622 
57453	613 
57454	400 
57455	86 
57456	888 
57457	1625 
57458	1588 
57459	553 
57460	183 
57461	1561 
57462	223 
57463	75 
57464	77 
57465	567 
57466	540 
57467	383 
57468	354 
57469	543 
57470	867 
57471	1342 
57472	191 
57473	1643 
57474	282 
57475	1011 
57476	385 
57477	1207 
57478	74 
57479	1367 
57480	1318 
57481	931 
57482	519 
57483	1841 
57484	1662 
57485	996 
57486	631 
57487	315 
57488	1817 
57489	398 
57490	229 
57491	213 
57492	1547 
57493	997 
57494	1390 
57495	554 
57496	46 
57497	1163 
57498	658 
57499	1714 
57500	428 
57501	1578 
57502	693 
57503	1265 
57504	540 
57505	470 
57506	97 
57507	404 
57508	1327 
57509	1289 
57510	1598 
57511	819 
57512	136 
57513	720 
57514	387 
57515	672 
57516	394 
57517	1801 
57518	1321 
57519	1584 
57520	1259 
57521	461 
57522	459 
57523	152 
57524	637 
57525	1095 
57526	608 
57527	14 
57528	712 
57529	624 
57530	108 
57531	1807 
57532	40 
57533	1853 
57534	769 
57535	1157 
57536	209 
57537	360 
57538	1064 
57539	1627 
57540	8 
57541	1293 
57542	8 
57543	864 
57544	499 
57545	748 
57546	824 
57547	809 
57548	1085 
57549	699 
57550	472 
57551	553 
57552	435 
57553	672 
57554	1218 
57555	199 
57556	660 
57557	75 
57558	327 
57559	1321 
57560	1080 
57561	1027 
57562	95 
57563	1437 
57564	184 
57565	701 
57566	804 
57567	171 
57568	1495 
57569	290 
57570	1511 
57571	256 
57572	864 
57573	661 
57574	1138 
57575	1039 
57576	553 
57577	24 
57578	164 
57579	1426 
57580	1076 
57581	1684 
57582	1203 
57583	99 
57584	683 
57585	1294 
57586	1053 
57587	1709 
57588	990 
57589	344 
57590	144 
57591	1810 
57592	285 
57593	1743 
57594	41 
57595	1236 
57596	1384 
57597	1486 
57598	1506 
57599	1855 
57600	323 
57601	171 
57602	1060 
57603	1454 
57604	146 
57605	911 
57606	1219 
57607	1749 
57608	91 
57609	1498 
57610	1841 
57611	1218 
57612	420 
57613	596 
57614	920 
57615	1283 
57616	818 
57617	92 
57618	1101 
57619	734 
57620	522 
57621	1143 
57622	1744 
57623	1603 
57624	1220 
57625	1357 
57626	8 
57627	430 
57628	145 
57629	565 
57630	1359 
57631	1265 
57632	729 
57633	98 
57634	817 
57635	13 
57636	879 
57637	204 
57638	394 
57639	410 
57640	893 
57641	574 
57642	1520 
57643	1469 
57644	1468 
57645	238 
57646	1137 
57647	688 
57648	1340 
57649	1353 
57650	56 
57651	974 
57652	1823 
57653	643 
57654	893 
57655	234 
57656	76 
57657	178 
57658	1366 
57659	1097 
57660	994 
57661	722 
57662	1706 
57663	1118 
57664	1014 
57665	1781 
57666	762 
57667	1554 
57668	436 
57669	1001 
57670	1511 
57671	765 
57672	1348 
57673	1272 
57674	805 
57675	1503 
57676	1128 
57677	170 
57678	886 
57679	1344 
57680	1121 
57681	819 
57682	1772 
57683	826 
57684	1143 
57685	203 
57686	1101 
57687	292 
57688	273 
57689	852 
57690	1636 
57691	7 
57692	1371 
57693	1783 
57694	1091 
57695	1758 
57696	452 
57697	1527 
57698	444 
57699	159 
57700	387 
57701	1378 
57702	4 
57703	1759 
57704	229 
57705	472 
57706	1780 
57707	127 
57708	502 
57709	76 
57710	47 
57711	912 
57712	842 
57713	675 
57714	1318 
57715	1532 
57716	571 
57717	1709 
57718	804 
57719	807 
57720	394 
57721	7 
57722	1112 
57723	1340 
57724	174 
57725	178 
57726	983 
57727	334 
57728	1774 
57729	1577 
57730	466 
57731	1521 
57732	1335 
57733	1228 
57734	1335 
57735	764 
57736	415 
57737	587 
57738	1664 
57739	836 
57740	735 
57741	1300 
57742	1587 
57743	1823 
57744	1645 
57745	1511 
57746	504 
57747	542 
57748	1346 
57749	401 
57750	1060 
57751	603 
57752	1540 
57753	672 
57754	307 
57755	1014 
57756	1045 
57757	1358 
57758	171 
57759	40 
57760	414 
57761	1207 
57762	817 
57763	480 
57764	330 
57765	1080 
57766	277 
57767	1781 
57768	692 
57769	91 
57770	10 
57771	470 
57772	1410 
57773	1663 
57774	582 
57775	749 
57776	232 
57777	1471 
57778	419 
57779	199 
57780	588 
57781	1688 
57782	1114 
57783	1452 
57784	205 
57785	598 
57786	257 
57787	344 
57788	1333 
57789	1075 
57790	1091 
57791	1284 
57792	1506 
57793	840 
57794	105 
57795	1012 
57796	356 
57797	38 
57798	1554 
57799	612 
57800	654 
57801	893 
57802	1272 
57803	1039 
57804	1201 
57805	1139 
57806	85 
57807	808 
57808	76 
57809	423 
57810	893 
57811	656 
57812	857 
57813	1192 
57814	7 
57815	931 
57816	1044 
57817	1341 
57818	210 
57819	175 
57820	394 
57821	1840 
57822	534 
57823	1019 
57824	387 
57825	559 
57826	227 
57827	446 
57828	1075 
57829	1267 
57830	1574 
57831	144 
57832	52 
57833	1836 
57834	1497 
57835	217 
57836	1326 
57837	396 
57838	525 
57839	1823 
57840	1661 
57841	1697 
57842	1491 
57843	1701 
57844	519 
57845	1300 
57846	1520 
57847	1328 
57848	1391 
57849	1510 
57850	768 
57851	1097 
57852	446 
57853	445 
57854	203 
57855	1316 
57856	989 
57857	1335 
57858	1670 
57859	462 
57860	456 
57861	772 
57862	53 
57863	1539 
57864	916 
57865	1394 
57866	53 
57867	274 
57868	1797 
57869	274 
57870	1723 
57871	297 
57872	1326 
57873	1080 
57874	686 
57875	1420 
57876	1677 
57877	1540 
57878	895 
57879	174 
57880	1086 
57881	878 
57882	1263 
57883	1284 
57884	923 
57885	1335 
57886	135 
57887	835 
57888	1331 
57889	804 
57890	1783 
57891	1589 
57892	1576 
57893	1362 
57894	120 
57895	1610 
57896	596 
57897	148 
57898	959 
57899	1039 
57900	412 
57901	1088 
57902	596 
57903	796 
57904	916 
57905	321 
57906	892 
57907	645 
57908	213 
57909	1236 
57910	982 
57911	1664 
57912	1349 
57913	81 
57914	209 
57915	1698 
57916	1470 
57917	504 
57918	1083 
57919	19 
57920	818 
57921	202 
57922	74 
57923	20 
57924	700 
57925	544 
57926	1540 
57927	1308 
57928	1810 
57929	858 
57930	1197 
57931	927 
57932	1703 
57933	569 
57934	830 
57935	1806 
57936	753 
57937	997 
57938	1170 
57939	1040 
57940	1048 
57941	204 
57942	1625 
57943	1342 
57944	1627 
57945	1516 
57946	829 
57947	1482 
57948	554 
57949	1143 
57950	523 
57951	248 
57952	292 
57953	1112 
57954	69 
57955	801 
57956	640 
57957	218 
57958	440 
57959	424 
57960	1697 
57961	1409 
57962	1464 
57963	56 
57964	11 
57965	1782 
57966	535 
57967	931 
57968	376 
57969	249 
57970	1120 
57971	1273 
57972	1680 
57973	1513 
57974	579 
57975	91 
57976	418 
57977	841 
57978	1654 
57979	596 
57980	1653 
57981	1758 
57982	959 
57983	818 
57984	1245 
57985	800 
57986	599 
57987	542 
57988	1773 
57989	1028 
57990	1263 
57991	200 
57992	1578 
57993	910 
57994	1348 
57995	451 
57996	52 
57997	1579 
57998	635 
57999	1672 
58000	414 
58001	62 
58002	1369 
58003	1112 
58004	579 
58005	29 
58006	1128 
58007	1822 
58008	94 
58009	1294 
58010	545 
58011	1533 
58012	1579 
58013	1057 
58014	802 
58015	1400 
58016	1585 
58017	958 
58018	1076 
58019	146 
58020	911 
58021	1502 
58022	11 
58023	22 
58024	782 
58025	1729 
58026	1450 
58027	409 
58028	1056 
58029	1131 
58030	1268 
58031	1236 
58032	1450 
58033	170 
58034	568 
58035	1671 
58036	1361 
58037	299 
58038	14 
58039	1188 
58040	1438 
58041	22 
58042	1498 
58043	775 
58044	1503 
58045	633 
58046	530 
58047	1352 
58048	535 
58049	1511 
58050	407 
58051	410 
58052	1000 
58053	1376 
58054	1713 
58055	490 
58056	612 
58057	1336 
58058	1262 
58059	587 
58060	340 
58061	535 
58062	783 
58063	788 
58064	397 
58065	1071 
58066	315 
58067	611 
58068	1218 
58069	1157 
58070	1819 
58071	1421 
58072	1420 
58073	535 
58074	1203 
58075	112 
58076	758 
58077	974 
58078	553 
58079	893 
58080	338 
58081	602 
58082	1048 
58083	318 
58084	1298 
58085	398 
58086	1733 
58087	1576 
58088	319 
58089	232 
58090	1743 
58091	1212 
58092	1722 
58093	506 
58094	842 
58095	159 
58096	782 
58097	1511 
58098	656 
58099	1220 
58100	1361 
58101	802 
58102	1326 
58103	315 
58104	1639 
58105	230 
58106	1381 
58107	444 
58108	1102 
58109	371 
58110	809 
58111	1358 
58112	831 
58113	1578 
58114	1088 
58115	1217 
58116	1564 
58117	1818 
58118	788 
58119	1775 
58120	758 
58121	613 
58122	906 
58123	107 
58124	1112 
58125	735 
58126	1345 
58127	4 
58128	1256 
58129	939 
58130	65 
58131	748 
58132	871 
58133	806 
58134	492 
58135	1462 
58136	363 
58137	811 
58138	1091 
58139	487 
58140	818 
58141	77 
58142	184 
58143	1035 
58144	583 
58145	1013 
58146	808 
58147	482 
58148	71 
58149	1762 
58150	155 
58151	1726 
58152	757 
58153	239 
58154	1443 
58155	1065 
58156	619 
58157	1527 
58158	452 
58159	680 
58160	258 
58161	290 
58162	1603 
58163	146 
58164	954 
58165	836 
58166	1366 
58167	1015 
58168	71 
58169	1461 
58170	646 
58171	601 
58172	1040 
58173	732 
58174	369 
58175	1449 
58176	1380 
58177	416 
58178	1840 
58179	753 
58180	1062 
58181	420 
58182	1069 
58183	1338 
58184	984 
58185	522 
58186	430 
58187	1060 
58188	904 
58189	1025 
58190	1824 
58191	377 
58192	990 
58193	852 
58194	1079 
58195	864 
58196	688 
58197	1243 
58198	345 
58199	1814 
58200	1469 
58201	322 
58202	292 
58203	1170 
58204	331 
58205	389 
58206	1781 
58207	1710 
58208	1527 
58209	863 
58210	1587 
58211	1631 
58212	1564 
58213	993 
58214	1052 
58215	989 
58216	1841 
58217	1468 
58218	939 
58219	1236 
58220	1194 
58221	1828 
58222	278 
58223	1418 
58224	1272 
58225	1141 
58226	1811 
58227	1540 
58228	204 
58229	1282 
58230	1449 
58231	1078 
58232	1627 
58233	654 
58234	1585 
58235	1197 
58236	1026 
58237	452 
58238	1725 
58239	1828 
58240	158 
58241	1515 
58242	1164 
58243	683 
58244	1338 
58245	56 
58246	1754 
58247	860 
58248	1056 
58249	1257 
58250	556 
58251	318 
58252	1192 
58253	455 
58254	277 
58255	1212 
58256	1645 
58257	644 
58258	1614 
58259	353 
58260	1749 
58261	1678 
58262	1319 
58263	1412 
58264	864 
58265	251 
58266	1027 
58267	1238 
58268	1704 
58269	980 
58270	558 
58271	217 
58272	1798 
58273	742 
58274	1735 
58275	1713 
58276	1821 
58277	284 
58278	114 
58279	829 
58280	594 
58281	1628 
58282	1233 
58283	525 
58284	1672 
58285	99 
58286	1139 
58287	319 
58288	1718 
58289	1170 
58290	1188 
58291	709 
58292	1320 
58293	1140 
58294	1754 
58295	1139 
58296	11 
58297	1564 
58298	637 
58299	818 
58300	320 
58301	1248 
58302	1005 
58303	493 
58304	337 
58305	802 
58306	1422 
58307	1045 
58308	1722 
58309	832 
58310	296 
58311	1445 
58312	727 
58313	272 
58314	923 
58315	556 
58316	368 
58317	1755 
58318	282 
58319	185 
58320	1781 
58321	469 
58322	1170 
58323	114 
58324	1282 
58325	147 
58326	80 
58327	990 
58328	466 
58329	756 
58330	1648 
58331	376 
58332	1263 
58333	390 
58334	1678 
58335	542 
58336	1577 
58337	1504 
58338	1366 
58339	419 
58340	1628 
58341	845 
58342	1822 
58343	105 
58344	529 
58345	677 
58346	298 
58347	1775 
58348	802 
58349	558 
58350	919 
58351	266 
58352	202 
58353	579 
58354	1418 
58355	829 
58356	260 
58357	980 
58358	426 
58359	407 
58360	525 
58361	1164 
58362	1446 
58363	1420 
58364	1589 
58365	148 
58366	1384 
58367	56 
58368	1069 
58369	1755 
58370	84 
58371	446 
58372	1086 
58373	400 
58374	826 
58375	1130 
58376	1473 
58377	1016 
58378	457 
58379	1810 
58380	6 
58381	481 
58382	1835 
58383	672 
58384	1138 
58385	1220 
58386	1723 
58387	1792 
58388	1047 
58389	61 
58390	930 
58391	1524 
58392	42 
58393	1392 
58394	1074 
58395	1648 
58396	487 
58397	277 
58398	315 
58399	219 
58400	455 
58401	1446 
58402	1073 
58403	105 
58404	1718 
58405	565 
58406	1120 
58407	1629 
58408	71 
58409	184 
58410	184 
58411	1436 
58412	1277 
58413	158 
58414	1806 
58415	856 
58416	410 
58417	806 
58418	1068 
58419	22 
58420	578 
58421	661 
58422	65 
58423	1306 
58424	541 
58425	391 
58426	466 
58427	33 
58428	307 
58429	1230 
58430	436 
58431	1638 
58432	30 
58433	896 
58434	1080 
58435	1016 
58436	400 
58437	886 
58438	1217 
58439	1618 
58440	23 
58441	1163 
58442	82 
58443	1758 
58444	1687 
58445	1703 
58446	164 
58447	748 
58448	200 
58449	682 
58450	1516 
58451	393 
58452	1021 
58453	1143 
58454	1640 
58455	1272 
58456	1740 
58457	1258 
58458	499 
58459	804 
58460	643 
58461	1502 
58462	1554 
58463	864 
58464	178 
58465	535 
58466	553 
58467	1798 
58468	889 
58469	1692 
58470	1384 
58471	470 
58472	1163 
58473	1848 
58474	1726 
58475	1415 
58476	879 
58477	1005 
58478	454 
58479	334 
58480	1841 
58481	880 
58482	1025 
58483	1801 
58484	1476 
58485	1068 
58486	798 
58487	30 
58488	1525 
58489	672 
58490	1532 
58491	1843 
58492	24 
58493	330 
58494	540 
58495	1639 
58496	335 
58497	1274 
58498	1713 
58499	1428 
58500	792 
58501	341 
58502	561 
58503	762 
58504	1157 
58505	10 
58506	158 
58507	567 
58508	308 
58509	1653 
58510	862 
58511	1378 
58512	557 
58513	1735 
58514	1823 
58515	1711 
58516	1515 
58517	428 
58518	266 
58519	867 
58520	1438 
58521	522 
58522	907 
58523	1506 
58524	601 
58525	1608 
58526	367 
58527	1833 
58528	993 
58529	1648 
58530	695 
58531	482 
58532	338 
58533	422 
58534	1579 
58535	70 
58536	1772 
58537	901 
58538	1286 
58539	864 
58540	643 
58541	1700 
58542	53 
58543	272 
58544	258 
58545	1262 
58546	954 
58547	272 
58548	1490 
58549	1726 
58550	661 
58551	735 
58552	1374 
58553	683 
58554	1640 
58555	949 
58556	916 
58557	892 
58558	984 
58559	1807 
58560	1332 
58561	53 
58562	809 
58563	127 
58564	1524 
58565	40 
58566	1024 
58567	1518 
58568	843 
58569	598 
58570	1563 
58571	1823 
58572	509 
58573	260 
58574	451 
58575	1311 
58576	1645 
58577	1161 
58578	842 
58579	931 
58580	773 
58581	1755 
58582	1797 
58583	1673 
58584	227 
58585	1802 
58586	1360 
58587	215 
58588	530 
58589	1753 
58590	967 
58591	179 
58592	622 
58593	1369 
58594	685 
58595	517 
58596	178 
58597	911 
58598	602 
58599	1348 
58600	1706 
58601	1220 
58602	204 
58603	1627 
58604	972 
58605	192 
58606	1527 
58607	1373 
58608	1576 
58609	1256 
58610	1445 
58611	1059 
58612	344 
58613	1345 
58614	1614 
58615	1780 
58616	258 
58617	277 
58618	187 
58619	1039 
58620	466 
58621	335 
58622	478 
58623	184 
58624	1092 
58625	764 
58626	1269 
58627	28 
58628	1785 
58629	211 
58630	1338 
58631	920 
58632	1013 
58633	1337 
58634	565 
58635	410 
58636	94 
58637	1198 
58638	876 
58639	871 
58640	772 
58641	436 
58642	187 
58643	1653 
58644	588 
58645	1294 
58646	731 
58647	713 
58648	22 
58649	80 
58650	1424 
58651	1349 
58652	363 
58653	416 
58654	1663 
58655	145 
58656	568 
58657	159 
58658	582 
58659	576 
58660	146 
58661	1740 
58662	944 
58663	1260 
58664	1325 
58665	1341 
58666	463 
58667	1282 
58668	377 
58669	972 
58670	1068 
58671	1280 
58672	968 
58673	633 
58674	1427 
58675	514 
58676	1054 
58677	882 
58678	1386 
58679	182 
58680	1337 
58681	85 
58682	1307 
58683	1230 
58684	430 
58685	1479 
58686	8 
58687	789 
58688	1848 
58689	599 
58690	765 
58691	1648 
58692	242 
58693	1780 
58694	187 
58695	22 
58696	82 
58697	1658 
58698	556 
58699	792 
58700	521 
58701	553 
58702	758 
58703	948 
58704	758 
58705	907 
58706	1287 
58707	1589 
58708	748 
58709	1504 
58710	646 
58711	818 
58712	695 
58713	1246 
58714	212 
58715	136 
58716	383 
58717	1400 
58718	1835 
58719	1718 
58720	69 
58721	171 
58722	1273 
58723	236 
58724	1583 
58725	758 
58726	1218 
58727	1705 
58728	123 
58729	121 
58730	356 
58731	1257 
58732	1256 
58733	1128 
58734	19 
58735	1572 
58736	87 
58737	990 
58738	1555 
58739	1029 
58740	1043 
58741	808 
58742	1713 
58743	582 
58744	713 
58745	700 
58746	1706 
58747	253 
58748	71 
58749	1528 
58750	835 
58751	1190 
58752	324 
58753	25 
58754	334 
58755	963 
58756	1173 
58757	779 
58758	1852 
58759	1713 
58760	812 
58761	1696 
58762	1258 
58763	341 
58764	576 
58765	808 
58766	82 
58767	952 
58768	613 
58769	1336 
58770	1561 
58771	1608 
58772	1445 
58773	801 
58774	297 
58775	1412 
58776	930 
58777	1236 
58778	1516 
58779	237 
58780	1373 
58781	162 
58782	407 
58783	612 
58784	749 
58785	1516 
58786	1469 
58787	1202 
58788	30 
58789	1384 
58790	510 
58791	128 
58792	490 
58793	668 
58794	1084 
58795	1039 
58796	1239 
58797	416 
58798	417 
58799	1786 
58800	1143 
58801	1645 
58802	414 
58803	1814 
58804	341 
58805	893 
58806	1815 
58807	1794 
58808	824 
58809	812 
58810	851 
58811	1587 
58812	315 
58813	1384 
58814	1318 
58815	1627 
58816	1298 
58817	1734 
58818	543 
58819	1850 
58820	356 
58821	1471 
58822	1400 
58823	699 
58824	1326 
58825	498 
58826	666 
58827	523 
58828	684 
58829	782 
58830	165 
58831	1256 
58832	1798 
58833	1550 
58834	1065 
58835	1753 
58836	514 
58837	908 
58838	650 
58839	1520 
58840	1116 
58841	941 
58842	824 
58843	401 
58844	82 
58845	77 
58846	535 
58847	1369 
58848	1841 
58849	1806 
58850	1291 
58851	1650 
58852	631 
58853	522 
58854	383 
58855	806 
58856	569 
58857	1532 
58858	1841 
58859	71 
58860	1219 
58861	1813 
58862	69 
58863	1407 
58864	583 
58865	503 
58866	22 
58867	597 
58868	545 
58869	1532 
58870	1316 
58871	1632 
58872	1672 
58873	1348 
58874	733 
58875	758 
58876	1549 
58877	329 
58878	320 
58879	836 
58880	653 
58881	911 
58882	85 
58883	456 
58884	1352 
58885	1490 
58886	1124 
58887	1238 
58888	773 
58889	20 
58890	1091 
58891	70 
58892	334 
58893	266 
58894	1758 
58895	1360 
58896	563 
58897	1318 
58898	397 
58899	1650 
58900	693 
58901	13 
58902	1714 
58903	385 
58904	1160 
58905	1207 
58906	1048 
58907	108 
58908	1696 
58909	1362 
58910	1039 
58911	1210 
58912	4 
58913	322 
58914	785 
58915	456 
58916	1083 
58917	534 
58918	1236 
58919	845 
58920	758 
58921	257 
58922	1092 
58923	363 
58924	221 
58925	1336 
58926	1083 
58927	1069 
58928	922 
58929	974 
58930	1411 
58931	1039 
58932	385 
58933	999 
58934	1658 
58935	1597 
58936	124 
58937	1183 
58938	145 
58939	1769 
58940	1794 
58941	563 
58942	1230 
58943	1409 
58944	65 
58945	735 
58946	1193 
58947	889 
58948	1021 
58949	830 
58950	296 
58951	1718 
58952	1841 
58953	560 
58954	1689 
58955	94 
58956	1458 
58957	1801 
58958	234 
58959	1369 
58960	943 
58961	1400 
58962	178 
58963	622 
58964	1349 
58965	56 
58966	1304 
58967	1103 
58968	890 
58969	1218 
58970	1609 
58971	767 
58972	482 
58973	538 
58974	911 
58975	1615 
58976	1775 
58977	355 
58978	1539 
58979	33 
58980	390 
58981	1345 
58982	1337 
58983	1052 
58984	889 
58985	1797 
58986	958 
58987	482 
58988	565 
58989	107 
58990	1243 
58991	1657 
58992	1572 
58993	990 
58994	1390 
58995	1769 
58996	1348 
58997	778 
58998	930 
58999	796 
59000	75 
59001	735 
59002	813 
59003	1266 
59004	367 
59005	1438 
59006	1415 
59007	455 
59008	1140 
59009	855 
59010	1283 
59011	1203 
59012	29 
59013	1457 
59014	1467 
59015	1823 
59016	1322 
59017	1266 
59018	907 
59019	1528 
59020	1653 
59021	966 
59022	1465 
59023	1021 
59024	1432 
59025	1743 
59026	204 
59027	923 
59028	1707 
59029	256 
59030	1746 
59031	1179 
59032	1562 
59033	56 
59034	217 
59035	1007 
59036	773 
59037	531 
59038	1340 
59039	530 
59040	748 
59041	1283 
59042	811 
59043	1570 
59044	858 
59045	941 
59046	1024 
59047	747 
59048	917 
59049	594 
59050	14 
59051	1291 
59052	1338 
59053	1344 
59054	993 
59055	62 
59056	356 
59057	89 
59058	958 
59059	1687 
59060	178 
59061	1280 
59062	1069 
59063	535 
59064	200 
59065	256 
59066	481 
59067	407 
59068	771 
59069	183 
59070	1284 
59071	832 
59072	1264 
59073	803 
59074	1427 
59075	1528 
59076	499 
59077	318 
59078	290 
59079	367 
59080	4 
59081	730 
59082	966 
59083	1139 
59084	591 
59085	1524 
59086	204 
59087	733 
59088	1141 
59089	14 
59090	975 
59091	1474 
59092	724 
59093	1068 
59094	1048 
59095	242 
59096	997 
59097	298 
59098	440 
59099	1082 
59100	1007 
59101	1337 
59102	1007 
59103	1539 
59104	975 
59105	1469 
59106	1336 
59107	1721 
59108	1562 
59109	42 
59110	1718 
59111	436 
59112	1542 
59113	127 
59114	1830 
59115	90 
59116	1597 
59117	647 
59118	307 
59119	1379 
59120	238 
59121	1564 
59122	248 
59123	490 
59124	788 
59125	319 
59126	65 
59127	1789 
59128	256 
59129	1606 
59130	201 
59131	845 
59132	1850 
59133	362 
59134	893 
59135	1746 
59136	308 
59137	613 
59138	516 
59139	1774 
59140	223 
59141	1550 
59142	150 
59143	212 
59144	672 
59145	1409 
59146	1529 
59147	55 
59148	14 
59149	1230 
59150	1438 
59151	341 
59152	1824 
59153	1639 
59154	1704 
59155	599 
59156	376 
59157	397 
59158	1143 
59159	1369 
59160	1300 
59161	340 
59162	1212 
59163	473 
59164	1264 
59165	889 
59166	1086 
59167	216 
59168	216 
59169	1101 
59170	1243 
59171	650 
59172	818 
59173	449 
59174	1843 
59175	1026 
59176	1562 
59177	1284 
59178	1778 
59179	57 
59180	1293 
59181	1607 
59182	626 
59183	57 
59184	824 
59185	334 
59186	1175 
59187	698 
59188	646 
59189	1579 
59190	1021 
59191	182 
59192	1337 
59193	6 
59194	1465 
59195	990 
59196	1682 
59197	1618 
59198	330 
59199	1721 
59200	716 
59201	1725 
59202	36 
59203	1218 
59204	1358 
59205	1774 
59206	1118 
59207	894 
59208	1481 
59209	431 
59210	1655 
59211	801 
59212	819 
59213	1400 
59214	1433 
59215	130 
59216	64 
59217	1445 
59218	789 
59219	1721 
59220	331 
59221	880 
59222	460 
59223	983 
59224	1012 
59225	919 
59226	461 
59227	1706 
59228	1337 
59229	308 
59230	373 
59231	1112 
59232	1175 
59233	187 
59234	425 
59235	407 
59236	330 
59237	1571 
59238	1322 
59239	1688 
59240	308 
59241	70 
59242	1236 
59243	1571 
59244	1071 
59245	967 
59246	1840 
59247	461 
59248	529 
59249	983 
59250	51 
59251	48 
59252	882 
59253	1176 
59254	1340 
59255	880 
59256	729 
59257	1465 
59258	1778 
59259	795 
59260	1352 
59261	1263 
59262	1789 
59263	1341 
59264	1395 
59265	892 
59266	451 
59267	1616 
59268	752 
59269	1366 
59270	821 
59271	314 
59272	1298 
59273	1000 
59274	1662 
59275	527 
59276	1059 
59277	98 
59278	1024 
59279	1547 
59280	331 
59281	430 
59282	621 
59283	269 
59284	815 
59285	1421 
59286	1322 
59287	819 
59288	196 
59289	242 
59290	10 
59291	466 
59292	1369 
59293	1114 
59294	1645 
59295	927 
59296	1282 
59297	1158 
59298	949 
59299	1647 
59300	201 
59301	30 
59302	460 
59303	253 
59304	993 
59305	354 
59306	1239 
59307	1513 
59308	1282 
59309	48 
59310	886 
59311	604 
59312	869 
59313	369 
59314	1527 
59315	24 
59316	599 
59317	1063 
59318	53 
59319	136 
59320	1516 
59321	1638 
59322	1230 
59323	1632 
59324	289 
59325	788 
59326	553 
59327	171 
59328	1754 
59329	1771 
59330	481 
59331	1400 
59332	1444 
59333	1076 
59334	29 
59335	670 
59336	98 
59337	1714 
59338	1781 
59339	1262 
59340	1469 
59341	429 
59342	376 
59343	367 
59344	400 
59345	1628 
59346	470 
59347	1758 
59348	510 
59349	1570 
59350	1129 
59351	686 
59352	1770 
59353	783 
59354	473 
59355	811 
59356	808 
59357	185 
59358	303 
59359	1408 
59360	1609 
59361	1282 
59362	1743 
59363	448 
59364	631 
59365	115 
59366	318 
59367	114 
59368	907 
59369	807 
59370	553 
59371	1131 
59372	941 
59373	457 
59374	487 
59375	1052 
59376	377 
59377	1183 
59378	1084 
59379	1664 
59380	1671 
59381	1082 
59382	456 
59383	688 
59384	1678 
59385	454 
59386	796 
59387	931 
59388	1412 
59389	1554 
59390	1726 
59391	1848 
59392	944 
59393	788 
59394	1763 
59395	1188 
59396	41 
59397	1426 
59398	1615 
59399	1645 
59400	444 
59401	1064 
59402	856 
59403	1080 
59404	533 
59405	614 
59406	1117 
59407	801 
59408	853 
59409	1358 
59410	409 
59411	1636 
59412	1467 
59413	1592 
59414	1576 
59415	1162 
59416	407 
59417	758 
59418	455 
59419	36 
59420	1306 
59421	290 
59422	808 
59423	63 
59424	286 
59425	420 
59426	409 
59427	1238 
59428	1218 
59429	228 
59430	70 
59431	1412 
59432	1705 
59433	1004 
59434	804 
59435	843 
59436	788 
59437	277 
59438	105 
59439	1462 
59440	131 
59441	1825 
59442	400 
59443	48 
59444	601 
59445	832 
59446	1320 
59447	710 
59448	1533 
59449	135 
59450	1807 
59451	1709 
59452	315 
59453	699 
59454	595 
59455	545 
59456	624 
59457	578 
59458	452 
59459	1384 
59460	769 
59461	19 
59462	71 
59463	355 
59464	1217 
59465	1208 
59466	183 
59467	1533 
59468	370 
59469	1630 
59470	1709 
59471	1688 
59472	768 
59473	672 
59474	1274 
59475	308 
59476	430 
59477	835 
59478	907 
59479	1226 
59480	493 
59481	1726 
59482	876 
59483	1138 
59484	1539 
59485	1293 
59486	819 
59487	1138 
59488	672 
59489	1213 
59490	285 
59491	1412 
59492	349 
59493	1284 
59494	1025 
59495	1112 
59496	178 
59497	1828 
59498	1357 
59499	798 
59500	1262 
59501	1395 
59502	767 
59503	1554 
59504	436 
59505	495 
59506	1233 
59507	429 
59508	1258 
59509	1451 
59510	61 
59511	18 
59512	525 
59513	1576 
59514	1760 
59515	292 
59516	703 
59517	1682 
59518	1504 
59519	307 
59520	324 
59521	243 
59522	1629 
59523	1520 
59524	1467 
59525	1773 
59526	360 
59527	1317 
59528	836 
59529	1773 
59530	557 
59531	734 
59532	111 
59533	1754 
59534	404 
59535	95 
59536	284 
59537	114 
59538	963 
59539	1671 
59540	1722 
59541	1791 
59542	77 
59543	1504 
59544	455 
59545	568 
59546	1609 
59547	1128 
59548	400 
59549	325 
59550	651 
59551	1639 
59552	1506 
59553	398 
59554	319 
59555	1358 
59556	1229 
59557	98 
59558	1359 
59559	147 
59560	1710 
59561	1438 
59562	1239 
59563	958 
59564	148 
59565	227 
59566	16 
59567	686 
59568	1628 
59569	175 
59570	565 
59571	1714 
59572	829 
59573	1208 
59574	989 
59575	227 
59576	1045 
59577	320 
59578	732 
59579	961 
59580	2 
59581	557 
59582	1220 
59583	1563 
59584	1635 
59585	941 
59586	70 
59587	1451 
59588	1782 
59589	1097 
59590	988 
59591	892 
59592	533 
59593	1040 
59594	1026 
59595	730 
59596	939 
59597	1517 
59598	1672 
59599	1445 
59600	862 
59601	804 
59602	729 
59603	1811 
59604	1048 
59605	492 
59606	1147 
59607	1618 
59608	952 
59609	53 
59610	981 
59611	835 
59612	6 
59613	998 
59614	1308 
59615	1262 
59616	654 
59617	1256 
59618	1101 
59619	879 
59620	1258 
59621	785 
59622	1470 
59623	425 
59624	571 
59625	682 
59626	779 
59627	559 
59628	742 
59629	1836 
59630	1852 
59631	171 
59632	924 
59633	1335 
59634	1070 
59635	564 
59636	502 
59637	1696 
59638	646 
59639	234 
59640	1517 
59641	888 
59642	1470 
59643	685 
59644	1479 
59645	1749 
59646	449 
59647	230 
59648	1203 
59649	894 
59650	656 
59651	1121 
59652	130 
59653	647 
59654	695 
59655	94 
59656	699 
59657	1369 
59658	814 
59659	48 
59660	1403 
59661	730 
59662	75 
59663	643 
59664	104 
59665	1357 
59666	1605 
59667	738 
59668	802 
59669	1486 
59670	958 
59671	411 
59672	1207 
59673	1175 
59674	503 
59675	1759 
59676	613 
59677	1530 
59678	120 
59679	664 
59680	451 
59681	1692 
59682	1445 
59683	317 
59684	62 
59685	682 
59686	1681 
59687	525 
59688	1345 
59689	1849 
59690	4 
59691	163 
59692	1068 
59693	1300 
59694	1161 
59695	745 
59696	1332 
59697	1843 
59698	400 
59699	654 
59700	597 
59701	398 
59702	446 
59703	1589 
59704	56 
59705	1006 
59706	530 
59707	1751 
59708	1760 
59709	1358 
59710	266 
59711	461 
59712	648 
59713	1409 
59714	565 
59715	8 
59716	1774 
59717	1277 
59718	842 
59719	1718 
59720	768 
59721	1277 
59722	1292 
59723	1049 
59724	277 
59725	534 
59726	806 
59727	1296 
59728	444 
59729	145 
59730	1045 
59731	903 
59732	1300 
59733	446 
59734	1721 
59735	423 
59736	1508 
59737	1207 
59738	1260 
59739	1674 
59740	1138 
59741	1661 
59742	234 
59743	802 
59744	397 
59745	191 
59746	21 
59747	1210 
59748	1091 
59749	983 
59750	1660 
59751	1036 
59752	1273 
59753	396 
59754	1722 
59755	1368 
59756	862 
59757	1000 
59758	62 
59759	41 
59760	930 
59761	232 
59762	1446 
59763	1228 
59764	650 
59765	650 
59766	1718 
59767	230 
59768	1394 
59769	1857 
59770	597 
59771	323 
59772	1773 
59773	1653 
59774	1028 
59775	1223 
59776	48 
59777	1583 
59778	574 
59779	415 
59780	1317 
59781	1482 
59782	1161 
59783	199 
59784	762 
59785	421 
59786	530 
59787	1332 
59788	1437 
59789	1770 
59790	1057 
59791	1755 
59792	1053 
59793	748 
59794	1270 
59795	491 
59796	1080 
59797	1653 
59798	120 
59799	1048 
59800	256 
59801	1564 
59802	1508 
59803	1322 
59804	1540 
59805	1614 
59806	1006 
59807	336 
59808	747 
59809	230 
59810	801 
59811	1117 
59812	699 
59813	731 
59814	1043 
59815	1388 
59816	1348 
59817	1482 
59818	1335 
59819	729 
59820	562 
59821	1221 
59822	846 
59823	414 
59824	662 
59825	982 
59826	77 
59827	1291 
59828	710 
59829	99 
59830	735 
59831	1157 
59832	179 
59833	14 
59834	1609 
59835	444 
59836	697 
59837	1646 
59838	204 
59839	1846 
59840	876 
59841	1796 
59842	258 
59843	598 
59844	1527 
59845	624 
59846	541 
59847	1704 
59848	1457 
59849	1813 
59850	1694 
59851	114 
59852	1801 
59853	341 
59854	695 
59855	1765 
59856	270 
59857	256 
59858	75 
59859	1412 
59860	204 
59861	120 
59862	497 
59863	364 
59864	420 
59865	948 
59866	1131 
59867	1755 
59868	1728 
59869	602 
59870	1369 
59871	596 
59872	1802 
59873	1609 
59874	36 
59875	1726 
59876	1266 
59877	61 
59878	769 
59879	540 
59880	1505 
59881	463 
59882	1097 
59883	1201 
59884	1718 
59885	906 
59886	519 
59887	211 
59888	948 
59889	578 
59890	1024 
59891	187 
59892	1671 
59893	1840 
59894	1056 
59895	1274 
59896	36 
59897	399 
59898	1229 
59899	456 
59900	459 
59901	903 
59902	558 
59903	1175 
59904	1257 
59905	538 
59906	865 
59907	863 
59908	234 
59909	1709 
59910	1348 
59911	1039 
59912	40 
59913	1313 
59914	1633 
59915	800 
59916	1203 
59917	967 
59918	1045 
59919	1850 
59920	1028 
59921	262 
59922	129 
59923	1073 
59924	540 
59925	258 
59926	1412 
59927	904 
59928	417 
59929	579 
59930	1578 
59931	1300 
59932	1846 
59933	303 
59934	82 
59935	1433 
59936	1721 
59937	1045 
59938	1356 
59939	910 
59940	455 
59941	1045 
59942	533 
59943	653 
59944	628 
59945	456 
59946	1045 
59947	1514 
59948	1266 
59949	191 
59950	1760 
59951	211 
59952	148 
59953	8 
59954	1628 
59955	1210 
59956	1709 
59957	876 
59958	611 
59959	730 
59960	292 
59961	1559 
59962	1480 
59963	1694 
59964	138 
59965	890 
59966	142 
59967	136 
59968	1336 
59969	59 
59970	773 
59971	830 
59972	1594 
59973	1183 
59974	842 
59975	1469 
59976	1771 
59977	557 
59978	564 
59979	1176 
59980	499 
59981	121 
59982	807 
59983	617 
59984	843 
59985	1790 
59986	815 
59987	460 
59988	258 
59989	145 
59990	1770 
59991	391 
59992	664 
59993	1843 
59994	1568 
59995	1738 
59996	708 
59997	540 
59998	545 
59999	571 
60000	699 
60001	53 
60002	712 
60003	380 
60004	492 
60005	1726 
60006	262 
60007	284 
60008	46 
60009	1080 
60010	308 
60011	1855 
60012	699 
60013	1445 
60014	1824 
60015	491 
60016	1758 
60017	411 
60018	251 
60019	1775 
60020	1845 
60021	567 
60022	701 
60023	1245 
60024	644 
60025	1707 
60026	1411 
60027	824 
60028	1286 
60029	1057 
60030	1338 
60031	227 
60032	1027 
60033	1021 
60034	1755 
60035	1714 
60036	1749 
60037	1358 
60038	355 
60039	598 
60040	542 
60041	1010 
60042	1643 
60043	996 
60044	71 
60045	1502 
60046	1774 
60047	989 
60048	393 
60049	1780 
60050	739 
60051	733 
60052	1076 
60053	734 
60054	1694 
60055	1341 
60056	404 
60057	1001 
60058	744 
60059	880 
60060	481 
60061	640 
60062	1529 
60063	1718 
60064	877 
60065	1203 
60066	824 
60067	1143 
60068	1817 
60069	1062 
60070	813 
60071	280 
60072	1073 
60073	74 
60074	1708 
60075	1576 
60076	1471 
60077	1192 
60078	1267 
60079	1843 
60080	700 
60081	257 
60082	1024 
60083	1325 
60084	806 
60085	427 
60086	1080 
60087	1221 
60088	1783 
60089	574 
60090	1269 
60091	1467 
60092	1071 
60093	693 
60094	1680 
60095	563 
60096	362 
60097	1045 
60098	1432 
60099	1577 
60100	108 
60101	966 
60102	1348 
60103	1625 
60104	973 
60105	542 
60106	1481 
60107	1183 
60108	1311 
60109	1040 
60110	410 
60111	1612 
60112	360 
60113	1153 
60114	1758 
60115	1059 
60116	878 
60117	22 
60118	889 
60119	404 
60120	1069 
60121	30 
60122	709 
60123	1571 
60124	1615 
60125	331 
60126	1715 
60127	517 
60128	818 
60129	420 
60130	1426 
60131	1725 
60132	1337 
60133	778 
60134	289 
60135	1428 
60136	210 
60137	322 
60138	1369 
60139	1831 
60140	1749 
60141	178 
60142	1599 
60143	534 
60144	249 
60145	99 
60146	814 
60147	69 
60148	683 
60149	1131 
60150	1342 
60151	48 
60152	56 
60153	182 
60154	1645 
60155	162 
60156	212 
60157	237 
60158	1332 
60159	16 
60160	1663 
60161	1282 
60162	565 
60163	769 
60164	1352 
60165	808 
60166	1139 
60167	895 
60168	557 
60169	701 
60170	274 
60171	105 
60172	4 
60173	772 
60174	793 
60175	1790 
60176	1671 
60177	1256 
60178	1427 
60179	1479 
60180	1614 
60181	295 
60182	1362 
60183	1427 
60184	380 
60185	1101 
60186	818 
60187	731 
60188	808 
60189	172 
60190	564 
60191	1069 
60192	1493 
60193	650 
60194	1360 
60195	790 
60196	990 
60197	727 
60198	1713 
60199	1426 
60200	622 
60201	1400 
60202	452 
60203	1170 
60204	788 
60205	385 
60206	1092 
60207	448 
60208	175 
60209	876 
60210	120 
60211	1597 
60212	857 
60213	385 
60214	602 
60215	1218 
60216	1157 
60217	613 
60218	835 
60219	860 
60220	985 
60221	923 
60222	421 
60223	387 
60224	1774 
60225	410 
60226	1519 
60227	297 
60228	554 
60229	1035 
60230	765 
60231	1751 
60232	1257 
60233	410 
60234	845 
60235	1514 
60236	282 
60237	334 
60238	693 
60239	1480 
60240	735 
60241	296 
60242	1689 
60243	120 
60244	941 
60245	1438 
60246	1071 
60247	1034 
60248	886 
60249	845 
60250	754 
60251	692 
60252	1322 
60253	818 
60254	1532 
60255	8 
60256	693 
60257	534 
60258	1035 
60259	77 
60260	601 
60261	1597 
60262	362 
60263	1256 
60264	1660 
60265	1153 
60266	166 
60267	1384 
60268	908 
60269	943 
60270	1025 
60271	397 
60272	1539 
60273	789 
60274	1071 
60275	535 
60276	70 
60277	1445 
60278	1775 
60279	845 
60280	1418 
60281	1564 
60282	1232 
60283	385 
60284	430 
60285	709 
60286	308 
60287	888 
60288	182 
60289	112 
60290	1039 
60291	1307 
60292	1531 
60293	1143 
60294	446 
60295	818 
60296	1073 
60297	1163 
60298	1627 
60299	704 
60300	808 
60301	523 
60302	559 
60303	451 
60304	1427 
60305	1428 
60306	1035 
60307	472 
60308	1599 
60309	303 
60310	708 
60311	1284 
60312	1321 
60313	1399 
60314	1841 
60315	396 
60316	115 
60317	622 
60318	1412 
60319	541 
60320	111 
60321	1328 
60322	1508 
60323	533 
60324	1084 
60325	808 
60326	894 
60327	502 
60328	1025 
60329	915 
60330	1045 
60331	51 
60332	404 
60333	564 
60334	66 
60335	1635 
60336	480 
60337	1845 
60338	829 
60339	1229 
60340	178 
60341	1262 
60342	1194 
60343	1753 
60344	1841 
60345	272 
60346	1029 
60347	487 
60348	1540 
60349	214 
60350	416 
60351	1047 
60352	608 
60353	259 
60354	1366 
60355	1471 
60356	1421 
60357	1360 
60358	556 
60359	1433 
60360	19 
60361	1232 
60362	1616 
60363	1378 
60364	256 
60365	144 
60366	996 
60367	1463 
60368	430 
60369	1394 
60370	258 
60371	1482 
60372	462 
60373	1274 
60374	1663 
60375	1532 
60376	865 
60377	1264 
60378	1192 
60379	1346 
60380	1120 
60381	573 
60382	1817 
60383	1272 
60384	451 
60385	1418 
60386	1016 
60387	1194 
60388	168 
60389	51 
60390	1653 
60391	236 
60392	277 
60393	1004 
60394	1388 
60395	1287 
60396	274 
60397	411 
60398	1706 
60399	1004 
60400	1465 
60401	1353 
60402	931 
60403	907 
60404	1454 
60405	114 
60406	525 
60407	167 
60408	797 
60409	1044 
60410	522 
60411	1572 
60412	202 
60413	721 
60414	526 
60415	1226 
60416	1256 
60417	1853 
60418	1708 
60419	1694 
60420	734 
60421	277 
60422	1689 
60423	230 
60424	377 
60425	1733 
60426	120 
60427	1697 
60428	665 
60429	612 
60430	921 
60431	1029 
60432	785 
60433	1264 
60434	502 
60435	344 
60436	1245 
60437	1280 
60438	994 
60439	881 
60440	1437 
60441	1650 
60442	997 
60443	223 
60444	399 
60445	1126 
60446	1420 
60447	812 
60448	199 
60449	171 
60450	492 
60451	1039 
60452	1138 
60453	1308 
60454	1576 
60455	404 
60456	410 
60457	1263 
60458	234 
60459	804 
60460	452 
60461	398 
60462	1640 
60463	94 
60464	1103 
60465	75 
60466	1053 
60467	148 
60468	764 
60469	256 
60470	599 
60471	1609 
60472	209 
60473	622 
60474	1528 
60475	176 
60476	533 
60477	656 
60478	1775 
60479	656 
60480	380 
60481	1754 
60482	1528 
60483	1083 
60484	1177 
60485	179 
60486	394 
60487	1121 
60488	1284 
60489	1420 
60490	713 
60491	1696 
60492	921 
60493	229 
60494	1801 
60495	36 
60496	144 
60497	1663 
60498	1082 
60499	277 
60500	1080 
60501	595 
60502	1529 
60503	535 
60504	249 
60505	1338 
60506	1438 
60507	4 
60508	568 
60509	353 
60510	1664 
60511	490 
60512	808 
60513	1016 
60514	159 
60515	18 
60516	570 
60517	556 
60518	456 
60519	695 
60520	802 
60521	920 
60522	597 
60523	644 
60524	1528 
60525	1316 
60526	1828 
60527	6 
60528	1684 
60529	236 
60530	1386 
60531	1120 
60532	1341 
60533	1609 
60534	1725 
60535	493 
60536	227 
60537	66 
60538	24 
60539	564 
60540	422 
60541	1130 
60542	1256 
60543	1760 
60544	911 
60545	303 
60546	121 
60547	911 
60548	1502 
60549	36 
60550	256 
60551	537 
60552	880 
60553	1191 
60554	1696 
60555	835 
60556	1539 
60557	1807 
60558	1353 
60559	1 
60560	967 
60561	1568 
60562	1384 
60563	1007 
60564	1824 
60565	1794 
60566	1638 
60567	1296 
60568	1794 
60569	522 
60570	588 
60571	545 
60572	807 
60573	1194 
60574	1347 
60575	1706 
60576	1025 
60577	1 
60578	272 
60579	235 
60580	1378 
60581	931 
60582	921 
60583	1064 
60584	1337 
60585	633 
60586	1825 
60587	296 
60588	1032 
60589	1633 
60590	843 
60591	1335 
60592	703 
60593	147 
60594	1301 
60595	87 
60596	407 
60597	182 
60598	227 
60599	1322 
60600	818 
60601	1576 
60602	427 
60603	1378 
60604	1 
60605	36 
60606	1348 
60607	151 
60608	51 
60609	61 
60610	1528 
60611	554 
60612	960 
60613	61 
60614	383 
60615	808 
60616	270 
60617	713 
60618	1153 
60619	1346 
60620	412 
60621	290 
60622	303 
60623	723 
60624	967 
60625	1527 
60626	1114 
60627	796 
60628	134 
60629	1554 
60630	1358 
60631	785 
60632	1806 
60633	658 
60634	410 
60635	1358 
60636	1188 
60637	127 
60638	1828 
60639	19 
60640	151 
60641	393 
60642	1629 
60643	1411 
60644	813 
60645	1629 
60646	601 
60647	1798 
60648	1114 
60649	884 
60650	1729 
60651	377 
60652	163 
60653	202 
60654	371 
60655	1120 
60656	1585 
60657	199 
60658	1831 
60659	1760 
60660	1627 
60661	1712 
60662	1286 
60663	1427 
60664	1709 
60665	1143 
60666	1232 
60667	1548 
60668	1039 
60669	286 
60670	1450 
60671	1335 
60672	1470 
60673	563 
60674	292 
60675	452 
60676	804 
60677	1316 
60678	57 
60679	878 
60680	363 
60681	1828 
60682	1071 
60683	1579 
60684	813 
60685	758 
60686	1533 
60687	1118 
60688	1409 
60689	1384 
60690	1367 
60691	540 
60692	789 
60693	308 
60694	1101 
60695	6 
60696	1266 
60697	708 
60698	1001 
60699	798 
60700	840 
60701	983 
60702	466 
60703	410 
60704	901 
60705	1101 
60706	356 
60707	534 
60708	7 
60709	315 
60710	1821 
60711	1479 
60712	1345 
60713	1045 
60714	230 
60715	534 
60716	699 
60717	851 
60718	1640 
60719	1337 
60720	1044 
60721	1345 
60722	334 
60723	530 
60724	1735 
60725	214 
60726	1021 
60727	1585 
60728	334 
60729	1595 
60730	144 
60731	416 
60732	1140 
60733	1219 
60734	423 
60735	1128 
60736	1024 
60737	147 
60738	1749 
60739	1284 
60740	806 
60741	1721 
60742	410 
60743	1802 
60744	154 
60745	813 
60746	25 
60747	976 
60748	205 
60749	988 
60750	734 
60751	270 
60752	1265 
60753	931 
60754	1060 
60755	398 
60756	404 
60757	440 
60758	19 
60759	1083 
60760	334 
60761	385 
60762	1594 
60763	1566 
60764	1726 
60765	1596 
60766	1191 
60767	77 
60768	98 
60769	77 
60770	778 
60771	1000 
60772	398 
60773	1457 
60774	1463 
60775	1337 
60776	772 
60777	342 
60778	510 
60779	586 
60780	1207 
60781	1709 
60782	1075 
60783	1394 
60784	242 
60785	1843 
60786	1525 
60787	797 
60788	1489 
60789	1342 
60790	1688 
60791	1610 
60792	787 
60793	237 
60794	715 
60795	1399 
60796	587 
60797	544 
60798	1407 
60799	507 
60800	470 
60801	444 
60802	1215 
60803	626 
60804	46 
60805	1086 
60806	782 
60807	282 
60808	811 
60809	1018 
60810	1321 
60811	217 
60812	1743 
60813	1272 
60814	824 
60815	1131 
60816	1207 
60817	981 
60818	325 
60819	867 
60820	243 
60821	1740 
60822	1229 
60823	996 
60824	278 
60825	801 
60826	1708 
60827	711 
60828	211 
60829	1578 
60830	1378 
60831	11 
60832	1503 
60833	1586 
60834	451 
60835	1449 
60836	759 
60837	80 
60838	1197 
60839	342 
60840	530 
60841	1021 
60842	534 
60843	682 
60844	11 
60845	374 
60846	732 
60847	748 
60848	748 
60849	1091 
60850	1571 
60851	1553 
60852	946 
60853	145 
60854	1408 
60855	90 
60856	583 
60857	182 
60858	756 
60859	1086 
60860	1579 
60861	824 
60862	61 
60863	1308 
60864	458 
60865	921 
60866	292 
60867	567 
60868	1471 
60869	1321 
60870	1596 
60871	129 
60872	1098 
60873	292 
60874	762 
60875	713 
60876	1245 
60877	1855 
60878	871 
60879	74 
60880	162 
60881	1563 
60882	1385 
60883	1438 
60884	817 
60885	1767 
60886	162 
60887	1246 
60888	1120 
60889	564 
60890	1408 
60891	545 
60892	152 
60893	1659 
60894	993 
60895	317 
60896	1432 
60897	1725 
60898	1688 
60899	1781 
60900	307 
60901	1407 
60902	1025 
60903	120 
60904	1515 
60905	1436 
60906	178 
60907	1264 
60908	272 
60909	1127 
60910	1112 
60911	237 
60912	993 
60913	783 
60914	1072 
60915	356 
60916	1802 
60917	1584 
60918	1055 
60919	1830 
60920	182 
60921	18 
60922	1346 
60923	248 
60924	114 
60925	1853 
60926	504 
60927	1074 
60928	444 
60929	1828 
60930	4 
60931	363 
60932	40 
60933	1063 
60934	373 
60935	1112 
60936	533 
60937	1403 
60938	790 
60939	1336 
60940	1319 
60941	171 
60942	882 
60943	121 
60944	360 
60945	131 
60946	397 
60947	1643 
60948	561 
60949	776 
60950	1264 
60951	1480 
60952	259 
60953	1760 
60954	67 
60955	769 
60956	1218 
60957	1726 
60958	198 
60959	409 
60960	78 
60961	1745 
60962	1516 
60963	21 
60964	1378 
60965	179 
60966	1221 
60967	842 
60968	1024 
60969	1706 
60970	1564 
60971	1434 
60972	1194 
60973	746 
60974	744 
60975	1153 
60976	422 
60977	1362 
60978	1421 
60979	1653 
60980	296 
60981	174 
60982	222 
60983	599 
60984	748 
60985	693 
60986	1104 
60987	927 
60988	1196 
60989	1001 
60990	1628 
60991	633 
60992	4 
60993	877 
60994	576 
60995	1245 
60996	1589 
60997	150 
60998	709 
60999	1344 
61000	506 
61001	448 
61002	534 
61003	1857 
61004	597 
61005	277 
61006	1263 
61007	1769 
61008	1828 
61009	292 
61010	62 
61011	1539 
61012	1317 
61013	86 
61014	227 
61015	576 
61016	998 
61017	735 
61018	462 
61019	409 
61020	1218 
61021	1455 
61022	1115 
61023	1114 
61024	1733 
61025	562 
61026	262 
61027	1203 
61028	682 
61029	129 
61030	1836 
61031	324 
61032	1515 
61033	1749 
61034	1663 
61035	209 
61036	1751 
61037	1786 
61038	1612 
61039	1707 
61040	901 
61041	1075 
61042	1287 
61043	217 
61044	1618 
61045	1410 
61046	107 
61047	598 
61048	932 
61049	918 
61050	858 
61051	151 
61052	48 
61053	1336 
61054	808 
61055	239 
61056	1627 
61057	805 
61058	73 
61059	527 
61060	257 
61061	443 
61062	258 
61063	1789 
61064	604 
61065	1774 
61066	11 
61067	1743 
61068	385 
61069	1190 
61070	417 
61071	832 
61072	772 
61073	1321 
61074	315 
61075	493 
61076	835 
61077	1358 
61078	1298 
61079	1694 
61080	319 
61081	1053 
61082	77 
61083	285 
61084	51 
61085	1380 
61086	1085 
61087	1424 
61088	152 
61089	1316 
61090	1283 
61091	1597 
61092	818 
61093	890 
61094	1773 
61095	1358 
61096	832 
61097	527 
61098	1317 
61099	1532 
61100	753 
61101	686 
61102	216 
61103	1696 
61104	130 
61105	199 
61106	782 
61107	1639 
61108	894 
61109	1709 
61110	492 
61111	10 
61112	633 
61113	1230 
61114	1342 
61115	356 
61116	862 
61117	404 
61118	502 
61119	1256 
61120	956 
61121	377 
61122	1404 
61123	764 
61124	835 
61125	1627 
61126	82 
61127	199 
61128	1758 
61129	649 
61130	1836 
61131	1751 
61132	1519 
61133	1454 
61134	362 
61135	1694 
61136	765 
61137	666 
61138	721 
61139	1035 
61140	1628 
61141	788 
61142	1337 
61143	1471 
61144	338 
61145	1694 
61146	1128 
61147	47 
61148	1016 
61149	967 
61150	374 
61151	680 
61152	843 
61153	1274 
61154	1078 
61155	1841 
61156	1682 
61157	1368 
61158	996 
61159	783 
61160	749 
61161	730 
61162	1801 
61163	129 
61164	1694 
61165	1266 
61166	824 
61167	1781 
61168	587 
61169	813 
61170	1801 
61171	661 
61172	1762 
61173	1264 
61174	91 
61175	1139 
61176	683 
61177	672 
61178	920 
61179	1341 
61180	179 
61181	1606 
61182	966 
61183	24 
61184	81 
61185	863 
61186	1369 
61187	140 
61188	1817 
61189	757 
61190	1539 
61191	1147 
61192	835 
61193	738 
61194	966 
61195	126 
61196	353 
61197	146 
61198	203 
61199	1788 
61200	612 
61201	191 
61202	80 
61203	695 
61204	1701 
61205	621 
61206	256 
61207	1217 
61208	1300 
61209	1191 
61210	470 
61211	1437 
61212	1722 
61213	1376 
61214	1746 
61215	1759 
61216	408 
61217	435 
61218	1576 
61219	962 
61220	164 
61221	958 
61222	1760 
61223	767 
61224	587 
61225	880 
61226	1744 
61227	1188 
61228	1760 
61229	1471 
61230	804 
61231	256 
61232	1130 
61233	535 
61234	1585 
61235	1004 
61236	179 
61237	1445 
61238	1366 
61239	1438 
61240	1137 
61241	1498 
61242	612 
61243	1743 
61244	1486 
61245	32 
61246	1228 
61247	534 
61248	1266 
61249	949 
61250	1190 
61251	1709 
61252	380 
61253	782 
61254	688 
61255	739 
61256	416 
61257	1368 
61258	1058 
61259	709 
61260	1071 
61261	730 
61262	280 
61263	482 
61264	1771 
61265	1462 
61266	29 
61267	446 
61268	1641 
61269	888 
61270	588 
61271	693 
61272	490 
61273	163 
61274	791 
61275	579 
61276	1411 
61277	1426 
61278	1260 
61279	1817 
61280	956 
61281	542 
61282	315 
61283	860 
61284	1638 
61285	1528 
61286	1810 
61287	958 
61288	56 
61289	248 
61290	456 
61291	1011 
61292	1451 
61293	916 
61294	1254 
61295	612 
61296	1401 
61297	1754 
61298	881 
61299	944 
61300	1811 
61301	20 
61302	423 
61303	1128 
61304	1045 
61305	706 
61306	598 
61307	584 
61308	238 
61309	1689 
61310	749 
61311	159 
61312	772 
61313	1524 
61314	1162 
61315	1114 
61316	684 
61317	988 
61318	229 
61319	342 
61320	1426 
61321	597 
61322	1817 
61323	1758 
61324	1749 
61325	730 
61326	1106 
61327	1758 
61328	1609 
61329	579 
61330	1013 
61331	420 
61332	991 
61333	1841 
61334	1058 
61335	1648 
61336	1063 
61337	1031 
61338	1294 
61339	951 
61340	203 
61341	421 
61342	171 
61343	1197 
61344	144 
61345	1808 
61346	1369 
61347	1696 
61348	958 
61349	1755 
61350	290 
61351	436 
61352	1028 
61353	25 
61354	994 
61355	364 
61356	1714 
61357	1840 
61358	757 
61359	1055 
61360	1188 
61361	1062 
61362	829 
61363	1502 
61364	230 
61365	1661 
61366	1789 
61367	99 
61368	272 
61369	686 
61370	731 
61371	59 
61372	1218 
61373	1671 
61374	1128 
61375	543 
61376	814 
61377	162 
61378	1609 
61379	621 
61380	988 
61381	531 
61382	685 
61383	830 
61384	533 
61385	912 
61386	791 
61387	10 
61388	1780 
61389	89 
61390	918 
61391	210 
61392	693 
61393	1029 
61394	890 
61395	1657 
61396	1355 
61397	330 
61398	1030 
61399	888 
61400	543 
61401	1424 
61402	391 
61403	147 
61404	756 
61405	1153 
61406	787 
61407	730 
61408	266 
61409	1495 
61410	1606 
61411	36 
61412	1157 
61413	296 
61414	203 
61415	1226 
61416	1721 
61417	1102 
61418	1054 
61419	1332 
61420	285 
61421	290 
61422	1342 
61423	344 
61424	423 
61425	731 
61426	693 
61427	1758 
61428	1264 
61429	1578 
61430	775 
61431	1260 
61432	77 
61433	24 
61434	1286 
61435	778 
61436	131 
61437	1284 
61438	1841 
61439	864 
61440	534 
61441	1776 
61442	1101 
61443	1097 
61444	1635 
61445	826 
61446	908 
61447	1400 
61448	893 
61449	994 
61450	851 
61451	1467 
61452	130 
61453	829 
61454	927 
61455	573 
61456	811 
61457	860 
61458	199 
61459	470 
61460	1229 
61461	129 
61462	1138 
61463	397 
61464	11 
61465	1645 
61466	272 
61467	1743 
61468	806 
61469	998 
61470	230 
61471	1318 
61472	74 
61473	10 
61474	256 
61475	1341 
61476	1426 
61477	340 
61478	224 
61479	163 
61480	1636 
61481	112 
61482	1677 
61483	1821 
61484	765 
61485	1039 
61486	1441 
61487	1503 
61488	612 
61489	568 
61490	612 
61491	82 
61492	1643 
61493	344 
61494	1814 
61495	1828 
61496	184 
61497	1344 
61498	604 
61499	1532 
61500	1018 
61501	1170 
61502	353 
61503	617 
61504	1336 
61505	1687 
61506	1273 
61507	61 
61508	1528 
61509	635 
61510	1586 
61511	410 
61512	1672 
61513	1269 
61514	553 
61515	98 
61516	1131 
61517	704 
61518	1628 
61519	963 
61520	1412 
61521	1344 
61522	106 
61523	92 
61524	697 
61525	1539 
61526	1609 
61527	1746 
61528	422 
61529	373 
61530	1226 
61531	284 
61532	1332 
61533	1185 
61534	840 
61535	1371 
61536	1606 
61537	801 
61538	298 
61539	1772 
61540	843 
61541	758 
61542	1013 
61543	237 
61544	1256 
61545	1349 
61546	1368 
61547	337 
61548	563 
61549	111 
61550	1286 
61551	1824 
61552	407 
61553	1774 
61554	1828 
61555	421 
61556	351 
61557	911 
61558	907 
61559	1778 
61560	77 
61561	1710 
61562	1039 
61563	1521 
61564	331 
61565	1510 
61566	1735 
61567	1004 
61568	1400 
61569	487 
61570	166 
61571	126 
61572	1528 
61573	910 
61574	1410 
61575	1539 
61576	1274 
61577	867 
61578	947 
61579	161 
61580	813 
61581	1272 
61582	1725 
61583	1221 
61584	1394 
61585	1163 
61586	167 
61587	391 
61588	1337 
61589	1004 
61590	976 
61591	762 
61592	1833 
61593	1064 
61594	1503 
61595	1040 
61596	564 
61597	1083 
61598	905 
61599	1345 
61600	230 
61601	1019 
61602	82 
61603	357 
61604	1006 
61605	314 
61606	1124 
61607	420 
61608	354 
61609	68 
61610	1169 
61611	991 
61612	672 
61613	1098 
61614	249 
61615	332 
61616	1549 
61617	30 
61618	573 
61619	1352 
61620	1516 
61621	367 
61622	832 
61623	1128 
61624	645 
61625	586 
61626	1638 
61627	69 
61628	377 
61629	1653 
61630	1026 
61631	1514 
61632	1528 
61633	277 
61634	1721 
61635	1848 
61636	804 
61637	895 
61638	599 
61639	14 
61640	204 
61641	559 
61642	203 
61643	1263 
61644	1371 
61645	152 
61646	990 
61647	216 
61648	656 
61649	998 
61650	1316 
61651	1845 
61652	840 
61653	1384 
61654	178 
61655	818 
61656	238 
61657	1029 
61658	493 
61659	266 
61660	1808 
61661	948 
61662	1855 
61663	354 
61664	685 
61665	758 
61666	502 
61667	664 
61668	596 
61669	285 
61670	1258 
61671	804 
61672	1700 
61673	1318 
61674	1378 
61675	319 
61676	789 
61677	1369 
61678	1164 
61679	864 
61680	94 
61681	1672 
61682	218 
61683	1223 
61684	1760 
61685	529 
61686	1221 
61687	1758 
61688	1836 
61689	1628 
61690	894 
61691	510 
61692	1468 
61693	867 
61694	1707 
61695	881 
61696	565 
61697	510 
61698	108 
61699	564 
61700	11 
61701	1794 
61702	452 
61703	1692 
61704	1539 
61705	147 
61706	1073 
61707	879 
61708	542 
61709	1529 
61710	1516 
61711	1384 
61712	8 
61713	568 
61714	1254 
61715	633 
61716	872 
61717	792 
61718	878 
61719	1801 
61720	367 
61721	1774 
61722	482 
61723	1228 
61724	227 
61725	1845 
61726	1609 
61727	736 
61728	387 
61729	211 
61730	884 
61731	693 
61732	1131 
61733	1342 
61734	843 
61735	247 
61736	1001 
61737	756 
61738	513 
61739	767 
61740	944 
61741	356 
61742	1708 
61743	114 
61744	1068 
61745	462 
61746	1116 
61747	87 
61748	1680 
61749	308 
61750	1073 
61751	1324 
61752	457 
61753	21 
61754	637 
61755	1345 
61756	30 
61757	1670 
61758	385 
61759	8 
61760	1128 
61761	1217 
61762	1855 
61763	56 
61764	6 
61765	1101 
61766	1014 
61767	1404 
61768	1678 
61769	1635 
61770	387 
61771	456 
61772	881 
61773	1114 
61774	1332 
61775	1733 
61776	98 
61777	510 
61778	587 
61779	1337 
61780	1091 
61781	1170 
61782	998 
61783	154 
61784	974 
61785	1024 
61786	1256 
61787	509 
61788	391 
61789	178 
61790	596 
61791	896 
61792	927 
61793	1630 
61794	1758 
61795	1696 
61796	1840 
61797	455 
61798	1610 
61799	334 
61800	411 
61801	344 
61802	886 
61803	424 
61804	61 
61805	258 
61806	1239 
61807	258 
61808	604 
61809	1515 
61810	1337 
61811	1254 
61812	1282 
61813	354 
61814	1029 
61815	991 
61816	1622 
61817	1778 
61818	565 
61819	1055 
61820	553 
61821	1789 
61822	1236 
61823	808 
61824	1758 
61825	1278 
61826	821 
61827	533 
61828	353 
61829	1437 
61830	1426 
61831	1516 
61832	4 
61833	323 
61834	808 
61835	509 
61836	1503 
61837	1055 
61838	12 
61839	685 
61840	1190 
61841	1420 
61842	1629 
61843	1498 
61844	997 
61845	325 
61846	1332 
61847	1362 
61848	1052 
61849	1128 
61850	1696 
61851	1623 
61852	417 
61853	128 
61854	1633 
61855	1106 
61856	1767 
61857	888 
61858	783 
61859	256 
61860	1211 
61861	556 
61862	112 
61863	1855 
61864	976 
61865	1139 
61866	1714 
61867	858 
61868	1264 
61869	931 
61870	308 
61871	1743 
61872	70 
61873	1841 
61874	1056 
61875	567 
61876	1001 
61877	330 
61878	1049 
61879	1491 
61880	258 
61881	991 
61882	420 
61883	1246 
61884	646 
61885	994 
61886	154 
61887	1415 
61888	842 
61889	806 
61890	1524 
61891	596 
61892	599 
61893	1515 
61894	491 
61895	801 
61896	1836 
61897	1712 
61898	628 
61899	47 
61900	1116 
61901	557 
61902	1194 
61903	391 
61904	1633 
61905	1224 
61906	1143 
61907	1002 
61908	804 
61909	1792 
61910	455 
61911	1368 
61912	557 
61913	22 
61914	344 
61915	377 
61916	171 
61917	916 
61918	1647 
61919	1045 
61920	1391 
61921	1647 
61922	284 
61923	832 
61924	542 
61925	1353 
61926	608 
61927	373 
61928	819 
61929	1778 
61930	510 
61931	1269 
61932	340 
61933	1694 
61934	772 
61935	461 
61936	1376 
61937	421 
61938	1188 
61939	444 
61940	1655 
61941	137 
61942	1274 
61943	1218 
61944	272 
61945	375 
61946	1648 
61947	801 
61948	738 
61949	836 
61950	1222 
61951	806 
61952	1356 
61953	1289 
61954	1810 
61955	1781 
61956	966 
61957	1630 
61958	342 
61959	367 
61960	1143 
61961	612 
61962	266 
61963	1194 
61964	890 
61965	644 
61966	550 
61967	319 
61968	658 
61969	1332 
61970	87 
61971	1840 
61972	788 
61973	845 
61974	75 
61975	1847 
61976	1117 
61977	597 
61978	473 
61979	40 
61980	736 
61981	349 
61982	1845 
61983	1721 
61984	407 
61985	1841 
61986	976 
61987	139 
61988	1628 
61989	282 
61990	1470 
61991	730 
61992	155 
61993	217 
61994	1348 
61995	691 
61996	598 
61997	703 
61998	1409 
61999	1434 
62000	880 
62001	209 
62002	498 
62003	1274 
62004	963 
62005	3 
62006	785 
62007	1341 
62008	763 
62009	1188 
62010	1114 
62011	1770 
62012	1149 
62013	1410 
62014	1539 
62015	1726 
62016	545 
62017	215 
62018	542 
62019	320 
62020	632 
62021	877 
62022	851 
62023	483 
62024	98 
62025	257 
62026	198 
62027	1030 
62028	534 
62029	506 
62030	448 
62031	1208 
62032	1635 
62033	852 
62034	1726 
62035	646 
62036	1274 
62037	1511 
62038	520 
62039	385 
62040	791 
62041	806 
62042	30 
62043	75 
62044	230 
62045	480 
62046	1327 
62047	1451 
62048	13 
62049	1712 
62050	723 
62051	1029 
62052	797 
62053	454 
62054	1260 
62055	997 
62056	1380 
62057	557 
62058	1221 
62059	61 
62060	911 
62061	1789 
62062	470 
62063	1141 
62064	61 
62065	1749 
62066	862 
62067	1533 
62068	646 
62069	5 
62070	1403 
62071	954 
62072	162 
62073	1451 
62074	791 
62075	796 
62076	334 
62077	1469 
62078	1387 
62079	1715 
62080	947 
62081	455 
62082	209 
62083	739 
62084	1515 
62085	19 
62086	367 
62087	258 
62088	1775 
62089	14 
62090	32 
62091	776 
62092	75 
62093	146 
62094	723 
62095	1748 
62096	383 
62097	1086 
62098	621 
62099	703 
62100	94 
62101	715 
62102	640 
62103	1612 
62104	76 
62105	1341 
62106	529 
62107	650 
62108	1759 
62109	256 
62110	1029 
62111	1486 
62112	1352 
62113	1677 
62114	843 
62115	890 
62116	534 
62117	423 
62118	1358 
62119	1083 
62120	1715 
62121	1138 
62122	1645 
62123	601 
62124	736 
62125	1830 
62126	906 
62127	598 
62128	554 
62129	1707 
62130	1746 
62131	1092 
62132	1116 
62133	557 
62134	1036 
62135	1643 
62136	465 
62137	1579 
62138	71 
62139	1698 
62140	51 
62141	1331 
62142	1594 
62143	635 
62144	51 
62145	1071 
62146	700 
62147	1549 
62148	1735 
62149	307 
62150	1016 
62151	336 
62152	1 
62153	703 
62154	903 
62155	1274 
62156	550 
62157	256 
62158	124 
62159	906 
62160	92 
62161	295 
62162	862 
62163	424 
62164	800 
62165	1723 
62166	1264 
62167	1258 
62168	1028 
62169	1729 
62170	698 
62171	77 
62172	1528 
62173	1002 
62174	1516 
62175	1629 
62176	1239 
62177	12 
62178	1380 
62179	1367 
62180	1540 
62181	397 
62182	1729 
62183	544 
62184	105 
62185	225 
62186	47 
62187	1153 
62188	767 
62189	1773 
62190	145 
62191	1356 
62192	1733 
62193	70 
62194	99 
62195	1817 
62196	1469 
62197	625 
62198	1746 
62199	486 
62200	355 
62201	266 
62202	1138 
62203	63 
62204	1830 
62205	745 
62206	1774 
62207	216 
62208	398 
62209	307 
62210	835 
62211	1137 
62212	199 
62213	808 
62214	1397 
62215	1824 
62216	357 
62217	1781 
62218	1597 
62219	739 
62220	130 
62221	1729 
62222	982 
62223	1821 
62224	19 
62225	534 
62226	322 
62227	1036 
62228	888 
62229	1341 
62230	739 
62231	989 
62232	1718 
62233	1759 
62234	818 
62235	179 
62236	314 
62237	349 
62238	784 
62239	391 
62240	56 
62241	812 
62242	1813 
62243	829 
62244	171 
62245	801 
62246	542 
62247	159 
62248	325 
62249	490 
62250	377 
62251	637 
62252	277 
62253	1572 
62254	1313 
62255	872 
62256	996 
62257	1504 
62258	502 
62259	1425 
62260	1097 
62261	992 
62262	721 
62263	448 
62264	733 
62265	959 
62266	882 
62267	818 
62268	633 
62269	1286 
62270	384 
62271	98 
62272	617 
62273	1480 
62274	1380 
62275	1220 
62276	1121 
62277	221 
62278	1395 
62279	954 
62280	1767 
62281	806 
62282	544 
62283	1840 
62284	1378 
62285	1164 
62286	1062 
62287	857 
62288	152 
62289	1311 
62290	1775 
62291	703 
62292	876 
62293	1769 
62294	968 
62295	693 
62296	1229 
62297	1759 
62298	71 
62299	130 
62300	519 
62301	904 
62302	1857 
62303	1633 
62304	1624 
62305	563 
62306	683 
62307	1163 
62308	415 
62309	683 
62310	1479 
62311	473 
62312	317 
62313	217 
62314	967 
62315	214 
62316	1718 
62317	400 
62318	383 
62319	1400 
62320	281 
62321	1560 
62322	1120 
62323	1708 
62324	776 
62325	394 
62326	22 
62327	1432 
62328	105 
62329	47 
62330	1774 
62331	221 
62332	542 
62333	906 
62334	948 
62335	1161 
62336	1568 
62337	272 
62338	931 
62339	1677 
62340	1387 
62341	1021 
62342	1069 
62343	1650 
62344	944 
62345	1256 
62346	1412 
62347	274 
62348	1572 
62349	1502 
62350	1273 
62351	331 
62352	1369 
62353	1733 
62354	876 
62355	481 
62356	1727 
62357	789 
62358	1645 
62359	709 
62360	699 
62361	1733 
62362	703 
62363	1689 
62364	266 
62365	481 
62366	643 
62367	123 
62368	49 
62369	785 
62370	490 
62371	1218 
62372	1836 
62373	811 
62374	513 
62375	1539 
62376	1713 
62377	779 
62378	42 
62379	67 
62380	499 
62381	1696 
62382	204 
62383	727 
62384	1385 
62385	126 
62386	145 
62387	756 
62388	565 
62389	1841 
62390	1262 
62391	307 
62392	699 
62393	1527 
62394	1427 
62395	565 
62396	1502 
62397	145 
62398	804 
62399	557 
62400	1421 
62401	1589 
62402	1437 
62403	1511 
62404	460 
62405	1647 
62406	1084 
62407	1780 
62408	314 
62409	1218 
62410	158 
62411	968 
62412	709 
62413	1502 
62414	144 
62415	1789 
62416	1366 
62417	1760 
62418	145 
62419	1468 
62420	6 
62421	805 
62422	542 
62423	1049 
62424	278 
62425	788 
62426	456 
62427	1718 
62428	812 
62429	178 
62430	756 
62431	331 
62432	1445 
62433	1040 
62434	1821 
62435	444 
62436	29 
62437	602 
62438	1701 
62439	452 
62440	1392 
62441	735 
62442	1346 
62443	226 
62444	650 
62445	1293 
62446	335 
62447	1376 
62448	1285 
62449	1853 
62450	993 
62451	1369 
62452	1640 
62453	61 
62454	1436 
62455	890 
62456	1084 
62457	1224 
62458	633 
62459	841 
62460	733 
62461	782 
62462	171 
62463	554 
62464	449 
62465	559 
62466	259 
62467	1233 
62468	1836 
62469	693 
62470	144 
62471	1219 
62472	668 
62473	698 
62474	209 
62475	399 
62476	480 
62477	282 
62478	427 
62479	24 
62480	1531 
62481	367 
62482	258 
62483	134 
62484	789 
62485	1492 
62486	1182 
62487	480 
62488	108 
62489	1256 
62490	1706 
62491	91 
62492	545 
62493	782 
62494	330 
62495	974 
62496	330 
62497	1722 
62498	514 
62499	411 
62500	217 
62501	1825 
62502	832 
62503	407 
62504	972 
62505	947 
62506	559 
62507	1622 
62508	1802 
62509	209 
62510	851 
62511	1528 
62512	1464 
62513	715 
62514	308 
62515	796 
62516	1502 
62517	214 
62518	448 
62519	1454 
62520	808 
62521	944 
62522	1824 
62523	444 
62524	1282 
62525	368 
62526	444 
62527	6 
62528	421 
62529	966 
62530	1179 
62531	318 
62532	1762 
62533	1443 
62534	637 
62535	1246 
62536	424 
62537	542 
62538	1321 
62539	1572 
62540	1293 
62541	1436 
62542	895 
62543	204 
62544	946 
62545	739 
62546	1707 
62547	1424 
62548	367 
62549	1687 
62550	1291 
62551	894 
62552	535 
62553	907 
62554	1104 
62555	1426 
62556	1564 
62557	415 
62558	1434 
62559	1514 
62560	436 
62561	1344 
62562	818 
62563	721 
62564	1313 
62565	735 
62566	1548 
62567	1848 
62568	880 
62569	1053 
62570	339 
62571	1114 
62572	989 
62573	82 
62574	1513 
62575	1614 
62576	1606 
62577	1116 
62578	311 
62579	1019 
62580	414 
62581	1128 
62582	1400 
62583	1769 
62584	1521 
62585	40 
62586	131 
62587	16 
62588	1579 
62589	1264 
62590	1510 
62591	542 
62592	1504 
62593	481 
62594	1781 
62595	377 
62596	1662 
62597	66 
62598	1336 
62599	178 
62600	569 
62601	303 
62602	744 
62603	1782 
62604	1835 
62605	1532 
62606	1322 
62607	927 
62608	1823 
62609	391 
62610	535 
62611	734 
62612	493 
62613	904 
62614	527 
62615	1352 
62616	974 
62617	1465 
62618	1284 
62619	363 
62620	733 
62621	73 
62622	327 
62623	242 
62624	1748 
62625	55 
62626	556 
62627	796 
62628	716 
62629	530 
62630	179 
62631	1528 
62632	123 
62633	1560 
62634	1723 
62635	105 
62636	1486 
62637	1143 
62638	1847 
62639	61 
62640	425 
62641	1221 
62642	1692 
62643	981 
62644	1106 
62645	808 
62646	152 
62647	391 
62648	258 
62649	983 
62650	1030 
62651	715 
62652	1650 
62653	954 
62654	1469 
62655	598 
62656	1704 
62657	1445 
62658	1161 
62659	1806 
62660	330 
62661	1064 
62662	1712 
62663	53 
62664	1153 
62665	845 
62666	1267 
62667	290 
62668	374 
62669	41 
62670	1751 
62671	1806 
62672	145 
62673	1028 
62674	267 
62675	344 
62676	821 
62677	193 
62678	1524 
62679	1114 
62680	1434 
62681	529 
62682	1143 
62683	1855 
62684	1743 
62685	1277 
62686	1048 
62687	1463 
62688	963 
62689	370 
62690	1528 
62691	1843 
62692	1083 
62693	603 
62694	1588 
62695	78 
62696	62 
62697	1371 
62698	363 
62699	409 
62700	1689 
62701	367 
62702	804 
62703	258 
62704	557 
62705	281 
62706	954 
62707	1587 
62708	367 
62709	1830 
62710	1758 
62711	383 
62712	1374 
62713	506 
62714	890 
62715	1798 
62716	120 
62717	1112 
62718	282 
62719	1715 
62720	262 
62721	256 
62722	145 
62723	21 
62724	1555 
62725	1750 
62726	851 
62727	1589 
62728	1362 
62729	573 
62730	876 
62731	1706 
62732	1332 
62733	1701 
62734	1346 
62735	307 
62736	1622 
62737	560 
62738	331 
62739	217 
62740	250 
62741	1426 
62742	62 
62743	422 
62744	749 
62745	609 
62746	541 
62747	553 
62748	1073 
62749	596 
62750	411 
62751	466 
62752	1855 
62753	1258 
62754	248 
62755	843 
62756	259 
62757	968 
62758	456 
62759	1224 
62760	152 
62761	435 
62762	1064 
62763	1817 
62764	1360 
62765	1571 
62766	1778 
62767	6 
62768	1064 
62769	1218 
62770	1728 
62771	1639 
62772	1735 
62773	1822 
62774	465 
62775	1695 
62776	1031 
62777	1057 
62778	1511 
62779	703 
62780	380 
62781	1120 
62782	299 
62783	1535 
62784	856 
62785	1080 
62786	1368 
62787	1584 
62788	1696 
62789	598 
62790	71 
62791	1490 
62792	917 
62793	557 
62794	225 
62795	1163 
62796	1833 
62797	564 
62798	1815 
62799	895 
62800	602 
62801	776 
62802	204 
62803	1828 
62804	1708 
62805	1516 
62806	376 
62807	631 
62808	1082 
62809	643 
62810	542 
62811	954 
62812	1824 
62813	127 
62814	336 
62815	331 
62816	178 
62817	1414 
62818	1293 
62819	499 
62820	1280 
62821	1479 
62822	369 
62823	1139 
62824	533 
62825	886 
62826	1812 
62827	456 
62828	355 
62829	371 
62830	1068 
62831	1284 
62832	680 
62833	377 
62834	1698 
62835	112 
62836	981 
62837	1647 
62838	730 
62839	1283 
62840	684 
62841	567 
62842	612 
62843	1362 
62844	931 
62845	93 
62846	535 
62847	277 
62848	430 
62849	1283 
62850	355 
62851	918 
62852	14 
62853	522 
62854	1609 
62855	1340 
62856	322 
62857	1366 
62858	94 
62859	242 
62860	1614 
62861	1479 
62862	643 
62863	59 
62864	130 
62865	1 
62866	703 
62867	1131 
62868	819 
62869	1801 
62870	587 
62871	1722 
62872	33 
62873	1785 
62874	819 
62875	1598 
62876	983 
62877	1625 
62878	759 
62879	1578 
62880	1527 
62881	1678 
62882	171 
62883	1625 
62884	1236 
62885	565 
62886	1540 
62887	322 
62888	424 
62889	334 
62890	1383 
62891	582 
62892	892 
62893	1213 
62894	1751 
62895	782 
62896	1436 
62897	729 
62898	808 
62899	608 
62900	911 
62901	1728 
62902	1203 
62903	1065 
62904	852 
62905	1030 
62906	13 
62907	942 
62908	1313 
62909	1131 
62910	1807 
62911	1298 
62912	1317 
62913	1645 
62914	436 
62915	1321 
62916	1463 
62917	65 
62918	33 
62919	1034 
62920	988 
62921	145 
62922	1630 
62923	451 
62924	203 
62925	1390 
62926	278 
62927	89 
62928	216 
62929	758 
62930	604 
62931	81 
62932	1822 
62933	308 
62934	391 
62935	998 
62936	554 
62937	130 
62938	1223 
62939	840 
62940	229 
62941	661 
62942	1400 
62943	69 
62944	545 
62945	161 
62946	1578 
62947	811 
62948	1595 
62949	533 
62950	1246 
62951	1147 
62952	1025 
62953	1707 
62954	1064 
62955	1183 
62956	217 
62957	1427 
62958	1578 
62959	1384 
62960	1021 
62961	1176 
62962	765 
62963	981 
62964	1595 
62965	1282 
62966	1026 
62967	1064 
62968	123 
62969	597 
62970	1308 
62971	800 
62972	805 
62973	217 
62974	1843 
62975	200 
62976	61 
62977	1283 
62978	1579 
62979	492 
62980	1568 
62981	1845 
62982	1226 
62983	1378 
62984	1157 
62985	599 
62986	1520 
62987	82 
62988	1566 
62989	911 
62990	1833 
62991	385 
62992	1762 
62993	1229 
62994	1443 
62995	882 
62996	1358 
62997	330 
62998	24 
62999	1360 
63000	1554 
63001	211 
63002	1086 
63003	202 
63004	1629 
63005	521 
63006	1267 
63007	123 
63008	701 
63009	862 
63010	81 
63011	880 
63012	1057 
63013	1128 
63014	1490 
63015	1845 
63016	344 
63017	569 
63018	1213 
63019	832 
63020	184 
63021	6 
63022	1 
63023	574 
63024	1661 
63025	1006 
63026	335 
63027	730 
63028	184 
63029	62 
63030	829 
63031	598 
63032	25 
63033	1355 
63034	55 
63035	1706 
63036	272 
63037	482 
63038	319 
63039	569 
63040	1838 
63041	1175 
63042	672 
63043	961 
63044	285 
63045	258 
63046	1709 
63047	1321 
63048	1465 
63049	493 
63050	171 
63051	451 
63052	1112 
63053	455 
63054	1465 
63055	1383 
63056	1300 
63057	216 
63058	836 
63059	1049 
63060	1758 
63061	349 
63062	1272 
63063	315 
63064	701 
63065	665 
63066	490 
63067	701 
63068	1454 
63069	75 
63070	1807 
63071	958 
63072	569 
63073	344 
63074	1840 
63075	1397 
63076	71 
63077	1568 
63078	1594 
63079	1283 
63080	1307 
63081	646 
63082	1669 
63083	415 
63084	481 
63085	773 
63086	1368 
63087	841 
63088	1203 
63089	507 
63090	104 
63091	1409 
63092	975 
63093	871 
63094	1424 
63095	256 
63096	692 
63097	1778 
63098	1332 
63099	472 
63100	8 
63101	166 
63102	410 
63103	842 
63104	1801 
63105	76 
63106	1767 
63107	1781 
63108	448 
63109	1062 
63110	232 
63111	1473 
63112	454 
63113	1045 
63114	1260 
63115	1529 
63116	1814 
63117	277 
63118	1533 
63119	1084 
63120	1503 
63121	723 
63122	150 
63123	1269 
63124	699 
63125	331 
63126	672 
63127	204 
63128	1759 
63129	808 
63130	811 
63131	144 
63132	1147 
63133	1269 
63134	203 
63135	128 
63136	1773 
63137	10 
63138	1713 
63139	1086 
63140	1131 
63141	1525 
63142	723 
63143	1028 
63144	1386 
63145	1300 
63146	683 
63147	556 
63148	1532 
63149	1065 
63150	120 
63151	739 
63152	1045 
63153	131 
63154	487 
63155	1769 
63156	972 
63157	1850 
63158	519 
63159	40 
63160	787 
63161	153 
63162	1772 
63163	542 
63164	237 
63165	1694 
63166	229 
63167	544 
63168	1506 
63169	721 
63170	1272 
63171	1663 
63172	723 
63173	824 
63174	154 
63175	1786 
63176	1208 
63177	649 
63178	1627 
63179	455 
63180	1120 
63181	550 
63182	303 
63183	591 
63184	1807 
63185	383 
63186	731 
63187	22 
63188	430 
63189	490 
63190	1034 
63191	420 
63192	1286 
63193	1400 
63194	462 
63195	499 
63196	1403 
63197	62 
63198	1141 
63199	56 
63200	860 
63201	446 
63202	454 
63203	5 
63204	1384 
63205	1119 
63206	510 
63207	812 
63208	114 
63209	1755 
63210	699 
63211	40 
63212	535 
63213	230 
63214	1163 
63215	416 
63216	502 
63217	1266 
63218	1458 
63219	277 
63220	1358 
63221	1024 
63222	1360 
63223	1131 
63224	1677 
63225	769 
63226	920 
63227	69 
63228	1264 
63229	1434 
63230	1129 
63231	901 
63232	582 
63233	183 
63234	818 
63235	1647 
63236	127 
63237	1781 
63238	1319 
63239	991 
63240	33 
63241	830 
63242	1408 
63243	808 
63244	1609 
63245	813 
63246	510 
63247	1735 
63248	598 
63249	420 
63250	503 
63251	1277 
63252	1379 
63253	481 
63254	92 
63255	1048 
63256	1594 
63257	277 
63258	367 
63259	81 
63260	78 
63261	1751 
63262	1161 
63263	1718 
63264	315 
63265	1441 
63266	171 
63267	1722 
63268	52 
63269	56 
63270	789 
63271	404 
63272	879 
63273	723 
63274	61 
63275	783 
63276	146 
63277	179 
63278	1378 
63279	448 
63280	951 
63281	1335 
63282	729 
63283	1768 
63284	919 
63285	556 
63286	813 
63287	814 
63288	1310 
63289	1170 
63290	888 
63291	588 
63292	394 
63293	436 
63294	497 
63295	574 
63296	872 
63297	904 
63298	906 
63299	130 
63300	1409 
63301	284 
63302	924 
63303	569 
63304	147 
63305	836 
63306	22 
63307	664 
63308	71 
63309	267 
63310	242 
63311	735 
63312	1358 
63313	1182 
63314	42 
63315	451 
63316	373 
63317	404 
63318	1791 
63319	769 
63320	42 
63321	54 
63322	1215 
63323	1773 
63324	1631 
63325	1397 
63326	533 
63327	701 
63328	1845 
63329	1055 
63330	414 
63331	525 
63332	499 
63333	1515 
63334	1116 
63335	999 
63336	407 
63337	176 
63338	1082 
63339	1421 
63340	1769 
63341	14 
63342	25 
63343	1502 
63344	1578 
63345	529 
63346	1138 
63347	1317 
63348	658 
63349	1415 
63350	1468 
63351	1412 
63352	452 
63353	334 
63354	1262 
63355	120 
63356	699 
63357	1533 
63358	1380 
63359	1725 
63360	2 
63361	983 
63362	1790 
63363	1738 
63364	1469 
63365	734 
63366	248 
63367	1340 
63368	131 
63369	1578 
63370	1740 
63371	71 
63372	130 
63373	889 
63374	772 
63375	542 
63376	57 
63377	98 
63378	446 
63379	1128 
63380	617 
63381	230 
63382	1772 
63383	830 
63384	1553 
63385	732 
63386	19 
63387	1583 
63388	1609 
63389	1269 
63390	541 
63391	1049 
63392	176 
63393	418 
63394	318 
63395	626 
63396	410 
63397	1773 
63398	324 
63399	99 
63400	1808 
63401	451 
63402	738 
63403	1833 
63404	452 
63405	1069 
63406	651 
63407	14 
63408	890 
63409	179 
63410	819 
63411	1708 
63412	1078 
63413	130 
63414	908 
63415	545 
63416	492 
63417	997 
63418	1004 
63419	672 
63420	1188 
63421	617 
63422	730 
63423	127 
63424	1188 
63425	6 
63426	472 
63427	21 
63428	884 
63429	1658 
63430	661 
63431	533 
63432	1059 
63433	81 
63434	81 
63435	1222 
63436	1857 
63437	1653 
63438	1650 
63439	968 
63440	56 
63441	23 
63442	860 
63443	307 
63444	1658 
63445	449 
63446	1157 
63447	597 
63448	502 
63449	1362 
63450	142 
63451	320 
63452	257 
63453	1029 
63454	1415 
63455	1038 
63456	1322 
63457	991 
63458	788 
63459	322 
63460	1438 
63461	104 
63462	216 
63463	165 
63464	1293 
63465	1025 
63466	227 
63467	482 
63468	836 
63469	451 
63470	1662 
63471	1380 
63472	903 
63473	579 
63474	1629 
63475	1221 
63476	1360 
63477	921 
63478	1751 
63479	82 
63480	1386 
63481	69 
63482	42 
63483	259 
63484	1645 
63485	1220 
63486	881 
63487	257 
63488	808 
63489	1759 
63490	303 
63491	767 
63492	48 
63493	1753 
63494	1068 
63495	1198 
63496	1376 
63497	1589 
63498	1588 
63499	699 
63500	706 
63501	373 
63502	1576 
63503	738 
63504	1254 
63505	1511 
63506	1788 
63507	1080 
63508	1130 
63509	703 
63510	458 
63511	1397 
63512	1770 
63513	55 
63514	1524 
63515	1760 
63516	267 
63517	1294 
63518	688 
63519	321 
63520	290 
63521	553 
63522	1257 
63523	1567 
63524	1855 
63525	503 
63526	257 
63527	1220 
63528	1814 
63529	1124 
63530	598 
63531	86 
63532	138 
63533	362 
63534	1281 
63535	1618 
63536	1650 
63537	1345 
63538	1260 
63539	217 
63540	586 
63541	1086 
63542	256 
63543	772 
63544	974 
63545	338 
63546	646 
63547	444 
63548	203 
63549	1175 
63550	731 
63551	982 
63552	736 
63553	70 
63554	482 
63555	1115 
63556	67 
63557	1426 
63558	1198 
63559	14 
63560	993 
63561	1084 
63562	886 
63563	1250 
63564	1407 
63565	47 
63566	598 
63567	86 
63568	966 
63569	193 
63570	650 
63571	533 
63572	1503 
63573	1141 
63574	1376 
63575	1498 
63576	998 
63577	1222 
63578	522 
63579	1734 
63580	1168 
63581	749 
63582	430 
63583	772 
63584	531 
63585	1282 
63586	482 
63587	330 
63588	864 
63589	318 
63590	706 
63591	906 
63592	1789 
63593	1380 
63594	1062 
63595	248 
63596	1486 
63597	773 
63598	1083 
63599	1524 
63600	599 
63601	1633 
63602	1572 
63603	534 
63604	1796 
63605	1857 
63606	1791 
63607	724 
63608	364 
63609	1728 
63610	1153 
63611	1080 
63612	1836 
63613	256 
63614	1124 
63615	904 
63616	73 
63617	282 
63618	1065 
63619	867 
63620	628 
63621	591 
63622	1000 
63623	1414 
63624	1348 
63625	1239 
63626	212 
63627	360 
63628	1418 
63629	772 
63630	1168 
63631	60 
63632	367 
63633	1141 
63634	872 
63635	543 
63636	658 
63637	1572 
63638	1768 
63639	1286 
63640	98 
63641	155 
63642	507 
63643	225 
63644	1451 
63645	958 
63646	1455 
63647	1394 
63648	790 
63649	303 
63650	1441 
63651	1508 
63652	1203 
63653	800 
63654	1256 
63655	812 
63656	1762 
63657	553 
63658	1294 
63659	1671 
63660	217 
63661	568 
63662	155 
63663	277 
63664	75 
63665	1530 
63666	1217 
63667	813 
63668	1426 
63669	1514 
63670	907 
63671	1429 
63672	952 
63673	1725 
63674	1486 
63675	147 
63676	1208 
63677	513 
63678	1004 
63679	1210 
63680	374 
63681	1508 
63682	62 
63683	92 
63684	1250 
63685	1341 
63686	1394 
63687	1694 
63688	1085 
63689	1514 
63690	1840 
63691	334 
63692	183 
63693	1763 
63694	74 
63695	1074 
63696	260 
63697	1843 
63698	1735 
63699	1188 
63700	1801 
63701	1018 
63702	303 
63703	1505 
63704	380 
63705	367 
63706	699 
63707	322 
63708	407 
63709	1286 
63710	225 
63711	1725 
63712	435 
63713	1030 
63714	1548 
63715	1188 
63716	503 
63717	1316 
63718	789 
63719	115 
63720	416 
63721	258 
63722	394 
63723	436 
63724	1689 
63725	1516 
63726	1141 
63727	602 
63728	1554 
63729	1725 
63730	1833 
63731	1331 
63732	540 
63733	1549 
63734	1124 
63735	1210 
63736	1471 
63737	617 
63738	373 
63739	1471 
63740	701 
63741	1452 
63742	1223 
63743	257 
63744	1053 
63745	49 
63746	199 
63747	954 
63748	70 
63749	115 
63750	257 
63751	931 
63752	1194 
63753	131 
63754	400 
63755	1648 
63756	1755 
63757	735 
63758	1078 
63759	800 
63760	1528 
63761	1767 
63762	862 
63763	1589 
63764	383 
63765	41 
63766	685 
63767	745 
63768	65 
63769	1052 
63770	1709 
63771	1294 
63772	923 
63773	169 
63774	290 
63775	966 
63776	889 
63777	1628 
63778	1510 
63779	376 
63780	808 
63781	830 
63782	170 
63783	162 
63784	1264 
63785	817 
63786	871 
63787	1272 
63788	557 
63789	530 
63790	1643 
63791	1273 
63792	1830 
63793	1578 
63794	881 
63795	1218 
63796	842 
63797	75 
63798	222 
63799	918 
63800	731 
63801	1097 
63802	1767 
63803	1709 
63804	169 
63805	216 
63806	397 
63807	384 
63808	1326 
63809	338 
63810	257 
63811	1300 
63812	1684 
63813	906 
63814	493 
63815	599 
63816	1763 
63817	1792 
63818	105 
63819	1746 
63820	732 
63821	1639 
63822	62 
63823	400 
63824	906 
63825	1169 
63826	1628 
63827	703 
63828	14 
63829	1348 
63830	1384 
63831	59 
63832	1688 
63833	1614 
63834	693 
63835	285 
63836	1001 
63837	1643 
63838	421 
63839	1753 
63840	785 
63841	1007 
63842	1426 
63843	231 
63844	967 
63845	1824 
63846	1765 
63847	24 
63848	1712 
63849	456 
63850	24 
63851	1040 
63852	667 
63853	601 
63854	1192 
63855	22 
63856	699 
63857	235 
63858	556 
63859	363 
63860	867 
63861	1678 
63862	1831 
63863	1130 
63864	1170 
63865	1680 
63866	1362 
63867	553 
63868	1376 
63869	171 
63870	314 
63871	711 
63872	362 
63873	1274 
63874	573 
63875	1207 
63876	1025 
63877	542 
63878	1038 
63879	772 
63880	1331 
63881	260 
63882	187 
63883	1783 
63884	277 
63885	171 
63886	1840 
63887	1391 
63888	1587 
63889	448 
63890	540 
63891	341 
63892	991 
63893	782 
63894	66 
63895	227 
63896	92 
63897	1445 
63898	1532 
63899	1306 
63900	1071 
63901	249 
63902	1335 
63903	42 
63904	1341 
63905	1610 
63906	1770 
63907	1410 
63908	698 
63909	1045 
63910	1210 
63911	410 
63912	1052 
63913	626 
63914	234 
63915	1194 
63916	582 
63917	398 
63918	129 
63919	1208 
63920	296 
63921	880 
63922	98 
63923	804 
63924	461 
63925	723 
63926	6 
63927	815 
63928	98 
63929	1830 
63930	1792 
63931	1504 
63932	1828 
63933	1114 
63934	499 
63935	519 
63936	1203 
63937	878 
63938	1220 
63939	1238 
63940	1001 
63941	554 
63942	1055 
63943	818 
63944	851 
63945	1338 
63946	545 
63947	230 
63948	1564 
63949	291 
63950	76 
63951	1840 
63952	974 
63953	412 
63954	661 
63955	1362 
63956	747 
63957	1671 
63958	1689 
63959	217 
63960	1677 
63961	1749 
63962	686 
63963	649 
63964	1828 
63965	800 
63966	956 
63967	791 
63968	1571 
63969	169 
63970	1239 
63971	1232 
63972	1376 
63973	128 
63974	769 
63975	1547 
63976	1212 
63977	888 
63978	280 
63979	1749 
63980	412 
63981	1806 
63982	1286 
63983	112 
63984	353 
63985	809 
63986	553 
63987	473 
63988	1080 
63989	1524 
63990	1748 
63991	75 
63992	700 
63993	537 
63994	1359 
63995	490 
63996	795 
63997	490 
63998	1153 
63999	981 
64000	1635 
64001	621 
64002	490 
64003	1525 
64004	1628 
64005	56 
64006	1424 
64007	1078 
64008	845 
64009	1175 
64010	1194 
64011	1492 
64012	5 
64013	452 
64014	68 
64015	86 
64016	1825 
64017	1103 
64018	1712 
64019	320 
64020	229 
64021	461 
64022	1153 
64023	5 
64024	1274 
64025	997 
64026	700 
64027	284 
64028	1760 
64029	375 
64030	137 
64031	130 
64032	1643 
64033	487 
64034	686 
64035	720 
64036	1655 
64037	695 
64038	1157 
64039	1005 
64040	377 
64041	374 
64042	146 
64043	123 
64044	907 
64045	1455 
64046	956 
64047	1332 
64048	1091 
64049	556 
64050	1486 
64051	1627 
64052	120 
64053	685 
64054	1120 
64055	456 
64056	480 
64057	1823 
64058	1256 
64059	941 
64060	435 
64061	1062 
64062	843 
64063	1413 
64064	749 
64065	463 
64066	805 
64067	11 
64068	1748 
64069	1293 
64070	1192 
64071	1707 
64072	60 
64073	1317 
64074	1561 
64075	1750 
64076	836 
64077	248 
64078	1607 
64079	1374 
64080	1441 
64081	661 
64082	292 
64083	821 
64084	1332 
64085	931 
64086	145 
64087	56 
64088	643 
64089	1218 
64090	682 
64091	1141 
64092	175 
64093	990 
64094	881 
64095	1197 
64096	1283 
64097	364 
64098	487 
64099	879 
64100	1722 
64101	864 
64102	411 
64103	47 
64104	944 
64105	257 
64106	1220 
64107	68 
64108	1775 
64109	364 
64110	1435 
64111	349 
64112	409 
64113	503 
64114	178 
64115	61 
64116	830 
64117	420 
64118	1228 
64119	1807 
64120	1098 
64121	1298 
64122	1449 
64123	1806 
64124	1609 
64125	733 
64126	1835 
64127	931 
64128	1306 
64129	1539 
64130	444 
64131	317 
64132	662 
64133	21 
64134	1124 
64135	444 
64136	171 
64137	1282 
64138	591 
64139	1344 
64140	1748 
64141	19 
64142	930 
64143	448 
64144	1838 
64145	540 
64146	1725 
64147	371 
64148	525 
64149	1322 
64150	73 
64151	967 
64152	1021 
64153	1760 
64154	1192 
64155	633 
64156	62 
64157	62 
64158	1131 
64159	292 
64160	1221 
64161	1601 
64162	6 
64163	685 
64164	482 
64165	95 
64166	237 
64167	322 
64168	769 
64169	229 
64170	1274 
64171	145 
64172	262 
64173	1256 
64174	1852 
64175	80 
64176	1385 
64177	1727 
64178	579 
64179	644 
64180	1018 
64181	1357 
64182	598 
64183	216 
64184	884 
64185	25 
64186	1346 
64187	1338 
64188	1073 
64189	1162 
64190	1746 
64191	1286 
64192	1671 
64193	1322 
64194	1434 
64195	215 
64196	1695 
64197	1386 
64198	1182 
64199	363 
64200	919 
64201	30 
64202	1031 
64203	1179 
64204	1054 
64205	836 
64206	941 
64207	120 
64208	42 
64209	1342 
64210	919 
64211	114 
64212	409 
64213	1850 
64214	1331 
64215	337 
64216	1014 
64217	40 
64218	886 
64219	383 
64220	1769 
64221	1056 
64222	911 
64223	1435 
64224	509 
64225	1698 
64226	947 
64227	1640 
64228	487 
64229	1395 
64230	1677 
64231	1016 
64232	1084 
64233	1246 
64234	967 
64235	649 
64236	1130 
64237	931 
64238	1070 
64239	604 
64240	1648 
64241	1601 
64242	1628 
64243	1733 
64244	69 
64245	1664 
64246	1629 
64247	400 
64248	533 
64249	380 
64250	152 
64251	135 
64252	1664 
64253	1126 
64254	1639 
64255	499 
64256	163 
64257	1391 
64258	1070 
64259	974 
64260	76 
64261	1226 
64262	568 
64263	748 
64264	596 
64265	1726 
64266	1029 
64267	303 
64268	1707 
64269	1336 
64270	640 
64271	1758 
64272	1293 
64273	1128 
64274	878 
64275	1681 
64276	346 
64277	1760 
64278	1815 
64279	1025 
64280	357 
64281	1645 
64282	1694 
64283	542 
64284	1391 
64285	1547 
64286	783 
64287	1083 
64288	1063 
64289	563 
64290	1840 
64291	783 
64292	1132 
64293	597 
64294	1088 
64295	1208 
64296	991 
64297	1238 
64298	683 
64299	692 
64300	1671 
64301	1409 
64302	1688 
64303	565 
64304	458 
64305	807 
64306	1628 
64307	562 
64308	531 
64309	336 
64310	1256 
64311	1830 
64312	187 
64313	1112 
64314	1332 
64315	1293 
64316	1570 
64317	773 
64318	166 
64319	1304 
64320	563 
64321	1647 
64322	1404 
64323	697 
64324	621 
64325	229 
64326	1718 
64327	888 
64328	1601 
64329	808 
64330	70 
64331	224 
64332	513 
64333	1528 
64334	94 
64335	51 
64336	1836 
64337	612 
64338	222 
64339	1230 
64340	1420 
64341	943 
64342	221 
64343	94 
64344	1412 
64345	111 
64346	393 
64347	1019 
64348	583 
64349	1057 
64350	424 
64351	1256 
64352	1197 
64353	789 
64354	1704 
64355	1071 
64356	135 
64357	1841 
64358	1236 
64359	1345 
64360	296 
64361	1254 
64362	423 
64363	1273 
64364	56 
64365	879 
64366	519 
64367	1818 
64368	127 
64369	703 
64370	1097 
64371	807 
64372	525 
64373	878 
64374	1498 
64375	998 
64376	1120 
64377	169 
64378	54 
64379	709 
64380	506 
64381	247 
64382	57 
64383	319 
64384	99 
64385	70 
64386	1038 
64387	187 
64388	417 
64389	1316 
64390	1218 
64391	1415 
64392	308 
64393	1663 
64394	1294 
64395	1256 
64396	1763 
64397	30 
64398	217 
64399	578 
64400	1357 
64401	49 
64402	1318 
64403	921 
64404	1236 
64405	1662 
64406	503 
64407	1709 
64408	1300 
64409	832 
64410	451 
64411	1308 
64412	444 
64413	956 
64414	398 
64415	990 
64416	1021 
64417	1001 
64418	579 
64419	1379 
64420	182 
64421	351 
64422	1502 
64423	872 
64424	863 
64425	919 
64426	230 
64427	92 
64428	1692 
64429	886 
64430	1615 
64431	373 
64432	1162 
64433	738 
64434	1210 
64435	91 
64436	597 
64437	492 
64438	1498 
64439	1086 
64440	579 
64441	409 
64442	127 
64443	1426 
64444	394 
64445	565 
64446	1129 
64447	1313 
64448	170 
64449	880 
64450	602 
64451	145 
64452	334 
64453	1224 
64454	123 
64455	1304 
64456	472 
64457	460 
64458	530 
64459	145 
64460	1170 
64461	1390 
64462	1108 
64463	969 
64464	1426 
64465	48 
64466	762 
64467	393 
64468	1601 
64469	881 
64470	74 
64471	20 
64472	385 
64473	420 
64474	1554 
64475	462 
64476	42 
64477	649 
64478	1612 
64479	683 
64480	1722 
64481	499 
64482	703 
64483	1830 
64484	1733 
64485	356 
64486	1516 
64487	95 
64488	19 
64489	565 
64490	89 
64491	1807 
64492	920 
64493	1473 
64494	579 
64495	1254 
64496	584 
64497	941 
64498	829 
64499	1163 
64500	553 
64501	375 
64502	1681 
64503	974 
64504	234 
64505	371 
64506	1532 
64507	550 
64508	1814 
64509	1748 
64510	1143 
64511	916 
64512	1594 
64513	881 
64514	1473 
64515	229 
64516	1220 
64517	1263 
64518	733 
64519	1052 
64520	530 
64521	903 
64522	234 
64523	557 
64524	137 
64525	1539 
64526	1188 
64527	139 
64528	416 
64529	597 
64530	1332 
64531	843 
64532	394 
64533	939 
64534	33 
64535	1840 
64536	137 
64537	7 
64538	1048 
64539	1311 
64540	564 
64541	836 
64542	534 
64543	1789 
64544	851 
64545	498 
64546	98 
64547	1056 
64548	738 
64549	963 
64550	645 
64551	1348 
64552	1052 
64553	393 
64554	1243 
64555	1332 
64556	1661 
64557	920 
64558	599 
64559	1622 
64560	1004 
64561	886 
64562	1503 
64563	282 
64564	1269 
64565	49 
64566	1748 
64567	130 
64568	238 
64569	1056 
64570	586 
64571	1220 
64572	559 
64573	6 
64574	1229 
64575	867 
64576	1845 
64577	1465 
64578	684 
64579	267 
64580	994 
64581	1137 
64582	703 
64583	330 
64584	36 
64585	1479 
64586	1503 
64587	1625 
64588	880 
64589	658 
64590	836 
64591	779 
64592	1333 
64593	1197 
64594	1415 
64595	1012 
64596	420 
64597	773 
64598	645 
64599	1131 
64600	1400 
64601	139 
64602	74 
64603	1322 
64604	1674 
64605	1269 
64606	1353 
64607	534 
64608	62 
64609	56 
64610	470 
64611	1256 
64612	1335 
64613	40 
64614	565 
64615	80 
64616	1300 
64617	1316 
64618	1735 
64619	683 
64620	169 
64621	966 
64622	709 
64623	1026 
64624	1825 
64625	556 
64626	258 
64627	71 
64628	1540 
64629	1316 
64630	1647 
64631	1025 
64632	1753 
64633	398 
64634	1010 
64635	68 
64636	604 
64637	1069 
64638	693 
64639	1296 
64640	806 
64641	510 
64642	1845 
64643	617 
64644	22 
64645	567 
64646	1438 
64647	1258 
64648	291 
64649	1517 
64650	520 
64651	1098 
64652	205 
64653	1201 
64654	201 
64655	1418 
64656	1694 
64657	1718 
64658	77 
64659	115 
64660	819 
64661	881 
64662	1326 
64663	588 
64664	1421 
64665	6 
64666	1192 
64667	1376 
64668	1073 
64669	1473 
64670	1473 
64671	1091 
64672	927 
64673	808 
64674	1554 
64675	1258 
64676	1744 
64677	429 
64678	829 
64679	344 
64680	62 
64681	1434 
64682	1632 
64683	1647 
64684	262 
64685	565 
64686	1824 
64687	452 
64688	1029 
64689	767 
64690	1084 
64691	826 
64692	481 
64693	20 
64694	758 
64695	715 
64696	1465 
64697	1068 
64698	1638 
64699	325 
64700	1594 
64701	591 
64702	397 
64703	98 
64704	1384 
64705	56 
64706	1648 
64707	796 
64708	919 
64709	1291 
64710	1013 
64711	1073 
64712	1126 
64713	1773 
64714	1266 
64715	1272 
64716	277 
64717	988 
64718	303 
64719	1153 
64720	796 
64721	1470 
64722	966 
64723	733 
64724	292 
64725	95 
64726	1677 
64727	1775 
64728	1515 
64729	878 
64730	95 
64731	1718 
64732	1262 
64733	626 
64734	1379 
64735	1684 
64736	773 
64737	1091 
64738	1606 
64739	584 
64740	1596 
64741	510 
64742	1157 
64743	1348 
64744	973 
64745	1840 
64746	1695 
64747	1840 
64748	688 
64749	205 
64750	1264 
64751	910 
64752	411 
64753	360 
64754	266 
64755	1448 
64756	1221 
64757	129 
64758	1744 
64759	1532 
64760	257 
64761	420 
64762	1072 
64763	800 
64764	120 
64765	769 
64766	362 
64767	14 
64768	391 
64769	357 
64770	151 
64771	845 
64772	36 
64773	591 
64774	1511 
64775	1217 
64776	1143 
64777	390 
64778	1409 
64779	1194 
64780	565 
64781	1024 
64782	1289 
64783	1520 
64784	1748 
64785	804 
64786	805 
64787	341 
64788	545 
64789	1588 
64790	1443 
64791	22 
64792	775 
64793	89 
64794	931 
64795	1313 
64796	463 
64797	738 
64798	1527 
64799	353 
64800	1194 
64801	788 
64802	1454 
64803	735 
64804	1332 
64805	1006 
64806	588 
64807	227 
64808	404 
64809	1655 
64810	927 
64811	1758 
64812	765 
64813	843 
64814	598 
64815	798 
64816	1337 
64817	1725 
64818	769 
64819	1838 
64820	598 
64821	1130 
64822	201 
64823	1633 
64824	114 
64825	1787 
64826	330 
64827	1141 
64828	1562 
64829	1609 
64830	1527 
64831	1080 
64832	1421 
64833	482 
64834	890 
64835	1158 
64836	1120 
64837	1344 
64838	1068 
64839	527 
64840	557 
64841	325 
64842	598 
64843	1857 
64844	1454 
64845	1709 
64846	89 
64847	1655 
64848	1040 
64849	542 
64850	806 
64851	1830 
64852	420 
64853	832 
64854	1787 
64855	699 
64856	1775 
64857	493 
64858	82 
64859	904 
64860	410 
64861	1678 
64862	1540 
64863	1579 
64864	1010 
64865	1412 
64866	284 
64867	1028 
64868	342 
64869	183 
64870	864 
64871	1337 
64872	1811 
64873	1358 
64874	792 
64875	880 
64876	893 
64877	1073 
64878	701 
64879	1143 
64880	1663 
64881	862 
64882	356 
64883	535 
64884	787 
64885	1451 
64886	1845 
64887	307 
64888	1694 
64889	798 
64890	342 
64891	1502 
64892	1648 
64893	557 
64894	886 
64895	832 
64896	51 
64897	436 
64898	131 
64899	924 
64900	137 
64901	108 
64902	1358 
64903	1434 
64904	120 
64905	355 
64906	267 
64907	503 
64908	1120 
64909	1000 
64910	613 
64911	1846 
64912	169 
64913	1444 
64914	1128 
64915	146 
64916	1321 
64917	234 
64918	1004 
64919	1403 
64920	260 
64921	1131 
64922	1479 
64923	145 
64924	469 
64925	782 
64926	1138 
64927	1070 
64928	544 
64929	1609 
64930	371 
64931	123 
64932	1662 
64933	858 
64934	1192 
64935	939 
64936	983 
64937	893 
64938	69 
64939	598 
64940	812 
64941	1605 
64942	154 
64943	199 
64944	1388 
64945	1341 
64946	1091 
64947	454 
64948	1380 
64949	879 
64950	1361 
64951	1104 
64952	1506 
64953	1386 
64954	553 
64955	1549 
64956	396 
64957	611 
64958	651 
64959	1688 
64960	574 
64961	1103 
64962	174 
64963	1321 
64964	1841 
64965	1638 
64966	1084 
64967	1084 
64968	1576 
64969	813 
64970	1368 
64971	364 
64972	1378 
64973	921 
64974	53 
64975	1049 
64976	204 
64977	1586 
64978	10 
64979	1153 
64980	1735 
64981	1529 
64982	1521 
64983	1733 
64984	1311 
64985	1663 
64986	796 
64987	222 
64988	1293 
64989	560 
64990	331 
64991	371 
64992	835 
64993	1222 
64994	1001 
64995	1116 
64996	1322 
64997	174 
64998	695 
64999	1269 
65000	8 
65001	166 
65002	1548 
65003	178 
65004	121 
65005	1698 
65006	1263 
65007	1725 
65008	1239 
65009	227 
65010	994 
65011	1850 
65012	91 
65013	1336 
65014	373 
65015	60 
65016	967 
65017	1655 
65018	693 
65019	886 
65020	1366 
65021	1740 
65022	656 
65023	175 
65024	604 
65025	156 
65026	281 
65027	146 
65028	997 
65029	967 
65030	185 
65031	842 
65032	1161 
65033	732 
65034	1486 
65035	843 
65036	731 
65037	1801 
65038	364 
65039	1597 
65040	1004 
65041	51 
65042	1400 
65043	559 
65044	492 
65045	918 
65046	576 
65047	416 
65048	75 
65049	1643 
65050	1220 
65051	1480 
65052	391 
65053	1313 
65054	801 
65055	99 
65056	814 
65057	391 
65058	814 
65059	169 
65060	1662 
65061	1796 
65062	1332 
65063	1778 
65064	1450 
65065	98 
65066	814 
65067	1516 
65068	1114 
65069	1019 
65070	703 
65071	923 
65072	1318 
65073	1524 
65074	1101 
65075	444 
65076	172 
65077	1733 
65078	1830 
65079	1410 
65080	1753 
65081	941 
65082	650 
65083	1264 
65084	216 
65085	445 
65086	319 
65087	1054 
65088	579 
65089	1680 
65090	277 
65091	344 
65092	808 
65093	538 
65094	808 
65095	460 
65096	400 
65097	983 
65098	318 
65099	318 
65100	1498 
65101	1138 
65102	127 
65103	806 
65104	1533 
65105	1707 
65106	209 
65107	1774 
65108	415 
65109	1362 
65110	583 
65111	1322 
65112	1291 
65113	983 
65114	380 
65115	1 
65116	1830 
65117	256 
65118	1000 
65119	1486 
65120	145 
65121	90 
65122	550 
65123	493 
65124	410 
65125	1773 
65126	662 
65127	1045 
65128	272 
65129	1143 
65130	736 
65131	497 
65132	1532 
65133	1638 
65134	1434 
65135	1726 
65136	704 
65137	806 
65138	1063 
65139	172 
65140	251 
65141	69 
65142	8 
65143	716 
65144	1102 
65145	436 
65146	1586 
65147	229 
65148	227 
65149	1256 
65150	21 
65151	1337 
65152	234 
65153	961 
65154	988 
65155	1492 
65156	183 
65157	703 
65158	1585 
65159	1120 
65160	890 
65161	706 
65162	1711 
65163	1422 
65164	1608 
65165	1003 
65166	282 
65167	685 
65168	30 
65169	1359 
65170	876 
65171	1555 
65172	380 
65173	1038 
65174	635 
65175	672 
65176	1355 
65177	1045 
65178	76 
65179	1079 
65180	608 
65181	1458 
65182	108 
65183	1755 
65184	1384 
65185	1194 
65186	1846 
65187	735 
65188	1504 
65189	644 
65190	151 
65191	1025 
65192	61 
65193	1188 
65194	1653 
65195	920 
65196	356 
65197	557 
65198	907 
65199	1049 
65200	1379 
65201	4 
65202	1609 
65203	1301 
65204	1055 
65205	1655 
65206	896 
65207	1452 
65208	1438 
65209	1765 
65210	1429 
65211	1643 
65212	1212 
65213	631 
65214	703 
65215	1527 
65216	1021 
65217	535 
65218	1672 
65219	1743 
65220	1811 
65221	1124 
65222	1521 
65223	427 
65224	651 
65225	1137 
65226	1780 
65227	920 
65228	1222 
65229	70 
65230	880 
65231	1461 
65232	1394 
65233	1661 
65234	1786 
65235	281 
65236	1210 
65237	1769 
65238	533 
65239	1776 
65240	1597 
65241	567 
65242	6 
65243	683 
65244	196 
65245	338 
65246	1568 
65247	391 
65248	1078 
65249	836 
65250	1380 
65251	260 
65252	382 
65253	569 
65254	1633 
65255	1222 
65256	341 
65257	553 
65258	567 
65259	1540 
65260	658 
65261	1361 
65262	1807 
65263	1427 
65264	695 
65265	842 
65266	282 
65267	36 
65268	692 
65269	164 
65270	1438 
65271	1727 
65272	262 
65273	1726 
65274	1384 
65275	1016 
65276	1028 
65277	341 
65278	625 
65279	1369 
65280	225 
65281	1783 
65282	1394 
65283	1161 
65284	104 
65285	985 
65286	709 
65287	1775 
65288	1191 
65289	374 
65290	458 
65291	1131 
65292	169 
65293	75 
65294	324 
65295	1601 
65296	530 
65297	1157 
65298	1735 
65299	939 
65300	1539 
65301	94 
65302	281 
65303	1226 
65304	1086 
65305	1264 
65306	330 
65307	367 
65308	826 
65309	391 
65310	99 
65311	8 
65312	563 
65313	1191 
65314	334 
65315	797 
65316	1380 
65317	168 
65318	136 
65319	968 
65320	1358 
65321	735 
65322	1273 
65323	1321 
65324	1648 
65325	692 
65326	1583 
65327	1248 
65328	1222 
65329	1250 
65330	164 
65331	394 
65332	322 
65333	445 
65334	1511 
65335	783 
65336	556 
65337	374 
65338	1149 
65339	1533 
65340	1280 
65341	1806 
65342	997 
65343	564 
65344	1648 
65345	835 
65346	1384 
65347	341 
65348	369 
65349	1116 
65350	989 
65351	550 
65352	911 
65353	814 
65354	519 
65355	1409 
65356	1426 
65357	886 
65358	1157 
65359	1236 
65360	3 
65361	510 
65362	522 
65363	55 
65364	56 
65365	576 
65366	1014 
65367	574 
65368	1345 
65369	826 
65370	568 
65371	1438 
65372	1074 
65373	209 
65374	992 
65375	1378 
65376	954 
65377	916 
65378	1528 
65379	1467 
65380	446 
65381	764 
65382	480 
65383	748 
65384	383 
65385	1080 
65386	1645 
65387	428 
65388	6 
65389	646 
65390	941 
65391	1647 
65392	1348 
65393	931 
65394	599 
65395	1169 
65396	818 
65397	917 
65398	564 
65399	1338 
65400	1040 
65401	842 
65402	242 
65403	1524 
65404	258 
65405	1774 
65406	804 
65407	1589 
65408	162 
65409	436 
65410	40 
65411	988 
65412	396 
65413	1647 
65414	1664 
65415	1221 
65416	120 
65417	62 
65418	1647 
65419	994 
65420	290 
65421	1579 
65422	1052 
65423	602 
65424	1609 
65425	527 
65426	1532 
65427	324 
65428	65 
65429	41 
65430	672 
65431	416 
65432	1594 
65433	1778 
65434	665 
65435	1287 
65436	1789 
65437	942 
65438	42 
65439	234 
65440	1310 
65441	1177 
65442	672 
65443	183 
65444	783 
65445	1855 
65446	222 
65447	455 
65448	1492 
65449	1606 
65450	455 
65451	1196 
65452	1194 
65453	1524 
65454	1263 
65455	321 
65456	1444 
65457	1226 
65458	487 
65459	7 
65460	73 
65461	1843 
65462	1115 
65463	982 
65464	259 
65465	535 
65466	70 
65467	1515 
65468	1293 
65469	1114 
65470	356 
65471	222 
65472	785 
65473	758 
65474	142 
65475	1342 
65476	284 
65477	170 
65478	614 
65479	1438 
65480	210 
65481	1328 
65482	405 
65483	1067 
65484	1771 
65485	1597 
65486	1190 
65487	346 
65488	1445 
65489	888 
65490	221 
65491	510 
65492	1287 
65493	1721 
65494	1307 
65495	1687 
65496	1755 
65497	888 
65498	1207 
65499	466 
65500	1427 
65501	1772 
65502	785 
65503	835 
65504	749 
65505	941 
65506	1539 
65507	521 
65508	806 
65509	1048 
65510	342 
65511	1759 
65512	1490 
65513	1605 
65514	523 
65515	1465 
65516	1336 
65517	130 
65518	1224 
65519	1635 
65520	1055 
65521	1529 
65522	1740 
65523	1848 
65524	554 
65525	1434 
65526	94 
65527	493 
65528	1358 
65529	1321 
65530	335 
65531	164 
65532	325 
65533	1625 
65534	729 
65535	864 
65536	308 
65537	1000 
65538	1528 
65539	685 
65540	723 
65541	334 
65542	1689 
65543	1283 
65544	1696 
65545	1426 
65546	1239 
65547	367 
65548	731 
65549	1218 
65550	1763 
65551	806 
65552	789 
65553	446 
65554	139 
65555	1018 
65556	1294 
65557	10 
65558	135 
65559	1378 
65560	836 
65561	783 
65562	1643 
65563	1783 
65564	367 
65565	1153 
65566	33 
65567	492 
65568	1539 
65569	1533 
65570	51 
65571	1285 
65572	185 
65573	10 
65574	25 
65575	1352 
65576	1138 
65577	1781 
65578	338 
65579	842 
65580	1326 
65581	832 
65582	564 
65583	611 
65584	1843 
65585	612 
65586	1498 
65587	285 
65588	422 
65589	1787 
65590	335 
65591	967 
65592	158 
65593	414 
65594	1476 
65595	692 
65596	1554 
65597	1341 
65598	217 
65599	1362 
65600	327 
65601	626 
65602	1213 
65603	949 
65604	25 
65605	24 
65606	1743 
65607	420 
65608	1671 
65609	1424 
65610	187 
65611	1735 
65612	1074 
65613	56 
65614	1514 
65615	845 
65616	1765 
65617	1400 
65618	709 
65619	363 
65620	331 
65621	1293 
65622	862 
65623	356 
65624	1718 
65625	801 
65626	371 
65627	692 
65628	1250 
65629	6 
65630	807 
65631	1311 
65632	666 
65633	1256 
65634	557 
65635	1226 
65636	824 
65637	1029 
65638	1128 
65639	597 
65640	1753 
65641	1438 
65642	568 
65643	1344 
65644	127 
65645	1773 
65646	215 
65647	1086 
65648	841 
65649	1400 
65650	1341 
65651	514 
65652	503 
65653	99 
65654	1583 
65655	1345 
65656	1801 
65657	51 
65658	24 
65659	1661 
65660	1380 
65661	1076 
65662	216 
65663	1084 
65664	1758 
65665	927 
65666	1658 
65667	1190 
65668	1068 
65669	1153 
65670	164 
65671	91 
65672	1614 
65673	558 
65674	42 
65675	579 
65676	612 
65677	522 
65678	682 
65679	1583 
65680	683 
65681	14 
65682	237 
65683	703 
65684	523 
65685	1294 
65686	802 
65687	315 
65688	134 
65689	455 
65690	232 
65691	1091 
65692	318 
65693	1746 
65694	59 
65695	747 
65696	1751 
65697	1407 
65698	832 
65699	710 
65700	54 
65701	1649 
65702	1610 
65703	1379 
65704	1378 
65705	487 
65706	734 
65707	236 
65708	1 
65709	1358 
65710	863 
65711	622 
65712	1149 
65713	205 
65714	1845 
65715	130 
65716	493 
65717	534 
65718	1212 
65719	1048 
65720	1578 
65721	637 
65722	303 
65723	1070 
65724	1698 
65725	217 
65726	568 
65727	579 
65728	890 
65729	154 
65730	1224 
65731	1778 
65732	1554 
65733	1506 
65734	1256 
65735	561 
65736	14 
65737	1141 
65738	212 
65739	951 
65740	1379 
65741	584 
65742	1143 
65743	1192 
65744	1293 
65745	259 
65746	1578 
65747	836 
65748	1362 
65749	835 
65750	315 
65751	1813 
65752	1137 
65753	1052 
65754	656 
65755	994 
65756	1601 
65757	154 
65758	1653 
65759	836 
65760	862 
65761	385 
65762	1505 
65763	1325 
65764	1307 
65765	247 
65766	686 
65767	735 
65768	968 
65769	357 
65770	584 
65771	1845 
65772	1147 
65773	529 
65774	1052 
65775	187 
65776	1461 
65777	1746 
65778	1208 
65779	628 
65780	1218 
65781	324 
65782	1337 
65783	390 
65784	1238 
65785	1505 
65786	108 
65787	1222 
65788	407 
65789	821 
65790	211 
65791	371 
65792	228 
65793	1692 
65794	998 
65795	210 
65796	480 
65797	863 
65798	191 
65799	709 
65800	1708 
65801	1561 
65802	1411 
65803	1608 
65804	1337 
65805	1256 
65806	105 
65807	446 
65808	376 
65809	1694 
65810	1068 
65811	120 
65812	1572 
65813	602 
65814	1000 
65815	140 
65816	1578 
65817	543 
65818	1524 
65819	560 
65820	917 
65821	921 
65822	1632 
65823	1852 
65824	611 
65825	33 
65826	377 
65827	1250 
65828	1412 
65829	1850 
65830	1524 
65831	1068 
65832	62 
65833	1529 
65834	966 
65835	98 
65836	1479 
65837	1482 
65838	396 
65839	59 
65840	1594 
65841	451 
65842	8 
65843	428 
65844	1801 
65845	961 
65846	216 
65847	1584 
65848	77 
65849	1758 
65850	1701 
65851	145 
65852	1164 
65853	1528 
65854	858 
65855	178 
65856	1589 
65857	542 
65858	1341 
65859	1758 
65860	1210 
65861	698 
65862	469 
65863	1473 
65864	285 
65865	683 
65866	1176 
65867	1823 
65868	709 
65869	892 
65870	1228 
65871	1701 
65872	354 
65873	842 
65874	1267 
65875	562 
65876	382 
65877	1579 
65878	1203 
65879	1649 
65880	881 
65881	129 
65882	1004 
65883	1734 
65884	967 
65885	1004 
65886	1614 
65887	830 
65888	1049 
65889	1004 
65890	1029 
65891	1535 
65892	731 
65893	1222 
65894	1491 
65895	5 
65896	487 
65897	1825 
65898	356 
65899	1594 
65900	974 
65901	199 
65902	212 
65903	1192 
65904	431 
65905	18 
65906	126 
65907	836 
65908	927 
65909	701 
65910	757 
65911	1704 
65912	308 
65913	296 
65914	251 
65915	1819 
65916	568 
65917	1438 
65918	1627 
65919	911 
65920	835 
65921	247 
65922	1802 
65923	587 
65924	242 
65925	598 
65926	992 
65927	534 
65928	802 
65929	556 
65930	1059 
65931	327 
65932	493 
65933	991 
65934	1286 
65935	373 
65936	1845 
65937	311 
65938	1175 
65939	1610 
65940	175 
65941	152 
65942	1740 
65943	729 
65944	1277 
65945	47 
65946	1492 
65947	11 
65948	217 
65949	466 
65950	867 
65951	214 
65952	1336 
65953	436 
65954	486 
65955	290 
65956	487 
65957	911 
65958	842 
65959	1341 
65960	1264 
65961	1238 
65962	1639 
65963	449 
65964	1532 
65965	1749 
65966	278 
65967	1778 
65968	131 
65969	944 
65970	1226 
65971	1177 
65972	582 
65973	146 
65974	67 
65975	1006 
65976	209 
65977	911 
65978	131 
65979	698 
65980	1065 
65981	256 
65982	136 
65983	230 
65984	1030 
65985	53 
65986	578 
65987	709 
65988	1549 
65989	1025 
65990	373 
65991	867 
65992	832 
65993	1560 
65994	1337 
65995	1415 
65996	1727 
65997	21 
65998	1583 
65999	383 
66000	759 
66001	331 
66002	1264 
66003	892 
66004	153 
66005	1758 
66006	211 
66007	1170 
66008	1796 
66009	1643 
66010	62 
66011	204 
66012	308 
66013	407 
66014	801 
66015	15 
66016	1025 
66017	1326 
66018	277 
66019	1272 
66020	907 
66021	1286 
66022	889 
66023	204 
66024	1421 
66025	1233 
66026	199 
66027	1709 
66028	1505 
66029	1250 
66030	952 
66031	531 
66032	1360 
66033	1722 
66034	95 
66035	656 
66036	516 
66037	1379 
66038	685 
66039	686 
66040	435 
66041	393 
66042	1108 
66043	1080 
66044	1695 
66045	224 
66046	145 
66047	1599 
66048	535 
66049	321 
66050	446 
66051	509 
66052	1410 
66053	1394 
66054	1663 
66055	1269 
66056	138 
66057	130 
66058	128 
66059	1427 
66060	567 
66061	184 
66062	525 
66063	65 
66064	277 
66065	996 
66066	1721 
66067	1120 
66068	773 
66069	1572 
66070	367 
66071	1526 
66072	230 
66073	129 
66074	33 
66075	2 
66076	1814 
66077	509 
66078	1150 
66079	540 
66080	258 
66081	51 
66082	1210 
66083	747 
66084	1001 
66085	805 
66086	1825 
66087	158 
66088	42 
66089	715 
66090	1788 
66091	1016 
66092	1004 
66093	890 
66094	1465 
66095	342 
66096	604 
66097	772 
66098	55 
66099	391 
66100	1818 
66101	878 
66102	829 
66103	162 
66104	832 
66105	1083 
66106	876 
66107	1568 
66108	958 
66109	646 
66110	14 
66111	284 
66112	1073 
66113	811 
66114	461 
66115	1233 
66116	1272 
66117	1337 
66118	1429 
66119	292 
66120	1713 
66121	192 
66122	1067 
66123	171 
66124	1645 
66125	1789 
66126	115 
66127	454 
66128	217 
66129	290 
66130	281 
66131	483 
66132	1 
66133	1345 
66134	303 
66135	48 
66136	1650 
66137	1688 
66138	247 
66139	1794 
66140	1677 
66141	70 
66142	1653 
66143	1728 
66144	482 
66145	229 
66146	200 
66147	994 
66148	685 
66149	611 
66150	819 
66151	216 
66152	889 
66153	775 
66154	1065 
66155	153 
66156	82 
66157	586 
66158	1060 
66159	1101 
66160	1068 
66161	911 
66162	1471 
66163	574 
66164	199 
66165	461 
66166	412 
66167	334 
66168	1671 
66169	319 
66170	1228 
66171	390 
66172	364 
66173	941 
66174	469 
66175	1502 
66176	367 
66177	522 
66178	961 
66179	998 
66180	188 
66181	991 
66182	1273 
66183	645 
66184	367 
66185	1080 
66186	994 
66187	890 
66188	1010 
66189	996 
66190	1085 
66191	382 
66192	1502 
66193	819 
66194	1257 
66195	73 
66196	1068 
66197	1709 
66198	1674 
66199	98 
66200	884 
66201	1848 
66202	734 
66203	776 
66204	568 
66205	1843 
66206	1511 
66207	360 
66208	179 
66209	25 
66210	414 
66211	1524 
66212	377 
66213	499 
66214	1420 
66215	604 
66216	1338 
66217	513 
66218	1465 
66219	863 
66220	1473 
66221	272 
66222	21 
66223	1701 
66224	1445 
66225	1628 
66226	1715 
66227	1772 
66228	369 
66229	772 
66230	222 
66231	1069 
66232	1562 
66233	455 
66234	82 
66235	1346 
66236	307 
66237	1801 
66238	347 
66239	1 
66240	625 
66241	1516 
66242	584 
66243	1286 
66244	1229 
66245	1738 
66246	805 
66247	251 
66248	1583 
66249	430 
66250	1084 
66251	688 
66252	1765 
66253	1073 
66254	1308 
66255	367 
66256	1028 
66257	1692 
66258	543 
66259	836 
66260	1830 
66261	1336 
66262	236 
66263	1627 
66264	258 
66265	10 
66266	1857 
66267	1418 
66268	53 
66269	695 
66270	285 
66271	975 
66272	127 
66273	1560 
66274	1052 
66275	864 
66276	703 
66277	1412 
66278	367 
66279	1786 
66280	1743 
66281	1812 
66282	1677 
66283	1426 
66284	650 
66285	175 
66286	1070 
66287	114 
66288	564 
66289	290 
66290	1796 
66291	1614 
66292	345 
66293	325 
66294	882 
66295	357 
66296	1725 
66297	7 
66298	1840 
66299	1168 
66300	136 
66301	1490 
66302	1564 
66303	1070 
66304	74 
66305	187 
66306	33 
66307	1663 
66308	62 
66309	1438 
66310	1813 
66311	444 
66312	377 
66313	988 
66314	1220 
66315	1855 
66316	171 
66317	272 
66318	1084 
66319	1059 
66320	662 
66321	872 
66322	1520 
66323	1054 
66324	1650 
66325	637 
66326	334 
66327	424 
66328	842 
66329	1400 
66330	526 
66331	417 
66332	61 
66333	376 
66334	1773 
66335	1025 
66336	998 
66337	1528 
66338	1643 
66339	1643 
66340	1628 
66341	1024 
66342	542 
66343	1296 
66344	565 
66345	282 
66346	1774 
66347	1432 
66348	1753 
66349	1427 
66350	1607 
66351	456 
66352	227 
66353	1774 
66354	332 
66355	878 
66356	835 
66357	1680 
66358	4 
66359	867 
66360	1218 
66361	1070 
66362	1828 
66363	735 
66364	1501 
66365	1368 
66366	1273 
66367	1840 
66368	735 
66369	65 
66370	73 
66371	862 
66372	1645 
66373	941 
66374	334 
66375	230 
66376	586 
66377	176 
66378	1508 
66379	927 
66380	1640 
66381	567 
66382	835 
66383	272 
66384	295 
66385	1143 
66386	502 
66387	1438 
66388	1498 
66389	1758 
66390	1223 
66391	482 
66392	1078 
66393	383 
66394	135 
66395	1296 
66396	232 
66397	1274 
66398	806 
66399	923 
66400	130 
66401	1606 
66402	791 
66403	290 
66404	94 
66405	400 
66406	454 
66407	745 
66408	1282 
66409	385 
66410	1746 
66411	1588 
66412	1357 
66413	1850 
66414	1778 
66415	1162 
66416	893 
66417	734 
66418	1322 
66419	503 
66420	840 
66421	1465 
66422	1553 
66423	159 
66424	47 
66425	285 
66426	801 
66427	862 
66428	56 
66429	61 
66430	1754 
66431	692 
66432	376 
66433	1712 
66434	1210 
66435	14 
66436	809 
66437	569 
66438	535 
66439	363 
66440	1490 
66441	1274 
66442	591 
66443	411 
66444	596 
66445	1772 
66446	1662 
66447	308 
66448	24 
66449	808 
66450	1722 
66451	836 
66452	1511 
66453	1614 
66454	267 
66455	330 
66456	888 
66457	1781 
66458	415 
66459	736 
66460	1131 
66461	1087 
66462	520 
66463	462 
66464	582 
66465	762 
66466	1751 
66467	1653 
66468	1687 
66469	1188 
66470	383 
66471	1039 
66472	764 
66473	131 
66474	1338 
66475	327 
66476	661 
66477	339 
66478	499 
66479	1782 
66480	335 
66481	666 
66482	1005 
66483	949 
66484	1316 
66485	291 
66486	98 
66487	1358 
66488	428 
66489	56 
66490	1479 
66491	1663 
66492	591 
66493	452 
66494	565 
66495	744 
66496	296 
66497	1083 
66498	730 
66499	1427 
66500	709 
66501	347 
66502	860 
66503	939 
66504	81 
66505	394 
66506	1828 
66507	436 
66508	1367 
66509	36 
66510	1143 
66511	423 
66512	1124 
66513	1672 
66514	242 
66515	391 
66516	1822 
66517	907 
66518	1391 
66519	318 
66520	115 
66521	199 
66522	1024 
66523	800 
66524	48 
66525	1176 
66526	1338 
66527	1124 
66528	1337 
66529	251 
66530	369 
66531	530 
66532	658 
66533	906 
66534	1677 
66535	1848 
66536	1272 
66537	1771 
66538	22 
66539	1833 
66540	921 
66541	1434 
66542	398 
66543	1553 
66544	1486 
66545	1073 
66546	1443 
66547	1746 
66548	1120 
66549	334 
66550	40 
66551	1150 
66552	836 
66553	1526 
66554	461 
66555	1269 
66556	237 
66557	989 
66558	1226 
66559	1765 
66560	1294 
66561	131 
66562	1005 
66563	152 
66564	703 
66565	1068 
66566	1608 
66567	1120 
66568	1233 
66569	1517 
66570	1639 
66571	4 
66572	721 
66573	1080 
66574	735 
66575	70 
66576	1718 
66577	1425 
66578	22 
66579	1587 
66580	582 
66581	658 
66582	1725 
66583	1086 
66584	1527 
66585	1286 
66586	1130 
66587	1486 
66588	840 
66589	1391 
66590	1674 
66591	1725 
66592	36 
66593	224 
66594	1348 
66595	1527 
66596	942 
66597	1236 
66598	159 
66599	534 
66600	461 
66601	804 
66602	1296 
66603	1338 
66604	1057 
66605	516 
66606	1618 
66607	1578 
66608	513 
66609	1468 
66610	1322 
66611	889 
66612	1348 
66613	1120 
66614	568 
66615	144 
66616	1000 
66617	911 
66618	170 
66619	782 
66620	1294 
66621	1161 
66622	1540 
66623	1753 
66624	1527 
66625	596 
66626	818 
66627	258 
66628	199 
66629	579 
66630	1765 
66631	686 
66632	871 
66633	211 
66634	1358 
66635	1424 
66636	1218 
66637	98 
66638	503 
66639	733 
66640	1587 
66641	1045 
66642	704 
66643	608 
66644	56 
66645	1139 
66646	1503 
66647	811 
66648	1233 
66649	764 
66650	130 
66651	1254 
66652	1583 
66653	1755 
66654	701 
66655	1635 
66656	98 
66657	814 
66658	1498 
66659	21 
66660	1774 
66661	1758 
66662	796 
66663	880 
66664	1384 
66665	61 
66666	830 
66667	531 
66668	1348 
66669	1577 
66670	1162 
66671	144 
66672	557 
66673	1164 
66674	633 
66675	257 
66676	509 
66677	1264 
66678	1790 
66679	420 
66680	1445 
66681	1771 
66682	845 
66683	1468 
66684	602 
66685	292 
66686	1226 
66687	93 
66688	179 
66689	1285 
66690	416 
66691	533 
66692	191 
66693	804 
66694	1300 
66695	199 
66696	1838 
66697	1173 
66698	1114 
66699	862 
66700	452 
66701	1587 
66702	1828 
66703	601 
66704	1236 
66705	480 
66706	1045 
66707	806 
66708	1049 
66709	1088 
66710	1221 
66711	812 
66712	1221 
66713	1147 
66714	1480 
66715	969 
66716	892 
66717	1143 
66718	1150 
66719	1823 
66720	29 
66721	78 
66722	796 
66723	487 
66724	421 
66725	893 
66726	587 
66727	446 
66728	189 
66729	1369 
66730	298 
66731	1504 
66732	1021 
66733	407 
66734	1788 
66735	769 
66736	830 
66737	360 
66738	1131 
66739	411 
66740	1194 
66741	1482 
66742	179 
66743	591 
66744	391 
66745	658 
66746	444 
66747	1614 
66748	140 
66749	1127 
66750	164 
66751	1319 
66752	391 
66753	1348 
66754	256 
66755	703 
66756	490 
66757	1368 
66758	1639 
66759	1790 
66760	108 
66761	807 
66762	1812 
66763	1114 
66764	814 
66765	1529 
66766	66 
66767	1722 
66768	765 
66769	709 
66770	541 
66771	1274 
66772	661 
66773	492 
66774	824 
66775	1260 
66776	1223 
66777	179 
66778	1645 
66779	51 
66780	1352 
66781	178 
66782	731 
66783	3 
66784	1101 
66785	1217 
66786	1828 
66787	1188 
66788	801 
66789	584 
66790	745 
66791	1628 
66792	927 
66793	47 
66794	14 
66795	1583 
66796	1239 
66797	599 
66798	818 
66799	881 
66800	203 
66801	127 
66802	1286 
66803	1223 
66804	1226 
66805	24 
66806	1263 
66807	1164 
66808	602 
66809	975 
66810	991 
66811	1528 
66812	665 
66813	1503 
66814	888 
66815	1659 
66816	908 
66817	205 
66818	829 
66819	1345 
66820	22 
66821	430 
66822	1629 
66823	1704 
66824	369 
66825	692 
66826	1035 
66827	863 
66828	1263 
66829	318 
66830	41 
66831	11 
66832	554 
66833	1210 
66834	617 
66835	556 
66836	1083 
66837	1213 
66838	856 
66839	1013 
66840	1689 
66841	1728 
66842	1729 
66843	63 
66844	550 
66845	598 
66846	259 
66847	1021 
66848	1503 
66849	1846 
66850	649 
66851	789 
66852	1754 
66853	373 
66854	832 
66855	537 
66856	1774 
66857	1212 
66858	6 
66859	819 
66860	954 
66861	1794 
66862	1048 
66863	1283 
66864	1627 
66865	1528 
66866	455 
66867	599 
66868	735 
66869	1847 
66870	666 
66871	650 
66872	22 
66873	1781 
66874	598 
66875	802 
66876	1021 
66877	1049 
66878	1088 
66879	583 
66880	1335 
66881	144 
66882	1648 
66883	1768 
66884	598 
66885	1647 
66886	327 
66887	8 
66888	1801 
66889	597 
66890	1384 
66891	443 
66892	904 
66893	354 
66894	557 
66895	25 
66896	1725 
66897	1792 
66898	982 
66899	1217 
66900	921 
66901	748 
66902	466 
66903	1762 
66904	178 
66905	1566 
66906	145 
66907	697 
66908	1529 
66909	890 
66910	1286 
66911	373 
66912	89 
66913	733 
66914	1640 
66915	993 
66916	492 
66917	819 
66918	1506 
66919	242 
66920	1539 
66921	1529 
66922	391 
66923	4 
66924	363 
66925	193 
66926	1836 
66927	369 
66928	1661 
66929	232 
66930	1548 
66931	1426 
66932	1366 
66933	349 
66934	692 
66935	1554 
66936	6 
66937	1349 
66938	1161 
66939	21 
66940	1064 
66941	1069 
66942	927 
66943	72 
66944	867 
66945	414 
66946	367 
66947	1358 
66948	1355 
66949	1807 
66950	862 
66951	808 
66952	51 
66953	806 
66954	163 
66955	70 
66956	7 
66957	1126 
66958	739 
66959	1007 
66960	440 
66961	248 
66962	1296 
66963	646 
66964	684 
66965	1625 
66966	70 
66967	930 
66968	567 
66969	684 
66970	1694 
66971	1108 
66972	1263 
66973	633 
66974	363 
66975	105 
66976	1658 
66977	980 
66978	1272 
66979	739 
66980	456 
66981	1498 
66982	1337 
66983	1578 
66984	1004 
66985	1758 
66986	1554 
66987	1775 
66988	1486 
66989	1052 
66990	686 
66991	557 
66992	1706 
66993	277 
66994	105 
66995	709 
66996	1331 
66997	1410 
66998	148 
66999	1725 
67000	1260 
67001	71 
67002	1709 
67003	1141 
67004	1403 
67005	584 
67006	473 
67007	1524 
67008	1841 
67009	1284 
67010	1283 
67011	201 
67012	1194 
67013	199 
67014	1811 
67015	1628 
67016	1153 
67017	554 
67018	867 
67019	30 
67020	1514 
67021	78 
67022	578 
67023	579 
67024	344 
67025	425 
67026	930 
67027	1378 
67028	345 
67029	353 
67030	1055 
67031	1770 
67032	458 
67033	1028 
67034	1197 
67035	738 
67036	791 
67037	994 
67038	24 
67039	1771 
67040	129 
67041	769 
67042	1055 
67043	1639 
67044	342 
67045	247 
67046	729 
67047	1425 
67048	1451 
67049	730 
67050	1738 
67051	890 
67052	1767 
67053	1708 
67054	1828 
67055	1718 
67056	82 
67057	758 
67058	420 
67059	1589 
67060	523 
67061	612 
67062	633 
67063	814 
67064	1510 
67065	1682 
67066	335 
67067	1629 
67068	170 
67069	923 
67070	417 
67071	1068 
67072	291 
67073	1515 
67074	951 
67075	1588 
67076	1226 
67077	216 
67078	880 
67079	832 
67080	1139 
67081	393 
67082	1293 
67083	29 
67084	1063 
67085	55 
67086	1280 
67087	1662 
67088	765 
67089	1526 
67090	1650 
67091	1087 
67092	1064 
67093	1648 
67094	533 
67095	112 
67096	567 
67097	598 
67098	339 
67099	1264 
67100	490 
67101	80 
67102	1846 
67103	1286 
67104	257 
67105	1412 
67106	892 
67107	1112 
67108	796 
67109	135 
67110	557 
67111	974 
67112	734 
67113	1045 
67114	1092 
67115	1088 
67116	456 
67117	414 
67118	70 
67119	1515 
67120	199 
67121	745 
67122	272 
67123	1320 
67124	1360 
67125	165 
67126	1760 
67127	923 
67128	1403 
67129	14 
67130	342 
67131	98 
67132	1502 
67133	1486 
67134	1746 
67135	662 
67136	1076 
67137	1049 
67138	1337 
67139	556 
67140	1190 
67141	56 
67142	621 
67143	1388 
67144	858 
67145	1005 
67146	282 
67147	308 
67148	886 
67149	232 
67150	1539 
67151	851 
67152	1755 
67153	1341 
67154	1587 
67155	1052 
67156	136 
67157	455 
67158	579 
67159	709 
67160	62 
67161	353 
67162	282 
67163	1733 
67164	1434 
67165	1384 
67166	424 
67167	881 
67168	1116 
67169	1696 
67170	334 
67171	1283 
67172	128 
67173	112 
67174	533 
67175	327 
67176	892 
67177	404 
67178	1157 
67179	806 
67180	556 
67181	1056 
67182	320 
67183	1818 
67184	672 
67185	1203 
67186	579 
67187	1533 
67188	1845 
67189	534 
67190	376 
67191	242 
67192	225 
67193	804 
67194	234 
67195	451 
67196	621 
67197	8 
67198	1418 
67199	715 
67200	171 
67201	748 
67202	1341 
67203	330 
67204	1733 
67205	480 
67206	380 
67207	1116 
67208	731 
67209	89 
67210	339 
67211	858 
67212	191 
67213	889 
67214	1614 
67215	813 
67216	362 
67217	82 
67218	672 
67219	1267 
67220	796 
67221	473 
67222	1074 
67223	951 
67224	7 
67225	1524 
67226	1753 
67227	1284 
67228	1319 
67229	602 
67230	1535 
67231	1524 
67232	1587 
67233	1527 
67234	41 
67235	1505 
67236	983 
67237	1510 
67238	1482 
67239	716 
67240	540 
67241	272 
67242	804 
67243	130 
67244	335 
67245	516 
67246	1114 
67247	958 
67248	1274 
67249	1468 
67250	499 
67251	1062 
67252	1467 
67253	1694 
67254	919 
67255	127 
67256	1004 
67257	576 
67258	911 
67259	1175 
67260	1083 
67261	1553 
67262	374 
67263	66 
67264	795 
67265	1120 
67266	1076 
67267	666 
67268	320 
67269	1535 
67270	269 
67271	721 
67272	534 
67273	1614 
67274	1348 
67275	783 
67276	695 
67277	1286 
67278	1527 
67279	829 
67280	510 
67281	1264 
67282	452 
67283	1162 
67284	1638 
67285	332 
67286	104 
67287	1813 
67288	1810 
67289	944 
67290	1713 
67291	1213 
67292	1263 
67293	1374 
67294	672 
67295	1469 
67296	115 
67297	997 
67298	1183 
67299	274 
67300	127 
67301	410 
67302	1639 
67303	808 
67304	613 
67305	510 
67306	1560 
67307	921 
67308	150 
67309	1694 
67310	323 
67311	884 
67312	783 
67313	1226 
67314	364 
67315	735 
67316	1807 
67317	510 
67318	1762 
67319	87 
67320	527 
67321	171 
67322	327 
67323	410 
67324	1059 
67325	1217 
67326	680 
67327	1438 
67328	56 
67329	1196 
67330	805 
67331	499 
67332	802 
67333	1078 
67334	311 
67335	376 
67336	1021 
67337	2 
67338	968 
67339	1052 
67340	1694 
67341	864 
67342	1102 
67343	1817 
67344	135 
67345	1203 
67346	498 
67347	1438 
67348	36 
67349	1138 
67350	958 
67351	1450 
67352	410 
67353	1345 
67354	921 
67355	1709 
67356	22 
67357	1698 
67358	499 
67359	1694 
67360	1630 
67361	59 
67362	754 
67363	495 
67364	1770 
67365	1262 
67366	480 
67367	1224 
67368	78 
67369	377 
67370	1755 
67371	89 
67372	346 
67373	989 
67374	1082 
67375	1471 
67376	319 
67377	881 
67378	152 
67379	1808 
67380	407 
67381	325 
67382	1412 
67383	543 
67384	138 
67385	1762 
67386	1233 
67387	330 
67388	242 
67389	1412 
67390	1345 
67391	907 
67392	213 
67393	1211 
67394	258 
67395	901 
67396	872 
67397	323 
67398	1680 
67399	1578 
67400	1320 
67401	234 
67402	1711 
67403	145 
67404	1376 
67405	1709 
67406	422 
67407	1272 
67408	1629 
67409	1374 
67410	1083 
67411	1688 
67412	66 
67413	1465 
67414	391 
67415	1358 
67416	1628 
67417	1380 
67418	646 
67419	631 
67420	533 
67421	1441 
67422	318 
67423	1510 
67424	789 
67425	1210 
67426	1032 
67427	758 
67428	1671 
67429	1773 
67430	298 
67431	1069 
67432	243 
67433	1639 
67434	1437 
67435	772 
67436	790 
67437	1733 
67438	1584 
67439	557 
67440	1511 
67441	323 
67442	1549 
67443	1310 
67444	258 
67445	1502 
67446	765 
67447	1390 
67448	175 
67449	147 
67450	962 
67451	1729 
67452	1386 
67453	1492 
67454	346 
67455	963 
67456	1510 
67457	146 
67458	129 
67459	1335 
67460	877 
67461	1 
67462	266 
67463	1855 
67464	889 
67465	1446 
67466	1746 
67467	1384 
67468	1718 
67469	1445 
67470	632 
67471	412 
67472	1748 
67473	1811 
67474	203 
67475	420 
67476	1028 
67477	127 
67478	865 
67479	1489 
67480	889 
67481	558 
67482	152 
67483	455 
67484	735 
67485	1054 
67486	123 
67487	1721 
67488	788 
67489	1162 
67490	1713 
67491	1480 
67492	1578 
67493	962 
67494	1256 
67495	1211 
67496	436 
67497	832 
67498	115 
67499	1754 
67500	1218 
67501	892 
67502	215 
67503	156 
67504	334 
67505	1194 
67506	1143 
67507	811 
67508	1208 
67509	47 
67510	1348 
67511	1588 
67512	1269 
67513	888 
67514	1378 
67515	161 
67516	1614 
67517	1662 
67518	699 
67519	203 
67520	1560 
67521	1282 
67522	338 
67523	258 
67524	785 
67525	996 
67526	1817 
67527	1045 
67528	1723 
67529	782 
67530	222 
67531	1828 
67532	404 
67533	319 
67534	908 
67535	804 
67536	42 
67537	482 
67538	1157 
67539	412 
67540	1311 
67541	42 
67542	806 
67543	1661 
67544	880 
67545	1774 
67546	554 
67547	1019 
67548	1627 
67549	56 
67550	876 
67551	815 
67552	1505 
67553	1503 
67554	76 
67555	1055 
67556	317 
67557	1153 
67558	159 
67559	801 
67560	331 
67561	272 
67562	534 
67563	1039 
67564	289 
67565	1723 
67566	140 
67567	98 
67568	801 
67569	76 
67570	1063 
67571	277 
67572	1380 
67573	131 
67574	731 
67575	179 
67576	646 
67577	8 
67578	1412 
67579	1438 
67580	46 
67581	637 
67582	894 
67583	1300 
67584	466 
67585	814 
67586	227 
67587	1578 
67588	1528 
67589	1677 
67590	1566 
67591	1331 
67592	470 
67593	360 
67594	355 
67595	1054 
67596	1248 
67597	144 
67598	650 
67599	41 
67600	1035 
67601	1072 
67602	1578 
67603	145 
67604	1143 
67605	448 
67606	1765 
67607	470 
67608	1818 
67609	1698 
67610	927 
67611	1462 
67612	654 
67613	858 
67614	183 
67615	1264 
67616	888 
67617	930 
67618	1316 
67619	1040 
67620	579 
67621	367 
67622	1229 
67623	1429 
67624	455 
67625	170 
67626	1524 
67627	1139 
67628	1773 
67629	1360 
67630	1516 
67631	1226 
67632	1256 
67633	423 
67634	789 
67635	272 
67636	455 
67637	367 
67638	375 
67639	80 
67640	1410 
67641	672 
67642	983 
67643	841 
67644	989 
67645	1735 
67646	567 
67647	491 
67648	364 
67649	1755 
67650	1760 
67651	1680 
67652	1101 
67653	721 
67654	1074 
67655	469 
67656	1853 
67657	1850 
67658	1211 
67659	806 
67660	1063 
67661	506 
67662	249 
67663	1065 
67664	1774 
67665	1318 
67666	556 
67667	734 
67668	1629 
67669	493 
67670	374 
67671	1366 
67672	876 
67673	1468 
67674	1828 
67675	1140 
67676	1084 
67677	51 
67678	1069 
67679	154 
67680	1840 
67681	1272 
67682	1328 
67683	1711 
67684	67 
67685	76 
67686	734 
67687	183 
67688	1139 
67689	1175 
67690	8 
67691	1048 
67692	1516 
67693	1677 
67694	373 
67695	1471 
67696	435 
67697	911 
67698	976 
67699	1024 
67700	22 
67701	782 
67702	650 
67703	1802 
67704	1609 
67705	611 
67706	1773 
67707	1811 
67708	582 
67709	954 
67710	1763 
67711	1163 
67712	399 
67713	703 
67714	189 
67715	1653 
67716	872 
67717	1527 
67718	1465 
67719	209 
67720	303 
67721	804 
67722	1190 
67723	1360 
67724	1689 
67725	1355 
67726	1067 
67727	1758 
67728	314 
67729	431 
67730	1823 
67731	842 
67732	734 
67733	1755 
67734	1120 
67735	1069 
67736	33 
67737	356 
67738	813 
67739	542 
67740	369 
67741	1843 
67742	568 
67743	461 
67744	318 
67745	1052 
67746	1005 
67747	36 
67748	851 
67749	89 
67750	769 
67751	1082 
67752	1147 
67753	542 
67754	1824 
67755	382 
67756	956 
67757	373 
67758	410 
67759	999 
67760	1451 
67761	1161 
67762	1533 
67763	292 
67764	1080 
67765	7 
67766	56 
67767	646 
67768	13 
67769	1415 
67770	456 
67771	1841 
67772	769 
67773	1432 
67774	1672 
67775	1291 
67776	692 
67777	324 
67778	216 
67779	338 
67780	1577 
67781	919 
67782	656 
67783	836 
67784	1840 
67785	1226 
67786	1653 
67787	1445 
67788	33 
67789	1589 
67790	703 
67791	1283 
67792	1704 
67793	376 
67794	318 
67795	1749 
67796	1774 
67797	1601 
67798	1194 
67799	1535 
67800	1594 
67801	357 
67802	1835 
67803	734 
67804	1760 
67805	1743 
67806	497 
67807	154 
67808	783 
67809	1830 
67810	804 
67811	1709 
67812	1147 
67813	1118 
67814	739 
67815	55 
67816	164 
67817	626 
67818	1540 
67819	318 
67820	1709 
67821	1092 
67822	1639 
67823	179 
67824	499 
67825	1510 
67826	75 
67827	22 
67828	421 
67829	1336 
67830	315 
67831	321 
67832	163 
67833	1540 
67834	327 
67835	21 
67836	203 
67837	890 
67838	753 
67839	1300 
67840	72 
67841	68 
67842	865 
67843	584 
67844	724 
67845	1141 
67846	1831 
67847	1340 
67848	1845 
67849	1293 
67850	889 
67851	147 
67852	325 
67853	1153 
67854	1336 
67855	385 
67856	565 
67857	436 
67858	1527 
67859	1379 
67860	782 
67861	353 
67862	1728 
67863	82 
67864	171 
67865	229 
67866	1335 
67867	373 
67868	1696 
67869	541 
67870	1021 
67871	865 
67872	211 
67873	391 
67874	879 
67875	69 
67876	1040 
67877	1432 
67878	258 
67879	331 
67880	98 
67881	1789 
67882	904 
67883	621 
67884	821 
67885	1628 
67886	735 
67887	889 
67888	1326 
67889	120 
67890	319 
67891	1386 
67892	1743 
67893	976 
67894	1064 
67895	993 
67896	199 
67897	52 
67898	1147 
67899	451 
67900	1709 
67901	1836 
67902	1688 
67903	1176 
67904	556 
67905	70 
67906	1629 
67907	21 
67908	1501 
67909	801 
67910	53 
67911	1048 
67912	1073 
67913	335 
67914	1527 
67915	1562 
67916	400 
67917	1360 
67918	563 
67919	377 
67920	325 
67921	890 
67922	1284 
67923	994 
67924	1449 
67925	1376 
67926	840 
67927	487 
67928	409 
67929	1317 
67930	1282 
67931	1845 
67932	759 
67933	1501 
67934	242 
67935	576 
67936	320 
67937	151 
67938	205 
67939	385 
67940	1035 
67941	397 
67942	374 
67943	53 
67944	446 
67945	138 
67946	801 
67947	1016 
67948	1846 
67949	1112 
67950	631 
67951	1264 
67952	762 
67953	1628 
67954	1579 
67955	730 
67956	1403 
67957	796 
67958	274 
67959	992 
67960	42 
67961	842 
67962	617 
67963	626 
67964	1438 
67965	456 
67966	14 
67967	563 
67968	1087 
67969	360 
67970	1763 
67971	257 
67972	1801 
67973	1583 
67974	1346 
67975	1236 
67976	602 
67977	1114 
67978	1648 
67979	1778 
67980	415 
67981	1126 
67982	1432 
67983	863 
67984	1137 
67985	994 
67986	813 
67987	272 
67988	448 
67989	1318 
67990	762 
67991	788 
67992	881 
67993	211 
67994	1735 
67995	256 
67996	1662 
67997	341 
67998	738 
67999	946 
68000	1311 
68001	61 
68002	1455 
68003	1754 
68004	867 
68005	1451 
68006	385 
68007	223 
68008	1539 
68009	114 
68010	812 
68011	1533 
68012	397 
68013	1547 
68014	1267 
68015	1352 
68016	1473 
68017	991 
68018	82 
68019	921 
68020	428 
68021	1810 
68022	857 
68023	1269 
68024	993 
68025	1101 
68026	69 
68027	1583 
68028	147 
68029	1380 
68030	809 
68031	864 
68032	1367 
68033	985 
68034	331 
68035	199 
68036	1027 
68037	25 
68038	410 
68039	431 
68040	1188 
68041	1758 
68042	921 
68043	321 
68044	699 
68045	259 
68046	801 
68047	82 
68048	597 
68049	908 
68050	69 
68051	783 
68052	493 
68053	1073 
68054	1846 
68055	672 
68056	1760 
68057	1841 
68058	7 
68059	1366 
68060	1212 
68061	1755 
68062	1789 
68063	364 
68064	1426 
68065	858 
68066	588 
68067	1758 
68068	1560 
68069	958 
68070	1040 
68071	699 
68072	1627 
68073	440 
68074	1562 
68075	782 
68076	1368 
68077	223 
68078	1718 
68079	129 
68080	1381 
68081	33 
68082	721 
68083	481 
68084	1335 
68085	1454 
68086	704 
68087	783 
68088	808 
68089	166 
68090	807 
68091	1773 
68092	1346 
68093	574 
68094	782 
68095	948 
68096	851 
68097	1344 
68098	1032 
68099	1236 
68100	414 
68101	1316 
68102	120 
68103	967 
68104	1283 
68105	204 
68106	390 
68107	1705 
68108	1817 
68109	1336 
68110	672 
68111	53 
68112	907 
68113	736 
68114	182 
68115	1798 
68116	1260 
68117	1790 
68118	1194 
68119	356 
68120	1114 
68121	1262 
68122	1296 
68123	809 
68124	322 
68125	1781 
68126	487 
68127	1514 
68128	258 
68129	1759 
68130	988 
68131	1572 
68132	473 
68133	801 
68134	1230 
68135	867 
68136	1019 
68137	292 
68138	140 
68139	318 
68140	601 
68141	1367 
68142	783 
68143	1337 
68144	1183 
68145	1677 
68146	36 
68147	1137 
68148	199 
68149	996 
68150	308 
68151	996 
68152	1524 
68153	397 
68154	772 
68155	1256 
68156	582 
68157	1236 
68158	1753 
68159	1855 
68160	1838 
68161	424 
68162	556 
68163	163 
68164	715 
68165	1092 
68166	1845 
68167	931 
68168	324 
68169	1027 
68170	599 
68171	1117 
68172	602 
68173	455 
68174	1825 
68175	267 
68176	1554 
68177	1071 
68178	1332 
68179	1378 
68180	1729 
68181	1035 
68182	383 
68183	1062 
68184	527 
68185	1192 
68186	1055 
68187	1806 
68188	633 
68189	3 
68190	183 
68191	974 
68192	1161 
68193	63 
68194	193 
68195	145 
68196	730 
68197	1444 
68198	331 
68199	506 
68200	1157 
68201	184 
68202	6 
68203	597 
68204	1465 
68205	363 
68206	1443 
68207	423 
68208	1468 
68209	1718 
68210	1514 
68211	1183 
68212	41 
68213	1539 
68214	1352 
68215	76 
68216	599 
68217	1778 
68218	1246 
68219	425 
68220	1706 
68221	1840 
68222	145 
68223	1048 
68224	1738 
68225	1293 
68226	285 
68227	236 
68228	7 
68229	661 
68230	1349 
68231	802 
68232	735 
68233	1063 
68234	911 
68235	292 
68236	481 
68237	1718 
68238	1502 
68239	599 
68240	1301 
68241	1048 
68242	1293 
68243	558 
68244	1078 
68245	1260 
68246	36 
68247	95 
68248	721 
68249	858 
68250	353 
68251	989 
68252	373 
68253	990 
68254	818 
68255	919 
68256	8 
68257	282 
68258	1005 
68259	1650 
68260	1246 
68261	1674 
68262	672 
68263	1655 
68264	440 
68265	1212 
68266	1524 
68267	1311 
68268	1348 
68269	1801 
68270	879 
68271	1774 
68272	1597 
68273	1733 
68274	1091 
68275	1539 
68276	51 
68277	787 
68278	772 
68279	1726 
68280	1630 
68281	332 
68282	416 
68283	1336 
68284	1164 
68285	1821 
68286	71 
68287	144 
68288	1769 
68289	1378 
68290	1246 
68291	921 
68292	71 
68293	1162 
68294	7 
68295	1503 
68296	889 
68297	617 
68298	324 
68299	503 
68300	1469 
68301	954 
68302	1718 
68303	1127 
68304	672 
68305	1010 
68306	1391 
68307	1337 
68308	1567 
68309	455 
68310	423 
68311	7 
68312	1821 
68313	1026 
68314	258 
68315	556 
68316	1576 
68317	1748 
68318	205 
68319	1284 
68320	1087 
68321	1264 
68322	982 
68323	811 
68324	1469 
68325	975 
68326	1224 
68327	1650 
68328	1415 
68329	723 
68330	1850 
68331	804 
68332	601 
68333	506 
68334	919 
68335	14 
68336	703 
68337	318 
68338	308 
68339	1578 
68340	1198 
68341	1662 
68342	802 
68343	1773 
68344	1446 
68345	523 
68346	1030 
68347	30 
68348	1740 
68349	558 
68350	61 
68351	1726 
68352	356 
68353	805 
68354	1780 
68355	1212 
68356	130 
68357	63 
68358	1083 
68359	730 
68360	22 
68361	175 
68362	1092 
68363	1564 
68364	509 
68365	320 
68366	354 
68367	1024 
68368	1773 
68369	1655 
68370	966 
68371	1498 
68372	1486 
68373	1087 
68374	569 
68375	154 
68376	1482 
68377	227 
68378	1840 
68379	1454 
68380	336 
68381	1294 
68382	1128 
68383	836 
68384	1432 
68385	1092 
68386	1260 
68387	105 
68388	920 
68389	1213 
68390	1725 
68391	1824 
68392	1630 
68393	888 
68394	380 
68395	569 
68396	506 
68397	422 
68398	1560 
68399	1029 
68400	1763 
68401	568 
68402	1698 
68403	1400 
68404	1818 
68405	1451 
68406	604 
68407	146 
68408	229 
68409	1211 
68410	1286 
68411	1254 
68412	1120 
68413	963 
68414	1443 
68415	1560 
68416	540 
68417	201 
68418	809 
68419	633 
68420	1767 
68421	410 
68422	1469 
68423	1386 
68424	561 
68425	1733 
68426	1243 
68427	701 
68428	1128 
68429	1758 
68430	1246 
68431	628 
68432	1114 
68433	864 
68434	832 
68435	73 
68436	516 
68437	1091 
68438	10 
68439	994 
68440	391 
68441	70 
68442	612 
68443	239 
68444	1257 
68445	1236 
68446	224 
68447	981 
68448	71 
68449	1190 
68450	1838 
68451	1097 
68452	1117 
68453	1738 
68454	736 
68455	164 
68456	1471 
68457	1262 
68458	158 
68459	853 
68460	1508 
68461	1454 
68462	1830 
68463	144 
68464	145 
68465	550 
68466	57 
68467	1132 
68468	1762 
68469	1426 
68470	1755 
68471	56 
68472	903 
68473	692 
68474	1116 
68475	1400 
68476	729 
68477	87 
68478	258 
68479	1548 
68480	602 
68481	1336 
68482	782 
68483	216 
68484	129 
68485	1738 
68486	1828 
68487	758 
68488	545 
68489	1426 
68490	423 
68491	1461 
68492	1635 
68493	357 
68494	318 
68495	1729 
68496	1840 
68497	892 
68498	835 
68499	556 
68500	385 
68501	709 
68502	1479 
68503	1097 
68504	998 
68505	446 
68506	262 
68507	1490 
68508	574 
68509	894 
68510	1337 
68511	1376 
68512	802 
68513	1191 
68514	1266 
68515	391 
68516	1450 
68517	490 
68518	643 
68519	1042 
68520	11 
68521	320 
68522	421 
68523	331 
68524	890 
68525	321 
68526	1528 
68527	217 
68528	1759 
68529	625 
68530	57 
68531	1748 
68532	876 
68533	1473 
68534	1331 
68535	1628 
68536	1368 
68537	983 
68538	425 
68539	356 
68540	804 
68541	1062 
68542	876 
68543	1609 
68544	586 
68545	1318 
68546	1727 
68547	420 
68548	1367 
68549	1313 
68550	1746 
68551	1821 
68552	1639 
68553	1245 
68554	205 
68555	1510 
68556	693 
68557	858 
68558	1188 
68559	1773 
68560	249 
68561	843 
68562	10 
68563	1369 
68564	412 
68565	826 
68566	1359 
68567	353 
68568	860 
68569	451 
68570	949 
68571	862 
68572	612 
68573	1630 
68574	1071 
68575	373 
68576	672 
68577	1857 
68578	1628 
68579	1794 
68580	993 
68581	1594 
68582	1758 
68583	200 
68584	911 
68585	282 
68586	373 
68587	274 
68588	1718 
68589	1630 
68590	353 
68591	1762 
68592	1781 
68593	889 
68594	1420 
68595	323 
68596	336 
68597	48 
68598	1643 
68599	188 
68600	918 
68601	1843 
68602	1595 
68603	1257 
68604	61 
68605	688 
68606	105 
68607	1748 
68608	1298 
68609	721 
68610	1801 
68611	277 
68612	878 
68613	617 
68614	82 
68615	597 
68616	1342 
68617	1001 
68618	1807 
68619	380 
68620	1680 
68621	922 
68622	1004 
68623	211 
68624	730 
68625	1248 
68626	613 
68627	1087 
68628	1835 
68629	430 
68630	1633 
68631	1765 
68632	466 
68633	423 
68634	1386 
68635	1814 
68636	661 
68637	249 
68638	661 
68639	390 
68640	6 
68641	163 
68642	732 
68643	727 
68644	14 
68645	1203 
68646	1749 
68647	698 
68648	481 
68649	1374 
68650	1068 
68651	1208 
68652	1070 
68653	1833 
68654	772 
68655	1446 
68656	1798 
68657	1426 
68658	184 
68659	732 
68660	1115 
68661	1 
68662	1655 
68663	364 
68664	158 
68665	42 
68666	1346 
68667	1527 
68668	321 
68669	307 
68670	617 
68671	285 
68672	362 
68673	1535 
68674	1502 
68675	1708 
68676	1228 
68677	1830 
68678	949 
68679	509 
68680	1718 
68681	894 
68682	1810 
68683	533 
68684	709 
68685	530 
68686	327 
68687	409 
68688	843 
68689	1733 
68690	621 
68691	1853 
68692	357 
68693	499 
68694	884 
68695	1263 
68696	565 
68697	363 
68698	1338 
68699	646 
68700	126 
68701	22 
68702	1415 
68703	1517 
68704	764 
68705	417 
68706	1120 
68707	783 
68708	51 
68709	436 
68710	353 
68711	646 
68712	683 
68713	863 
68714	567 
68715	1091 
68716	1161 
68717	747 
68718	414 
68719	1369 
68720	1857 
68721	893 
68722	811 
68723	1039 
68724	1063 
68725	189 
68726	1503 
68727	1211 
68728	1085 
68729	1735 
68730	354 
68731	1540 
68732	1112 
68733	1332 
68734	1332 
68735	858 
68736	1579 
68737	1053 
68738	424 
68739	1841 
68740	1579 
68741	98 
68742	1262 
68743	672 
68744	1230 
68745	497 
68746	1233 
68747	1064 
68748	830 
68749	1722 
68750	1853 
68751	715 
68752	565 
68753	51 
68754	1048 
68755	1226 
68756	435 
68757	788 
68758	917 
68759	1272 
68760	1073 
68761	1004 
68762	1236 
68763	1505 
68764	563 
68765	1853 
68766	144 
68767	1689 
68768	876 
68769	1379 
68770	307 
68771	91 
68772	734 
68773	587 
68774	373 
68775	470 
68776	832 
68777	998 
68778	531 
68779	1076 
68780	1226 
68781	527 
68782	1254 
68783	931 
68784	1733 
68785	1344 
68786	1527 
68787	234 
68788	1650 
68789	398 
68790	1384 
68791	1689 
68792	544 
68793	1758 
68794	531 
68795	1629 
68796	1603 
68797	643 
68798	353 
68799	66 
68800	832 
68801	1773 
68802	1005 
68803	1743 
68804	1821 
68805	1352 
68806	1597 
68807	715 
68808	1163 
68809	643 
68810	321 
68811	994 
68812	998 
68813	1239 
68814	1648 
68815	499 
68816	1845 
68817	14 
68818	1032 
68819	993 
68820	175 
68821	1183 
68822	1692 
68823	1246 
68824	1723 
68825	1067 
68826	1210 
68827	1754 
68828	1045 
68829	1771 
68830	1539 
68831	259 
68832	569 
68833	862 
68834	1207 
68835	1774 
68836	57 
68837	296 
68838	162 
68839	92 
68840	734 
68841	1420 
68842	767 
68843	818 
68844	99 
68845	997 
68846	199 
68847	1653 
68848	203 
68849	1576 
68850	391 
68851	998 
68852	1807 
68853	331 
68854	567 
68855	99 
68856	1378 
68857	1721 
68858	1438 
68859	272 
68860	1063 
68861	860 
68862	1429 
68863	1203 
68864	1025 
68865	1257 
68866	1322 
68867	1027 
68868	556 
68869	695 
68870	1157 
68871	52 
68872	1629 
68873	832 
68874	1106 
68875	257 
68876	41 
68877	1857 
68878	1754 
68879	391 
68880	1828 
68881	1341 
68882	1606 
68883	1353 
68884	1610 
68885	805 
68886	1032 
68887	383 
68888	1609 
68889	249 
68890	269 
68891	840 
68892	1437 
68893	183 
68894	385 
68895	127 
68896	1709 
68897	481 
68898	1203 
68899	684 
68900	143 
68901	493 
68902	1718 
68903	542 
68904	1806 
68905	456 
68906	1770 
68907	456 
68908	1420 
68909	530 
68910	1689 
68911	988 
68912	683 
68913	129 
68914	196 
68915	1357 
68916	1658 
68917	1527 
68918	1749 
68919	373 
68920	1806 
68921	1318 
68922	544 
68923	1229 
68924	1080 
68925	863 
68926	1526 
68927	307 
68928	292 
68929	1139 
68930	993 
68931	243 
68932	1838 
68933	1434 
68934	36 
68935	1632 
68936	1840 
68937	930 
68938	71 
68939	800 
68940	89 
68941	1701 
68942	1694 
68943	1770 
68944	136 
68945	522 
68946	842 
68947	209 
68948	61 
68949	325 
68950	876 
68951	735 
68952	127 
68953	1840 
68954	1684 
68955	114 
68956	234 
68957	1746 
68958	420 
68959	845 
68960	164 
68961	143 
68962	1289 
68963	1824 
68964	567 
68965	1814 
68966	205 
68967	356 
68968	1070 
68969	1360 
68970	1469 
68971	662 
68972	334 
68973	1304 
68974	862 
68975	373 
68976	617 
68977	830 
68978	889 
68979	1841 
68980	782 
68981	1294 
68982	969 
68983	1030 
68984	105 
68985	686 
68986	1307 
68987	858 
68988	164 
68989	1505 
68990	1384 
68991	1817 
68992	1091 
68993	1533 
68994	1755 
68995	1857 
68996	458 
68997	1482 
68998	567 
68999	1042 
69000	140 
69001	597 
69002	335 
69003	128 
69004	730 
69005	1035 
69006	527 
69007	644 
69008	908 
69009	759 
69010	1344 
69011	400 
69012	1735 
69013	1806 
69014	455 
69015	1127 
69016	7 
69017	1336 
69018	672 
69019	344 
69020	583 
69021	764 
69022	1539 
69023	1379 
69024	582 
69025	693 
69026	1368 
69027	1263 
69028	1055 
69029	1030 
69030	1595 
69031	397 
69032	48 
69033	683 
69034	860 
69035	783 
69036	1502 
69037	232 
69038	1332 
69039	958 
69040	701 
69041	114 
69042	1751 
69043	530 
69044	1409 
69045	556 
69046	344 
69047	1369 
69048	1821 
69049	391 
69050	98 
69051	1418 
69052	152 
69053	1208 
69054	1220 
69055	409 
69056	542 
69057	225 
69058	1723 
69059	1190 
69060	1738 
69061	812 
69062	1678 
69063	1759 
69064	769 
69065	553 
69066	1384 
69067	307 
69068	1366 
69069	1085 
69070	801 
69071	1554 
69072	1426 
69073	1340 
69074	284 
69075	259 
69076	1203 
69077	1191 
69078	1671 
69079	801 
69080	801 
69081	650 
69082	1738 
69083	421 
69084	773 
69085	1228 
69086	1627 
69087	972 
69088	1789 
69089	1786 
69090	1743 
69091	168 
69092	1264 
69093	966 
69094	731 
69095	862 
69096	1776 
69097	98 
69098	1788 
69099	1726 
69100	806 
69101	744 
69102	47 
69103	662 
69104	1207 
69105	357 
69106	1387 
69107	1379 
69108	95 
69109	1130 
69110	958 
69111	80 
69112	1116 
69113	318 
69114	82 
69115	646 
69116	1153 
69117	1203 
69118	990 
69119	1317 
69120	127 
69121	497 
69122	906 
69123	69 
69124	1310 
69125	1141 
69126	1307 
69127	863 
69128	730 
69129	1473 
69130	1426 
69131	1836 
69132	1078 
69133	1535 
69134	842 
69135	1082 
69136	941 
69137	1021 
69138	1345 
69139	239 
69140	922 
69141	556 
69142	1438 
69143	1427 
69144	579 
69145	1263 
69146	613 
69147	1001 
69148	553 
69149	773 
69150	493 
69151	836 
69152	534 
69153	1320 
69154	1067 
69155	1344 
69156	1277 
69157	529 
69158	1490 
69159	1562 
69160	1091 
69161	394 
69162	144 
69163	146 
69164	98 
69165	856 
69166	1161 
69167	1441 
69168	1765 
69169	62 
69170	1348 
69171	1226 
69172	1164 
69173	373 
69174	1840 
69175	1162 
69176	1633 
69177	1376 
69178	1426 
69179	542 
69180	709 
69181	579 
69182	1127 
69183	767 
69184	1340 
69185	1236 
69186	356 
69187	239 
69188	1771 
69189	373 
69190	612 
69191	1688 
69192	920 
69193	1778 
69194	1317 
69195	1694 
69196	1572 
69197	1648 
69198	420 
69199	598 
69200	105 
69201	227 
69202	559 
69203	1765 
69204	1223 
69205	342 
69206	159 
69207	893 
69208	801 
69209	1294 
69210	597 
69211	1131 
69212	1527 
69213	1128 
69214	1114 
69215	1811 
69216	1510 
69217	1266 
69218	334 
69219	1293 
69220	1021 
69221	22 
69222	931 
69223	920 
69224	257 
69225	821 
69226	259 
69227	1039 
69228	1708 
69229	257 
69230	1024 
69231	281 
69232	322 
69233	666 
69234	1376 
69235	42 
69236	789 
69237	410 
69238	1554 
69239	930 
69240	1672 
69241	1379 
69242	540 
69243	357 
69244	1734 
69245	324 
69246	1718 
69247	554 
69248	248 
69249	284 
69250	709 
69251	1738 
69252	339 
69253	1068 
69254	1157 
69255	1101 
69256	1807 
69257	234 
69258	57 
69259	599 
69260	1024 
69261	886 
69262	738 
69263	1838 
69264	604 
69265	237 
69266	1708 
69267	530 
69268	789 
69269	1269 
69270	156 
69271	1704 
69272	842 
69273	857 
69274	1524 
69275	1548 
69276	1108 
69277	76 
69278	1269 
69279	1825 
69280	1759 
69281	147 
69282	423 
69283	968 
69284	599 
69285	791 
69286	1071 
69287	612 
69288	1814 
69289	989 
69290	192 
69291	62 
69292	535 
69293	274 
69294	1328 
69295	420 
69296	1672 
69297	860 
69298	331 
69299	285 
69300	1001 
69301	1379 
69302	1436 
69303	416 
69304	211 
69305	1121 
69306	1256 
69307	147 
69308	420 
69309	1224 
69310	199 
69311	1774 
69312	487 
69313	228 
69314	672 
69315	1627 
69316	1179 
69317	47 
69318	1400 
69319	1203 
69320	1032 
69321	818 
69322	1524 
69323	490 
69324	1517 
69325	1463 
69326	949 
69327	646 
69328	1078 
69329	466 
69330	1749 
69331	1712 
69332	1529 
69333	1376 
69334	731 
69335	1743 
69336	541 
69337	1850 
69338	801 
69339	1147 
69340	801 
69341	730 
69342	371 
69343	733 
69344	1811 
69345	1322 
69346	1706 
69347	1120 
69348	789 
69349	906 
69350	890 
69351	1420 
69352	1384 
69353	1502 
69354	904 
69355	1751 
69356	400 
69357	81 
69358	1001 
69359	104 
69360	315 
69361	1092 
69362	193 
69363	994 
69364	145 
69365	1263 
69366	216 
69367	234 
69368	1004 
69369	1773 
69370	1411 
69371	1239 
69372	1360 
69373	1831 
69374	451 
69375	656 
69376	130 
69377	487 
69378	1726 
69379	444 
69380	542 
69381	1792 
69382	36 
69383	662 
69384	398 
69385	1185 
69386	993 
69387	344 
69388	808 
69389	1576 
69390	1760 
69391	1030 
69392	1607 
69393	1825 
69394	814 
69395	1762 
69396	1369 
69397	1139 
69398	1298 
69399	591 
69400	1436 
69401	1688 
69402	170 
69403	553 
69404	1019 
69405	1824 
69406	1762 
69407	686 
69408	99 
69409	144 
69410	924 
69411	307 
69412	703 
69413	753 
69414	1792 
69415	701 
69416	1010 
69417	1760 
69418	162 
69419	179 
69420	963 
69421	1019 
69422	51 
69423	277 
69424	762 
69425	941 
69426	1264 
69427	492 
69428	983 
69429	331 
69430	497 
69431	1132 
69432	1170 
69433	1426 
69434	1345 
69435	490 
69436	1071 
69437	1269 
69438	75 
69439	422 
69440	480 
69441	330 
69442	461 
69443	1560 
69444	1336 
69445	1143 
69446	1086 
69447	14 
69448	742 
69449	814 
69450	1074 
69451	666 
69452	247 
69453	62 
69454	762 
69455	1218 
69456	33 
69457	451 
69458	71 
69459	212 
69460	1162 
69461	1709 
69462	1284 
69463	259 
69464	1284 
69465	952 
69466	1663 
69467	1248 
69468	819 
69469	49 
69470	1760 
69471	1467 
69472	530 
69473	612 
69474	922 
69475	1579 
69476	259 
69477	1738 
69478	16 
69479	1533 
69480	1321 
69481	819 
69482	519 
69483	70 
69484	956 
69485	573 
69486	136 
69487	1260 
69488	534 
69489	1482 
69490	807 
69491	835 
69492	14 
69493	1140 
69494	1776 
69495	455 
69496	1806 
69497	319 
69498	832 
69499	560 
69500	214 
69501	436 
69502	666 
69503	1722 
69504	1762 
69505	225 
69506	667 
69507	417 
69508	930 
69509	1317 
69510	661 
69511	1080 
69512	522 
69513	1473 
69514	36 
69515	493 
69516	1346 
69517	904 
69518	1503 
69519	1272 
69520	1801 
69521	599 
69522	608 
69523	805 
69524	4 
69525	1203 
69526	1217 
69527	1532 
69528	1221 
69529	289 
69530	1348 
69531	753 
69532	259 
69533	1482 
69534	1410 
69535	646 
69536	13 
69537	996 
69538	1131 
69539	1758 
69540	513 
69541	734 
69542	1088 
69543	993 
69544	1480 
69545	66 
69546	415 
69547	1639 
69548	6 
69549	69 
69550	126 
69551	1112 
69552	62 
69553	1801 
69554	259 
69555	6 
69556	129 
69557	1645 
69558	135 
69559	397 
69560	1576 
69561	1004 
69562	169 
69563	1568 
69564	70 
69565	748 
69566	1246 
69567	962 
69568	842 
69569	1709 
69570	491 
69571	1498 
69572	699 
69573	493 
69574	1469 
69575	308 
69576	637 
69577	1462 
69578	565 
69579	1164 
69580	1132 
69581	1386 
69582	95 
69583	735 
69584	225 
69585	73 
69586	145 
69587	131 
69588	285 
69589	1515 
69590	1664 
69591	338 
69592	893 
69593	1722 
69594	985 
69595	973 
69596	1384 
69597	560 
69598	449 
69599	19 
69600	730 
69601	148 
69602	1274 
69603	1387 
69604	906 
69605	1409 
69606	199 
69607	662 
69608	114 
69609	1539 
69610	1838 
69611	1412 
69612	654 
69613	1765 
69614	1212 
69615	684 
69616	1721 
69617	1296 
69618	863 
69619	1016 
69620	1203 
69621	376 
69622	1128 
69623	765 
69624	62 
69625	1024 
69626	1486 
69627	1005 
69628	890 
69629	77 
69630	1498 
69631	150 
69632	808 
69633	259 
69634	187 
69635	569 
69636	418 
69637	1059 
69638	1727 
69639	1397 
69640	1024 
69641	397 
69642	503 
69643	1776 
69644	89 
69645	289 
69646	650 
69647	411 
69648	795 
69649	318 
69650	993 
69651	1758 
69652	1718 
69653	1384 
69654	1352 
69655	1776 
69656	1794 
69657	24 
69658	367 
69659	112 
69660	901 
69661	349 
69662	578 
69663	621 
69664	1700 
69665	1465 
69666	1562 
69667	1120 
69668	1400 
69669	876 
69670	493 
69671	1749 
69672	277 
69673	878 
69674	416 
69675	144 
69676	1112 
69677	1035 
69678	911 
69679	734 
69680	128 
69681	277 
69682	809 
69683	1831 
69684	320 
69685	1163 
69686	1467 
69687	204 
69688	1781 
69689	801 
69690	1219 
69691	651 
69692	1345 
69693	1725 
69694	99 
69695	5 
69696	948 
69697	175 
69698	1614 
69699	1775 
69700	1161 
69701	1194 
69702	99 
69703	367 
69704	1317 
69705	409 
69706	292 
69707	1348 
69708	1220 
69709	1067 
69710	61 
69711	564 
69712	234 
69713	1628 
69714	1300 
69715	67 
69716	736 
69717	762 
69718	1643 
69719	535 
69720	877 
69721	1614 
69722	815 
69723	136 
69724	1086 
69725	159 
69726	20 
69727	209 
69728	1539 
69729	1486 
69730	1069 
69731	148 
69732	172 
69733	564 
69734	387 
69735	1610 
69736	331 
69737	1349 
69738	62 
69739	920 
69740	417 
69741	1120 
69742	783 
69743	1427 
69744	1426 
69745	1338 
69746	127 
69747	383 
69748	308 
69749	1161 
69750	1001 
69751	340 
69752	1729 
69753	1223 
69754	55 
69755	1845 
69756	554 
69757	1264 
69758	832 
69759	1610 
69760	409 
69761	137 
69762	1212 
69763	1386 
69764	797 
69765	1042 
69766	146 
69767	232 
69768	1680 
69769	7 
69770	1760 
69771	1835 
69772	1707 
69773	1091 
69774	185 
69775	199 
69776	1391 
69777	391 
69778	257 
69779	1307 
69780	30 
69781	1052 
69782	996 
69783	599 
69784	420 
69785	604 
69786	1801 
69787	1346 
69788	374 
69789	209 
69790	1097 
69791	1579 
69792	487 
69793	144 
69794	171 
69795	1841 
69796	1400 
69797	1340 
69798	201 
69799	1296 
69800	1045 
69801	984 
69802	1597 
69803	92 
69804	1341 
69805	1508 
69806	495 
69807	54 
69808	888 
69809	667 
69810	1394 
69811	1671 
69812	534 
69813	1564 
69814	961 
69815	1498 
69816	56 
69817	680 
69818	277 
69819	393 
69820	1630 
69821	1239 
69822	908 
69823	1229 
69824	1218 
69825	765 
69826	482 
69827	789 
69828	1831 
69829	924 
69830	608 
69831	40 
69832	754 
69833	1391 
69834	46 
69835	56 
69836	1628 
69837	71 
69838	1790 
69839	1376 
69840	525 
69841	584 
69842	1462 
69843	1001 
69844	556 
69845	557 
69846	598 
69847	931 
69848	49 
69849	1192 
69850	331 
69851	1384 
69852	1527 
69853	1217 
69854	1332 
69855	1814 
69856	700 
69857	1570 
69858	1643 
69859	758 
69860	1257 
69861	499 
69862	1560 
69863	563 
69864	956 
69865	1283 
69866	1853 
69867	1058 
69868	1786 
69869	1689 
69870	1057 
69871	703 
69872	804 
69873	1055 
69874	1338 
69875	976 
69876	374 
69877	526 
69878	650 
69879	308 
69880	762 
69881	1762 
69882	336 
69883	1063 
69884	1025 
69885	319 
69886	1554 
69887	1836 
69888	1726 
69889	954 
69890	145 
69891	1639 
69892	1707 
69893	296 
69894	362 
69895	876 
69896	1821 
69897	612 
69898	185 
69899	1790 
69900	1490 
69901	1698 
69902	1387 
69903	701 
69904	1449 
69905	242 
69906	1296 
69907	682 
69908	906 
69909	1074 
69910	1188 
69911	1492 
69912	520 
69913	948 
69914	1694 
69915	1376 
69916	1321 
69917	525 
69918	436 
69919	1712 
69920	632 
69921	1130 
69922	747 
69923	801 
69924	1163 
69925	901 
69926	325 
69927	334 
69928	530 
69929	1073 
69930	805 
69931	818 
69932	556 
69933	1489 
69934	200 
69935	444 
69936	451 
69937	757 
69938	1262 
69939	1445 
69940	420 
69941	1021 
69942	567 
69943	1427 
69944	491 
69945	458 
69946	1378 
69947	1218 
69948	1188 
69949	797 
69950	1362 
69951	114 
69952	67 
69953	1554 
69954	557 
69955	1778 
69956	47 
69957	1120 
69958	1082 
69959	448 
69960	344 
69961	1212 
69962	1328 
69963	331 
69964	89 
69965	234 
69966	71 
69967	895 
69968	99 
69969	82 
69970	686 
69971	1064 
69972	1039 
69973	1283 
69974	444 
69975	130 
69976	818 
69977	185 
69978	1262 
69979	154 
69980	892 
69981	1064 
69982	756 
69983	214 
69984	830 
69985	1470 
69986	1063 
69987	114 
69988	1813 
69989	1502 
69990	1203 
69991	942 
69992	732 
69993	1014 
69994	1601 
69995	1342 
69996	531 
69997	721 
69998	1086 
69999	499 
70000	162 
70001	723 
70002	626 
70003	1274 
70004	1469 
70005	730 
70006	984 
70007	1420 
70008	307 
70009	456 
70010	709 
70011	1274 
70012	232 
70013	1532 
70014	613 
70015	579 
70016	1514 
70017	1778 
70018	773 
70019	1627 
70020	632 
70021	53 
70022	422 
70023	470 
70024	1554 
70025	182 
70026	830 
70027	1415 
70028	612 
70029	1773 
70030	981 
70031	1143 
70032	179 
70033	455 
70034	1840 
70035	1728 
70036	1688 
70037	783 
70038	1412 
70039	1131 
70040	567 
70041	451 
70042	29 
70043	185 
70044	567 
70045	1358 
70046	384 
70047	963 
70048	809 
70049	1628 
70050	545 
70051	1188 
70052	1817 
70053	71 
70054	527 
70055	259 
70056	1007 
70057	1317 
70058	939 
70059	693 
70060	1070 
70061	93 
70062	893 
70063	544 
70064	1648 
70065	1320 
70066	349 
70067	730 
70068	569 
70069	1019 
70070	1692 
70071	519 
70072	1357 
70073	354 
70074	535 
70075	1794 
70076	285 
70077	308 
70078	1208 
70079	1070 
70080	1078 
70081	256 
70082	373 
70083	1490 
70084	412 
70085	625 
70086	1318 
70087	908 
70088	564 
70089	1781 
70090	858 
70091	1369 
70092	908 
70093	1025 
70094	1486 
70095	1208 
70096	1554 
70097	567 
70098	1770 
70099	845 
70100	1218 
70101	1434 
70102	1019 
70103	1359 
70104	1384 
70105	954 
70106	819 
70107	380 
70108	72 
70109	562 
70110	383 
70111	1273 
70112	1384 
70113	597 
70114	738 
70115	734 
70116	1821 
70117	1 
70118	1403 
70119	1763 
70120	633 
70121	354 
70122	1183 
70123	1191 
70124	153 
70125	1639 
70126	70 
70127	1759 
70128	1080 
70129	1836 
70130	1236 
70131	1352 
70132	452 
70133	1362 
70134	1376 
70135	1286 
70136	1221 
70137	362 
70138	1379 
70139	693 
70140	908 
70141	1421 
70142	709 
70143	622 
70144	1505 
70145	602 
70146	448 
70147	216 
70148	1114 
70149	338 
70150	1239 
70151	1024 
70152	1358 
70153	78 
70154	1179 
70155	554 
70156	338 
70157	1822 
70158	748 
70159	567 
70160	1421 
70161	1689 
70162	1115 
70163	1035 
70164	944 
70165	1221 
70166	1412 
70167	154 
70168	152 
70169	1721 
70170	13 
70171	1520 
70172	1760 
70173	1830 
70174	1091 
70175	217 
70176	721 
70177	145 
70178	290 
70179	788 
70180	1526 
70181	1549 
70182	480 
70183	1391 
70184	47 
70185	150 
70186	541 
70187	1131 
70188	1190 
70189	318 
70190	1726 
70191	1568 
70192	557 
70193	1648 
70194	643 
70195	1688 
70196	1233 
70197	554 
70198	1504 
70199	243 
70200	1106 
70201	1848 
70202	1449 
70203	1361 
70204	1645 
70205	8 
70206	1005 
70207	22 
70208	1823 
70209	10 
70210	993 
70211	772 
70212	1025 
70213	57 
70214	98 
70215	145 
70216	1030 
70217	632 
70218	757 
70219	1520 
70220	420 
70221	237 
70222	858 
70223	1655 
70224	958 
70225	1183 
70226	383 
70227	258 
70228	482 
70229	764 
70230	199 
70231	461 
70232	1088 
70233	105 
70234	1486 
70235	1226 
70236	1743 
70237	170 
70238	1083 
70239	319 
70240	617 
70241	685 
70242	568 
70243	10 
70244	916 
70245	188 
70246	783 
70247	612 
70248	1000 
70249	818 
70250	6 
70251	1106 
70252	81 
70253	318 
70254	852 
70255	115 
70256	1588 
70257	1007 
70258	1696 
70259	1734 
70260	217 
70261	1348 
70262	1226 
70263	166 
70264	77 
70265	533 
70266	284 
70267	1039 
70268	550 
70269	698 
70270	1663 
70271	1147 
70272	564 
70273	1028 
70274	830 
70275	798 
70276	1770 
70277	998 
70278	1704 
70279	1220 
70280	170 
70281	1853 
70282	903 
70283	1609 
70284	1029 
70285	72 
70286	390 
70287	1114 
70288	1192 
70289	373 
70290	1210 
70291	318 
70292	802 
70293	451 
70294	203 
70295	1790 
70296	916 
70297	1754 
70298	643 
70299	1535 
70300	286 
70301	1274 
70302	238 
70303	330 
70304	1313 
70305	1585 
70306	1468 
70307	903 
70308	527 
70309	1016 
70310	1451 
70311	699 
70312	1743 
70313	1219 
70314	473 
70315	613 
70316	1010 
70317	1564 
70318	1387 
70319	185 
70320	222 
70321	243 
70322	1625 
70323	884 
70324	1811 
70325	1076 
70326	836 
70327	1088 
70328	744 
70329	104 
70330	47 
70331	1769 
70332	881 
70333	1391 
70334	1411 
70335	98 
70336	1410 
70337	1418 
70338	1212 
70339	57 
70340	362 
70341	1774 
70342	1706 
70343	921 
70344	320 
70345	845 
70346	344 
70347	1266 
70348	1322 
70349	563 
70350	650 
70351	749 
70352	643 
70353	1092 
70354	754 
70355	683 
70356	154 
70357	1293 
70358	1718 
70359	363 
70360	579 
70361	41 
70362	1770 
70363	243 
70364	51 
70365	990 
70366	1528 
70367	1774 
70368	584 
70369	1410 
70370	1263 
70371	36 
70372	553 
70373	703 
70374	919 
70375	584 
70376	646 
70377	903 
70378	1007 
70379	836 
70380	1162 
70381	1021 
70382	258 
70383	243 
70384	29 
70385	612 
70386	1256 
70387	523 
70388	976 
70389	958 
70390	1344 
70391	1080 
70392	1682 
70393	115 
70394	805 
70395	130 
70396	1360 
70397	1648 
70398	884 
70399	807 
70400	579 
70401	1078 
70402	308 
70403	867 
70404	71 
70405	353 
70406	1843 
70407	534 
70408	363 
70409	163 
70410	1208 
70411	360 
70412	1221 
70413	1374 
70414	174 
70415	545 
70416	1486 
70417	1857 
70418	569 
70419	8 
70420	733 
70421	942 
70422	920 
70423	749 
70424	1378 
70425	482 
70426	1318 
70427	901 
70428	1628 
70429	1758 
70430	75 
70431	1004 
70432	997 
70433	1161 
70434	1671 
70435	42 
70436	1376 
70437	946 
70438	3 
70439	152 
70440	1368 
70441	67 
70442	591 
70443	1840 
70444	10 
70445	1576 
70446	257 
70447	214 
70448	1221 
70449	599 
70450	1434 
70451	204 
70452	613 
70453	1572 
70454	1689 
70455	531 
70456	1612 
70457	597 
70458	1463 
70459	596 
70460	772 
70461	1748 
70462	323 
70463	1021 
70464	1630 
70465	1597 
70466	576 
70467	976 
70468	407 
70469	456 
70470	321 
70471	482 
70472	225 
70473	1128 
70474	1161 
70475	1345 
70476	1114 
70477	1722 
70478	1229 
70479	466 
70480	860 
70481	1404 
70482	1674 
70483	1141 
70484	563 
70485	377 
70486	36 
70487	1042 
70488	1721 
70489	291 
70490	1506 
70491	890 
70492	129 
70493	289 
70494	91 
70495	222 
70496	527 
70497	1068 
70498	1091 
70499	319 
70500	1680 
70501	701 
70502	509 
70503	1525 
70504	567 
70505	440 
70506	267 
70507	1688 
70508	895 
70509	1069 
70510	863 
70511	1005 
70512	1337 
70513	683 
70514	87 
70515	135 
70516	1223 
70517	322 
70518	319 
70519	543 
70520	930 
70521	334 
70522	1139 
70523	1059 
70524	1597 
70525	1058 
70526	587 
70527	36 
70528	303 
70529	72 
70530	906 
70531	805 
70532	1697 
70533	989 
70534	1566 
70535	1386 
70536	1726 
70537	1825 
70538	1266 
70539	569 
70540	1264 
70541	1120 
70542	168 
70543	48 
70544	1348 
70545	1438 
70546	1650 
70547	836 
70548	1426 
70549	130 
70550	1635 
70551	1394 
70552	531 
70553	147 
70554	1773 
70555	1658 
70556	436 
70557	199 
70558	809 
70559	54 
70560	1101 
70561	1283 
70562	672 
70563	1629 
70564	1709 
70565	553 
70566	82 
70567	733 
70568	1674 
70569	1609 
70570	733 
70571	1153 
70572	1532 
70573	394 
70574	599 
70575	1480 
70576	835 
70577	1520 
70578	772 
70579	1039 
70580	1840 
70581	1682 
70582	698 
70583	409 
70584	1143 
70585	1595 
70586	1451 
70587	482 
70588	1335 
70589	1746 
70590	529 
70591	18 
70592	211 
70593	1503 
70594	53 
70595	1358 
70596	1062 
70597	1284 
70598	554 
70599	919 
70600	393 
70601	1658 
70602	1853 
70603	1532 
70604	1808 
70605	744 
70606	127 
70607	130 
70608	680 
70609	127 
70610	1645 
70611	931 
70612	809 
70613	782 
70614	334 
70615	1284 
70616	788 
70617	1738 
70618	802 
70619	783 
70620	1212 
70621	1391 
70622	1520 
70623	1131 
70624	1845 
70625	1263 
70626	1746 
70627	1564 
70628	492 
70629	1727 
70630	70 
70631	872 
70632	683 
70633	1266 
70634	1445 
70635	1282 
70636	14 
70637	1454 
70638	709 
70639	451 
70640	1101 
70641	330 
70642	409 
70643	292 
70644	563 
70645	734 
70646	734 
70647	1814 
70648	1254 
70649	266 
70650	597 
70651	1798 
70652	880 
70653	998 
70654	930 
70655	692 
70656	1532 
70657	482 
70658	415 
70659	1336 
70660	1318 
70661	1223 
70662	502 
70663	1349 
70664	57 
70665	568 
70666	1429 
70667	120 
70668	1157 
70669	534 
70670	1609 
70671	967 
70672	1524 
70673	1718 
70674	543 
70675	417 
70676	579 
70677	1490 
70678	367 
70679	1773 
70680	1236 
70681	91 
70682	24 
70683	565 
70684	1727 
70685	1357 
70686	8 
70687	924 
70688	1210 
70689	431 
70690	662 
70691	730 
70692	533 
70693	1806 
70694	1425 
70695	1317 
70696	1729 
70697	262 
70698	1612 
70699	1486 
70700	872 
70701	76 
70702	420 
70703	1269 
70704	988 
70705	62 
70706	1407 
70707	1443 
70708	1333 
70709	490 
70710	448 
70711	1678 
70712	1845 
70713	560 
70714	882 
70715	1030 
70716	985 
70717	886 
70718	1823 
70719	966 
70720	33 
70721	249 
70722	1427 
70723	782 
70724	1000 
70725	47 
70726	535 
70727	290 
70728	709 
70729	919 
70730	1283 
70731	420 
70732	1627 
70733	1753 
70734	554 
70735	1437 
70736	331 
70737	903 
70738	1336 
70739	1601 
70740	308 
70741	1579 
70742	764 
70743	204 
70744	1824 
70745	963 
70746	782 
70747	1833 
70748	416 
70749	7 
70750	680 
70751	1709 
70752	129 
70753	931 
70754	1157 
70755	633 
70756	1553 
70757	292 
70758	628 
70759	731 
70760	801 
70761	1678 
70762	921 
70763	1781 
70764	889 
70765	906 
70766	303 
70767	832 
70768	1092 
70769	1000 
70770	1080 
70771	916 
70772	1576 
70773	1733 
70774	1246 
70775	1773 
70776	1694 
70777	1486 
70778	184 
70779	989 
70780	259 
70781	191 
70782	1568 
70783	282 
70784	8 
70785	282 
70786	738 
70787	98 
70788	588 
70789	1510 
70790	454 
70791	1080 
70792	533 
70793	291 
70794	579 
70795	1021 
70796	591 
70797	662 
70798	20 
70799	736 
70800	354 
70801	144 
70802	469 
70803	520 
70804	1818 
70805	1088 
70806	1420 
70807	259 
70808	1774 
70809	1055 
70810	334 
70811	1263 
70812	1525 
70813	1638 
70814	87 
70815	921 
70816	156 
70817	355 
70818	529 
70819	285 
70820	258 
70821	1639 
70822	1490 
70823	598 
70824	1689 
70825	1848 
70826	911 
70827	1153 
70828	212 
70829	92 
70830	315 
70831	136 
70832	1190 
70833	201 
70834	503 
70835	205 
70836	1486 
70837	1694 
70838	397 
70839	1743 
70840	1661 
70841	19 
70842	972 
70843	144 
70844	1117 
70845	1528 
70846	892 
70847	1188 
70848	19 
70849	534 
70850	92 
70851	81 
70852	930 
70853	1335 
70854	1068 
70855	423 
70856	535 
70857	1256 
70858	1412 
70859	323 
70860	291 
70861	826 
70862	567 
70863	693 
70864	187 
70865	699 
70866	383 
70867	544 
70868	1614 
70869	1409 
70870	1663 
70871	6 
70872	542 
70873	903 
70874	1379 
70875	818 
70876	123 
70877	236 
70878	342 
70879	127 
70880	33 
70881	599 
70882	996 
70883	114 
70884	324 
70885	1781 
70886	1217 
70887	114 
70888	99 
70889	1630 
70890	764 
70891	686 
70892	411 
70893	814 
70894	1348 
70895	446 
70896	1120 
70897	1822 
70898	813 
70899	907 
70900	1630 
70901	564 
70902	440 
70903	334 
70904	856 
70905	1463 
70906	66 
70907	1348 
70908	1220 
70909	1836 
70910	24 
70911	211 
70912	259 
70913	1028 
70914	604 
70915	812 
70916	418 
70917	917 
70918	1300 
70919	299 
70920	1824 
70921	1714 
70922	1056 
70923	650 
70924	1220 
70925	602 
70926	1056 
70927	314 
70928	951 
70929	1647 
70930	1653 
70931	377 
70932	583 
70933	4 
70934	1451 
70935	10 
70936	1527 
70937	147 
70938	996 
70939	625 
70940	829 
70941	1722 
70942	917 
70943	1163 
70944	1527 
70945	1790 
70946	806 
70947	1313 
70948	818 
70949	1775 
70950	1658 
70951	1005 
70952	354 
70953	440 
70954	907 
70955	1773 
70956	1489 
70957	956 
70958	1755 
70959	1258 
70960	1076 
70961	204 
70962	994 
70963	836 
70964	1068 
70965	362 
70966	1341 
70967	95 
70968	1583 
70969	145 
70970	55 
70971	1021 
70972	1376 
70973	98 
70974	1696 
70975	493 
70976	1850 
70977	81 
70978	1748 
70979	533 
70980	1615 
70981	1045 
70982	466 
70983	1358 
70984	1062 
70985	93 
70986	730 
70987	1709 
70988	843 
70989	1765 
70990	559 
70991	1502 
70992	1748 
70993	1454 
70994	398 
70995	656 
70996	407 
70997	789 
70998	400 
70999	1420 
71000	1786 
71001	829 
71002	52 
71003	1857 
71004	1725 
71005	1391 
71006	1307 
71007	1463 
71008	1332 
71009	1578 
71010	845 
71011	785 
71012	1650 
71013	227 
71014	527 
71015	1769 
71016	795 
71017	1528 
71018	1498 
71019	1434 
71020	948 
71021	1588 
71022	424 
71023	243 
71024	299 
71025	409 
71026	317 
71027	131 
71028	89 
71029	1688 
71030	16 
71031	523 
71032	686 
71033	1378 
71034	1143 
71035	331 
71036	586 
71037	1748 
71038	412 
71039	1790 
71040	292 
71041	745 
71042	796 
71043	985 
71044	1504 
71045	621 
71046	804 
71047	411 
71048	1004 
71049	321 
71050	187 
71051	1293 
71052	1760 
71053	1391 
71054	974 
71055	1001 
71056	215 
71057	1161 
71058	1150 
71059	1345 
71060	529 
71061	303 
71062	13 
71063	1027 
71064	1024 
71065	808 
71066	1843 
71067	520 
71068	8 
71069	430 
71070	324 
71071	1682 
71072	1266 
71073	1341 
71074	1068 
71075	1833 
71076	1381 
71077	542 
71078	604 
71079	1055 
71080	1718 
71081	396 
71082	1161 
71083	398 
71084	16 
71085	1238 
71086	736 
71087	383 
71088	819 
71089	1340 
71090	1645 
71091	259 
71092	1161 
71093	683 
71094	147 
71095	1228 
71096	556 
71097	738 
71098	1208 
71099	417 
71100	1139 
71101	1313 
71102	1143 
71103	888 
71104	1333 
71105	91 
71106	920 
71107	1609 
71108	1786 
71109	1823 
71110	730 
71111	295 
71112	1548 
71113	1721 
71114	1286 
71115	356 
71116	1502 
71117	1188 
71118	944 
71119	1503 
71120	1696 
71121	1208 
71122	596 
71123	1725 
71124	30 
71125	543 
71126	175 
71127	290 
71128	234 
71129	1763 
71130	1735 
71131	1262 
71132	1307 
71133	1410 
71134	1624 
71135	1774 
71136	1524 
71137	599 
71138	588 
71139	98 
71140	1778 
71141	24 
71142	529 
71143	380 
71144	541 
71145	1855 
71146	1298 
71147	285 
71148	239 
71149	1039 
71150	1085 
71151	1585 
71152	886 
71153	801 
71154	1635 
71155	1194 
71156	612 
71157	1650 
71158	1076 
71159	249 
71160	51 
71161	1780 
71162	1282 
71163	1714 
71164	318 
71165	1789 
71166	1366 
71167	842 
71168	666 
71169	260 
71170	1706 
71171	1282 
71172	991 
71173	680 
71174	598 
71175	1514 
71176	292 
71177	563 
71178	1576 
71179	258 
71180	554 
71181	424 
71182	1381 
71183	354 
71184	1857 
71185	398 
71186	1226 
71187	1273 
71188	569 
71189	391 
71190	282 
71191	545 
71192	1358 
71193	1232 
71194	748 
71195	533 
71196	1055 
71197	1765 
71198	1357 
71199	672 
71200	1658 
71201	303 
71202	1585 
71203	1713 
71204	24 
71205	646 
71206	800 
71207	1548 
71208	373 
71209	22 
71210	1387 
71211	1630 
71212	42 
71213	1362 
71214	686 
71215	989 
71216	1589 
71217	1783 
71218	1628 
71219	1554 
71220	894 
71221	380 
71222	1848 
71223	209 
71224	1263 
71225	738 
71226	1426 
71227	272 
71228	290 
71229	646 
71230	377 
71231	1511 
71232	204 
71233	131 
71234	1566 
71235	80 
71236	179 
71237	14 
71238	1503 
71239	152 
71240	907 
71241	1203 
71242	598 
71243	1257 
71244	171 
71245	334 
71246	782 
71247	535 
71248	502 
71249	545 
71250	3 
71251	908 
71252	890 
71253	1264 
71254	341 
71255	1774 
71256	919 
71257	836 
71258	1718 
71259	1310 
71260	1818 
71261	829 
71262	1153 
71263	886 
71264	446 
71265	981 
71266	1374 
71267	319 
71268	1517 
71269	1445 
71270	804 
71271	1707 
71272	1320 
71273	259 
71274	584 
71275	114 
71276	1846 
71277	8 
71278	144 
71279	1789 
71280	318 
71281	1618 
71282	1120 
71283	70 
71284	1841 
71285	1239 
71286	1579 
71287	1640 
71288	127 
71289	994 
71290	114 
71291	322 
71292	591 
71293	1071 
71294	1369 
71295	71 
71296	1645 
71297	574 
71298	1504 
71299	541 
71300	565 
71301	1661 
71302	1774 
71303	591 
71304	864 
71305	806 
71306	184 
71307	466 
71308	568 
71309	931 
71310	871 
71311	1688 
71312	1366 
71313	323 
71314	493 
71315	543 
71316	554 
71317	693 
71318	576 
71319	1210 
71320	131 
71321	1004 
71322	1358 
71323	1762 
71324	367 
71325	797 
71326	888 
71327	893 
71328	1254 
71329	482 
71330	1412 
71331	59 
71332	1513 
71333	807 
71334	591 
71335	568 
71336	48 
71337	1067 
71338	656 
71339	591 
71340	1101 
71341	217 
71342	907 
71343	1520 
71344	1425 
71345	1817 
71346	1738 
71347	693 
71348	1360 
71349	357 
71350	57 
71351	145 
71352	1553 
71353	409 
71354	162 
71355	892 
71356	1709 
71357	553 
71358	1810 
71359	1840 
71360	826 
71361	1694 
71362	1258 
71363	296 
71364	1085 
71365	127 
71366	903 
71367	1322 
71368	390 
71369	584 
71370	1767 
71371	1738 
71372	534 
71373	1789 
71374	1579 
71375	1138 
71376	137 
71377	1004 
71378	772 
71379	331 
71380	1821 
71381	1504 
71382	744 
71383	1733 
71384	1688 
71385	1147 
71386	1025 
71387	1262 
71388	523 
71389	1282 
71390	191 
71391	81 
71392	211 
71393	456 
71394	782 
71395	1723 
71396	1755 
71397	1614 
71398	1490 
71399	917 
71400	127 
71401	1539 
71402	573 
71403	890 
71404	742 
71405	893 
71406	862 
71407	939 
71408	144 
71409	1836 
71410	1019 
71411	1367 
71412	187 
71413	1338 
71414	1694 
71415	1188 
71416	1648 
71417	864 
71418	249 
71419	1486 
71420	1207 
71421	1345 
71422	1348 
71423	1794 
71424	1467 
71425	70 
71426	1080 
71427	1313 
71428	628 
71429	334 
71430	1170 
71431	14 
71432	417 
71433	1054 
71434	903 
71435	19 
71436	796 
71437	1450 
71438	1223 
71439	1131 
71440	1357 
71441	1400 
71442	748 
71443	87 
71444	258 
71445	1239 
71446	444 
71447	1672 
71448	1786 
71449	1210 
71450	398 
71451	1687 
71452	1039 
71453	308 
71454	1648 
71455	889 
71456	1790 
71457	832 
71458	1376 
71459	185 
71460	215 
71461	115 
71462	19 
71463	217 
71464	920 
71465	325 
71466	325 
71467	136 
71468	1718 
71469	1131 
71470	804 
71471	1318 
71472	625 
71473	216 
71474	1633 
71475	1412 
71476	460 
71477	1164 
71478	1778 
71479	321 
71480	1749 
71481	1128 
71482	1348 
71483	812 
71484	390 
71485	156 
71486	553 
71487	1738 
71488	72 
71489	701 
71490	363 
71491	70 
71492	1318 
71493	1630 
71494	1019 
71495	685 
71496	1308 
71497	363 
71498	112 
71499	1709 
71500	1465 
71501	612 
71502	355 
71503	1713 
71504	842 
71505	1000 
71506	1228 
71507	363 
71508	497 
71509	1813 
71510	599 
71511	57 
71512	625 
71513	1328 
71514	262 
71515	170 
71516	733 
71517	529 
71518	1554 
71519	1633 
71520	1814 
71521	1318 
71522	1282 
71523	829 
71524	1595 
71525	289 
71526	285 
71527	1048 
71528	598 
71529	923 
71530	25 
71531	1120 
71532	1838 
71533	353 
71534	591 
71535	1648 
71536	1568 
71537	212 
71538	591 
71539	10 
71540	911 
71541	146 
71542	1774 
71543	845 
71544	1469 
71545	1420 
71546	1141 
71547	1781 
71548	597 
71549	1342 
71550	1298 
71551	179 
71552	487 
71553	656 
71554	985 
71555	444 
71556	1421 
71557	1706 
71558	238 
71559	1746 
71560	373 
71561	744 
71562	1723 
71563	1694 
71564	162 
71565	6 
71566	1385 
71567	499 
71568	1059 
71569	307 
71570	1706 
71571	1194 
71572	1568 
71573	818 
71574	127 
71575	1438 
71576	598 
71577	531 
71578	805 
71579	70 
71580	1735 
71581	1614 
71582	131 
71583	155 
71584	1028 
71585	172 
71586	452 
71587	1783 
71588	455 
71589	1286 
71590	1348 
71591	1262 
71592	701 
71593	1813 
71594	1162 
71595	993 
71596	560 
71597	1337 
71598	466 
71599	1226 
71600	324 
71601	542 
71602	1257 
71603	397 
71604	579 
71605	739 
71606	889 
71607	212 
71608	1024 
71609	613 
71610	1293 
71611	1317 
71612	1082 
71613	1722 
71614	996 
71615	80 
71616	1345 
71617	1706 
71618	1283 
71619	236 
71620	762 
71621	411 
71622	666 
71623	52 
71624	1708 
71625	1671 
71626	423 
71627	1680 
71628	1313 
71629	1689 
71630	1246 
71631	553 
71632	989 
71633	1841 
71634	307 
71635	166 
71636	69 
71637	344 
71638	1024 
71639	1643 
71640	229 
71641	1358 
71642	8 
71643	449 
71644	77 
71645	1287 
71646	1830 
71647	889 
71648	1208 
71649	981 
71650	773 
71651	1418 
71652	62 
71653	1835 
71654	1229 
71655	130 
71656	1554 
71657	230 
71658	78 
71659	747 
71660	185 
71661	1264 
71662	229 
71663	446 
71664	307 
71665	1677 
71666	998 
71667	1722 
71668	1284 
71669	284 
71670	1729 
71671	550 
71672	1807 
71673	1824 
71674	599 
71675	493 
71676	968 
71677	267 
71678	1007 
71679	895 
71680	1194 
71681	911 
71682	318 
71683	1645 
71684	282 
71685	1748 
71686	1341 
71687	1825 
71688	1709 
71689	1296 
71690	108 
71691	21 
71692	845 
71693	564 
71694	543 
71695	1069 
71696	802 
71697	889 
71698	1482 
71699	1057 
71700	41 
71701	1260 
71702	1811 
71703	637 
71704	1233 
71705	782 
71706	1284 
71707	469 
71708	492 
71709	1743 
71710	1236 
71711	404 
71712	357 
71713	562 
71714	436 
71715	1318 
71716	843 
71717	921 
71718	911 
71719	210 
71720	1067 
71721	1662 
71722	1263 
71723	1256 
71724	788 
71725	591 
71726	1284 
71727	1639 
71728	91 
71729	886 
71730	559 
71731	1450 
71732	1352 
71733	800 
71734	1751 
71735	988 
71736	469 
71737	804 
71738	94 
71739	1266 
71740	804 
71741	1415 
71742	893 
71743	1258 
71744	335 
71745	1057 
71746	493 
71747	556 
71748	862 
71749	1718 
71750	1450 
71751	1333 
71752	805 
71753	199 
71754	1336 
71755	131 
71756	599 
71757	128 
71758	72 
71759	274 
71760	574 
71761	458 
71762	47 
71763	1386 
71764	1774 
71765	1653 
71766	612 
71767	1857 
71768	19 
71769	295 
71770	1362 
71771	237 
71772	904 
71773	1465 
71774	1688 
71775	1332 
71776	893 
71777	1445 
71778	172 
71779	56 
71780	318 
71781	1369 
71782	1378 
71783	1052 
71784	989 
71785	1045 
71786	1857 
71787	1609 
71788	1378 
71789	1331 
71790	1775 
71791	274 
71792	367 
71793	1274 
71794	1828 
71795	213 
71796	159 
71797	886 
71798	983 
71799	1528 
71800	356 
71801	612 
71802	1723 
71803	21 
71804	56 
71805	89 
71806	530 
71807	1283 
71808	317 
71809	1053 
71810	16 
71811	1597 
71812	1450 
71813	409 
71814	91 
71815	1027 
71816	556 
71817	490 
71818	290 
71819	73 
71820	417 
71821	446 
71822	1539 
71823	1269 
71824	451 
71825	185 
71826	954 
71827	1824 
71828	1846 
71829	802 
71830	1498 
71831	24 
71832	622 
71833	1333 
71834	1025 
71835	942 
71836	191 
71837	1718 
71838	1289 
71839	1106 
71840	1274 
71841	1503 
71842	1073 
71843	809 
71844	1175 
71845	560 
71846	171 
71847	809 
71848	646 
71849	323 
71850	277 
71851	217 
71852	967 
71853	262 
71854	1191 
71855	291 
71856	672 
71857	646 
71858	397 
71859	682 
71860	154 
71861	1130 
71862	1462 
71863	127 
71864	1078 
71865	806 
71866	14 
71867	1194 
71868	1262 
71869	314 
71870	1554 
71871	1857 
71872	931 
71873	877 
71874	490 
71875	1024 
71876	1140 
71877	721 
71878	153 
71879	8 
71880	1164 
71881	1823 
71882	533 
71883	435 
71884	1021 
71885	349 
71886	1086 
71887	535 
71888	1374 
71889	888 
71890	612 
71891	988 
71892	411 
71893	1548 
71894	1725 
71895	1533 
71896	339 
71897	535 
71898	460 
71899	1128 
71900	221 
71901	749 
71902	698 
71903	1643 
71904	1490 
71905	1462 
71906	277 
71907	289 
71908	1194 
71909	159 
71910	331 
71911	917 
71912	56 
71913	466 
71914	783 
71915	1035 
71916	1188 
71917	1368 
71918	1486 
71919	229 
71920	369 
71921	1045 
71922	1088 
71923	1076 
71924	404 
71925	1824 
71926	1254 
71927	709 
71928	1256 
71929	1828 
71930	247 
71931	205 
71932	1445 
71933	1490 
71934	1638 
71935	1260 
71936	215 
71937	229 
71938	291 
71939	686 
71940	1733 
71941	1021 
71942	1639 
71943	998 
71944	1217 
71945	692 
71946	989 
71947	1609 
71948	499 
71949	404 
71950	360 
71951	1639 
71952	1328 
71953	1503 
71954	821 
71955	1260 
71956	1368 
71957	1321 
71958	1131 
71959	1080 
71960	1746 
71961	211 
71962	8 
71963	1332 
71964	1749 
71965	892 
71966	342 
71967	1828 
71968	1028 
71969	1374 
71970	234 
71971	229 
71972	1272 
71973	1048 
71974	138 
71975	733 
71976	469 
71977	867 
71978	10 
71979	1409 
71980	1073 
71981	1735 
71982	1188 
71983	499 
71984	574 
71985	452 
71986	46 
71987	360 
71988	685 
71989	499 
71990	542 
71991	1218 
71992	469 
71993	455 
71994	322 
71995	318 
71996	1639 
71997	1063 
71998	1286 
71999	1378 
72000	24 
72001	1445 
72002	836 
72003	1374 
72004	906 
72005	56 
72006	893 
72007	958 
72008	42 
72009	1368 
72010	256 
72011	499 
72012	1263 
72013	1633 
72014	1677 
72015	249 
72016	201 
72017	1480 
72018	535 
72019	1076 
72020	490 
72021	148 
72022	296 
72023	371 
72024	1420 
72025	376 
72026	1807 
72027	373 
72028	563 
72029	456 
72030	804 
72031	1157 
72032	559 
72033	1322 
72034	1671 
72035	466 
72036	949 
72037	1084 
72038	796 
72039	308 
72040	93 
72041	262 
72042	1758 
72043	126 
72044	4 
72045	921 
72046	1157 
72047	257 
72048	815 
72049	783 
72050	448 
72051	1358 
72052	75 
72053	997 
72054	1236 
72055	836 
72056	882 
72057	22 
72058	1628 
72059	988 
72060	1367 
72061	1128 
72062	731 
72063	1781 
72064	650 
72065	531 
72066	1749 
72067	1755 
72068	1857 
72069	1510 
72070	686 
72071	1409 
72072	129 
72073	958 
72074	889 
72075	990 
72076	969 
72077	1321 
72078	1689 
72079	1640 
72080	1835 
72081	1618 
72082	1692 
72083	410 
72084	1471 
72085	1479 
72086	292 
72087	420 
72088	376 
72089	802 
72090	931 
72091	1233 
72092	1689 
72093	1801 
72094	1696 
72095	956 
72096	818 
72097	1400 
72098	1595 
72099	1505 
72100	290 
72101	598 
72102	1045 
72103	587 
72104	1400 
72105	729 
72106	1639 
72107	889 
72108	554 
72109	145 
72110	1734 
72111	410 
72112	1289 
72113	1415 
72114	1468 
72115	1426 
72116	568 
72117	193 
72118	1771 
72119	1627 
72120	693 
72121	1828 
72122	1663 
72123	1345 
72124	1647 
72125	91 
72126	1532 
72127	1749 
72128	1153 
72129	203 
72130	340 
72131	1085 
72132	1718 
72133	1850 
72134	422 
72135	685 
72136	767 
72137	1754 
72138	860 
72139	1084 
72140	1076 
72141	1774 
72142	739 
72143	509 
72144	1238 
72145	1378 
72146	70 
72147	331 
72148	357 
72149	21 
72150	78 
72151	544 
72152	1269 
72153	1258 
72154	701 
72155	1340 
72156	1345 
72157	1273 
72158	1391 
72159	1825 
72160	331 
72161	1239 
72162	927 
72163	394 
72164	1532 
72165	1515 
72166	94 
72167	131 
72168	1451 
72169	1266 
72170	591 
72171	341 
72172	1307 
72173	586 
72174	493 
72175	274 
72176	6 
72177	298 
72178	323 
72179	73 
72180	1 
72181	1294 
72182	946 
72183	1709 
72184	662 
72185	1468 
72186	407 
72187	1071 
72188	1030 
72189	211 
72190	1772 
72191	57 
72192	217 
72193	123 
72194	597 
72195	672 
72196	801 
72197	1510 
72198	204 
72199	461 
72200	565 
72201	1444 
72202	277 
72203	881 
72204	1207 
72205	1672 
72206	1007 
72207	36 
72208	836 
72209	510 
72210	367 
72211	1055 
72212	542 
72213	292 
72214	1164 
72215	30 
72216	983 
72217	788 
72218	1256 
72219	1001 
72220	11 
72221	930 
72222	534 
72223	1260 
72224	1335 
72225	735 
72226	497 
72227	289 
72228	916 
72229	1313 
72230	344 
72231	1208 
72232	135 
72233	1091 
72234	1025 
72235	1532 
72236	1528 
72237	867 
72238	221 
72239	1080 
72240	984 
72241	788 
72242	692 
72243	1161 
72244	51 
72245	721 
72246	448 
72247	143 
72248	721 
72249	988 
72250	367 
72251	1384 
72252	363 
72253	292 
72254	135 
72255	666 
72256	662 
72257	70 
72258	435 
72259	1262 
72260	821 
72261	520 
72262	568 
72263	1721 
72264	120 
72265	736 
72266	259 
72267	1758 
72268	24 
72269	930 
72270	604 
72271	802 
72272	1403 
72273	1689 
72274	721 
72275	984 
72276	1221 
72277	143 
72278	1758 
72279	374 
72280	1362 
72281	1814 
72282	314 
72283	307 
72284	8 
72285	863 
72286	646 
72287	1143 
72288	804 
72289	948 
72290	1 
72291	893 
72292	209 
72293	789 
72294	993 
72295	1486 
72296	531 
72297	299 
72298	1579 
72299	531 
72300	1807 
72301	1039 
72302	1027 
72303	1001 
72304	1161 
72305	1680 
72306	1203 
72307	662 
72308	1645 
72309	1776 
72310	661 
72311	114 
72312	1633 
72313	562 
72314	62 
72315	1614 
72316	662 
72317	988 
72318	1454 
72319	1335 
72320	1778 
72321	1841 
72322	1726 
72323	931 
72324	1664 
72325	1188 
72326	531 
72327	502 
72328	400 
72329	662 
72330	1 
72331	6 
72332	783 
72333	418 
72334	362 
72335	1162 
72336	1677 
72337	1055 
72338	1441 
72339	1482 
72340	444 
72341	1067 
72342	889 
72343	364 
72344	1733 
72345	804 
72346	876 
72347	153 
72348	824 
72349	322 
72350	8 
72351	1316 
72352	22 
72353	296 
72354	1432 
72355	888 
72356	1627 
72357	1798 
72358	911 
72359	217 
72360	729 
72361	204 
72362	921 
72363	362 
72364	886 
72365	317 
72366	1056 
72367	1432 
72368	470 
72369	423 
72370	604 
72371	436 
72372	541 
72373	1183 
72374	335 
72375	836 
72376	1480 
72377	202 
72378	591 
72379	1391 
72380	1212 
72381	325 
72382	291 
72383	232 
72384	1770 
72385	1479 
72386	285 
72387	1587 
72388	397 
72389	903 
72390	1053 
72391	1004 
72392	806 
72393	1139 
72394	159 
72395	482 
72396	249 
72397	1296 
72398	92 
72399	1092 
72400	1467 
72401	815 
72402	1663 
72403	1778 
72404	1258 
72405	1578 
72406	91 
72407	1663 
72408	451 
72409	1263 
72410	1091 
72411	835 
72412	314 
72413	209 
72414	331 
72415	56 
72416	553 
72417	1057 
72418	931 
72419	1560 
72420	1238 
72421	1498 
72422	1576 
72423	292 
72424	320 
72425	127 
72426	51 
72427	1528 
72428	1083 
72429	182 
72430	1664 
72431	884 
72432	1655 
72433	1758 
72434	291 
72435	1564 
72436	80 
72437	105 
72438	339 
72439	1273 
72440	1468 
72441	1714 
72442	1579 
72443	758 
72444	1794 
72445	1723 
72446	258 
72447	545 
72448	1025 
72449	481 
72450	557 
72451	920 
72452	876 
72453	733 
72454	242 
72455	829 
72456	1473 
72457	1663 
72458	492 
72459	1468 
72460	1775 
72461	1441 
72462	1759 
72463	162 
72464	376 
72465	1751 
72466	1068 
72467	941 
72468	1810 
72469	152 
72470	744 
72471	94 
72472	597 
72473	983 
72474	1263 
72475	1291 
72476	1025 
72477	1418 
72478	1117 
72479	889 
72480	1374 
72481	1313 
72482	578 
72483	22 
72484	1322 
72485	1120 
72486	340 
72487	946 
72488	1239 
72489	576 
72490	1810 
72491	466 
72492	421 
72493	1560 
72494	948 
72495	1112 
72496	893 
72497	183 
72498	785 
72499	916 
72500	1830 
72501	73 
72502	1056 
72503	1680 
72504	693 
72505	356 
72506	613 
72507	353 
72508	1515 
72509	130 
72510	1836 
72511	983 
72512	360 
72513	646 
72514	863 
72515	1511 
72516	1814 
72517	303 
72518	863 
72519	1760 
72520	400 
72521	736 
72522	1374 
72523	747 
72524	1210 
72525	730 
72526	621 
72527	1609 
72528	394 
72529	431 
72530	568 
72531	1692 
72532	1310 
72533	1462 
72534	1609 
72535	1694 
72536	185 
72537	1300 
72538	611 
72539	324 
72540	983 
72541	1527 
72542	8 
72543	323 
72544	729 
72545	1188 
72546	1833 
72547	542 
72548	1001 
72549	1313 
72550	1539 
72551	535 
72552	1139 
72553	1052 
72554	1409 
72555	992 
72556	1808 
72557	1714 
72558	1758 
72559	906 
72560	1403 
72561	1263 
72562	1426 
72563	1384 
72564	1229 
72565	1524 
72566	1857 
72567	1753 
72568	1391 
72569	1068 
72570	573 
72571	1338 
72572	1594 
72573	1786 
72574	1019 
72575	1526 
72576	1718 
72577	1139 
72578	1823 
72579	1052 
72580	1427 
72581	1138 
72582	1348 
72583	1539 
72584	956 
72585	1595 
72586	1224 
72587	941 
72588	1040 
72589	127 
72590	1274 
72591	1749 
72592	1758 
72593	983 
72594	14 
72595	318 
72596	1701 
72597	812 
72598	48 
72599	1709 
72600	951 
72601	554 
72602	307 
72603	356 
72604	1400 
72605	41 
72606	330 
72607	1016 
72608	1 
72609	234 
72610	1321 
72611	1421 
72612	1504 
72613	491 
72614	493 
72615	127 
72616	798 
72617	807 
72618	613 
72619	89 
72620	185 
72621	826 
72622	1226 
72623	1086 
72624	355 
72625	105 
72626	1855 
72627	650 
72628	1070 
72629	369 
72630	1520 
72631	1525 
72632	876 
72633	130 
72634	322 
72635	1293 
72636	187 
72637	1325 
72638	1625 
72639	1175 
72640	1801 
72641	323 
72642	1138 
72643	371 
72644	1264 
72645	966 
72646	1533 
72647	391 
72648	1760 
72649	835 
72650	878 
72651	1775 
72652	1735 
72653	871 
72654	1101 
72655	1308 
72656	1059 
72657	114 
72658	1855 
72659	1387 
72660	1647 
72661	285 
72662	1139 
72663	493 
72664	1358 
72665	1658 
72666	880 
72667	8 
72668	1078 
72669	1814 
72670	941 
72671	567 
72672	330 
72673	685 
72674	533 
72675	115 
72676	232 
72677	1073 
72678	1071 
72679	1086 
72680	1147 
72681	154 
72682	367 
72683	303 
72684	1471 
72685	1726 
72686	989 
72687	888 
72688	1774 
72689	843 
72690	323 
72691	556 
72692	1284 
72693	1713 
72694	1515 
72695	723 
72696	1028 
72697	461 
72698	1232 
72699	1437 
72700	362 
72701	62 
72702	290 
72703	1450 
72704	1807 
72705	1366 
72706	1068 
72707	1378 
72708	557 
72709	1387 
72710	1532 
72711	451 
72712	424 
72713	282 
72714	1504 
72715	1758 
72716	1153 
72717	314 
72718	82 
72719	553 
72720	70 
72721	407 
72722	130 
72723	363 
72724	217 
72725	435 
72726	612 
72727	1697 
72728	1639 
72729	1153 
72730	1082 
72731	1226 
72732	889 
72733	1325 
72734	1560 
72735	535 
72736	1203 
72737	637 
72738	6 
72739	878 
72740	889 
72741	693 
72742	1293 
72743	523 
72744	1045 
72745	1585 
72746	217 
72747	564 
72748	325 
72749	599 
72750	1291 
72751	13 
72752	545 
72753	1473 
72754	795 
72755	344 
72756	243 
72757	56 
72758	1294 
72759	1588 
72760	1400 
72761	407 
72762	1266 
72763	723 
72764	153 
72765	171 
72766	1709 
72767	1704 
72768	1855 
72769	123 
72770	1143 
72771	466 
72772	922 
72773	764 
72774	320 
72775	976 
72776	1578 
72777	1759 
72778	282 
72779	78 
72780	1287 
72781	1427 
72782	394 
72783	997 
72784	1614 
72785	377 
72786	136 
72787	29 
72788	1254 
72789	1412 
72790	1273 
72791	1479 
72792	1697 
72793	1256 
72794	1262 
72795	391 
72796	409 
72797	814 
72798	480 
72799	1322 
72800	466 
72801	355 
72802	221 
72803	14 
72804	277 
72805	1141 
72806	672 
72807	1467 
72808	860 
72809	805 
72810	697 
72811	1007 
72812	1101 
72813	440 
72814	672 
72815	480 
72816	812 
72817	1052 
72818	715 
72819	234 
72820	1437 
72821	369 
72822	1282 
72823	1059 
72824	1308 
72825	285 
72826	804 
72827	1539 
72828	584 
72829	444 
72830	963 
72831	1606 
72832	1746 
72833	791 
72834	832 
72835	257 
72836	71 
72837	626 
72838	1814 
72839	692 
72840	1073 
72841	553 
72842	756 
72843	612 
72844	1595 
72845	338 
72846	923 
72847	1811 
72848	1080 
72849	1218 
72850	1444 
72851	783 
72852	415 
72853	1774 
72854	584 
72855	876 
72856	327 
72857	461 
72858	1068 
72859	451 
72860	502 
72861	1807 
72862	1434 
72863	1188 
72864	1609 
72865	1516 
72866	1325 
72867	314 
72868	203 
72869	1083 
72870	1735 
72871	579 
72872	327 
72873	256 
72874	968 
72875	1263 
72876	257 
72877	1462 
72878	449 
72879	976 
72880	1296 
72881	1115 
72882	377 
72883	643 
72884	70 
72885	734 
72886	272 
72887	311 
72888	643 
72889	1379 
72890	806 
72891	836 
72892	886 
72893	1781 
72894	613 
72895	227 
72896	1427 
72897	996 
72898	927 
72899	1004 
72900	788 
72901	1263 
72902	613 
72903	1048 
72904	545 
72905	1069 
72906	71 
72907	1016 
72908	159 
72909	1210 
72910	1358 
72911	703 
72912	1236 
72913	1432 
72914	563 
72915	1465 
72916	1629 
72917	591 
72918	159 
72919	262 
72920	920 
72921	1426 
72922	1284 
72923	1384 
72924	383 
72925	1092 
72926	1126 
72927	158 
72928	1256 
72929	1746 
72930	598 
72931	699 
72932	1073 
72933	800 
72934	259 
72935	772 
72936	1194 
72937	1025 
72938	981 
72939	1348 
72940	1427 
72941	662 
72942	1778 
72943	257 
72944	556 
72945	1286 
72946	968 
72947	1845 
72948	56 
72949	18 
72950	1780 
72951	317 
72952	819 
72953	1479 
72954	1426 
72955	1385 
72956	1005 
72957	1444 
72958	1694 
72959	1765 
72960	222 
72961	307 
72962	1533 
72963	144 
72964	1321 
72965	364 
72966	889 
72967	591 
72968	4 
72969	1743 
72970	637 
72971	1595 
72972	94 
72973	1150 
72974	1378 
72975	1438 
72976	1628 
72977	1758 
72978	1262 
72979	229 
72980	6 
72981	42 
72982	409 
72983	298 
72984	452 
72985	318 
72986	1071 
72987	94 
72988	377 
72989	1233 
72990	128 
72991	1707 
72992	1120 
72993	643 
72994	10 
72995	1124 
72996	53 
72997	830 
72998	715 
72999	1131 
73000	59 
73001	584 
73002	1170 
73003	1648 
73004	1578 
73005	289 
73006	1035 
73007	25 
73008	1391 
73009	1698 
73010	1643 
73011	446 
73012	1150 
73013	1524 
73014	1358 
73015	756 
73016	1532 
73017	1348 
73018	890 
73019	237 
73020	344 
73021	591 
73022	1316 
73023	981 
73024	398 
73025	1052 
73026	1445 
73027	921 
73028	7 
73029	412 
73030	284 
73031	1789 
73032	554 
73033	1672 
73034	1807 
73035	266 
73036	813 
73037	989 
73038	554 
73039	144 
73040	565 
73041	864 
73042	1264 
73043	123 
73044	1300 
73045	59 
73046	162 
73047	1549 
73048	201 
73049	1019 
73050	1114 
73051	748 
73052	1528 
73053	1629 
73054	944 
73055	1191 
73056	568 
73057	721 
73058	415 
73059	1378 
73060	1572 
73061	174 
73062	958 
73063	956 
73064	398 
73065	553 
73066	1527 
73067	1467 
73068	1579 
73069	1843 
73070	867 
73071	1266 
73072	1677 
73073	129 
73074	843 
73075	1706 
73076	758 
73077	884 
73078	290 
73079	1378 
73080	249 
73081	842 
73082	1048 
73083	162 
73084	1344 
73085	89 
73086	697 
73087	709 
73088	1810 
73089	1286 
73090	1376 
73091	454 
73092	948 
73093	736 
73094	25 
73095	591 
73096	523 
73097	1340 
73098	1376 
73099	565 
73100	323 
73101	145 
73102	222 
73103	61 
73104	984 
73105	1150 
73106	1140 
73107	1814 
73108	1386 
73109	341 
73110	1614 
73111	1025 
73112	1755 
73113	473 
73114	192 
73115	646 
73116	907 
73117	159 
73118	1468 
73119	788 
73120	1115 
73121	430 
73122	407 
73123	1824 
73124	1427 
73125	994 
73126	1503 
73127	42 
73128	259 
73129	968 
73130	1246 
73131	1709 
73132	1083 
73133	331 
73134	842 
73135	996 
73136	1162 
73137	1246 
73138	354 
73139	864 
73140	1069 
73141	341 
73142	860 
73143	1482 
73144	829 
73145	994 
73146	1628 
73147	1233 
73148	996 
73149	1516 
73150	661 
73151	1614 
73152	7 
73153	922 
73154	51 
73155	563 
73156	845 
73157	411 
73158	1597 
73159	1514 
73160	1254 
73161	1163 
73162	410 
73163	1219 
73164	55 
73165	801 
73166	1648 
73167	71 
73168	686 
73169	1374 
73170	94 
73171	1426 
73172	754 
73173	731 
73174	1562 
73175	1680 
73176	221 
73177	212 
73178	1317 
73179	1316 
73180	295 
73181	362 
73182	364 
73183	1698 
73184	906 
73185	699 
73186	1781 
73187	461 
73188	1194 
73189	1028 
73190	650 
73191	1322 
73192	1332 
73193	451 
73194	568 
73195	318 
73196	451 
73197	398 
73198	243 
73199	744 
73200	1502 
73201	1653 
73202	6 
73203	1532 
73204	321 
73205	703 
73206	62 
73207	1778 
73208	584 
73209	1480 
73210	1843 
73211	1223 
73212	1627 
73213	108 
73214	448 
73215	1520 
73216	1639 
73217	1830 
73218	939 
73219	1774 
73220	212 
73221	1284 
73222	1217 
73223	1212 
73224	617 
73225	129 
73226	1337 
73227	1262 
73228	1313 
73229	363 
73230	1677 
73231	1677 
73232	818 
73233	1367 
73234	129 
73235	357 
73236	385 
73237	354 
73238	948 
73239	1335 
73240	1698 
73241	1438 
73242	1840 
73243	904 
73244	686 
73245	843 
73246	1116 
73247	796 
73248	998 
73249	1384 
73250	1069 
73251	734 
73252	1340 
73253	939 
73254	582 
73255	715 
73256	1610 
73257	1056 
73258	553 
73259	1384 
73260	135 
73261	1443 
73262	612 
73263	470 
73264	48 
73265	353 
73266	864 
73267	1445 
73268	735 
73269	1840 
73270	1738 
73271	24 
73272	756 
73273	6 
73274	298 
73275	342 
73276	535 
73277	277 
73278	958 
73279	826 
73280	1062 
73281	377 
73282	1335 
73283	490 
73284	927 
73285	534 
73286	782 
73287	1001 
73288	1056 
73289	209 
73290	535 
73291	602 
73292	172 
73293	120 
73294	564 
73295	1128 
73296	57 
73297	1729 
73298	444 
73299	1258 
73300	262 
73301	1143 
73302	257 
73303	1572 
73304	758 
73305	1348 
73306	808 
73307	1758 
73308	1056 
73309	948 
73310	1210 
73311	1341 
73312	765 
73313	6 
73314	1630 
73315	69 
73316	930 
73317	1480 
73318	709 
73319	1560 
73320	7 
73321	1337 
73322	612 
73323	890 
73324	1751 
73325	1445 
73326	105 
73327	576 
73328	966 
73329	94 
73330	1773 
73331	703 
73332	417 
73333	699 
73334	966 
73335	886 
73336	1068 
73337	856 
73338	4 
73339	1348 
73340	542 
73341	1282 
73342	1767 
73343	1074 
73344	579 
73345	1378 
73346	424 
73347	646 
73348	1194 
73349	1749 
73350	812 
73351	931 
73352	1296 
73353	908 
73354	136 
73355	340 
73356	373 
73357	1420 
73358	227 
73359	733 
73360	1274 
73361	1106 
73362	1801 
73363	889 
73364	809 
73365	927 
73366	480 
73367	769 
73368	322 
73369	804 
73370	860 
73371	380 
73372	331 
73373	819 
73374	1825 
73375	1609 
73376	643 
73377	893 
73378	1502 
73379	563 
73380	758 
73381	730 
73382	1293 
73383	1007 
73384	1190 
73385	299 
73386	886 
73387	127 
73388	1609 
73389	353 
73390	178 
73391	120 
73392	296 
73393	373 
73394	604 
73395	1688 
73396	1331 
73397	1564 
73398	1846 
73399	1074 
73400	1341 
73401	1052 
73402	1610 
73403	1374 
73404	1221 
73405	1539 
73406	1627 
73407	1735 
73408	1708 
73409	1053 
73410	1771 
73411	41 
73412	1462 
73413	1701 
73414	930 
73415	1091 
73416	944 
73417	1264 
73418	818 
73419	1760 
73420	1317 
73421	1368 
73422	398 
73423	693 
73424	1300 
73425	762 
73426	1735 
73427	1490 
73428	308 
73429	1524 
73430	1357 
73431	969 
73432	1807 
73433	666 
73434	91 
73435	1264 
73436	73 
73437	941 
73438	860 
73439	1743 
73440	1153 
73441	723 
73442	782 
73443	1627 
73444	145 
73445	1294 
73446	1264 
73447	988 
73448	81 
73449	830 
73450	1465 
73451	1789 
73452	184 
73453	222 
73454	1640 
73455	163 
73456	863 
73457	1220 
73458	1367 
73459	533 
73460	354 
73461	1479 
73462	842 
73463	1322 
73464	1645 
73465	1128 
73466	893 
73467	460 
73468	59 
73469	1269 
73470	1269 
73471	243 
73472	322 
73473	1527 
73474	672 
73475	55 
73476	1576 
73477	1772 
73478	1825 
73479	1774 
73480	70 
73481	1269 
73482	1139 
73483	216 
73484	1755 
73485	1572 
73486	191 
73487	493 
73488	187 
73489	1161 
73490	1814 
73491	814 
73492	1333 
73493	221 
73494	183 
73495	256 
73496	203 
73497	290 
73498	1438 
73499	602 
73500	1712 
73501	531 
73502	89 
73503	1233 
73504	1671 
73505	1318 
73506	1284 
73507	1743 
73508	1778 
73509	1601 
73510	57 
73511	94 
73512	1643 
73513	321 
73514	1482 
73515	1514 
73516	1454 
73517	295 
73518	1712 
73519	1070 
73520	906 
73521	1508 
73522	993 
73523	42 
73524	158 
73525	363 
73526	1369 
73527	1260 
73528	1571 
73529	282 
73530	1263 
73531	709 
73532	1138 
73533	1639 
73534	568 
73535	1841 
73536	1746 
73537	1049 
73538	894 
73539	393 
73540	1762 
73541	308 
73542	1648 
73543	331 
73544	807 
73545	1358 
73546	890 
73547	1073 
73548	1236 
73549	994 
73550	692 
73551	782 
73552	1814 
73553	1116 
73554	1291 
73555	209 
73556	1411 
73557	423 
73558	1222 
73559	804 
73560	371 
73561	525 
73562	1760 
73563	22 
73564	1283 
73565	1028 
73566	564 
73567	1108 
73568	1540 
73569	1662 
73570	530 
73571	259 
73572	420 
73573	221 
73574	591 
73575	579 
73576	159 
73577	1263 
73578	243 
73579	579 
73580	1368 
73581	529 
73582	162 
73583	1709 
73584	569 
73585	1019 
73586	1514 
73587	448 
73588	814 
73589	1007 
73590	1378 
73591	804 
73592	815 
73593	1147 
73594	318 
73595	916 
73596	782 
73597	307 
73598	703 
73599	996 
73600	1838 
73601	455 
73602	330 
73603	1029 
73604	171 
73605	808 
73606	542 
73607	1465 
73608	1260 
73609	363 
73610	800 
73611	1141 
73612	994 
73613	1758 
73614	454 
73615	1264 
73616	525 
73617	1378 
73618	587 
73619	199 
73620	1073 
73621	1086 
73622	1658 
73623	527 
73624	1404 
73625	1597 
73626	1769 
73627	1369 
73628	1120 
73629	836 
73630	42 
73631	1048 
73632	1333 
73633	656 
73634	509 
73635	1609 
73636	1781 
73637	1069 
73638	397 
73639	221 
73640	243 
73641	579 
73642	397 
73643	404 
73644	423 
73645	1713 
73646	1515 
73647	1718 
73648	1296 
73649	1147 
73650	1479 
73651	320 
73652	661 
73653	1855 
73654	1601 
73655	327 
73656	145 
73657	209 
73658	1062 
73659	120 
73660	94 
73661	1369 
73662	1562 
73663	1220 
73664	1609 
73665	330 
73666	1332 
73667	397 
73668	662 
73669	1269 
73670	836 
73671	1074 
73672	1336 
73673	1840 
73674	1143 
73675	1540 
73676	1769 
73677	1025 
73678	1645 
73679	1410 
73680	988 
73681	703 
73682	1692 
73683	1718 
73684	835 
73685	7 
73686	1838 
73687	473 
73688	656 
73689	1284 
73690	256 
73691	1755 
73692	407 
73693	171 
73694	994 
73695	1426 
73696	1318 
73697	1758 
73698	318 
73699	1280 
73700	907 
73701	1828 
73702	1841 
73703	1814 
73704	473 
73705	1473 
73706	217 
73707	1028 
73708	1080 
73709	1628 
73710	811 
73711	540 
73712	1311 
73713	1628 
73714	967 
73715	274 
73716	78 
73717	1053 
73718	178 
73719	540 
73720	1821 
73721	800 
73722	783 
73723	1140 
73724	470 
73725	303 
73726	424 
73727	1069 
73728	1263 
73729	1828 
73730	1726 
73731	1721 
73732	1638 
73733	565 
73734	557 
73735	461 
73736	769 
73737	315 
73738	880 
73739	170 
73740	998 
73741	7 
73742	1221 
73743	391 
73744	1064 
73745	146 
73746	686 
73747	204 
73748	1080 
73749	216 
73750	1645 
73751	1021 
73752	296 
73753	1528 
73754	903 
73755	362 
73756	1614 
73757	1266 
73758	1282 
73759	1128 
73760	835 
73761	295 
73762	1019 
73763	1378 
73764	258 
73765	703 
73766	544 
73767	1262 
73768	404 
73769	1709 
73770	1511 
73771	1524 
73772	481 
73773	961 
73774	1293 
73775	212 
73776	1510 
73777	553 
73778	20 
73779	1754 
73780	272 
73781	1264 
73782	884 
73783	650 
73784	1568 
73785	1400 
73786	10 
73787	1272 
73788	1274 
73789	1480 
73790	656 
73791	998 
73792	989 
73793	448 
73794	1814 
73795	4 
73796	1821 
73797	1845 
73798	303 
73799	1236 
73800	1293 
73801	1084 
73802	880 
73803	997 
73804	903 
73805	47 
73806	1092 
73807	1755 
73808	1490 
73809	1647 
73810	1348 
73811	1086 
73812	1822 
73813	1498 
73814	1092 
73815	829 
73816	1368 
73817	41 
73818	162 
73819	661 
73820	296 
73821	611 
73822	1511 
73823	20 
73824	51 
73825	1743 
73826	1672 
73827	890 
73828	1274 
73829	435 
73830	1073 
73831	886 
73832	701 
73833	75 
73834	490 
73835	535 
73836	961 
73837	291 
73838	1662 
73839	1140 
73840	1627 
73841	66 
73842	1640 
73843	1776 
73844	1039 
73845	1197 
73846	1068 
73847	444 
73848	523 
73849	1362 
73850	1527 
73851	735 
73852	1035 
73853	411 
73854	1157 
73855	127 
73856	1091 
73857	1753 
73858	436 
73859	1084 
73860	70 
73861	18 
73862	1256 
73863	633 
73864	416 
73865	1597 
73866	14 
73867	292 
73868	66 
73869	182 
73870	1126 
73871	685 
73872	1427 
73873	1578 
73874	1729 
73875	1762 
73876	845 
73877	70 
73878	1264 
73879	455 
73880	78 
73881	1035 
73882	458 
73883	1220 
73884	801 
73885	1273 
73886	258 
73887	1445 
73888	322 
73889	8 
73890	1729 
73891	1514 
73892	335 
73893	24 
73894	1490 
73895	6 
73896	1749 
73897	596 
73898	1296 
73899	1337 
73900	217 
73901	1588 
73902	1568 
73903	420 
73904	1143 
73905	1760 
73906	295 
73907	6 
73908	930 
73909	701 
73910	1269 
73911	36 
73912	1504 
73913	789 
73914	1749 
73915	480 
73916	1539 
73917	860 
73918	1729 
73919	1502 
73920	703 
73921	1141 
73922	1451 
73923	1490 
73924	131 
73925	360 
73926	994 
73927	1755 
73928	221 
73929	1653 
73930	1528 
73931	734 
73932	449 
73933	1601 
73934	541 
73935	1701 
73936	527 
73937	881 
73938	1212 
73939	1028 
73940	565 
73941	878 
73942	341 
73943	540 
73944	1587 
73945	1073 
73946	1630 
73947	974 
73948	1420 
73949	1262 
73950	487 
73951	376 
73952	919 
73953	1625 
73954	1221 
73955	1524 
73956	492 
73957	1639 
73958	688 
73959	1527 
73960	456 
73961	811 
73962	396 
73963	802 
73964	1153 
73965	1696 
73966	51 
73967	11 
73968	1726 
73969	824 
73970	282 
73971	129 
73972	1728 
73973	1473 
73974	545 
73975	258 
73976	62 
73977	130 
73978	1722 
73979	1505 
73980	1527 
73981	1057 
73982	1718 
73983	296 
73984	813 
73985	1601 
73986	1471 
73987	129 
73988	1069 
73989	783 
73990	94 
73991	1140 
73992	57 
73993	47 
73994	56 
73995	199 
73996	1258 
73997	1441 
73998	1589 
73999	1426 
74000	1790 
74001	1068 
74002	812 
74003	487 
74004	71 
74005	923 
74006	1846 
74007	89 
74008	1128 
74009	1767 
74010	1358 
74011	1048 
74012	353 
74013	1678 
74014	1760 
74015	1508 
74016	621 
74017	683 
74018	237 
74019	20 
74020	886 
74021	284 
74022	1348 
74023	145 
74024	1527 
74025	698 
74026	1639 
74027	1021 
74028	409 
74029	709 
74030	1220 
74031	51 
74032	886 
74033	1840 
74034	984 
74035	1808 
74036	155 
74037	858 
74038	1331 
74039	621 
74040	1097 
74041	164 
74042	1628 
74043	878 
74044	444 
74045	542 
74046	567 
74047	1068 
74048	685 
74049	1527 
74050	1074 
74051	412 
74052	1068 
74053	497 
74054	1124 
74055	1291 
74056	578 
74057	82 
74058	989 
74059	201 
74060	232 
74061	356 
74062	234 
74063	1161 
74064	53 
74065	1640 
74066	458 
74067	567 
74068	1217 
74069	99 
74070	1755 
74071	829 
74072	76 
74073	709 
74074	1729 
74075	1502 
74076	1843 
74077	205 
74078	420 
74079	583 
74080	1203 
74081	1762 
74082	814 
74083	1778 
74084	927 
74085	998 
74086	1222 
74087	1572 
74088	906 
74089	1106 
74090	1663 
74091	267 
74092	829 
74093	1192 
74094	70 
74095	342 
74096	239 
74097	703 
74098	1293 
74099	1337 
74100	872 
74101	1030 
74102	842 
74103	1688 
74104	1053 
74105	1778 
74106	908 
74107	876 
74108	617 
74109	733 
74110	14 
74111	187 
74112	11 
74113	362 
74114	1272 
74115	983 
74116	1760 
74117	661 
74118	1758 
74119	1203 
74120	1443 
74121	1614 
74122	1412 
74123	311 
74124	880 
74125	772 
74126	1587 
74127	47 
74128	1114 
74129	1438 
74130	1749 
74131	637 
74132	1088 
74133	534 
74134	148 
74135	904 
74136	858 
74137	1810 
74138	1190 
74139	1515 
74140	1376 
74141	626 
74142	1384 
74143	1190 
74144	217 
74145	1628 
74146	397 
74147	1366 
74148	1746 
74149	257 
74150	482 
74151	557 
74152	391 
74153	456 
74154	1628 
74155	602 
74156	1709 
74157	672 
74158	1502 
74159	1264 
74160	99 
74161	1639 
74162	71 
74163	371 
74164	20 
74165	698 
74166	41 
74167	989 
74168	1662 
74169	171 
74170	391 
74171	1473 
74172	1170 
74173	135 
74174	876 
74175	222 
74176	1117 
74177	1246 
74178	36 
74179	1120 
74180	1048 
74181	1293 
74182	1810 
74183	128 
74184	1328 
74185	469 
74186	904 
74187	769 
74188	277 
74189	1445 
74190	864 
74191	1609 
74192	55 
74193	444 
74194	148 
74195	1409 
74196	1293 
74197	497 
74198	826 
74199	327 
74200	758 
74201	380 
74202	1335 
74203	1264 
74204	534 
74205	886 
74206	1753 
74207	414 
74208	1348 
74209	1774 
74210	1029 
74211	788 
74212	1451 
74213	864 
74214	1053 
74215	1300 
74216	1055 
74217	1164 
74218	1647 
74219	199 
74220	540 
74221	376 
74222	334 
74223	57 
74224	480 
74225	1789 
74226	1236 
74227	1595 
74228	290 
74229	410 
74230	1369 
74231	1117 
74232	773 
74233	1645 
74234	1004 
74235	862 
74236	448 
74237	153 
74238	20 
74239	1427 
74240	1524 
74241	556 
74242	672 
74243	308 
74244	1194 
74245	563 
74246	258 
74247	782 
74248	414 
74249	24 
74250	1789 
74251	407 
74252	989 
74253	621 
74254	646 
74255	1718 
74256	1074 
74257	1273 
74258	863 
74259	832 
74260	322 
74261	1830 
74262	1263 
74263	1426 
74264	446 
74265	788 
74266	1554 
74267	410 
74268	683 
74269	1192 
74270	1039 
74271	1840 
74272	1743 
74273	158 
74274	470 
74275	1505 
74276	1025 
74277	579 
74278	733 
74279	341 
74280	449 
74281	699 
74282	557 
74283	948 
74284	535 
74285	303 
74286	1138 
74287	1331 
74288	749 
74289	1112 
74290	1824 
74291	1029 
74292	904 
74293	998 
74294	968 
74295	24 
74296	1084 
74297	1194 
74298	416 
74299	804 
74300	369 
74301	1643 
74302	1106 
74303	376 
74304	806 
74305	1643 
74306	1404 
74307	1553 
74308	591 
74309	1835 
74310	42 
74311	1394 
74312	699 
74313	470 
74314	1648 
74315	214 
74316	1004 
74317	941 
74318	353 
74319	266 
74320	242 
74321	1692 
74322	451 
74323	876 
74324	217 
74325	1286 
74326	1772 
74327	25 
74328	530 
74329	285 
74330	289 
74331	830 
74332	62 
74333	448 
74334	209 
74335	1313 
74336	948 
74337	1776 
74338	1515 
74339	1838 
74340	1465 
74341	414 
74342	1689 
74343	808 
74344	10 
74345	1258 
74346	911 
74347	1 
74348	409 
74349	131 
74350	481 
74351	1814 
74352	502 
74353	1513 
74354	699 
74355	1223 
74356	974 
74357	715 
74358	1039 
74359	8 
74360	277 
74361	1571 
74362	556 
74363	525 
74364	1212 
74365	931 
74366	1262 
74367	545 
74368	1286 
74369	699 
74370	530 
74371	411 
74372	862 
74373	330 
74374	1147 
74375	1092 
74376	525 
74377	917 
74378	334 
74379	1300 
74380	325 
74381	1358 
74382	70 
74383	1450 
74384	42 
74385	1630 
74386	994 
74387	1672 
74388	1263 
74389	1269 
74390	1384 
74391	758 
74392	1722 
74393	1208 
74394	835 
74395	1120 
74396	662 
74397	73 
74398	1035 
74399	1282 
74400	1325 
74401	1824 
74402	24 
74403	385 
74404	1540 
74405	55 
74406	128 
74407	1124 
74408	1223 
74409	1771 
74410	1223 
74411	1714 
74412	796 
74413	1360 
74414	391 
74415	1059 
74416	1250 
74417	272 
74418	262 
74419	1358 
74420	456 
74421	889 
74422	1836 
74423	171 
74424	871 
74425	217 
74426	1770 
74427	284 
74428	1789 
74429	1712 
74430	1274 
74431	272 
74432	320 
74433	256 
74434	51 
74435	56 
74436	155 
74437	1754 
74438	888 
74439	1272 
74440	1498 
74441	4 
74442	1337 
74443	1130 
74444	956 
74445	1462 
74446	513 
74447	611 
74448	40 
74449	1692 
74450	599 
74451	1340 
74452	597 
74453	1514 
74454	1633 
74455	801 
74456	1630 
74457	319 
74458	1207 
74459	338 
74460	1332 
74461	1344 
74462	1770 
74463	1443 
74464	291 
74465	533 
74466	1843 
74467	735 
74468	1840 
74469	1539 
74470	1286 
74471	1321 
74472	144 
74473	407 
74474	1525 
74475	643 
74476	129 
74477	906 
74478	686 
74479	758 
74480	1246 
74481	941 
74482	1212 
74483	563 
74484	1661 
74485	126 
74486	48 
74487	456 
74488	331 
74489	1772 
74490	1025 
74491	73 
74492	1080 
74493	1336 
74494	1007 
74495	1126 
74496	490 
74497	1040 
74498	819 
74499	466 
74500	1131 
74501	363 
74502	456 
74503	174 
74504	1091 
74505	290 
74506	62 
74507	1437 
74508	334 
74509	998 
74510	872 
74511	1427 
74512	541 
74513	1341 
74514	1650 
74515	658 
74516	67 
74517	130 
74518	893 
74519	230 
74520	1308 
74521	59 
74522	880 
74523	1838 
74524	769 
74525	1838 
74526	1368 
74527	469 
74528	1836 
74529	984 
74530	994 
74531	1342 
74532	412 
74533	824 
74534	1647 
74535	1845 
74536	758 
74537	1696 
74538	633 
74539	1647 
74540	729 
74541	892 
74542	1138 
74543	29 
74544	715 
74545	1806 
74546	214 
74547	91 
74548	1751 
74549	1344 
74550	1482 
74551	540 
74552	730 
74553	1465 
74554	492 
74555	1313 
74556	802 
74557	320 
74558	567 
74559	788 
74560	1707 
74561	1765 
74562	695 
74563	754 
74564	33 
74565	1055 
74566	1771 
74567	633 
74568	25 
74569	76 
74570	444 
74571	1824 
74572	299 
74573	307 
74574	1250 
74575	756 
74576	931 
74577	1341 
74578	1362 
74579	105 
74580	754 
74581	377 
74582	1384 
74583	560 
74584	82 
74585	1071 
74586	284 
74587	1071 
74588	128 
74589	89 
74590	1194 
74591	1789 
74592	1083 
74593	277 
74594	272 
74595	356 
74596	1348 
74597	1647 
74598	1073 
74599	1482 
74600	807 
74601	519 
74602	1725 
74603	1504 
74604	1296 
74605	730 
74606	1192 
74607	569 
74608	353 
74609	1063 
74610	888 
74611	1222 
74612	1722 
74613	455 
74614	391 
74615	410 
74616	272 
74617	557 
74618	1317 
74619	455 
74620	159 
74621	371 
74622	1282 
74623	267 
74624	1822 
74625	159 
74626	383 
74627	1841 
74628	1212 
74629	1758 
74630	968 
74631	1468 
74632	921 
74633	1532 
74634	13 
74635	334 
74636	984 
74637	599 
74638	893 
74639	1830 
74640	596 
74641	1712 
74642	123 
74643	1840 
74644	1332 
74645	191 
74646	1164 
74647	397 
74648	1539 
74649	1035 
74650	1438 
74651	1502 
74652	319 
74653	729 
74654	162 
74655	493 
74656	1733 
74657	773 
74658	1070 
74659	931 
74660	222 
74661	1833 
74662	907 
74663	1143 
74664	525 
74665	1807 
74666	1326 
74667	398 
74668	1394 
74669	391 
74670	907 
74671	1236 
74672	29 
74673	1338 
74674	1378 
74675	1639 
74676	152 
74677	334 
74678	284 
74679	1086 
74680	1789 
74681	1662 
74682	709 
74683	70 
74684	1528 
74685	531 
74686	421 
74687	11 
74688	785 
74689	1256 
74690	344 
74691	1662 
74692	482 
74693	481 
74694	1029 
74695	1843 
74696	1368 
74697	171 
74698	1762 
74699	1053 
74700	1175 
74701	1746 
74702	808 
74703	812 
74704	1508 
74705	1260 
74706	1568 
74707	621 
74708	331 
74709	889 
74710	1030 
74711	1221 
74712	796 
74713	1188 
74714	353 
74715	509 
74716	1765 
74717	531 
74718	227 
74719	1322 
74720	535 
74721	1333 
74722	1609 
74723	373 
74724	958 
74725	1384 
74726	976 
74727	821 
74728	6 
74729	98 
74730	733 
74731	1806 
74732	334 
74733	556 
74734	1293 
74735	1755 
74736	1322 
74737	1807 
74738	205 
74739	1065 
74740	1057 
74741	1601 
74742	748 
74743	1386 
74744	1807 
74745	1418 
74746	911 
74747	1322 
74748	1131 
74749	1025 
74750	1783 
74751	721 
74752	1857 
74753	1696 
74754	738 
74755	1021 
74756	1062 
74757	650 
74758	1322 
74759	1426 
74760	1840 
74761	923 
74762	314 
74763	1589 
74764	1352 
74765	921 
74766	51 
74767	730 
74768	127 
74769	487 
74770	1824 
74771	1282 
74772	8 
74773	535 
74774	880 
74775	989 
74776	354 
74777	451 
74778	1346 
74779	1294 
74780	530 
74781	1532 
74782	1609 
74783	805 
74784	557 
74785	1817 
74786	1056 
74787	209 
74788	1274 
74789	1765 
74790	598 
74791	1284 
74792	1197 
74793	835 
74794	383 
74795	1722 
74796	1783 
74797	216 
74798	502 
74799	473 
74800	1830 
74801	98 
74802	1086 
74803	1726 
74804	1338 
74805	1004 
74806	99 
74807	383 
74808	805 
74809	927 
74810	513 
74811	1048 
74812	146 
74813	1078 
74814	1064 
74815	1391 
74816	931 
74817	1400 
74818	70 
74819	1712 
74820	1643 
74821	1743 
74822	1633 
74823	11 
74824	1080 
74825	931 
74826	162 
74827	454 
74828	591 
74829	369 
74830	916 
74831	921 
74832	1328 
74833	906 
74834	1678 
74835	146 
74836	880 
74837	1767 
74838	613 
74839	1190 
74840	1776 
74841	1789 
74842	1467 
74843	1728 
74844	1628 
74845	277 
74846	1226 
74847	70 
74848	836 
74849	601 
74850	76 
74851	1183 
74852	1084 
74853	906 
74854	836 
74855	881 
74856	604 
74857	1190 
74858	1 
74859	1358 
74860	1726 
74861	1157 
74862	829 
74863	1576 
74864	1190 
74865	1746 
74866	1233 
74867	1443 
74868	179 
74869	976 
74870	1609 
74871	622 
74872	318 
74873	890 
74874	612 
74875	1316 
74876	1035 
74877	1341 
74878	48 
74879	553 
74880	864 
74881	1825 
74882	1084 
74883	836 
74884	783 
74885	954 
74886	1367 
74887	1445 
74888	1143 
74889	1825 
74890	903 
74891	1083 
74892	601 
74893	1332 
74894	931 
74895	154 
74896	78 
74897	11 
74898	1709 
74899	1052 
74900	996 
74901	22 
74902	258 
74903	362 
74904	209 
74905	455 
74906	10 
74907	1019 
74908	554 
74909	1161 
74910	1527 
74911	809 
74912	456 
74913	204 
74914	1124 
74915	221 
74916	739 
74917	968 
74918	497 
74919	1164 
74920	282 
74921	421 
74922	40 
74923	216 
74924	1143 
74925	941 
74926	643 
74927	394 
74928	533 
74929	129 
74930	292 
74931	966 
74932	1207 
74933	1467 
74934	1527 
74935	1502 
74936	821 
74937	1282 
74938	739 
74939	1415 
74940	1410 
74941	1348 
74942	535 
74943	1498 
74944	762 
74945	701 
74946	709 
74947	490 
74948	1293 
74949	599 
74950	1021 
74951	1004 
74952	1539 
74953	412 
74954	40 
74955	145 
74956	216 
74957	325 
74958	1175 
74959	1069 
74960	448 
74961	930 
74962	1331 
74963	1117 
74964	1733 
74965	1451 
74966	1479 
74967	319 
74968	1528 
74969	579 
74970	927 
74971	272 
74972	1157 
74973	738 
74974	1480 
74975	1721 
74976	958 
74977	1610 
74978	469 
74979	1282 
74980	1775 
74981	314 
74982	1482 
74983	1150 
74984	1445 
74985	591 
74986	89 
74987	1035 
74988	557 
74989	397 
74990	469 
74991	1212 
74992	1726 
74993	120 
74994	525 
74995	1162 
74996	597 
74997	1709 
74998	531 
74999	1706 
75000	76 
75001	758 
75002	1778 
75003	30 
75004	1514 
75005	127 
75006	299 
75007	903 
75008	1296 
75009	108 
75010	1579 
75011	1063 
75012	272 
75013	993 
75014	1514 
75015	334 
75016	320 
75017	730 
75018	1143 
75019	1627 
75020	299 
75021	448 
75022	579 
75023	394 
75024	1516 
75025	1194 
75026	1627 
75027	89 
75028	1019 
75029	1131 
75030	559 
75031	749 
75032	584 
75033	1183 
75034	540 
75035	342 
75036	1808 
75037	202 
75038	205 
75039	1765 
75040	598 
75041	356 
75042	596 
75043	1469 
75044	1360 
75045	1640 
75046	131 
75047	1438 
75048	1560 
75049	888 
75050	1783 
75051	1316 
75052	568 
75053	864 
75054	1346 
75055	1759 
75056	1579 
75057	1029 
75058	1369 
75059	221 
75060	404 
75061	89 
75062	285 
75063	1073 
75064	1293 
75065	105 
75066	1194 
75067	922 
75068	1516 
75069	1628 
75070	1578 
75071	540 
75072	1511 
75073	1069 
75074	1238 
75075	108 
75076	1286 
75077	1438 
75078	1208 
75079	1438 
75080	1294 
75081	1601 
75082	33 
75083	1078 
75084	1504 
75085	944 
75086	75 
75087	730 
75088	452 
75089	42 
75090	545 
75091	843 
75092	130 
75093	123 
75094	569 
75095	1208 
75096	531 
75097	693 
75098	1083 
75099	1138 
75100	1743 
75101	1606 
75102	62 
75103	1774 
75104	1040 
75105	1426 
75106	703 
75107	400 
75108	633 
75109	1333 
75110	1027 
75111	800 
75112	1027 
75113	1463 
75114	921 
75115	1048 
75116	1696 
75117	266 
75118	73 
75119	80 
75120	1203 
75121	919 
75122	758 
75123	525 
75124	829 
75125	1024 
75126	33 
75127	227 
75128	415 
75129	1490 
75130	56 
75131	811 
75132	958 
75133	1773 
75134	576 
75135	1029 
75136	91 
75137	217 
75138	540 
75139	656 
75140	490 
75141	25 
75142	541 
75143	1124 
75144	1084 
75145	1217 
75146	41 
75147	1583 
75148	961 
75149	884 
75150	1427 
75151	448 
75152	1817 
75153	1706 
75154	731 
75155	1409 
75156	490 
75157	1192 
75158	1282 
75159	1465 
75160	1645 
75161	709 
75162	1706 
75163	1191 
75164	1508 
75165	377 
75166	65 
75167	323 
75168	1490 
75169	14 
75170	1161 
75171	1426 
75172	889 
75173	1810 
75174	446 
75175	685 
75176	129 
75177	1426 
75178	1143 
75179	782 
75180	1143 
75181	66 
75182	1141 
75183	1286 
75184	423 
75185	1627 
75186	1640 
75187	1183 
75188	591 
75189	510 
75190	1830 
75191	1450 
75192	563 
75193	1101 
75194	146 
75195	917 
75196	818 
75197	661 
75198	836 
75199	1841 
75200	1614 
75201	1441 
75202	596 
75203	1367 
75204	1503 
75205	61 
75206	1 
75207	414 
75208	458 
75209	703 
75210	377 
75211	1138 
75212	1671 
75213	1175 
75214	835 
75215	966 
75216	1366 
75217	829 
75218	377 
75219	1409 
75220	1007 
75221	130 
75222	1445 
75223	1400 
75224	535 
75225	1583 
75226	963 
75227	906 
75228	178 
75229	554 
75230	1048 
75231	456 
75232	744 
75233	216 
75234	981 
75235	789 
75236	1083 
75237	400 
75238	791 
75239	209 
75240	574 
75241	497 
75242	211 
75243	1857 
75244	1345 
75245	1175 
75246	171 
75247	232 
75248	1482 
75249	709 
75250	282 
75251	1001 
75252	1348 
75253	993 
75254	1318 
75255	446 
75256	1773 
75257	1272 
75258	295 
75259	582 
75260	70 
75261	380 
75262	367 
75263	534 
75264	772 
75265	319 
75266	473 
75267	1124 
75268	1346 
75269	1164 
75270	289 
75271	1335 
75272	7 
75273	75 
75274	1263 
75275	1655 
75276	1004 
75277	598 
75278	1175 
75279	126 
75280	782 
75281	171 
75282	1412 
75283	542 
75284	1774 
75285	178 
75286	398 
75287	1004 
75288	114 
75289	480 
75290	1217 
75291	414 
75292	227 
75293	1778 
75294	461 
75295	154 
75296	77 
75297	1191 
75298	1610 
75299	1210 
75300	703 
75301	1696 
75302	1400 
75303	327 
75304	542 
75305	919 
75306	789 
75307	1807 
75308	807 
75309	723 
75310	613 
75311	1540 
75312	217 
75313	99 
75314	369 
75315	568 
75316	1274 
75317	872 
75318	880 
75319	1748 
75320	409 
75321	703 
75322	449 
75323	1712 
75324	968 
75325	584 
75326	621 
75327	789 
75328	1578 
75329	1147 
75330	1633 
75331	1346 
75332	456 
75333	493 
75334	542 
75335	1539 
75336	470 
75337	1140 
75338	421 
75339	1318 
75340	946 
75341	42 
75342	480 
75343	456 
75344	1524 
75345	1781 
75346	1321 
75347	14 
75348	1223 
75349	721 
75350	785 
75351	1162 
75352	732 
75353	212 
75354	1345 
75355	968 
75356	94 
75357	363 
75358	1374 
75359	145 
75360	1272 
75361	22 
75362	158 
75363	373 
75364	502 
75365	1677 
75366	227 
75367	146 
75368	94 
75369	258 
75370	1384 
75371	1479 
75372	1824 
75373	801 
75374	1824 
75375	835 
75376	1578 
75377	25 
75378	1778 
75379	567 
75380	544 
75381	70 
75382	499 
75383	422 
75384	997 
75385	24 
75386	1000 
75387	1194 
75388	993 
75389	1326 
75390	1748 
75391	1810 
75392	1300 
75393	1336 
75394	341 
75395	993 
75396	1728 
75397	836 
75398	1712 
75399	646 
75400	1263 
75401	1688 
75402	257 
75403	1749 
75404	602 
75405	20 
75406	147 
75407	1233 
75408	1336 
75409	1358 
75410	699 
75411	709 
75412	888 
75413	234 
75414	1337 
75415	451 
75416	267 
75417	199 
75418	51 
75419	1226 
75420	499 
75421	542 
75422	1236 
75423	698 
75424	1191 
75425	314 
75426	257 
75427	377 
75428	61 
75429	578 
75430	338 
75431	1412 
75432	152 
75433	184 
75434	1527 
75435	183 
75436	318 
75437	525 
75438	1516 
75439	1578 
75440	568 
75441	448 
75442	146 
75443	330 
75444	732 
75445	591 
75446	1272 
75447	1362 
75448	24 
75449	357 
75450	411 
75451	452 
75452	1221 
75453	360 
75454	998 
75455	1293 
75456	383 
75457	1091 
75458	123 
75459	544 
75460	927 
75461	1817 
75462	1352 
75463	946 
75464	1781 
75465	1426 
75466	114 
75467	1840 
75468	323 
75469	1748 
75470	1583 
75471	341 
75472	842 
75473	535 
75474	1409 
75475	1284 
75476	1283 
75477	522 
75478	1321 
75479	36 
75480	420 
75481	769 
75482	1801 
75483	729 
75484	1274 
75485	30 
75486	974 
75487	1468 
75488	334 
75489	4 
75490	1239 
75491	1609 
75492	1579 
75493	573 
75494	179 
75495	963 
75496	1341 
75497	492 
75498	888 
75499	353 
75500	1056 
75501	1163 
75502	183 
75503	1412 
75504	48 
75505	829 
75506	1348 
75507	1515 
75508	1836 
75509	497 
75510	357 
75511	303 
75512	892 
75513	1514 
75514	249 
75515	128 
75516	277 
75517	1688 
75518	863 
75519	162 
75520	398 
75521	842 
75522	954 
75523	1503 
75524	923 
75525	1080 
75526	967 
75527	748 
75528	258 
75529	360 
75530	152 
75531	367 
75532	1138 
75533	1807 
75534	758 
75535	234 
75536	18 
75537	1001 
75538	1759 
75539	836 
75540	1471 
75541	1367 
75542	1387 
75543	1138 
75544	290 
75545	1754 
75546	963 
75547	319 
75548	469 
75549	146 
75550	1005 
75551	646 
75552	4 
75553	1367 
75554	762 
75555	830 
75556	534 
75557	1004 
75558	908 
75559	1647 
75560	876 
75561	1753 
75562	448 
75563	482 
75564	1445 
75565	67 
75566	1840 
75567	735 
75568	1262 
75569	983 
75570	416 
75571	530 
75572	1400 
75573	617 
75574	455 
75575	1838 
75576	1021 
75577	734 
75578	455 
75579	1380 
75580	330 
75581	1748 
75582	1838 
75583	545 
75584	55 
75585	1614 
75586	1713 
75587	57 
75588	242 
75589	1525 
75590	749 
75591	1410 
75592	325 
75593	456 
75594	646 
75595	363 
75596	473 
75597	284 
75598	1091 
75599	1743 
75600	893 
75601	1341 
75602	152 
75603	65 
75604	1769 
75605	94 
75606	1143 
75607	1778 
75608	1633 
75609	1131 
75610	1336 
75611	51 
75612	545 
75613	493 
75614	836 
75615	1218 
75616	178 
75617	1294 
75618	1760 
75619	597 
75620	400 
75621	277 
75622	1725 
75623	974 
75624	796 
75625	257 
75626	221 
75627	788 
75628	930 
75629	66 
75630	567 
75631	1610 
75632	430 
75633	391 
75634	1028 
75635	243 
75636	845 
75637	1843 
75638	1112 
75639	1391 
75640	1321 
75641	130 
75642	1035 
75643	782 
75644	1845 
75645	1696 
75646	1721 
75647	41 
75648	672 
75649	1420 
75650	1755 
75651	906 
75652	1114 
75653	864 
75654	4 
75655	394 
75656	130 
75657	171 
75658	744 
75659	1688 
75660	785 
75661	1021 
75662	715 
75663	715 
75664	1836 
75665	643 
75666	598 
75667	1272 
75668	135 
75669	315 
75670	499 
75671	1217 
75672	57 
75673	1578 
75674	452 
75675	842 
75676	423 
75677	1029 
75678	75 
75679	92 
75680	1735 
75681	178 
75682	1157 
75683	314 
75684	67 
75685	996 
75686	202 
75687	591 
75688	1163 
75689	927 
75690	1226 
75691	48 
75692	1157 
75693	1516 
75694	473 
75695	1451 
75696	129 
75697	1606 
75698	1217 
75699	1415 
75700	216 
75701	1735 
75702	146 
75703	1055 
75704	1774 
75705	1516 
75706	1836 
75707	535 
75708	284 
75709	1451 
75710	762 
75711	1726 
75712	1855 
75713	1511 
75714	6 
75715	591 
75716	1045 
75717	1321 
75718	211 
75719	695 
75720	216 
75721	1039 
75722	1086 
75723	492 
75724	842 
75725	961 
75726	1362 
75727	1539 
75728	482 
75729	1366 
75730	415 
75731	61 
75732	29 
75733	4 
75734	209 
75735	449 
75736	108 
75737	749 
75738	686 
75739	806 
75740	76 
75741	858 
75742	611 
75743	1284 
75744	203 
75745	1283 
75746	1092 
75747	1755 
75748	1004 
75749	1019 
75750	258 
75751	1726 
75752	1760 
75753	1568 
75754	1760 
75755	10 
75756	461 
75757	319 
75758	567 
75759	1758 
75760	1030 
75761	33 
75762	1101 
75763	373 
75764	159 
75765	1426 
75766	1672 
75767	217 
75768	1092 
75769	1308 
75770	324 
75771	878 
75772	458 
75773	845 
75774	146 
75775	1139 
75776	1701 
75777	954 
75778	1527 
75779	729 
75780	1840 
75781	1427 
75782	1692 
75783	1662 
75784	1836 
75785	1630 
75786	212 
75787	1769 
75788	557 
75789	908 
75790	1647 
75791	162 
75792	1770 
75793	1781 
75794	1368 
75795	455 
75796	363 
75797	1296 
75798	807 
75799	162 
75800	80 
75801	1088 
75802	701 
75803	1308 
75804	878 
75805	211 
75806	51 
75807	958 
75808	1316 
75809	48 
75810	243 
75811	1838 
75812	974 
75813	685 
75814	70 
75815	920 
75816	1709 
75817	127 
75818	1630 
75819	1128 
75820	1070 
75821	968 
75822	1332 
75823	723 
75824	1091 
75825	1498 
75826	1282 
75827	535 
75828	178 
75829	830 
75830	1692 
75831	832 
75832	1758 
75833	1639 
75834	178 
75835	1344 
75836	876 
75837	1203 
75838	331 
75839	1068 
75840	73 
75841	863 
75842	1707 
75843	242 
75844	1771 
75845	814 
75846	493 
75847	1810 
75848	858 
75849	1463 
75850	1807 
75851	1063 
75852	14 
75853	613 
75854	1131 
75855	1445 
75856	1130 
75857	456 
75858	199 
75859	334 
75860	1828 
75861	785 
75862	948 
75863	1352 
75864	814 
75865	662 
75866	1525 
75867	62 
75868	1078 
75869	154 
75870	321 
75871	277 
75872	1035 
75873	535 
75874	135 
75875	1486 
75876	584 
75877	1823 
75878	597 
75879	1128 
75880	482 
75881	1606 
75882	154 
75883	69 
75884	13 
75885	1774 
75886	1578 
75887	1760 
75888	1578 
75889	1529 
75890	584 
75891	1256 
75892	788 
75893	1256 
75894	407 
75895	1533 
75896	1504 
75897	1345 
75898	21 
75899	686 
75900	1412 
75901	582 
75902	836 
75903	422 
75904	22 
75905	1725 
75906	976 
75907	1233 
75908	1262 
75909	1814 
75910	130 
75911	813 
75912	807 
75913	1346 
75914	1028 
75915	907 
75916	130 
75917	232 
75918	1639 
75919	503 
75920	1579 
75921	1473 
75922	1653 
75923	356 
75924	1048 
75925	1746 
75926	257 
75927	824 
75928	563 
75929	1348 
75930	98 
75931	1714 
75932	1238 
75933	989 
75934	565 
75935	738 
75936	941 
75937	1627 
75938	1409 
75939	1384 
75940	557 
75941	89 
75942	1139 
75943	1671 
75944	1222 
75945	404 
75946	769 
75947	1830 
75948	944 
75949	1336 
75950	10 
75951	802 
75952	222 
75953	89 
75954	1073 
75955	576 
75956	954 
75957	1807 
75958	1282 
75959	966 
75960	303 
75961	162 
75962	184 
75963	1438 
75964	1316 
75965	1648 
75966	303 
75967	804 
75968	1850 
75969	998 
75970	1662 
75971	53 
75972	801 
75973	47 
75974	749 
75975	1576 
75976	1236 
75977	819 
75978	1210 
75979	1337 
75980	1562 
75981	344 
75982	400 
75983	1630 
75984	1394 
75985	414 
75986	510 
75987	1843 
75988	1162 
75989	1821 
75990	762 
75991	56 
75992	1236 
75993	446 
75994	334 
75995	1746 
75996	1511 
75997	41 
75998	996 
75999	579 
76000	1358 
76001	341 
76002	805 
76003	510 
76004	1369 
76005	131 
76006	903 
76007	367 
76008	284 
76009	1083 
76010	832 
76011	267 
76012	832 
76013	322 
76014	890 
76015	1084 
76016	931 
76017	1490 
76018	1650 
76019	98 
76020	499 
76021	1628 
76022	1718 
76023	1490 
76024	556 
76025	599 
76026	1217 
76027	994 
76028	1633 
76029	232 
76030	1117 
76031	534 
76032	163 
76033	804 
76034	1218 
76035	1274 
76036	1346 
76037	1057 
76038	723 
76039	1454 
76040	469 
76041	129 
76042	1843 
76043	1753 
76044	1718 
76045	1539 
76046	499 
76047	1726 
76048	1207 
76049	416 
76050	98 
76051	563 
76052	1048 
76053	1655 
76054	1454 
76055	1143 
76056	1465 
76057	1080 
76058	835 
76059	71 
76060	941 
76061	1321 
76062	78 
76063	1286 
76064	1688 
76065	542 
76066	1578 
76067	723 
76068	785 
76069	455 
76070	1256 
76071	126 
76072	1672 
76073	487 
76074	1035 
76075	42 
76076	322 
76077	1217 
76078	835 
76079	380 
76080	1161 
76081	836 
76082	363 
76083	564 
76084	322 
76085	331 
76086	22 
76087	1647 
76088	1504 
76089	1527 
76090	171 
76091	320 
76092	94 
76093	1300 
76094	604 
76095	573 
76096	908 
76097	533 
76098	216 
76099	1004 
76100	1124 
76101	1589 
76102	1161 
76103	921 
76104	921 
76105	1366 
76106	409 
76107	818 
76108	451 
76109	812 
76110	1223 
76111	1360 
76112	923 
76113	444 
76114	20 
76115	541 
76116	604 
76117	4 
76118	145 
76119	232 
76120	1712 
76121	1678 
76122	701 
76123	1052 
76124	1157 
76125	563 
76126	171 
76127	341 
76128	686 
76129	6 
76130	1264 
76131	1120 
76132	284 
76133	1729 
76134	1755 
76135	178 
76136	159 
76137	1326 
76138	1030 
76139	98 
76140	127 
76141	556 
76142	1514 
76143	321 
76144	541 
76145	983 
76146	1223 
76147	409 
76148	1063 
76149	534 
76150	373 
76151	82 
76152	1336 
76153	1515 
76154	416 
76155	983 
76156	57 
76157	1504 
76158	596 
76159	1256 
76160	75 
76161	931 
76162	25 
76163	290 
76164	1760 
76165	579 
76166	811 
76167	1218 
76168	482 
76169	1645 
76170	1726 
76171	417 
76172	1369 
76173	1256 
76174	907 
76175	1688 
76176	1726 
76177	721 
76178	1024 
76179	1614 
76180	1039 
76181	1471 
76182	234 
76183	503 
76184	730 
76185	989 
76186	967 
76187	1386 
76188	764 
76189	40 
76190	152 
76191	557 
76192	1374 
76193	530 
76194	482 
76195	1222 
76196	1029 
76197	646 
76198	996 
76199	1376 
76200	19 
76201	1191 
76202	319 
76203	1830 
76204	411 
76205	1672 
76206	1438 
76207	1801 
76208	1239 
76209	1161 
76210	1374 
76211	531 
76212	1733 
76213	1101 
76214	1655 
76215	179 
76216	832 
76217	1789 
76218	1045 
76219	1056 
76220	1191 
76221	144 
76222	1335 
76223	1726 
76224	1677 
76225	1482 
76226	135 
76227	36 
76228	444 
76229	145 
76230	1758 
76231	98 
76232	529 
76233	1378 
76234	1246 
76235	377 
76236	563 
76237	739 
76238	533 
76239	1088 
76240	919 
76241	533 
76242	420 
76243	400 
76244	967 
76245	105 
76246	1647 
76247	292 
76248	1554 
76249	1223 
76250	813 
76251	1490 
76252	1614 
76253	1762 
76254	1838 
76255	1588 
76256	99 
76257	1192 
76258	448 
76259	1368 
76260	480 
76261	1254 
76262	120 
76263	1348 
76264	531 
76265	42 
76266	1635 
76267	1836 
76268	227 
76269	1400 
76270	819 
76271	1130 
76272	904 
76273	1078 
76274	994 
76275	919 
76276	1025 
76277	1520 
76278	128 
76279	1256 
76280	878 
76281	354 
76282	407 
76283	128 
76284	1528 
76285	1192 
76286	1153 
76287	1749 
76288	1748 
76289	997 
76290	1131 
76291	421 
76292	1790 
76293	1220 
76294	1528 
76295	243 
76296	807 
76297	492 
76298	545 
76299	420 
76300	409 
76301	423 
76302	75 
76303	1333 
76304	735 
76305	1817 
76306	598 
76307	1688 
76308	744 
76309	163 
76310	931 
76311	99 
76312	564 
76313	1194 
76314	1139 
76315	221 
76316	809 
76317	1689 
76318	1420 
76319	1514 
76320	1515 
76321	99 
76322	804 
76323	1005 
76324	145 
76325	179 
76326	1527 
76327	70 
76328	256 
76329	1238 
76330	890 
76331	1807 
76332	1282 
76333	1266 
76334	1836 
76335	360 
76336	1217 
76337	357 
76338	569 
76339	127 
76340	1490 
76341	493 
76342	222 
76343	1056 
76344	920 
76345	322 
76346	693 
76347	1628 
76348	1688 
76349	880 
76350	1696 
76351	1052 
76352	1758 
76353	835 
76354	1694 
76355	832 
76356	128 
76357	1140 
76358	24 
76359	1438 
76360	1300 
76361	525 
76362	1210 
76363	1378 
76364	1722 
76365	1627 
76366	954 
76367	703 
76368	199 
76369	829 
76370	888 
76371	1639 
76372	1338 
76373	993 
76374	1528 
76375	1840 
76376	1163 
76377	4 
76378	415 
76379	966 
76380	1233 
76381	318 
76382	529 
76383	1021 
76384	1677 
76385	73 
76386	1801 
76387	1709 
76388	481 
76389	699 
76390	1400 
76391	858 
76392	958 
76393	1709 
76394	867 
76395	430 
76396	1579 
76397	203 
76398	1515 
76399	1210 
76400	542 
76401	1256 
76402	686 
76403	1080 
76404	8 
76405	1143 
76406	813 
76407	1857 
76408	806 
76409	1308 
76410	331 
76411	758 
76412	772 
76413	911 
76414	1161 
76415	277 
76416	1161 
76417	1194 
76418	1490 
76419	996 
76420	554 
76421	758 
76422	398 
76423	258 
76424	4 
76425	1801 
76426	199 
76427	204 
76428	285 
76429	1833 
76430	1709 
76431	1821 
76432	1344 
76433	89 
76434	734 
76435	1722 
76436	1384 
76437	29 
76438	1443 
76439	57 
76440	1845 
76441	47 
76442	493 
76443	1124 
76444	1610 
76445	1709 
76446	227 
76447	996 
76448	55 
76449	409 
76450	131 
76451	832 
76452	1409 
76453	1321 
76454	1814 
76455	48 
76456	1479 
76457	842 
76458	1338 
76459	318 
76460	284 
76461	1781 
76462	199 
76463	1576 
76464	1645 
76465	1838 
76466	1024 
76467	832 
76468	557 
76469	769 
76470	1758 
76471	956 
76472	804 
76473	1071 
76474	1220 
76475	1579 
76476	805 
76477	1532 
76478	497 
76479	1468 
76480	830 
76481	493 
76482	411 
76483	1153 
76484	229 
76485	1514 
76486	75 
76487	591 
76488	320 
76489	1855 
76490	1226 
76491	1369 
76492	1101 
76493	565 
76494	633 
76495	1308 
76496	1188 
76497	1053 
76498	1671 
76499	163 
76500	8 
76501	1821 
76502	144 
76503	858 
76504	1578 
76505	1533 
76506	33 
76507	1368 
76508	303 
76509	1639 
76510	843 
76511	1239 
76512	129 
76513	862 
76514	930 
76515	646 
76516	1226 
76517	8 
76518	535 
76519	715 
76520	1712 
76521	129 
76522	230 
76523	1321 
76524	303 
76525	782 
76526	862 
76527	1692 
76528	1229 
76529	420 
76530	1217 
76531	863 
76532	1263 
76533	1743 
76534	1663 
76535	1515 
76536	1721 
76537	187 
76538	216 
76539	1124 
76540	993 
76541	598 
76542	466 
76543	1696 
76544	1210 
76545	307 
76546	1368 
76547	1520 
76548	1229 
76549	1647 
76550	171 
76551	415 
76552	1362 
76553	569 
76554	1005 
76555	1091 
76556	1564 
76557	812 
76558	1004 
76559	1358 
76560	1479 
76561	155 
76562	1514 
76563	1218 
76564	62 
76565	94 
76566	99 
76567	956 
76568	1029 
76569	1539 
76570	1781 
76571	540 
76572	1139 
76573	394 
76574	1071 
76575	1400 
76576	1162 
76577	1694 
76578	158 
76579	423 
76580	1515 
76581	19 
76582	217 
76583	919 
76584	1712 
76585	1007 
76586	319 
76587	801 
76588	75 
76589	1465 
76590	565 
76591	203 
76592	1578 
76593	99 
76594	920 
76595	448 
76596	1778 
76597	373 
76598	930 
76599	1358 
76600	1594 
76601	353 
76602	809 
76603	409 
76604	499 
76605	292 
76606	158 
76607	493 
76608	525 
76609	1131 
76610	782 
76611	323 
76612	1532 
76613	296 
76614	369 
76615	1840 
76616	563 
76617	1053 
76618	1778 
76619	989 
76620	493 
76621	1272 
76622	1264 
76623	1628 
76624	258 
76625	367 
76626	563 
76627	22 
76628	533 
76629	394 
76630	1274 
76631	773 
76632	1114 
76633	120 
76634	1069 
76635	1746 
76636	1627 
76637	221 
76638	1560 
76639	1775 
76640	1759 
76641	1071 
76642	806 
76643	758 
76644	383 
76645	1790 
76646	130 
76647	563 
76648	1221 
76649	1828 
76650	1610 
76651	407 
76652	1400 
76653	1539 
76654	1610 
76655	487 
76656	145 
76657	1262 
76658	456 
76659	470 
76660	1391 
76661	693 
76662	863 
76663	734 
76664	1486 
76665	1332 
76666	1639 
76667	1515 
76668	1778 
76669	1817 
76670	1040 
76671	1578 
76672	1374 
76673	242 
76674	533 
76675	203 
76676	1614 
76677	998 
76678	1157 
76679	1391 
76680	789 
76681	1 
76682	613 
76683	420 
76684	1141 
76685	958 
76686	1048 
76687	557 
76688	455 
76689	1048 
76690	114 
76691	906 
76692	1236 
76693	1503 
76694	1358 
76695	1597 
76696	998 
76697	892 
76698	145 
76699	1729 
76700	1254 
76701	672 
76702	295 
76703	482 
76704	1503 
76705	1540 
76706	1647 
76707	1845 
76708	397 
76709	1515 
76710	685 
76711	1300 
76712	1726 
76713	1254 
76714	1233 
76715	749 
76716	907 
76717	556 
76718	1840 
76719	764 
76720	1718 
76721	1112 
76722	1614 
76723	789 
76724	1282 
76725	1597 
76726	1532 
76727	1212 
76728	530 
76729	1722 
76730	783 
76731	469 
76732	234 
76733	318 
76734	1048 
76735	591 
76736	1578 
76737	1222 
76738	1332 
76739	556 
76740	1236 
76741	510 
76742	209 
76743	1539 
76744	14 
76745	62 
76746	612 
76747	1692 
76748	469 
76749	377 
76750	988 
76751	1628 
76752	1139 
76753	1269 
76754	598 
76755	452 
76756	1471 
76757	1775 
76758	456 
76759	212 
76760	456 
76761	435 
76762	367 
76763	731 
76764	1374 
76765	1064 
76766	1445 
76767	70 
76768	171 
76769	845 
76770	1680 
76771	989 
76772	1753 
76773	1706 
76774	1035 
76775	1286 
76776	535 
76777	542 
76778	234 
76779	723 
76780	473 
76781	1755 
76782	232 
76783	1086 
76784	407 
76785	308 
76786	974 
76787	1313 
76788	1284 
76789	1840 
76790	735 
76791	1627 
76792	1671 
76793	70 
76794	1293 
76795	331 
76796	1053 
76797	325 
76798	773 
76799	1729 
76800	42 
76801	82 
76802	267 
76803	19 
76804	612 
76805	1007 
76806	363 
76807	809 
76808	130 
76809	1520 
76810	1688 
76811	1594 
76812	1746 
76813	968 
76814	672 
76815	385 
76816	1293 
76817	422 
76818	1706 
76819	1473 
76820	1540 
76821	481 
76822	57 
76823	699 
76824	1369 
76825	835 
76826	1748 
76827	499 
76828	1514 
76829	672 
76830	1217 
76831	227 
76832	739 
76833	284 
76834	613 
76835	1080 
76836	1266 
76837	1469 
76838	1157 
76839	1052 
76840	1729 
76841	466 
76842	611 
76843	1511 
76844	1760 
76845	323 
76846	334 
76847	1052 
76848	94 
76849	1091 
76850	1188 
76851	78 
76852	1709 
76853	296 
76854	470 
76855	661 
76856	98 
76857	878 
76858	1511 
76859	1845 
76860	876 
76861	75 
76862	1409 
76863	1836 
76864	1345 
76865	819 
76866	259 
76867	128 
76868	1161 
76869	1810 
76870	499 
76871	1141 
76872	1188 
76873	1677 
76874	256 
76875	163 
76876	1024 
76877	409 
76878	1694 
76879	1412 
76880	42 
76881	415 
76882	698 
76883	1321 
76884	734 
76885	1274 
76886	554 
76887	1677 
76888	1007 
76889	1318 
76890	604 
76891	598 
76892	1260 
76893	322 
76894	22 
76895	1554 
76896	1806 
76897	377 
76898	661 
76899	956 
76900	876 
76901	730 
76902	867 
76903	1778 
76904	988 
76905	954 
76906	699 
76907	1071 
76908	1663 
76909	307 
76910	1378 
76911	773 
76912	1001 
76913	1273 
76914	1262 
76915	20 
76916	715 
76917	919 
76918	178 
76919	1035 
76920	1801 
76921	55 
76922	284 
76923	1264 
76924	1729 
76925	1384 
76926	1540 
76927	277 
76928	699 
76929	319 
76930	989 
76931	1773 
76932	1266 
76933	452 
76934	1735 
76935	1073 
76936	582 
76937	1019 
76938	598 
76939	94 
76940	1725 
76941	911 
76942	1333 
76943	1266 
76944	1045 
76945	1029 
76946	322 
76947	318 
76948	1554 
76949	758 
76950	1236 
76951	48 
76952	890 
76953	1655 
76954	1677 
76955	1318 
76956	1480 
76957	968 
76958	1083 
76959	941 
76960	1825 
76961	6 
76962	1368 
76963	385 
76964	545 
76965	1655 
76966	1511 
76967	1524 
76968	158 
76969	1335 
76970	424 
76971	1053 
76972	1226 
76973	1190 
76974	579 
76975	1514 
76976	692 
76977	171 
76978	1222 
76979	256 
76980	385 
76981	734 
76982	1701 
76983	162 
76984	1080 
76985	277 
76986	1473 
76987	988 
76988	1614 
76989	1114 
76990	1434 
76991	1317 
76992	410 
76993	701 
76994	1217 
76995	1503 
76996	199 
76997	612 
76998	744 
76999	1709 
77000	864 
77001	858 
77002	152 
77003	890 
77004	1226 
77005	4 
77006	292 
77007	409 
77008	1120 
77009	554 
77010	701 
77011	1648 
77012	1515 
77013	531 
77014	749 
77015	292 
77016	1380 
77017	1025 
77018	1128 
77019	1597 
77020	258 
77021	114 
77022	1190 
77023	444 
77024	738 
77025	1760 
77026	127 
77027	1701 
77028	1052 
77029	1384 
77030	699 
77031	1203 
77032	535 
77033	1564 
77034	360 
77035	1630 
77036	1366 
77037	545 
77038	277 
77039	695 
77040	1583 
77041	1650 
77042	430 
77043	1525 
77044	1610 
77045	1229 
77046	920 
77047	1801 
77048	1272 
77049	611 
77050	497 
77051	444 
77052	808 
77053	1112 
77054	1838 
77055	1725 
77056	1386 
77057	51 
77058	1337 
77059	353 
77060	383 
77061	1773 
77062	292 
77063	24 
77064	1217 
77065	818 
77066	158 
77067	1260 
77068	954 
77069	1052 
77070	69 
77071	541 
77072	1814 
77073	1358 
77074	1384 
77075	1005 
77076	274 
77077	1190 
77078	1817 
77079	1801 
77080	444 
77081	1264 
77082	1358 
77083	686 
77084	1223 
77085	319 
77086	807 
77087	563 
77088	738 
77089	1749 
77090	1445 
77091	599 
77092	596 
77093	1628 
77094	446 
77095	342 
77096	1384 
77097	1380 
77098	785 
77099	1833 
77100	1817 
77101	1781 
77102	1000 
77103	1721 
77104	864 
77105	1647 
77106	105 
77107	1775 
77108	709 
77109	836 
77110	650 
77111	1420 
77112	1024 
77113	1188 
77114	377 
77115	71 
77116	738 
77117	1445 
77118	1445 
77119	1124 
77120	8 
77121	693 
77122	61 
77123	1064 
77124	824 
77125	989 
77126	1653 
77127	904 
77128	6 
77129	1286 
77130	829 
77131	67 
77132	1647 
77133	14 
77134	1246 
77135	1112 
77136	1840 
77137	344 
77138	542 
77139	1790 
77140	367 
77141	1781 
77142	57 
77143	807 
77144	48 
77145	703 
77146	941 
77147	162 
77148	318 
77149	1338 
77150	1078 
77151	1114 
77152	415 
77153	42 
77154	1643 
77155	604 
77156	356 
77157	531 
77158	829 
77159	178 
77160	334 
77161	1412 
77162	1633 
77163	1063 
77164	499 
77165	1208 
77166	19 
77167	1504 
77168	1760 
77169	75 
77170	292 
77171	1721 
77172	1778 
77173	398 
77174	203 
77175	958 
77176	1427 
77177	1368 
77178	931 
77179	105 
77180	1220 
77181	242 
77182	499 
77183	1564 
77184	1514 
77185	1332 
77186	565 
77187	584 
77188	344 
77189	36 
77190	48 
77191	394 
77192	1284 
77193	342 
77194	249 
77195	473 
77196	1157 
77197	1210 
77198	1647 
77199	815 
77200	565 
77201	411 
77202	1504 
77203	1138 
77204	373 
77205	1748 
77206	554 
77207	1412 
77208	144 
77209	229 
77210	76 
77211	1661 
77212	858 
77213	1454 
77214	1560 
77215	130 
77216	319 
77217	1409 
77218	1138 
77219	1070 
77220	1533 
77221	908 
77222	591 
77223	565 
77224	1157 
77225	1262 
77226	258 
77227	1283 
77228	749 
77229	1218 
77230	769 
77231	1729 
77232	804 
77233	274 
77234	1718 
77235	1048 
77236	55 
77237	695 
77238	1781 
77239	709 
77240	1262 
77241	966 
77242	199 
77243	334 
77244	1515 
77245	989 
77246	1284 
77247	1671 
77248	1322 
77249	890 
77250	1048 
77251	1709 
77252	1254 
77253	114 
77254	1233 
77255	1468 
77256	8 
77257	1426 
77258	421 
77259	204 
77260	762 
77261	1528 
77262	274 
77263	927 
77264	1540 
77265	331 
77266	1498 
77267	1212 
77268	318 
77269	692 
77270	1415 
77271	1843 
77272	1427 
77273	1000 
77274	1502 
77275	941 
77276	430 
77277	801 
77278	73 
77279	510 
77280	1163 
77281	108 
77282	1088 
77283	1348 
77284	282 
77285	1469 
77286	282 
77287	1358 
77288	1722 
77289	867 
77290	1078 
77291	1830 
77292	217 
77293	997 
77294	211 
77295	57 
77296	128 
77297	829 
77298	1471 
77299	703 
77300	809 
77301	1609 
77302	1143 
77303	806 
77304	322 
77305	1692 
77306	1663 
77307	82 
77308	1272 
77309	1514 
77310	1629 
77311	57 
77312	30 
77313	377 
77314	889 
77315	565 
77316	735 
77317	1609 
77318	1614 
77319	842 
77320	1045 
77321	499 
77322	323 
77323	178 
77324	598 
77325	602 
77326	1533 
77327	466 
77328	591 
77329	1203 
77330	267 
77331	1282 
77332	1801 
77333	1322 
77334	1583 
77335	542 
77336	944 
77337	880 
77338	836 
77339	232 
77340	1583 
77341	1532 
77342	1246 
77343	556 
77344	397 
77345	617 
77346	769 
77347	1689 
77348	127 
77349	597 
77350	864 
77351	1332 
77352	1029 
77353	974 
77354	612 
77355	1341 
77356	661 
77357	482 
77358	1028 
77359	1468 
77360	591 
77361	1140 
77362	661 
77363	1689 
77364	78 
77365	1344 
77366	99 
77367	1778 
77368	82 
77369	805 
77370	1765 
77371	211 
77372	1578 
77373	1825 
77374	721 
77375	1266 
77376	94 
77377	373 
77378	25 
77379	1515 
77380	257 
77381	699 
77382	1101 
77383	70 
77384	1188 
77385	888 
77386	1845 
77387	407 
77388	1639 
77389	30 
77390	730 
77391	1188 
77392	455 
77393	33 
77394	152 
77395	1028 
77396	1 
77397	481 
77398	599 
77399	353 
77400	47 
77401	1469 
77402	344 
77403	808 
77404	983 
77405	1629 
77406	307 
77407	1341 
77408	1663 
77409	1735 
77410	1091 
77411	579 
77412	1220 
77413	534 
77414	542 
77415	1725 
77416	842 
77417	1426 
77418	1217 
77419	71 
77420	1190 
77421	567 
77422	145 
77423	1760 
77424	533 
77425	256 
77426	568 
77427	209 
77428	904 
77429	1469 
77430	1140 
77431	455 
77432	36 
77433	650 
77434	1778 
77435	303 
77436	762 
77437	699 
77438	556 
77439	930 
77440	1056 
77441	1409 
77442	243 
77443	41 
77444	661 
77445	1748 
77446	1222 
77447	344 
77448	1628 
77449	356 
77450	391 
77451	510 
77452	1001 
77453	178 
77454	1308 
77455	1386 
77456	1677 
77457	1273 
77458	1578 
77459	1713 
77460	988 
77461	598 
77462	1578 
77463	1469 
77464	1758 
77465	1482 
77466	398 
77467	1721 
77468	1721 
77469	1814 
77470	1662 
77471	1336 
77472	383 
77473	650 
77474	292 
77475	1239 
77476	1758 
77477	1086 
77478	187 
77479	863 
77480	1841 
77481	889 
77482	1021 
77483	436 
77484	7 
77485	1579 
77486	699 
77487	529 
77488	1128 
77489	769 
77490	1386 
77491	1223 
77492	1338 
77493	146 
77494	510 
77495	423 
77496	611 
77497	994 
77498	1579 
77499	1450 
77500	1048 
77501	824 
77502	187 
77503	565 
77504	130 
77505	320 
77506	420 
77507	487 
77508	762 
77509	553 
77510	1283 
77511	1471 
77512	525 
77513	672 
77514	217 
77515	510 
77516	1048 
77517	315 
77518	1258 
77519	769 
77520	284 
77521	446 
77522	145 
77523	25 
77524	1663 
77525	1486 
77526	1498 
77527	617 
77528	61 
77529	758 
77530	1380 
77531	1124 
77532	444 
77533	367 
77534	567 
77535	94 
77536	818 
77537	322 
77538	394 
77539	569 
77540	1380 
77541	1533 
77542	71 
77543	259 
77544	650 
77545	1258 
77546	1630 
77547	911 
77548	1068 
77549	145 
77550	1236 
77551	1807 
77552	267 
77553	76 
77554	782 
77555	1162 
77556	1068 
77557	907 
77558	377 
77559	789 
77560	1540 
77561	1609 
77562	1515 
77563	1718 
77564	1 
77565	30 
77566	907 
77567	1746 
77568	1162 
77569	998 
77570	234 
77571	1511 
77572	211 
77573	1157 
77574	1524 
77575	135 
77576	602 
77577	1760 
77578	330 
77579	1845 
77580	4 
77581	232 
77582	1760 
77583	554 
77584	356 
77585	1143 
77586	596 
77587	1532 
77588	1362 
77589	967 
77590	258 
77591	988 
77592	1229 
77593	21 
77594	1469 
77595	967 
77596	1576 
77597	994 
77598	1486 
77599	1000 
77600	1539 
77601	890 
77602	131 
77603	469 
77604	1400 
77605	1694 
77606	1527 
77607	1025 
77608	1639 
77609	1765 
77610	8 
77611	129 
77612	904 
77613	597 
77614	958 
77615	782 
77616	1726 
77617	1273 
77618	1639 
77619	1465 
77620	1190 
77621	773 
77622	1630 
77623	98 
77624	94 
77625	864 
77626	699 
77627	1322 
77628	1317 
77629	232 
77630	411 
77631	1647 
77632	1807 
77633	1789 
77634	604 
77635	734 
77636	334 
77637	565 
77638	1391 
77639	735 
77640	872 
77641	1308 
77642	1161 
77643	545 
77644	1774 
77645	1019 
77646	456 
77647	1438 
77648	400 
77649	966 
77650	809 
77651	1527 
77652	129 
77653	591 
77654	1055 
77655	369 
77656	1662 
77657	807 
77658	1039 
77659	993 
77660	876 
77661	906 
77662	1341 
77663	1677 
77664	94 
77665	1086 
77666	1663 
77667	1379 
77668	6 
77669	303 
77670	1045 
77671	923 
77672	1781 
77673	482 
77674	1210 
77675	25 
77676	1412 
77677	1511 
77678	1845 
77679	1362 
77680	889 
77681	890 
77682	416 
77683	540 
77684	14 
77685	315 
77686	480 
77687	258 
77688	1386 
77689	564 
77690	556 
77691	693 
77692	47 
77693	1789 
77694	1838 
77695	78 
77696	1217 
77697	1266 
77698	686 
77699	1655 
77700	1 
77701	1226 
77702	451 
77703	1789 
77704	285 
77705	1220 
77706	1284 
77707	772 
77708	1760 
77709	1426 
77710	217 
77711	135 
77712	556 
77713	1004 
77714	411 
77715	729 
77716	62 
77717	1207 
77718	1114 
77719	1490 
77720	10 
77721	420 
77722	968 
77723	1266 
77724	807 
77725	217 
77726	1 
77727	67 
77728	1578 
77729	998 
77730	735 
77731	36 
77732	582 
77733	56 
77734	1415 
77735	334 
77736	1713 
77737	1503 
77738	739 
77739	1379 
77740	320 
77741	303 
77742	685 
77743	469 
77744	773 
77745	33 
77746	734 
77747	1845 
77748	698 
77749	1735 
77750	646 
77751	493 
77752	211 
77753	1838 
77754	1378 
77755	482 
77756	819 
77757	1760 
77758	729 
77759	145 
77760	734 
77761	1528 
77762	1469 
77763	788 
77764	367 
77765	1391 
77766	130 
77767	1063 
77768	556 
77769	556 
77770	845 
77771	78 
77772	129 
77773	862 
77774	1828 
77775	1358 
77776	832 
77777	1639 
77778	1337 
77779	415 
77780	1069 
77781	789 
77782	672 
77783	1084 
77784	769 
77785	330 
77786	1857 
77787	818 
77788	1539 
77789	1539 
77790	911 
77791	1409 
77792	232 
77793	1335 
77794	565 
77795	1515 
77796	344 
77797	1515 
77798	1293 
77799	824 
77800	61 
77801	807 
77802	1426 
77803	1694 
77804	1078 
77805	529 
77806	1078 
77807	284 
77808	1341 
77809	1362 
77810	256 
77811	284 
77812	1283 
77813	818 
77814	410 
77815	1503 
77816	1272 
77817	1845 
77818	1338 
77819	1221 
77820	48 
77821	1610 
77822	1063 
77823	1260 
77824	105 
77825	1614 
77826	41 
77827	923 
77828	1773 
77829	1203 
77830	19 
77831	1630 
77832	1207 
77833	1689 
77834	330 
77835	773 
77836	556 
77837	911 
77838	409 
77839	1362 
77840	1426 
77841	591 
77842	845 
77843	1830 
77844	686 
77845	154 
77846	540 
77847	1610 
77848	864 
77849	1760 
77850	318 
77851	397 
77852	1283 
77853	1143 
77854	24 
77855	556 
77856	14 
77857	692 
77858	1721 
77859	604 
77860	1718 
77861	1524 
77862	650 
77863	695 
77864	1045 
77865	1262 
77866	878 
77867	1516 
77868	1828 
77869	1597 
77870	1341 
77871	1498 
77872	858 
77873	1722 
77874	391 
77875	14 
77876	835 
77877	308 
77878	51 
77879	456 
77880	565 
77881	1273 
77882	769 
77883	1789 
77884	492 
77885	1502 
77886	303 
77887	1643 
77888	105 
77889	876 
77890	1336 
77891	1226 
77892	1157 
77893	1841 
77894	864 
77895	1138 
77896	1412 
77897	205 
77898	487 
77899	862 
77900	1709 
77901	1438 
77902	565 
77903	1511 
77904	692 
77905	739 
77906	510 
77907	893 
77908	1088 
77909	692 
77910	1019 
77911	1643 
77912	1188 
77913	1758 
77914	1729 
77915	1765 
77916	1628 
77917	904 
77918	334 
77919	127 
77920	154 
77921	1778 
77922	319 
77923	1840 
77924	1533 
77925	1412 
77926	24 
77927	1709 
77928	61 
77929	76 
77930	1746 
77931	322 
77932	204 
77933	1039 
77934	1188 
77935	1774 
77936	1260 
77937	1380 
77938	1086 
77939	272 
77940	1073 
77941	1790 
77942	1272 
77943	1039 
77944	272 
77945	800 
77946	415 
77947	1348 
77948	782 
77949	958 
77950	888 
77951	258 
77952	1817 
77953	256 
77954	24 
77955	563 
77956	296 
77957	284 
77958	1810 
77959	1217 
77960	617 
77961	211 
77962	1471 
77963	807 
77964	1210 
77965	75 
77966	482 
77967	1263 
77968	1578 
77969	1188 
77970	284 
77971	731 
77972	809 
77973	591 
77974	579 
77975	836 
77976	672 
77977	617 
77978	738 
77979	24 
77980	1223 
77981	446 
77982	1755 
77983	604 
77984	556 
77985	1721 
77986	1758 
77987	1647 
77988	1630 
77989	1726 
77990	1850 
77991	145 
77992	272 
77993	1486 
77994	435 
77995	1749 
77996	1445 
77997	1143 
77998	362 
77999	709 
78000	1048 
78001	209 
78002	1729 
78003	923 
78004	996 
78005	1021 
78006	908 
78007	994 
78008	398 
78009	1188 
78010	334 
78011	1746 
78012	1412 
78013	131 
78014	758 
78015	217 
78016	420 
78017	709 
78018	1748 
78019	805 
78020	1063 
78021	802 
78022	1840 
78023	1729 
78024	171 
78025	612 
78026	1039 
78027	1627 
78028	257 
78029	1212 
78030	1733 
78031	919 
78032	1073 
78033	490 
78034	1131 
78035	782 
78036	1143 
78037	789 
78038	4 
78039	1162 
78040	21 
78041	1128 
78042	73 
78043	1 
78044	1409 
78045	1233 
78046	1360 
78047	1083 
78048	832 
78049	1210 
78050	683 
78051	788 
78052	1128 
78053	308 
78054	284 
78055	1482 
78056	890 
78057	812 
78058	1502 
78059	1069 
78060	1712 
78061	154 
78062	1260 
78063	709 
78064	1614 
78065	1709 
78066	1048 
78067	383 
78068	1821 
78069	1124 
78070	1502 
78071	1019 
78072	788 
78073	1063 
78074	1256 
78075	612 
78076	709 
78077	334 
78078	1362 
78079	693 
78080	256 
78081	703 
78082	958 
78083	481 
78084	801 
78085	738 
78086	178 
78087	989 
78088	1445 
78089	662 
78090	130 
78091	469 
78092	735 
78093	1207 
78094	968 
78095	1220 
78096	292 
78097	1614 
78098	819 
78099	1091 
78100	1643 
78101	1069 
78102	21 
78103	1337 
78104	907 
78105	7 
78106	1337 
78107	1828 
78108	801 
78109	1781 
78110	1718 
78111	1114 
78112	994 
78113	1609 
78114	436 
78115	75 
78116	41 
78117	612 
78118	1263 
78119	800 
78120	1845 
78121	540 
78122	1801 
78123	69 
78124	715 
78125	356 
78126	1273 
78127	1502 
78128	1438 
78129	1810 
78130	1807 
78131	569 
78132	1539 
78133	996 
78134	416 
78135	730 
78136	397 
78137	1048 
78138	19 
78139	1124 
78140	1722 
78141	1706 
78142	1814 
78143	1091 
78144	1308 
78145	1246 
78146	904 
78147	824 
78148	703 
78149	1101 
78150	42 
78151	1004 
78152	529 
78153	1293 
78154	686 
78155	1778 
78156	989 
78157	729 
78158	331 
78159	436 
78160	535 
78161	416 
78162	1810 
78163	420 
78164	1662 
78165	1426 
78166	232 
78167	1091 
78168	568 
78169	36 
78170	451 
78171	564 
78172	1755 
78173	739 
78174	1648 
78175	78 
78176	493 
78177	129 
78178	1073 
78179	466 
78180	1052 
78181	1653 
78182	1627 
78183	1157 
78184	1733 
78185	1502 
78186	330 
78187	769 
78188	452 
78189	1293 
78190	259 
78191	1378 
78192	318 
78193	256 
78194	1188 
78195	456 
78196	1258 
78197	1743 
78198	444 
78199	171 
78200	146 
78201	1445 
78202	1758 
78203	94 
78204	217 
78205	993 
78206	1758 
78207	1663 
78208	968 
78209	1080 
78210	1317 
78211	1025 
78212	1672 
78213	322 
78214	411 
78215	1653 
78216	1743 
78217	277 
78218	1758 
78219	466 
78220	1345 
78221	1729 
78222	367 
78223	256 
78224	272 
78225	553 
78226	1532 
78227	272 
78228	1282 
78229	889 
78230	835 
78231	1639 
78232	1760 
78233	70 
78234	843 
78235	114 
78236	1725 
78237	42 
78238	282 
78239	154 
78240	1083 
78241	1746 
78242	556 
78243	1445 
78244	1527 
78245	1153 
78246	1781 
78247	1706 
78248	531 
78249	1643 
78250	1486 
78251	385 
78252	662 
78253	974 
78254	764 
78255	232 
78256	733 
78257	480 
78258	446 
78259	1438 
78260	256 
78261	535 
78262	204 
78263	410 
78264	1039 
78265	1101 
78266	1533 
78267	1001 
78268	1341 
78269	70 
78270	612 
78271	334 
78272	1293 
78273	1 
78274	1533 
78275	127 
78276	303 
78277	1516 
78278	1 
78279	490 
78280	1778 
78281	1735 
78282	1614 
78283	907 
78284	51 
78285	493 
78286	769 
78287	602 
78288	216 
78289	1282 
78290	769 
78291	836 
78292	612 
78293	14 
78294	1 
78295	1760 
78296	591 
78297	129 
78298	1469 
78299	1080 
78300	353 
78301	1817 
78302	1035 
78303	989 
78304	836 
78305	1630 
78306	131 
78307	1069 
78308	1048 
78309	242 
78310	1348 
78311	597 
78312	968 
78313	880 
78314	1086 
78315	1368 
78316	569 
78317	1628 
78318	1286 
78319	709 
78320	1821 
78321	1143 
78322	1063 
78323	596 
78324	409 
78325	1138 
78326	199 
78327	646 
78328	89 
78329	1706 
78330	788 
78331	832 
78332	1258 
78333	1725 
78334	1409 
78335	94 
78336	1369 
78337	10 
78338	1775 
78339	1254 
78340	410 
78341	162 
78342	1746 
78343	1322 
78344	1578 
78345	10 
78346	646 
78347	1083 
78348	1283 
78349	1524 
78350	1814 
78351	683 
78352	1473 
78353	1080 
78354	1233 
78355	135 
78356	1465 
78357	1781 
78358	1035 
78359	1524 
78360	284 
78361	567 
78362	769 
78363	563 
78364	1217 
78365	47 
78366	829 
78367	1086 
78368	277 
78369	1335 
78370	1578 
78371	1045 
78372	410 
78373	1161 
78374	889 
78375	1217 
78376	1725 
78377	1264 
78378	4 
78379	1774 
78380	1677 
78381	812 
78382	407 
78383	783 
78384	1203 
78385	1188 
78386	1516 
78387	1260 
78388	322 
78389	974 
78390	292 
78391	584 
78392	650 
78393	545 
78394	1677 
78395	1335 
78396	1400 
78397	1830 
78398	1578 
78399	729 
78400	1841 
78401	98 
78402	604 
78403	1469 
78404	1527 
78405	1332 
78406	78 
78407	650 
78408	892 
78409	1362 
78410	1272 
78411	1266 
78412	812 
78413	482 
78414	69 
78415	966 
78416	1362 
78417	1384 
78418	1233 
78419	563 
78420	1283 
78421	131 
78422	553 
78423	1516 
78424	451 
78425	692 
78426	1597 
78427	322 
78428	568 
78429	1188 
78430	1662 
78431	130 
78432	1039 
78433	782 
78434	1004 
78435	818 
78436	730 
78437	699 
78438	788 
78439	404 
78440	1073 
78441	530 
78442	598 
78443	730 
78444	1821 
78445	319 
78446	1282 
78447	565 
78448	1273 
78449	1368 
78450	466 
78451	1840 
78452	974 
78453	1528 
78454	836 
78455	864 
78456	1091 
78457	892 
78458	709 
78459	966 
78460	534 
78461	568 
78462	1194 
78463	114 
78464	1317 
78465	33 
78466	1628 
78467	199 
78468	1845 
78469	730 
78470	391 
78471	1760 
78472	1821 
78473	404 
78474	1263 
78475	921 
78476	303 
78477	319 
78478	1220 
78479	446 
78480	889 
78481	1743 
78482	579 
78483	456 
78484	14 
78485	1653 
78486	568 
78487	211 
78488	1775 
78489	1139 
78490	234 
78491	6 
78492	1086 
78493	1614 
78494	7 
78495	1597 
78496	377 
78497	842 
78498	1579 
78499	331 
78500	804 
78501	6 
78502	801 
78503	6 
78504	782 
78505	1138 
78506	296 
78507	683 
78508	983 
78509	1004 
78510	1807 
78511	646 
78512	568 
78513	407 
78514	1272 
78515	596 
78516	842 
78517	452 
78518	782 
78519	525 
78520	1258 
78521	554 
78522	1035 
78523	47 
78524	1039 
78525	446 
78526	1322 
78527	1345 
78528	319 
78529	1080 
78530	693 
78531	470 
78532	1760 
78533	482 
78534	1628 
78535	1578 
78536	410 
78537	1539 
78538	319 
78539	557 
78540	1317 
78541	1438 
78542	686 
78543	1384 
78544	1246 
78545	1828 
78546	1486 
78547	1262 
78548	144 
78549	10 
78550	1162 
78551	1755 
78552	1048 
78553	407 
78554	1765 
78555	242 
78556	78 
78557	804 
78558	1069 
78559	773 
78560	533 
78561	1153 
78562	1153 
78563	862 
78564	1296 
78565	529 
78566	1490 
78567	1412 
78568	203 
78569	94 
78570	557 
78571	721 
78572	1515 
78573	1627 
78574	1091 
78575	930 
78576	1258 
78577	397 
78578	1317 
78579	1821 
78580	409 
78581	1341 
78582	889 
78583	748 
78584	1028 
78585	1052 
78586	788 
78587	1332 
78588	51 
78589	1662 
78590	234 
78591	533 
78592	152 
78593	1223 
78594	1286 
78595	367 
78596	1821 
78597	762 
78598	1068 
78599	1706 
78600	1503 
78601	1773 
78602	1774 
78603	282 
78604	612 
78605	1729 
78606	1083 
78607	199 
78608	683 
78609	1300 
78610	1514 
78611	672 
78612	1828 
78613	1236 
78614	889 
78615	1282 
78616	367 
78617	70 
78618	1025 
78619	1671 
78620	1774 
78621	829 
78622	930 
78623	1743 
78624	1080 
78625	1348 
78626	829 
78627	130 
78628	499 
78629	1514 
78630	1161 
78631	1332 
78632	383 
78633	762 
78634	284 
78635	94 
78636	806 
78637	290 
78638	1369 
78639	179 
78640	692 
78641	217 
78642	1709 
78643	989 
78644	411 
78645	234 
78646	400 
78647	1609 
78648	257 
78649	650 
78650	144 
78651	99 
78652	1775 
78653	1378 
78654	889 
78655	1264 
78656	988 
78657	456 
78658	385 
78659	599 
78660	1677 
78661	1840 
78662	1627 
78663	257 
78664	203 
78665	1760 
78666	499 
78667	1258 
78668	257 
78669	599 
78670	1141 
78671	553 
78672	1217 
78673	1264 
78674	99 
78675	377 
78676	296 
78677	1781 
78678	1157 
78679	1709 
78680	1203 
78681	1773 
78682	277 
78683	171 
78684	1045 
78685	818 
78686	1609 
78687	1069 
78688	1426 
78689	818 
78690	1221 
78691	135 
78692	530 
78693	1426 
78694	683 
78695	292 
78696	1143 
78697	683 
78698	1630 
78699	1840 
78700	598 
78701	1412 
78702	801 
78703	1341 
78704	1726 
78705	1527 
78706	773 
78707	303 
78708	772 
78709	633 
78710	217 
78711	876 
78712	10 
78713	1296 
78714	836 
78715	773 
78716	958 
78717	599 
78718	782 
78719	383 
78720	1445 
78721	4 
78722	1019 
78723	1004 
78724	19 
78725	22 
78726	14 
78727	598 
78728	974 
78729	259 
78730	661 
78731	1722 
78732	1256 
78733	806 
78734	758 
78735	535 
78736	1358 
78737	1273 
78738	599 
78739	1515 
78740	1502 
78741	994 
78742	801 
78743	373 
78744	1628 
78745	540 
78746	409 
78747	1639 
78748	1296 
78749	1157 
78750	729 
78751	1286 
78752	788 
78753	782 
78754	783 
78755	1282 
78756	1781 
78757	1141 
78758	835 
78759	758 
78760	1236 
78761	1427 
78762	612 
78763	1272 
78764	1639 
78765	1114 
78766	1503 
78767	1647 
78768	82 
78769	234 
78770	62 
78771	1579 
78772	1498 
78773	1139 
78774	303 
78775	1069 
78776	455 
78777	565 
78778	758 
78779	529 
78780	930 
78781	557 
78782	451 
78783	1465 
78784	234 
78785	1138 
78786	217 
78787	1578 
78788	1 
78789	282 
78790	993 
78791	1426 
78792	911 
78793	1120 
78794	1341 
78795	199 
78796	730 
78797	179 
78798	331 
78799	493 
78800	1024 
78801	1045 
78802	199 
78803	356 
78804	1532 
78805	672 
78806	1293 
78807	789 
78808	565 
78809	144 
78810	47 
78811	410 
78812	1801 
78813	1221 
78814	1760 
78815	1532 
78816	1579 
78817	162 
78818	650 
78819	661 
78820	1039 
78821	94 
78822	731 
78823	318 
78824	1597 
78825	82 
78826	1662 
78827	683 
78828	1528 
78829	579 
78830	1533 
78831	908 
78832	1696 
78833	162 
78834	493 
78835	420 
78836	1824 
78837	127 
78838	1322 
78839	1114 
78840	993 
78841	545 
78842	22 
78843	989 
78844	1071 
78845	911 
78846	1726 
78847	1212 
78848	1024 
78849	892 
78850	832 
78851	842 
78852	842 
78853	259 
78854	217 
78855	258 
78856	889 
78857	1539 
78858	1337 
78859	1471 
78860	10 
78861	1706 
78862	1662 
78863	409 
78864	1801 
78865	529 
78866	1336 
78867	996 
78868	24 
78869	303 
78870	1212 
78871	1086 
78872	994 
78873	1284 
78874	36 
78875	234 
78876	436 
78877	217 
78878	1073 
78879	1412 
78880	908 
78881	398 
78882	1554 
78883	1143 
78884	568 
78885	455 
78886	4 
78887	145 
78888	958 
78889	344 
78890	1073 
78891	563 
78892	94 
78893	120 
78894	48 
78895	171 
78896	1083 
78897	880 
78898	4 
78899	892 
78900	557 
78901	1696 
78902	966 
78903	216 
78904	1532 
78905	129 
78906	864 
78907	409 
78908	908 
78909	1746 
78910	1774 
78911	36 
78912	1627 
78913	1131 
78914	788 
78915	598 
78916	404 
78917	556 
78918	1722 
78919	974 
78920	1726 
78921	1722 
78922	735 
78923	1120 
78924	758 
78925	1840 
78926	8 
78927	290 
78928	1689 
78929	542 
78930	446 
78931	367 
78932	1482 
78933	331 
78934	203 
78935	1217 
78936	209 
78937	1639 
78938	772 
78939	1048 
78940	715 
78941	1498 
78942	144 
78943	1318 
78944	1068 
78945	1801 
78946	1264 
78947	1498 
78948	1378 
78949	1579 
78950	806 
78951	217 
78952	612 
78953	1824 
78954	542 
78955	75 
78956	242 
78957	1258 
78958	162 
78959	782 
78960	530 
78961	1322 
78962	1532 
78963	1614 
78964	699 
78965	542 
78966	466 
78967	1274 
78968	56 
78969	99 
78970	758 
78971	146 
78972	598 
78973	1004 
78974	373 
78975	1609 
78976	344 
78977	42 
78978	420 
78979	1774 
78980	1263 
78981	880 
78982	565 
78983	410 
78984	404 
78985	407 
78986	446 
78987	596 
78988	1188 
78989	568 
78990	456 
78991	1778 
78992	535 
78993	308 
78994	735 
78995	1722 
78996	410 
78997	179 
78998	832 
78999	455 
79000	1746 
79001	1696 
79002	397 
79003	565 
79004	783 
79005	1527 
79006	1369 
79007	1120 
79008	75 
79009	42 
79010	1080 
79011	292 
79012	234 
79013	42 
79014	540 
79015	812 
79016	144 
79017	1262 
79018	1749 
79019	353 
79020	318 
79021	1830 
79022	56 
79023	612 
79024	232 
79025	1273 
79026	734 
79027	36 
79028	692 
79029	1045 
79030	131 
79031	1527 
79032	931 
79033	889 
79034	98 
79035	409 
79036	203 
79037	356 
79038	94 
79039	1073 
79040	836 
79041	114 
79042	1004 
79043	906 
79044	782 
79045	259 
79046	1807 
79047	1778 
79048	199 
79049	772 
79050	662 
79051	1114 
79052	1726 
79053	82 
79054	1773 
79055	36 
79056	105 
79057	1726 
79058	89 
79059	1 
79060	1274 
79061	892 
79062	1662 
79063	1579 
79064	1120 
79065	672 
79066	56 
79067	499 
79068	966 
79069	373 
79070	907 
79071	461 
79072	804 
79073	1139 
79074	1341 
79075	56 
79076	131 
79077	1221 
79078	1024 
79079	1554 
79080	8 
79081	1161 
79082	217 
79083	1718 
79084	1293 
79085	1358 
79086	1226 
79087	1773 
79088	1348 
79089	353 
79090	216 
79091	996 
79092	1814 
79093	709 
79094	1671 
79095	98 
79096	1263 
79097	1824 
79098	1426 
79099	819 
79100	545 
79101	331 
79102	1427 
79103	1775 
79104	788 
79105	373 
79106	1217 
79107	835 
79108	398 
79109	373 
79110	907 
79111	908 
79112	272 
79113	308 
79114	804 
79115	1498 
79116	1524 
79117	1597 
79118	1486 
79119	1554 
79120	907 
79121	556 
79122	130 
79123	989 
79124	1527 
79125	209 
79126	105 
79127	545 
79128	24 
79129	1503 
79130	808 
79131	322 
79132	612 
79133	1445 
79134	529 
79135	1083 
79136	499 
79137	1128 
79138	906 
79139	57 
79140	958 
79141	1293 
79142	1236 
79143	672 
79144	1775 
79145	1293 
79146	1438 
79147	319 
79148	1337 
79149	1755 
79150	1272 
79151	377 
79152	535 
79153	75 
79154	232 
79155	1579 
79156	1814 
79157	699 
79158	1709 
79159	1039 
79160	1689 
79161	1706 
79162	162 
79163	436 
79164	1814 
79165	258 
79166	71 
79167	292 
79168	1086 
79169	1539 
79170	331 
79171	535 
79172	451 
79173	1378 
79174	1210 
79175	162 
79176	911 
79177	1028 
79178	1266 
79179	633 
79180	179 
79181	579 
79182	1486 
79183	941 
79184	1028 
79185	1378 
79186	256 
79187	1217 
79188	686 
79189	1120 
79190	114 
79191	62 
79192	1157 
79193	179 
79194	493 
79195	1221 
79196	1486 
79197	130 
79198	1689 
79199	1773 
79200	769 
79201	880 
79202	1516 
79203	1503 
79204	554 
79205	1217 
79206	994 
79207	62 
79208	889 
79209	1083 
79210	758 
79211	1578 
79212	1143 
79213	920 
79214	42 
79215	1801 
79216	1828 
79217	1516 
79218	556 
79219	407 
79220	1814 
79221	612 
79222	599 
79223	1208 
79224	650 
79225	650 
79226	1021 
79227	1286 
79228	672 
79229	1341 
79230	1726 
79231	735 
79232	808 
79233	818 
79234	835 
79235	1138 
79236	983 
79237	1781 
79238	363 
79239	356 
79240	10 
79241	1024 
79242	490 
79243	806 
79244	931 
79245	1188 
79246	1332 
79247	57 
79248	1369 
79249	1527 
79250	1128 
79251	530 
79252	832 
79253	1775 
79254	1539 
79255	99 
79256	598 
79257	1226 
79258	864 
79259	864 
79260	730 
79261	410 
79262	1286 
79263	542 
79264	466 
79265	75 
79266	1760 
79267	1004 
79268	1840 
79269	377 
79270	1579 
79271	1284 
79272	1246 
79273	98 
79274	331 
79275	451 
79276	1284 
79277	886 
79278	217 
79279	1143 
79280	1266 
79281	567 
79282	4 
79283	1293 
79284	888 
79285	534 
79286	1773 
79287	835 
79288	1341 
79289	699 
79290	762 
79291	1080 
79292	1004 
79293	1332 
79294	410 
79295	162 
79296	683 
79297	556 
79298	1647 
79299	703 
79300	1426 
79301	556 
79302	493 
79303	203 
79304	1362 
79305	804 
79306	130 
79307	470 
79308	1021 
79309	217 
79310	1471 
79311	1524 
79312	1689 
79313	1052 
79314	1293 
79315	216 
79316	1709 
79317	61 
79318	1052 
79319	1749 
79320	876 
79321	82 
79322	1028 
79323	862 
79324	363 
79325	129 
79326	322 
79327	56 
79328	1733 
79329	907 
79330	1035 
79331	1284 
79332	308 
79333	1263 
79334	19 
79335	145 
79336	1322 
79337	533 
79338	353 
79339	693 
79340	1554 
79341	686 
79342	598 
79343	71 
79344	493 
79345	556 
79346	1153 
79347	1639 
79348	1332 
79349	1021 
79350	1746 
79351	129 
79352	162 
79353	554 
79354	19 
79355	162 
79356	565 
79357	579 
79358	1743 
79359	98 
79360	70 
79361	1840 
79362	259 
79363	788 
79364	258 
79365	769 
79366	565 
79367	782 
79368	292 
79369	1341 
79370	1743 
79371	931 
79372	1400 
79373	14 
79374	277 
79375	308 
79376	129 
79377	1256 
79378	1647 
79379	1445 
79380	1091 
79381	1482 
79382	931 
79383	203 
79384	908 
79385	1317 
79386	1266 
79387	1409 
79388	1647 
79389	277 
79390	1648 
79391	1718 
79392	1004 
79393	531 
79394	1609 
79395	907 
79396	772 
79397	1358 
79398	1400 
79399	344 
79400	1019 
79401	179 
79402	1138 
79403	1647 
79404	1264 
79405	1688 
79406	1153 
79407	61 
79408	62 
79409	1465 
79410	1128 
79411	889 
79412	199 
79413	146 
79414	1021 
79415	51 
79416	1726 
79417	318 
79418	1524 
79419	1445 
79420	344 
79421	1337 
79422	1188 
79423	203 
79424	1643 
79425	1503 
79426	57 
79427	129 
79428	958 
79429	1264 
79430	730 
79431	889 
79432	470 
79433	1039 
79434	889 
79435	24 
79436	14 
79437	782 
79438	1539 
79439	105 
79440	216 
79441	1052 
79442	1025 
79443	98 
79444	1498 
79445	466 
79446	1773 
79447	1696 
79448	686 
79449	71 
79450	886 
79451	258 
79452	444 
79453	353 
79454	567 
79455	129 
79456	921 
79457	958 
79458	179 
79459	533 
79460	1263 
79461	308 
79462	6 
79463	89 
79464	1348 
79465	683 
79466	308 
79467	1465 
79468	892 
79469	409 
79470	1773 
79471	808 
79472	886 
79473	1035 
79474	391 
79475	1131 
79476	482 
79477	1828 
79478	545 
79479	842 
79480	1378 
79481	420 
79482	318 
79483	1080 
79484	1746 
79485	363 
79486	1426 
79487	1677 
79488	1073 
79489	591 
79490	461 
79491	994 
79492	216 
79493	1527 
79494	1524 
79495	1579 
79496	1188 
79497	211 
79498	62 
79499	1781 
79500	1131 
79501	553 
79502	490 
79503	1706 
79504	1341 
79505	730 
79506	24 
79507	556 
79508	829 
79509	6 
79510	672 
79511	782 
79512	456 
79513	490 
79514	686 
79515	24 
79516	1332 
79517	1293 
79518	1807 
79519	1528 
79520	1503 
79521	1188 
79522	801 
79523	1648 
79524	162 
79525	782 
79526	499 
79527	1648 
79528	75 
79529	1048 
79530	1628 
79531	482 
79532	1743 
79533	983 
79534	1073 
79535	806 
79536	14 
79537	446 
79538	557 
79539	493 
79540	277 
79541	179 
79542	1774 
79543	565 
79544	1775 
79545	1143 
79546	1465 
79547	70 
79548	1438 
79549	1131 
79550	146 
79551	1362 
79552	1426 
79553	876 
79554	1694 
79555	1554 
79556	199 
79557	48 
79558	1263 
79559	1264 
79560	1264 
79561	1073 
79562	1194 
79563	542 
79564	493 
79565	409 
79566	1091 
79567	162 
79568	1755 
79569	1266 
79570	554 
79571	1490 
79572	1218 
79573	1284 
79574	70 
79575	735 
79576	1465 
79577	1554 
79578	862 
79579	1045 
79580	410 
79581	258 
79582	71 
79583	466 
79584	1131 
79585	436 
79586	1814 
79587	444 
79588	1774 
79589	1486 
79590	693 
79591	1153 
79592	686 
79593	1236 
79594	1554 
79595	70 
79596	19 
79597	292 
79598	456 
79599	801 
79600	1709 
79601	598 
79602	886 
79603	367 
79604	1502 
79605	146 
79606	1358 
79607	1048 
79608	410 
79609	1161 
79610	1775 
79611	331 
79612	10 
79613	1663 
79614	1048 
79615	1226 
79616	436 
79617	1840 
79618	1845 
79619	1362 
79620	1609 
79621	146 
79622	1578 
79623	533 
79624	1409 
79625	8 
79626	819 
79627	1131 
79628	56 
79629	672 
79630	1263 
79631	98 
79632	1083 
79633	1194 
79634	482 
79635	1226 
79636	836 
79637	292 
79638	1286 
79639	693 
79640	1663 
79641	1358 
79642	1080 
79643	1286 
79644	334 
79645	1004 
79646	540 
79647	1378 
79648	1226 
79649	1578 
79650	292 
79651	404 
79652	98 
79653	209 
79654	1282 
79655	6 
79656	8 
79657	22 
79658	1004 
79659	455 
79660	318 
79661	1438 
79662	1264 
79663	1236 
79664	1696 
79665	377 
79666	1426 
79667	1264 
79668	258 
79669	1426 
79670	162 
79671	1471 
79672	832 
79673	1322 
79674	735 
79675	832 
79676	1696 
79677	1358 
79678	1048 
79679	1614 
79680	1726 
79681	1733 
79682	8 
79683	730 
79684	876 
79685	129 
79686	36 
79687	204 
79688	1378 
79689	129 
79690	204 
79691	377 
79692	232 
79693	836 
79694	75 
79695	1337 
79696	1083 
79697	1048 
79698	1358 
79699	886 
79700	410 
79701	1778 
79702	1322 
79703	146 
79704	256 
79705	1726 
79706	892 
79707	51 
79708	8 
79709	470 
79710	836 
79711	383 
79712	1426 
79713	699 
79714	1490 
79715	876 
79716	397 
79717	353 
79718	1527 
79719	127 
79720	145 
79721	1781 
79722	1614 
79723	217 
79724	4 
79725	769 
79726	888 
79727	1609 
79728	699 
79729	19 
79730	407 
79731	1348 
79732	1293 
79733	703 
79734	1845 
79735	612 
79736	1426 
79737	1688 
79738	565 
79739	1498 
79740	1688 
79741	1498 
79742	1080 
79743	880 
79744	921 
79745	1221 
79746	906 
79747	533 
79748	862 
79749	553 
79750	1188 
79751	686 
79752	1194 
79753	889 
79754	1746 
79755	14 
79756	456 
79757	162 
79758	1663 
79759	818 
79760	105 
79761	258 
79762	292 
79763	1696 
79764	75 
79765	42 
79766	1284 
79767	1025 
79768	1272 
79769	114 
79770	730 
79771	129 
79772	461 
79773	36 
79774	1217 
79775	888 
79776	6 
79777	1 
79778	876 
79779	24 
79780	906 
79781	256 
79782	146 
79783	61 
79784	1628 
79785	131 
79786	1609 
79787	1614 
79788	1755 
79789	1384 
79790	557 
79791	1161 
79792	892 
79793	292 
79794	217 
79795	1758 
79796	553 
79797	1378 
79798	876 
79799	461 
79800	144 
79801	217 
79802	330 
79803	114 
79804	127 
79805	709 
79806	24 
79807	709 
79808	56 
79809	353 
79810	911 
79811	818 
79812	1709 
79813	277 
79814	553 
79815	258 
79816	409 
79817	983 
79818	835 
79819	1236 
79820	989 
79821	888 
79822	1358 
79823	563 
79824	256 
79825	330 
79826	1718 
79827	94 
79828	1369 
79829	1322 
79830	1358 
79831	1539 
79832	1263 
79833	145 
79834	1778 
79835	391 
79836	127 
79837	568 
79838	322 
79839	782 
79840	1694 
79841	1378 
79842	211 
79843	1663 
79844	1527 
79845	703 
79846	1264 
79847	36 
79848	10 
79849	94 
79850	71 
79851	94 
79852	1161 
79853	650 
79854	24 
79855	51 
79856	1709 
79857	105 
79858	451 
79859	958 
79860	842 
79861	1337 
79862	557 
79863	71 
79864	482 
79865	470 
79866	1709 
79867	24 
79868	1 
79869	10 
79870	672 
79871	818 
79872	470 
79873	1272 
79874	1083 
79875	98 
79876	1263 
79877	598 
79878	1578 
79879	888 
79880	709 
79881	1369 
79882	974 
79883	1490 
79884	409 
79885	129 
79886	699 
79887	563 
79888	162 
79889	1218 
79890	420 
79891	490 
79892	1369 
79893	1284 
79894	1539 
79895	410 
79896	1218 
79897	1263 
79898	1709 
79899	958 
79900	1628 
79901	876 
79902	565 
79903	535 
79904	334 
79905	1758 
79906	377 
79907	1840 
79908	1091 
79909	493 
79910	1758 
79911	461 
79912	1539 
79913	1527 
79914	788 
79915	556 
79916	1760 
79917	1293 
79918	864 
79919	308 
79920	1758 
79921	1220 
79922	373 
79923	1539 
79924	451 
79925	461 
79926	1528 
79927	1080 
79928	906 
79929	1726 
79930	318 
79931	557 
79932	1264 
79933	490 
79934	75 
79935	1758 
79936	842 
79937	1358 
79938	1256 
79939	258 
79940	553 
79941	1384 
79942	612 
79943	533 
79944	1083 
79945	232 
79946	1643 
79947	131 
79948	599 
79949	94 
79950	211 
79951	906 
79952	1263 
79953	1236 
79954	1086 
79955	556 
79956	1218 
79957	1801 
79958	818 
79959	145 
79960	499 
79961	1527 
79962	482 
79963	1532 
79964	1263 
79965	542 
79966	1073 
79967	204 
79968	258 
79969	129 
79970	818 
79971	842 
79972	1527 
79973	391 
79974	709 
79975	565 
79976	272 
79977	931 
79978	1814 
79979	709 
79980	1647 
79981	1264 
79982	456 
79983	591 
79984	1086 
79985	1639 
79986	318 
79987	51 
79988	801 
79989	730 
79990	1516 
79991	557 
79992	331 
79993	277 
79994	98 
79995	456 
79996	1226 
79997	1609 
79998	14 
79999	4 
80000	56 
