19127292 2
17363749 2
19668377 2
17293876 2
1313726 0
3002783 0
19110882 2
14578298 1
18606979 1
10333910 1
19735543 2
8420806 2
19228402 2
17017752 2
19220880 1
12734781 2
16595006 0
11790819 0
19143817 1
11206408 1
11943852 1
7722468 1
18644886 0
3138126 1
8325993 2
2186054 2
18509207 1
15043684 1
17894830 2
2044434 2
9326333 2
7487991 2
19228405 2
11561483 2
17144912 0
1324940 0
1541672 2
1991568 2
18349042 1
12486503 1
9737664 1
7594559 1
17174749 1
1361076 1
8100835 0
2180755 0
11791216 2
11484155 2
15192149 1
11869680 1
16127462 0
9734395 0
17327460 2
9758619 2
8529129 1
1936620 1
3280182 1
6884606 1
14585101 2
9732339 2
18477407 2
15968442 2
16846517 2
12171451 2
12560454 1
7024027 1
12975475 1
11907129 1
16075046 2
1284550 2
18436707 1
15384883 1
8145050 1
1972779 0
11522610 0
2444321 0
11454665 0
2933287 0
18406405 0
9032105 0
7833731 2
2951066 1
11091269 1
9317167 1
19360314 0
12829651 0
7567975 1
3240835 1
3891786 1
6311651 0
16259490 2
10509871 1
10190896 1
2794065 0
18561508 2
16873794 2
1504709 0
2148392 0
15520861 1
14702111 1
11522593 0
10963732 0
3113569 1
4054448 1
15647337 2
8452322 2
2961842 0
6216134 0
6594040 1
7233414 1
16241867 1
11487743 1
19073651 2
17536074 2
11185325 2
12456547 1
9802755 1
15611284 1
11533710 1
11598829 1
8349046 1
19488997 1
16675714 1
15687377 2
11979019 2
2258796 1
11507694 1
7573053 1
8326004 1
1675318 1
19005023 1
17130532 1
18509500 1
17327327 1
7769090 0
2148510 2
15013978 1
11756343 1
19436679 2
11565518 2
7893584 1
1734985 1
15467836 1
12606512 1
19187735 1
14517715 1
11919048 2
10191799 2
11120765 1
15508373 2
12110552 2
18562637 1
15563560 1
16873751 2
1516497 2
11812768 1
19151107 2
15333470 2
159313 0
723641 0
18498634 2
16865358 2
17469043 2
14698999 2
18513455 2
8012143 1
3057885 1
2842756 1
11943762 2
8090784 2
17570749 2
12401727 2
7913714 1
3287175 0
1990836 1
3003909 1
17428252 0
15855328 1
18006654 0
17686944 1
3496416 0
3896899 0
10937502 1
1314967 1
3708906 1
6791599 0
16517804 2
15132888 2
18924636 2
6380287 1
11160138 0
1829330 0
17597523 2
17451420 2
19469001 2
15471153 2
18841263 2
1587398 2
17762000 2
12027929 2
2189891 0
3290006 0
18971435 1
17192330 1
7568143 1
1697648 0
17349010 1
11734230 1
8636416 2
7989590 2
18981116 1
11035773 1
17662714 0
18311190 0
12522068 0
19508712 2
12823234 2
16109069 1
1469084 1
2424992 1
15358643 1
9626161 1
3632094 2
6369971 2
11238556 1
9054944 1
18996116 0
14618237 0
18591388 2
17206141 2
6373460 1
15985177 2
3111583 1
19587831 2
10480608 2
9314549 1
2480383 0
19007436 2
12773120 1
12361980 1
1613467 1
15975110 2
650240 0
588254 0
18060022 1
8278351 1
19489075 1
1494889 0
17570255 2
12765949 2
14730479 2
11673414 2
2703526 0
3905460 0
17942684 1
17969365 2
15889234 2
17416797 2
16855264 2
1402656 0
2119056 0
16823476 2
15127202 2
18430197 2
17389701 2
18676351 2
8659491 2
17302896 1
11476858 1
3276208 0
6360766 0
7888929 2
3240834 2
18670622 1
12845430 1
8326015 1
2185106 1
9683605 1
8405760 1
19060127 0
11135624 0
17436030 2
15671192 2
18330949 2
9203944 1
15610327 2
10666428 1
18678618 2
17846124 2
12813916 2
11602628 2
12819312 2
9732337 2
19050058 2
17671651 2
2969728 0
7002677 0
19180473 1
15047612 1
2040701 0
2668332 0
3003160 0
6306391 0
18753673 1
17601992 2
17509149 1
16186404 1
15670442 2
1914802 1
19436648 2
16912128 2
8612203 1
8375580 1
2629640 1
3522325 1
18776938 0
10580429 2
18372903 2
17846126 2
19448363 2
17999777 2
9221759 1
8315397 1
18682514 1
17327312 1
8173400 2
8247074 2
16766631 1
8194668 1
2547480 0
3737674 0
18346973 1
12211926 1
11050183 1
10415012 1
8024313 1
2187469 1
3061933 0
6235285 0
18523143 1
9028699 1
18489578 2
2240915 2
7860757 1
3894418 2
18664617 1
14724435 1
1826646 1
3311778 1
19128359 1
17346189 1
15738451 2
12882852 2
17201925 1
17005949 1
11790818 0
443443 0
10807676 0
9723973 0
19011169 1
11673498 1
11286636 1
10724097 1
3772281 1
7246127 1
10516670 0
8156408 0
19140227 2
17904449 2
19323962 2
19666551 2
17475933 1
18667076 2
11452700 2
17969381 2
9427742 0
7528672 0
10378067 1
1729850 2
8567980 1
6607315 1
2881947 1
15537844 1
8641115 2
17727695 1
9549452 2
14694146 2
8137498 0
18241357 0
12441406 0
18443201 2
17053028 2
18414392 0
17495463 1
18628530 2
8725855 1
15383437 1
1643761 1
9579150 1
8826962 1
17932595 2
16728521 2
9625758 1
3309126 0
3260586 1
8123622 0
6873204 0
18716002 1
9794112 1
10857962 2
15932520 1
11978629 1
8735622 1
3596063 1
3578273 1
6334624 1
16628253 1
10549628 1
19114173 2
16868300 2
14687274 2
9842286 2
10337011 1
7537670 1
17472435 2
15561965 2
19436665 2
11491207 2
19590589 2
8741811 1
12591159 0
18067546 0
2839472 0
17503332 2
14647894 2
8787686 2
2105341 2
8878437 1
7761837 1
8039603 2
12777446 0
16818907 2
10895843 1
19289805 2
11832527 2
10683375 1
9094710 1
18802485 1
17876100 1
8072542 1
18468463 1
11533711 1
18285525 2
17174134 2
8450059 0
1929037 1
16842487 2
11311100 2
19587243 2
15734833 2
2477102 0
19291814 1
15907769 0
18570678 2
18042079 2
18687759 2
7867189 1
9064326 1
19171735 2
10599761 2
9294105 2
8035658 2
19509199 2
7623488 0
19120273 1
17327428 1
10491414 2
6384267 2
18078023 2
15587767 2
1675200 1
2253835 0
15238494 2
10857938 1
17434869 2
16025115 2
18439548 2
17463246 2
12750472 1
8637860 1
1469103 1
3134969 0
16075062 1
8690906 1
17327457 2
15561963 2
18782870 2
17460697 2
3888193 0
6362429 0
3045812 0
6233198 0
8990188 1
2205920 0
18710591 1
9159148 1
18348689 2
9215219 2
7621990 0
11320276 2
1485947 2
18162513 1
10882147 1
17922167 2
3899825 2
15492571 0
10580413 0
14623908 1
9933106 1
18426840 2
9075814 2
16186411 2
15561969 2
8182126 1
3993659 1
8775937 1
3792666 1
10630905 1
8941466 1
15172958 0
8067445 0
7533791 2
1301992 2
8095192 1
18932203 1
12928770 0
15855569 1
19091959 1
16960101 1
11303130 1
10532529 1
18818254 1
16738155 1
17764005 2
16443764 1
1884094 0
7001256 0
9811884 1
1899142 0
9135946 1
7615815 0
8174841 2
7888928 2
2389754 2
7619068 0
1722397 0
19125180 2
17445546 2
16823472 2
15685168 2
10714635 1
8057515 1
2946385 0
2128196 0
2447233 0
2702906 1
17100770 1
11600549 1
1991854 1
1975377 1
16847277 1
15530631 1
18309686 2
7589820 2
1463468 0
11106373 1
8946834 1
8200983 0
2406597 1
14578206 1
12539039 1
18535196 2
16873786 2
18199798 2
16572114 2
2180311 0
6839196 0
2719080 0
6361268 0
19337548 2
17596103 2
17443369 2
16327095 2
18363276 2
11547217 2
2307932 0
12507898 0
10068486 0
3906651 1
3813637 1
7050326 1
17129376 2
12488964 1
15776395 1
15004560 1
18204830 2
15013454 2
18060660 2
9328252 1
3437300 1
12876091 2
18633108 2
17463248 2
15857516 2
2686492 0
19055834 2
17093941 2
19789636 2
16936215 2
18489577 1
11289463 1
18776148 1
15620463 1
16371630 1
14980984 2
18486765 1
15277401 1
12149437 0
7589509 0
7611284 2
7895953 2
11967819 2
19526210 2
14578243 2
19133114 2
18191056 2
1385478 1
3159965 1
15381770 1
7888039 1
19956100 1
14988278 1
11744505 1
11017889 2
7912625 1
6354812 0
7532678 1
1406974 0
8078905 2
2670595 2
3156147 0
6448594 0
19956103 1
17959935 1
18678617 1
16118394 0
17392166 2
12830456 2
18420489 1
11781358 1
19706162 0
3359580 0
9410915 2
2015976 2
18843550 2
17645549 2
19389826 2
18952314 2
19576321 2
12453968 2
17988185 2
10097918 2
9294791 2
8892716 1
18291022 2
16847701 2
1763069 0
2035962 0
9892615 1
9103469 0
16075053 1
7488448 2
8472505 2
15985157 2
192616 1
19898642 2
17638715 2
8363561 1
3044894 0
15837817 1
7694152 1
1370298 2
2653745 1
1899431 1
18227068 0
17670746 0
19046221 2
9017359 1
17237299 2
15051749 2
11032784 2
2227105 1
8920864 1
3056757 1
19194565 2
16731850 2
18364392 2
15616004 2
18245568 2
9826206 0
16896942 0
11053301 0
17090674 1
7914259 1
18644069 2
9486993 2
11511743 2
8519350 2
17237940 2
17001469 2
19056835 2
10630154 2
18366806 2
17415550 2
9435304 1
3546382 1
16973667 2
8703884 1
10692053 1
15963175 2
12649049 2
8170965 2
1736105 1
10971508 2
8088010 2
19475778 2
7794577 2
8855307 1
2200729 0
18801706 1
1473616 1
19956098 1
12401728 1
19743752 1
17924142 1
2949622 0
10848492 1
8533167 1
19930636 0
14592535 0
19065993 2
16566827 1
15593124 1
17307546 1
7809339 1
19245711 2
11874934 2
17156104 2
16204372 1
1639955 1
18854049 1
9684995 1
16367807 2
10859350 2
8270130 1
1671006 1
2885918 1
3944264 0
7002345 0
3403714 2
2865274 2
18854016 2
15983228 2
9028691 1
8941652 2
18602983 2
17463249 2
8198884 1
6471668 1
18031995 2
11809620 2
16309862 2
11133712 2
18818245 0
16006542 0
19055828 2
16855197 2
12748907 1
10593567 1
19254971 1
8366922 1
19696902 2
1773700 2
8455366 1
19073938 1
11668341 1
7860750 2
1727062 2
11815493 2
10531848 2
11435467 2
2403659 2
18178847 1
10933399 1
16542446 1
12453967 1
17672906 2
11874930 2
18006584 0
16306347 1
18633113 2
17666460 2
11091270 1
3519679 1
6352727 1
18583384 1
16489976 1
18561511 1
9075803 1
12453886 1
18669807 2
16716235 2
12810241 2
17267595 1
8598488 1
11028137 2
19956093 1
19956106 1
15889095 1
9122227 1
19789630 2
15890071 2
12086092 2
6320806 0
160223 0
19147816 2
1402665 2
1849772 0
3025043 0
18283633 1
16556846 1
16369227 0
7039363 0
18596953 2
15533587 2
17210729 1
15790362 1
18633107 1
47533 1
19088850 2
18231124 2
8200974 1
6753469 1
18596543 0
2941683 0
12727928 1
10470079 1
8514849 2
1756915 2
12762952 1
18443202 2
18835956 2
10866057 2
19096518 2
9742976 2
9042932 1
2210067 1
18611252 2
12882858 2
10209507 1
9075797 1
17259486 2
12414951 1
8920894 1
6458419 0
18684786 2
16168670 2
16823478 2
3510224 2
8601111 2
16236123 1
11590120 1
10938050 1
7924774 1
2498395 0
6278587 0
2644534 1
2384600 0
2662408 0
19602480 2
19247628 2
17594390 2
16555581 2
19105914 2
7589943 2
10545530 2
8945471 2
19104970 1
12610784 1
885298 0
19479186 2
17765963 2
16489972 1
10977022 1
18448419 2
10580425 2
18799632 0
1972180 1
3264405 0
15969768 0
2673695 2
6362005 1
17623014 2
15516696 2
18262522 0
11819026 0
18492786 1
8543793 1
15372359 1
19246639 0
17571924 2
16775236 2
18776141 2
11067779 2
18654634 2
10331426 2
18207200 2
7660530 1
12967942 2
11473079 2
19056762 2
11246881 2
12832613 2
1357346 2
8350054 2
2258003 0
15606614 0
6966615 0
18586907 1
15771578 1
1467844 0
6347785 0
2270941 1
2649324 1
8381473 1
3032493 1
15383791 1
15047609 0
11711458 1
8933009 1
17043101 1
16887982 1
10482607 1
1661690 0
10677521 1
10330293 1
15546994 0
9844629 2
8842069 1
1467683 1
18091993 0
16723646 2
17429581 1
18492787 1
12618479 1
10490523 1
2004172 1
8636427 1
7473199 1
19273282 2
18080107 2
18053255 1
2515052 1
1409662 1
18561513 2
17300593 2
16049319 0
8941575 0
19366943 2
3124685 2
10550321 0
9296561 0
1586783 1
7439541 1
18478125 0
7716139 0
17595355 2
18337172 1
9878085 1
3290380 1
7769136 2
2824266 2
16236379 2
11024581 2
16400026 0
11527957 0
12819007 2
10541297 1
15505122 2
19480671 2
15846663 2
19046200 2
14988310 2
8408615 1
1946445 1
18535187 2
16105859 2
18591387 1
11473032 1
9053453 1
7860729 1
17476357 0
14962949 1
19956104 1
17392158 2
8608603 1
10739754 1
9491819 1
16186282 2
8087927 2
8692984 2
2189768 2
17425627 2
15504997 2
18292467 1
3543673 2
9449718 1
8757636 1
17319471 2
11594300 2
17257275 2
1299075 2
18297260 2
16059790 2
16672053 2
12660865 2
3086921 2
6499635 2
12133154 2
7967857 2
1522229 1
2523954 0
7427231 1
1174829 1
7744614 1
19364331 2
16129698 0
11334427 1
3316278 1
2857024 1
15965169 2
11168343 1
19143814 1
9519723 1
11927616 1
10330297 1
15972866 1
18198228 1
12502506 1
3170749 2
3540010 2
18590522 2
17018838 0
18171473 2
8732717 2
7944528 1
8330401 1
18984671 2
11869302 2
16249451 2
9445267 2
10944172 0
17703632 1
10359389 2
1361492 1
2847947 0
14983031 0
12925730 1
18178393 1
16464953 1
15988804 1
10333896 1
1390526 1
6363177 1
18973206 2
8879346 0
17334651 2
12351431 2
2510155 0
3968427 0
18493734 0
15855341 1
18755353 2
15983299 2
8415742 1
2163026 0
8675702 0
7720392 0
8916747 1
1612225 1
6134470 0
18583417 0
15582161 0
18400966 1
11978658 1
9028724 1
9239416 1
8287660 1
17532267 0
1719570 0
1644920 0
2263645 2
2897315 0
17963344 0
15642082 0
17363746 2
17412305 1
10415018 1
12145161 1
17343760 2
16488505 1
19721859 2
17805239 2
10580857 0
10336573 2
3090107 1
15955116 0
18825272 2
3073901 2
19046244 1
9388398 1
18769687 2
17160407 2
15640422 2
7621998 2
18269730 0
9075604 2
18567926 1
12610013 1
8858216 1
17627978 1
9253967 1
18215172 2
12681024 2
18513544 2
2078922 1
19111066 2
11063279 2
19340286 0
9529321 1
8522063 1
8471028 0
19179216 2
17444424 2
15677776 2
17315242 2
19368707 2
18047254 2
2403066 2
8026285 2
15082736 1
2964983 1
17290035 2
16801574 2
18082004 2
12034408 2
9708813 2
2226113 2
8436836 1
8127894 2
12815107 1
9362527 1
19040615 1
10562307 1
11118029 1
8012723 0
2923230 0
15931309 2
11475269 2
8200993 2
7711537 1
2257445 0
2850927 0
17908332 2
8013760 2
15140339 2
12540634 2
239528 1
17697317 1
15526003 1
19568428 2
18775581 2
8564218 0
6698366 0
11289047 2
10776949 1
2180661 1
19449020 1
9817917 1
18562629 1
12477967 0
1592439 1
18984738 1
15096540 1
17983440 1
12153522 1
8017201 1
17349009 1
20061360 2
12136392 1
1349195 1
2494458 1
18782577 1
3313390 0
6315512 0
8352278 1
15637426 0
12569167 1
1532369 0
3308958 2
2863188 2
18567820 2
18277383 1
16443880 1
18492945 2
15711018 1
1602013 2
2173562 0
6389544 0
18257922 2
10342344 2
8675688 1
1446798 1
17483299 1
16431079 1
17151331 1
14514648 2
19439071 2
18644071 1
18346991 1
2677038 1
1634622 2
2243134 0
6373827 2
447832 1
19688338 2
2753246 2
18316361 1
15919798 1
6088584 0
6455904 0
17188609 1
7926304 1
16784180 2
18561505 2
17517853 2
18725615 2
18332288 2
19165345 2
8549009 2
18497687 0
15912092 1
18779574 1
11812740 1
17548847 2
12032107 2
2882518 0
19340895 2
14988838 2
15616233 1
12037147 1
12074206 2
17461531 2
8462766 0
9727063 1
8551245 2
7769140 1
1469083 2
2890501 2
8564237 0
2633909 0
18445251 2
16773565 2
18314421 2
8371347 1
3956881 1
18753291 2
16971655 2
8733583 0
3816968 0
12082183 1
8216686 1
8012717 0
14673094 1
15997237 0
10857969 2
18450419 1
15784469 1
15837923 1
11781759 2
12876160 1
1808637 2
16412042 1
12235110 1
9495343 2
19403464 1
19074809 0
17898301 0
9664075 0
1202096 0
17679132 2
15353531 2
8720610 2
8582537 0
7615833 2
2210052 2
7860730 1
1901765 0
17953760 2
11194213 2
1707531 1
2190098 1
15983218 1
8900244 1
18190608 1
8100367 1
19641379 1
10911004 1
16423130 2
11955025 2
7706455 1
8504767 0
19046214 1
16478821 1
15030523 1
10892762 1
9257847 1
7702375 1
8555801 1
6738599 1
18039812 1
16775037 1
19156219 1
16091403 0
1932936 2
3937338 1
3922361 1
17983444 1
17082580 1
9068300 1
9794859 2
3203570 2
18487476 1
9773740 1
18796620 1
15867184 1
14708927 2
12401412 2
10588944 0
16254324 1
12173683 1
6124126 0
8376591 1
2185278 0
2537578 0
9893161 1
11719900 1
1534652 0
3106832 0
16451732 2
12919705 0
15466998 2
1902595 2
3493204 1
6220066 0
9719467 1
18205952 1
8733139 1
19435491 2
12556541 2
2263632 0
6870806 0
19727402 1
12766110 1
15155395 2
11742409 2
10207172 1
7868915 1
8108432 2
3033021 2
1632685 2
16796743 1
12140742 1
18686043 2
10430939 1
8871671 1
1612231 1
8288043 1
18469202 2
16585050 2
18435852 2
11565517 2
1565635 1
18028036 2
16192452 2
1563334 2
17889075 1
15784705 1
18720028 2
16006679 2
17603484 2
9246003 1
6608876 1
18776136 1
12516557 1
17319100 2
12136399 2
8401939 0
6297454 0
10526729 2
12896940 2
17598085 0
17131142 0
17213274 2
16608888 2
2571382 0
18957531 1
17415316 2
2653929 2
17583177 2
15106814 2
17034640 2
12808888 1
17372793 2
15047092 2
18657196 1
12940868 2
16966600 1
15250035 1
9707599 1
8641276 1
8214048 0
18544707 2
18258851 1
16177002 0
17703236 2
18599530 2
16595597 2
16873750 2
12074262 2
7558135 1
1971173 1
17130504 1
7732997 1
16494646 2
15539803 2
10209433 1
3557875 1
11799396 1
19228808 2
10868967 2
9732338 2
3034532 1
3531381 0
7041259 0
7931087 1
1896073 0
9742977 2
18483403 2
11815468 2
3698784 1
17476010 1
8554246 1
15616247 2
8846677 1
2217193 0
2654288 0
17876371 0
8117360 2
18437223 1
1478367 1
17244154 1
1285852 1
16443789 2
15793255 2
1936671 1
19030205 0
14593459 0
10053014 1
18422727 1
15616015 1
19419582 2
17967711 2
7144445 0
1909135 0
3033025 0
6197336 0
16488949 2
11118026 2
12150599 2
17003291 1
7540575 0
15031673 0
2784133 1
15056606 1
19366942 2
16918588 2
16886063 1
9166663 1
2253832 1
18200815 2
12765945 2
1733800 1
17135629 2
7859931 2
16567531 2
16842480 2
15375790 2
18248673 2
18070262 2
18296490 0
12746279 0
6385729 0
6895508 0
18823555 1
15679073 1
15983206 1
3017115 0
6245984 0
2892397 1
6363172 1
12699416 1
11079741 1
9238035 1
7612220 1
19397795 2
7888692 2
12087010 2
15738708 1
14709195 1
19095325 0
10954015 0
1786627 1
3863753 1
14707030 0
3525850 0
9096971 1
18698428 2
9169130 2
16306359 0
12941777 0
2173763 0
1690262 0
11891618 2
11704924 2
18809813 1
9669786 1
18511765 2
16895879 2
12409659 2
1733132 2
9824500 1
1516628 1
8423231 1
6698317 1
17956579 1
14678267 1
17148684 2
16381994 1
18458138 1
9827853 1
16597817 2
2970917 2
11790216 2
4053961 1
16823477 2
2956889 0
17668382 2
12540637 2
15781936 1
8013746 1
10037770 0
11815512 1
6378696 1
18417746 2
12164879 1
18985156 2
17437080 2
17261860 2
9786807 1
19093033 2
18054738 2
1139259 1
17969380 2
2157941 0
16205724 0
10604280 0
18498660 2
7545875 1
8402882 1
8317480 1
2384193 1
11553191 2
19553558 1
18509204 1
14529698 1
17989340 1
12110133 1
16443884 1
2897940 1
19450032 1
10952644 1
2227133 1
19120494 1
219345 1
18650372 1
15531498 2
18423879 2
11484070 2
6368290 1
11687636 0
7859934 0
9062360 0
7703388 0
17337254 2
15467826 1
12540604 1
15467824 2
15467829 2
10520229 0
18786605 2
9202063 0
8614835 0
17257277 2
10414932 2
12163378 1
9222639 0
3523246 2
16306330 2
14578287 1
17223217 2
11255900 2
11978633 1
2394030 1
11285306 1
2223305 1
3188985 1
15841215 2
12055342 2
11498469 2
17559889 2
14527633 2
18235050 2
17538940 2
2409808 0
508288 0
18556337 1
6391388 1
6351759 1
3925127 0
16931765 2
11874924 2
9272592 2
2138534 0
17967198 0
10777831 0
6384269 2
8040759 1
18957534 2
17098085 2
17584843 2
17023529 2
17668636 1
8072544 1
14969650 2
10803701 1
19065992 2
17476355 2
18366646 2
14747303 2
14755342 1
18640486 2
15112169 2
3052943 1
3891476 0
16178863 1
10931424 1
1864963 2
2806767 2
11422762 1
208156 0
16028335 2
1569197 2
2307296 2
8908376 1
19038792 0
18493227 2
16046308 2
10403912 1
8314020 1
2442195 2
2861128 0
17521324 1
10841006 1
8314024 1
3317417 2
18682012 2
16249558 2
16936217 2
18284670 1
15721974 1
1451951 0
17185336 0
2335846 2
17620445 1
10891831 1
18660851 1
9771706 1
18556343 2
3293339 2
19357773 2
17395743 2
19490620 2
16186275 2
421969 0
3113568 1
6986551 1
10460772 1
275862 0
10064098 1
15852031 0
6092811 0
10521381 2
19143816 1
9389498 0
8971073 2
11481585 2
11017071 2
12974752 1
11078446 0
11284754 2
17572700 0
10773002 0
17033837 2
18937674 2
17065348 2
18607561 2
15384961 2
16344294 1
12766100 2
18430778 2
10388979 2
18768036 1
12502652 1
2690069 2
2441214 2
19959591 2
16173921 2
11508276 2
8675652 2
1535055 2
14570951 1
17462080 2
14706054 2
17641740 0
2110907 0
1353534 1
2567262 1
3309680 1
11943868 0
10795741 1
18272826 1
12663477 1
15655244 2
12453953 1
3192752 2
1244549 1
18481948 1
17928397 1
17991291 1
19068374 1
16644706 1
10855621 2
18430204 2
16732001 2
12765960 2
18483566 1
17515880 0
10656295 2
18443196 1
9392572 1
19033418 2
908468 0
15184500 1
15709062 2
19050249 1
16247001 1
8248212 1
1502499 1
18358785 1
17065343 1
11978674 2
15660293 1
11927947 1
2144301 0
6478554 0
9448482 2
1354782 2
7652756 0
18840266 2
1747611 2
3666320 2
2562156 0
18566338 1
8497435 2
3181642 2
7994912 1
2676662 0
17416796 2
8615334 2
9259575 2
7859944 2
18752687 2
1485469 2
18200800 2
15871845 2
9410902 1
8617981 0
18755894 1
1763324 1
19159454 0
913923 0
2606746 1
16968892 0
2245881 0
11118008 2
18981326 2
17167471 2
15635070 1
8719804 1
7926292 0
12080164 2
3414660 2
2219869 2
3338381 2
16877369 0
11157681 0
8383698 1
15128287 0
8647933 2
18167535 1
3301484 1
18976457 2
15855556 2
10868836 1
1739347 1
7242598 1
17593236 2
10372244 1
12878365 2
6096193 2
18673544 2
15451917 2
9699091 2
17065344 1
10708445 1
8777718 1
18048763 2
18349126 0
10510086 1
10067971 0
15314696 1
8325453 1
8601620 1
19203392 2
16186261 2
12417628 1
9858513 1
7635953 0
2060723 0
10594551 1
1382289 1
10209508 1
15718261 2
12086935 2
12573898 2
7785258 1
8417412 1
17964237 2
11289053 2
14964537 2
18694974 2
18829388 1
12173299 1
7726162 1
17045460 1
16231005 0
12793980 0
12851856 2
11018080 2
9218505 2
7520863 0
12067306 1
2233244 1
18922158 2
17848652 2
12525833 1
19005641 2
9229196 2
20003208 2
18096810 2
18316394 2
15735205 2
18183362 2
15138320 1
16197667 1
8746558 1
6210472 1
7031599 1
12967931 0
11220354 0
19017778 2
15308380 2
18547236 1
1999278 1
18191055 2
11574424 2
9120002 1
7819935 1
10051618 2
17360338 1
12031987 1
10221937 1
8307260 1
18559660 1
16374433 2
8615808 0
205552 0
8423228 2
8669957 1
2046065 1
1860008 1
3113904 1
15905321 1
7544802 1
8405741 2
15655721 2
18728231 2
14693662 2
16043741 1
16585566 1
1698582 1
353557 1
12542586 2
10546008 1
19527576 2
17470191 2
8040341 0
2708528 0
11435458 1
16249432 1
14685005 1
17306374 2
6383904 2
15852039 0
384944 1
2525492 0
7016639 1
19672314 2
8692821 1
11703366 1
19697080 2
10958757 2
3901744 2
9892237 2
6347786 0
18688044 2
14698276 2
19114721 1
19615048 2
19450031 2
17327318 2
18931037 2
12716734 2
8110002 1
1833113 1
8700877 1
8325952 2
14749263 2
16537919 0
11387480 2
9528888 1
1606723 1
9598721 1
2666429 2
8467365 0
17924973 1
10868956 1
18423055 1
12623164 2
19287497 1
14988244 0
10334318 1
9051371 1
2295694 0
3014039 1
7351636 0
10527292 2
8446612 2
1502186 2
18496666 2
7485220 2
19017768 2
6339614 0
9259273 1
18708447 2
12027922 2
8570667 1
8056042 1
7986149 1
8342097 1
14745491 1
15720714 1
18420662 2
16362814 2
10570128 0
3571496 0
19383116 2
17548846 2
1350902 0
3777161 0
9836516 1
15603869 1
8181261 1
12023947 0
9754714 0
17319955 1
10751224 0
3928685 0
7380629 0
15823385 2
15078896 1
3491769 1
18648539 2
12181126 2
10700229 1
9435258 2
7713311 2
9135404 1
8722049 1
11453115 1
19890425 2
12832314 2
17143281 1
8621001 1
14553865 2
8774154 0
8419909 0
18923682 0
10661879 0
9593759 1
12566549 1
18492789 0
12217882 0
14551916 2
11344224 2
11792835 1
17319098 2
11300445 2
17760498 2
14972058 2
15894466 2
17313427 0
8618308 1
18625033 1
7842018 1
19046222 1
1995281 1
15491494 2
10333943 2
10545531 2
8871454 2
1321840 0
6456276 0
17994213 2
17697384 2
14614647 2
1417197 1
1858159 1
9647636 1
8358440 1
16110329 1
17027229 2
16472050 2
17334650 1
7918284 1
2647552 1
12788993 1
3585250 1
7026724 0
11679444 1
3956883 0
19167831 2
11800064 2
8227346 1
1309355 1
9421470 2
2668699 2
2961513 0
11342572 0
1547920 1
18806806 0
7438339 0
7580706 2
8039594 1
15113714 2
11023815 0
8466510 0
16177159 1
10097935 1
18591633 2
19903331 0
4050972 0
18176622 1
8765018 1
18728082 1
11849464 2
19475776 2
15325833 2
18455963 1
16263242 1
17766054 2
15304632 2
19216768 2
3314469 1
18390797 2
17956470 2
17309798 0
12540618 2
8894169 0
7039365 0
17224056 1
2515489 1
1707061 2
2547842 0
11793023 2
1425153 1
18583883 2
7836934 1
11201732 2
3788976 1
2991052 1
3554759 1
6143085 1
19629430 2
9673301 2
19394939 2
17935958 2
7622000 2
19337535 2
908763 1
1262788 1
18636668 1
17868184 0
16643856 1
15361491 1
10353937 1
18443195 2
18367670 1
15834701 1
9167112 2
18663160 2
9096978 2
18620562 1
9844045 1
10447755 0
8933280 1
16647327 2
12558362 2
6368585 2
19167443 1
12361817 1
15059244 1
6760663 1
16249540 2
17692716 2
7769135 1
2653932 1
18458139 2
16173326 2
15665028 0
11226324 0
11005876 0
17569712 1
9726244 2
8554354 1
2611574 1
8016086 1
7911121 1
3677982 1
15667574 1
19433788 0
14678953 0
15918915 0
14675042 2
18056886 2
16291079 2
8529124 1
8099884 1
18292987 1
10977027 1
16449253 2
8722051 2
16280647 1
11049955 1
3770316 2
15338456 2
10973253 2
16999648 2
10388969 1
12818905 1
2140089 1
3904728 0
6327437 0
19459761 2
3690955 1
19526209 2
3930062 0
2170215 0
18717762 2
10526730 2
18324385 2
7621582 1
12110604 0
1547676 2
11935157 1
17714746 1
16278693 2
7964474 1
2861361 1
19092550 2
12941733 2
16629716 1
19436668 1
15793205 2
16372586 2
2507922 0
11141871 2
2142043 2
11225966 2
15673357 2
11755507 2
17670937 1
3904771 1
10905477 1
3318713 1
402787 1
7350194 1
624444 1
1828030 1
9133560 2
18358588 1
16941054 1
19398738 2
9676718 2
11298122 1
10438898 1
1458144 2
2189076 2
2684673 0
7558161 1
16864746 2
19210028 2
16505506 2
16749649 1
11173717 2
16386096 2
8637868 1
7813807 1
19101788 2
17300478 2
16519819 1
15047635 1
12941712 2
10330296 1
19669635 2
11485116 1
16356371 2
10183339 2
8415343 1
3486790 1
18246976 2
12028372 2
3101866 1
6367043 1
2573555 0
19609442 1
18045462 1
10331418 2
9223318 1
18528402 1
16081028 1
9391115 1
2449974 0
7649782 1
2584425 2
7173495 1
7574935 1
369928 0
18509202 2
15375795 2
18549445 1
17280620 1
8590990 0
3360221 0
7615824 2
8138061 2
17267600 1
1556180 1
1991839 0
2503545 0
19220522 2
10738048 2
18387078 1
17112621 1
8879965 2
19756162 2
18373133 2
19120279 0
10952462 1
2451477 1
3742942 1
12409286 1
8447318 1
2567257 1
14693980 2
15498046 1
8617984 1
9151789 2
6738600 1
8550831 0
8365085 2
19056611 2
17786204 2
17186387 1
10923638 1
11981079 1
3537009 1
3857627 2
11244033 1
8472388 1
19775465 1
9135932 1
1385796 1
2527266 0
17277778 1
6759236 0
11742441 2
1744803 1
18760137 2
19037920 1
17676041 1
8325989 1
2201748 1
1874938 1
17259403 2
9032109 2
7677463 2
8062602 2
7682590 1
17303976 2
17606874 1
12921782 1
17846994 1
270276 1
11457885 2
11325808 0
8316394 0
7623902 2
15220214 1
1675432 0
2259217 2
10102706 1
19381071 0
12623881 0
18539754 2
11723063 1
17883840 2
16585115 2
8958211 1
12610006 1
1345171 1
2354749 2
7485382 1
8181185 1
12836865 1
1990188 1
16845606 1
9272591 1
18835928 1
17462956 1
17487985 0
11062060 0
15855327 1
18490555 2
15343384 0
17683561 1
17003360 2
7834210 0
8432857 2
10585753 0
1832597 0
2529158 0
2950766 0
143386 0
19033397 2
17347455 0
16034613 0
1971998 1
1683635 2
3358015 0
19244565 1
17727388 1
18714373 2
15467822 1
7556988 1
14673522 2
18474888 2
16410358 0
15047603 0
18188455 2
18644073 2
2010535 2
9520453 1
8971095 1
19368716 2
16098842 2
17379054 2
7964812 1
1864488 1
9933449 1
17590177 1
10447519 1
10691912 1
8063033 1
18926825 0
11487552 1
16936143 2
15937548 1
9042931 1
12639991 1
18633105 1
15983207 1
2091872 0
8869191 1
1959707 1
8762108 0
3046969 0
15450696 2
9000704 1
8149657 1
2352189 0
6883199 0
18835955 2
17329575 1
9389757 2
9114043 0
8550838 2
1511805 2
16258158 1
11197691 1
11964337 2
2136723 0
16503991 2
9882558 0
2995996 1
705775 1
12796471 1
10325232 1
7773291 1
19052638 2
15331532 2
9593767 2
16595786 2
18840210 2
10895842 2
9706303 1
18375420 2
12788573 1
10546010 1
2661244 1
8761460 0
7548237 0
3525284 0
8212454 2
18044107 2
15677775 2
18622276 1
16621111 1
8528248 2
11717448 1
9679667 1
17337504 2
16855180 2
8112186 2
18985010 2
16757574 2
17761996 2
15317613 2
15303408 1
7909987 1
16573308 2
14527045 2
17047287 1
10697396 1
17173714 2
9227196 1
3554882 1
17585110 0
12530974 1
19106241 1
7555480 1
15451743 2
9314627 2
17100762 1
12941768 1
19077281 2
16344423 2
19956102 1
18641671 1
2199727 0
1711209 2
15616034 0
15202016 0
10339045 1
18183363 1
10747342 2
1852860 1
19490627 0
10097900 1
8093606 1
10704145 1
9334358 1
3114751 1
7989591 2
1877507 2
18701453 2
10868943 2
12120417 2
16507891 2
15855346 0
9764597 0
2166735 0
11424231 2
18175751 2
12444862 2
9713006 1
2809082 1
8577709 1
7525393 1
12716810 1
18312687 0
15778344 1
17333105 0
12739028 0
1955501 1
2073970 1
19475773 2
16123505 2
3791893 1
15056761 1
8232539 1
8823307 0
2055341 1
9114036 1
17644085 0
15298349 0
7696210 1
18443204 0
9274545 1
18375412 1
15920056 1
12020338 1
9518395 1
9831135 1
17389382 1
15184499 1
15138687 2
12115623 1
18577688 0
10867718 2
17301194 2
12196431 1
10591418 1
19118120 2
15206496 2
11978634 1
7615800 0
1435291 0
6334991 1
16024864 0
10768990 0
1681160 2
15920000 1
9610651 1
2933286 0
18539916 2
19143818 1
12242468 1
8611873 1
1587400 2
18784090 2
2184022 0
18624731 0
11722631 1
17666462 2
17550588 0
12006365 0
16415884 2
2250718 0
16710474 1
2040383 0
3193900 2
15189493 1
15616016 1
11724655 2
16258542 2
15209606 2
2797067 1
17306021 1
16433707 1
19900993 2
18941734 2
16539649 0
10907124 1
18487478 2
2116203 0
2531549 0
18272638 2
12850656 1
8080048 0
10502544 1
9605629 1
6512866 0
18556604 2
8886555 2
15163475 1
11546824 2
10084586 2
17320100 0
1658008 2
15473902 2
1513099 0
2532505 0
590653 0
11472422 1
8830831 1
19252133 2
19013621 2
8343736 1
1520003 1
9239508 1
1430198 0
6094325 0
10868858 2
7409364 1
18599519 1
18209091 1
17403121 2
16219011 2
17669711 2
18952836 2
15662000 2
15920042 2
18796622 2
11333990 2
3421907 0
3300639 0
3094377 2
11375456 2
2964977 2
9153283 1
1346821 1
16336637 2
7862678 2
16997664 2
17711492 1
10086946 1
17459076 1
9770521 1
9356041 1
2979618 1
19120266 1
16140038 1
18483609 1
11272194 2
9329975 2
10963600 1
8425658 1
18397274 0
16574667 1
18840783 0
12475915 0
14643123 1
10699054 1
17496732 2
18252895 1
17884968 1
6480821 1
8374679 1
10857967 2
2903679 0
10621901 2
7677834 1
8307256 1
17848653 2
18492944 2
8684103 2
18060033 1
17763913 2
9571333 2
18437226 1
17656810 1
18706099 2
8816980 1
16804082 2
6690964 2
1700700 0
17114453 1
7977341 1
1425162 1
11285308 0
2523782 1
14523186 1
7490118 1
16014697 1
11173119 1
15625348 2
12032111 2
1541324 0
8083355 2
8433729 2
7977386 1
18786299 2
9739059 1
7722337 1
18655733 1
8554212 1
7681990 1
8486775 1
12196477 0
11016444 1
9742505 1
17326333 2
12734137 1
3082444 1
3618725 0
2949474 0
11159708 2
8549010 2
8981961 1
19317897 0
19022158 2
6758737 1
10335783 2
1608115 2
11904371 2
11058894 2
2891223 1
1149954 1
15331558 1
7883223 1
1743213 1
19664187 2
16034410 2
12097339 1
18729180 1
15619291 1
17213881 2
8326013 2
10793009 2
9988276 2
7964456 1
11223991 1
2012085 1
9080995 2
19075291 1
12364437 1
16033730 1
16293781 2
16699045 1
9632128 1
8096268 1
17472434 2
12637977 2
10403913 1
2307094 0
3500674 1
11916940 0
18304674 2
12547870 2
15459003 2
19001190 1
18083788 1
18652097 2
16227461 2
16782722 1
8722068 2
10975212 1
16271646 2
19124789 2
15640274 0
8404429 2
10393700 1
8138054 2
18698691 1
17721757 1
7657822 1
2401398 1
17825092 2
10751750 2
8866565 2
15340148 1
7722443 1
14679064 1
11485910 1
8550841 0
18957505 2
12610039 2
18063685 0
7928409 1
3065002 1
6742878 1
7202860 1
17550719 1
14737742 1
18544706 1
16882744 1
10525658 0
2420664 0
16292463 2
12809958 2
17991690 1
8299453 1
15331022 1
2786821 1
10432906 1
2916872 1
10388970 2
17068657 1
9878081 1
7017341 1
18297259 2
2348836 1
17060767 2
10484306 2
7554382 1
1397714 1
11160694 1
6252275 0
2987920 1
9498630 2
8675629 2
1556176 2
9482914 2
9032096 2
11798459 1
2642432 1
16922704 2
15321869 1
8783761 1
10376440 1
2204056 0
2140804 0
12500218 1
19898645 2
1955098 2
19575789 1
17301339 1
8692973 0
1439783 1
19727413 2
8109185 2
15929675 1
9028688 1
7492163 1
2817954 1
10540156 1
9005968 1
2988099 1
19027368 0
17189872 2
8243857 2
12865945 1
9058834 1
16227041 1
12087017 1
18679554 2
15201238 2
10855538 2
18229453 0
10615421 0
16085750 2
19236617 2
18497871 2
18039816 2
10727441 2
7789637 2
16284649 2
8675680 2
10074012 1
9072870 1
14693978 2
16699517 1
18638371 0
7556957 0
18285553 2
17616607 2
11897675 0
17145742 2
3631074 1
3456197 1
7523287 1
2002657 0
2200808 2
3544839 2
8894484 1
15715885 2
17156424 2
16129011 2
3260201 1
12587011 2
10894169 1
8343743 2
9664081 2
9446548 0
18172212 2
16983057 2
2654294 1
8878419 0
3098608 0
9419343 0
8219368 2
9449683 2
9285775 2
16089501 2
15536160 2
17580731 2
14514586 2
2046485 0
18650369 1
1778111 1
11092283 2
10189543 2
19054720 0
10523366 0
8823297 0
7962558 1
7860747 1
8415751 1
8422836 2
9703171 1
7556984 1
9604880 1
15638292 2
18710901 2
9562346 1
18647412 0
10588367 0
3721064 2
7859631 2
8760175 0
15130786 0
1638761 1
2197139 0
2247883 1
18182562 1
11025791 1
17394557 1
7657036 0
16644802 2
18390802 2
16801375 2
12788992 1
2824647 1
19706161 1
14742252 0
7835939 1
19171813 2
14500058 2
19768110 1
16550170 1
1514612 0
18987646 1
15471889 1
8971078 1
17326327 1
6381179 1
18753304 0
11461935 0
12721094 0
11445827 0
9042926 2
15006123 2
17827400 2
8083370 2
1532777 2
16873591 2
17521809 1
1591229 2
16111631 1
14960504 2
10491408 2
8897005 2
8370696 1
7556956 1
3519340 0
19715561 0
11357483 0
17326710 1
10931417 1
11334404 2
19110536 1
1849171 1
2731459 1
18769499 0
12765971 2
10780668 0
15662004 2
19015530 1
6324582 2
17996516 1
7325991 0
151683 0
1884898 2
15331525 2
1933705 1
3529954 2
3614389 0
18184900 2
19653885 1
7580637 1
18535323 2
15186867 1
3349231 0
6662852 0
2318983 1
3400091 1
12416662 1
3514336 1
8056182 1
2113614 0
16995860 2
11220295 2
15184501 1
12087014 2
1465437 0
1570017 2
18769904 2
15277403 2
6369965 2
7670740 0
8340699 0
17437424 0
8666914 1
18320053 0
17299398 1
2189896 1
2914623 0
8922349 2
12017400 2
15993357 1
1727730 1
3302721 0
10193257 1
6407601 1
18835930 1
16903915 1
7828080 1
6137147 0
15096438 1
8335174 1
10078544 1
18925326 2
10342336 2
18155695 0
15975572 0
17513797 1
9782121 1
18250267 2
17259468 2
10775108 1
2828405 1
3607357 0
18477630 1
8458308 1
10840051 1
16631535 0
9000706 1
1383070 1
7618940 1
10677335 1
18664535 2
11108714 1
1641770 1
2201500 1
8940385 1
8842593 1
8912690 0
7486814 0
8962136 0
7729603 2
12502742 2
10485707 0
1530852 0
18443194 1
11606170 1
18029454 1
16545130 2
1482784 2
16232222 1
8452815 1
8168644 1
10433489 0
8485872 1
18533284 1
7813815 2
15833140 2
12140364 1
19060128 0
18175745 2
9627564 1
8741812 1
7685331 0
3275555 0
1979939 1
18405345 2
11567629 1
1996593 2
16454166 1
8817351 1
1303251 1
15647714 2
11232013 2
12882846 1
18551177 0
9451466 2
10937510 2
1830860 1
19795399 2
9133559 2
9614613 2
12525697 1
8339176 1
2389148 2
14659011 2
17169983 1
15608258 1
10084598 2
10540353 1
18952838 0
15138155 2
16778583 2
18292465 2
8590785 2
3003151 0
6352376 1
18795103 2
17030835 2
18287369 2
15505008 2
8676087 1
7691886 1
2227134 2
8314025 1
16969645 2
16357802 2
12379575 2
12882841 2
18981327 2
10976710 2
11231974 2
9054945 1
8181255 2
15338127 2
12882866 2
9440869 0
12351432 2
16176140 2
17462095 0
18764943 0
17937784 0
7589841 2
18197261 1
12441403 1
18796521 2
11161631 0
7883114 1
17174891 1
19691832 1
15047611 0
9314633 1
12829649 2
11935714 1
1547589 1
14693705 1
2670643 1
19143813 1
10642598 2
9038347 2
17955068 2
15850549 2
8083360 2
8416266 2
9519740 2
19251584 2
16215165 1
9699088 1
17286757 2
2816861 1
1902501 0
2115690 0
17157120 2
18690293 0
10027940 1
16703329 1
18413598 2
9356033 1
17535961 2
9421377 0
16702986 0
11724413 1
16249457 1
15855348 0
3279925 1
3954437 1
17693571 2
11874423 2
11711563 1
2272664 1
1513092 1
6103159 0
19033410 1
17327311 1
1924335 1
9662052 2
14514628 2
2221011 0
17065358 2
15383444 1
10510949 1
8269813 1
15186254 1
15013476 1
7813813 0
16354107 1
8858209 1
12695300 2
17579832 2
2740348 0
10615959 1
15831467 1
10724086 0
10862796 0
8904926 2
914988 1
19956096 1
17934143 1
16093309 1
12750768 0
3911910 1
12136407 2
1838064 1
15239024 1
15610328 2
12020335 2
8408647 2
18697903 1
15996257 1
9933451 1
18398138 1
16030147 1
2110189 0
11165968 2
15198833 1
16978367 2
18523557 0
3054430 0
10229297 2
6530055 0
19084216 1
3499865 1
3707182 1
19390595 2
12397582 0
17981623 1
15220016 1
18283634 1
19858481 2
17949947 1
19075293 1
1951264 2
19327134 2
12476891 2
19289493 2
18779578 1
7786661 1
8403830 1
10411548 1
7721526 1
19017773 2
16868301 2
15886700 1
3996793 1
19690620 2
10768099 2
16260352 2
3370569 1
3896895 1
18487477 1
11484077 1
6593734 0
6162698 0
10469241 0
1780326 0
12717005 2
3891467 2
8443479 1
2224265 1
18200811 1
12390307 1
10719672 1
17846323 0
10480619 2
12662297 1
2236044 0
8894182 0
2464683 0
17517145 1
6369870 1
18443191 2
9224218 2
18832086 2
9751766 2
2957390 0
3862110 0
1833011 1
14557453 1
12606527 0
18852875 1
15569126 1
16352685 1
1533230 0
2139429 0
8737029 1
8549866 1
2123890 2
15784133 2
7743757 2
18024851 2
1682198 0
1971659 1
8173426 1
2857852 1
2478426 2
6337335 1
10477250 2
18477813 1
7789624 1
9828782 1
8721937 1
7841827 1
3919804 1
11723070 2
17130576 1
7838949 2
1888242 2
9185226 1
15043959 1
19005394 1
17712252 1
9686919 1
19531260 2
7523453 2
15223225 2
7926306 1
7159398 0
631458 0
7034532 1
334498 1
15383397 0
12697581 0
16155283 2
15128605 2
8459217 1
8450061 0
6174007 0
18930061 1
17603822 2
20011163 1
19075294 1
17722663 2
19010456 0
14525917 2
9664082 0
2666213 0
1398757 1
2656351 0
9006003 2
2784542 1
8446602 1
7615844 2
1999275 2
9167115 1
16731999 2
2901099 1
16978494 2
11160133 1
9165225 1
8016140 0
2465383 0
11522694 2
15545992 2
15047632 2
9103512 0
8686710 1
8906855 1
1683793 2
19337558 2
8606266 2
8816978 1
3926200 1
18068623 1
8674876 0
18802326 1
15364165 1
3087454 1
6204895 1
2651002 0
11845226 1
7776502 2
18082388 1
18556338 1
8666144 1
15326158 0
2369660 1
6127504 0
10845962 1
2027939 1
18523144 2
17408338 2
8422775 2
11806471 1
9787954 1
20061358 2
15381515 1
8423232 1
2129772 1
16945141 1
15850778 1
11136233 2
2689121 2
11716774 0
9657963 1
11463841 1
10077636 0
7470023 0
4321934 0
9541507 2
12941778 0
16477438 2
8617870 0
17374136 1
9605655 2
9301347 1
7796984 1
18556339 2
17707128 1
8958223 1
19448981 2
16682312 2
14694850 2
10540181 1
8720604 1
18514235 0
11423486 0
7860761 1
3045545 1
15024687 1
7605869 1
3292584 2
3889039 2
18957529 2
11444881 2
6353846 1
8343628 1
2969913 1
18678610 2
9051375 2
7883123 2
18430866 2
1899407 1
14988292 1
18560002 2
11574437 2
17363740 2
1873263 1
3618162 1
15604334 2
1778353 2
16307624 2
11912800 2
3875511 1
18393965 2
15536023 2
10821782 0
10078995 0
16544364 1
15920054 1
9283793 2
6454399 0
1212803 0
18762382 0
15574137 0
7859598 1
11037798 0
9062343 2
6750845 0
18835927 1
7926315 1
18182453 2
10391812 2
19652945 2
17495205 2
10800015 2
18682011 2
19342601 0
15164170 1
12610040 1
1370506 0
18509209 2
17225122 2
14559925 2
15777477 2
14982274 1
11110735 2
9269212 1
2065046 1
8462770 2
7998931 0
3292589 0
16911628 2
2401399 2
10620608 1
10201997 1
8878425 2
8591814 0
17603485 2
19956109 1
15855350 1
16670763 1
11890708 1
7556948 1
7468768 0
18591404 1
16849406 1
3260200 0
12562946 1
10872535 2
9133541 1
18500986 2
18305140 1
15522116 0
7722501 0
2508176 2
6434058 2
11703365 1
8450063 1
2182505 1
15860239 2
11906471 1
12659641 2
7587846 2
15322272 1
15693070 1
8755935 1
8922357 1
2065863 1
18420100 2
17003293 1
15955236 1
12649957 1
9445387 0
7582250 0
10837382 1
9228211 2
16631806 2
9209206 2
7810757 0
18793419 1
14522095 1
15656877 2
12688387 0
10562303 0
10329962 0
2495077 1
3436488 1
8183282 1
2210059 1
18335280 2
12145243 2
19387106 2
11916953 2
10445829 1
394798 1
321126 0
8725859 1
3109542 1
6457532 0
99048 0
14963650 1
9516221 2
18549860 2
17392555 2
11737058 1
10391400 1
7710714 1
16675414 2
15276423 2
1924397 1
8040269 2
3044882 0
11916936 2
8258349 1
6311662 0
8928857 0
16123337 1
15633292 2
15244101 2
18695642 0
9195135 0
9588456 2
18420663 2
11131099 2
1554359 0
9267996 2
2201540 1
15961380 2
16845685 1
17319470 1
17106061 2
3489301 1
15184978 0
17517665 1
18202243 1
15277409 2
14747210 2
3097948 0
3122980 1
18183468 1
9589233 1
12401757 2
2966437 0
9392496 0
2659430 1
10642930 0
16864906 1
15665180 1
2040384 1
8269793 1
16168344 2
17492428 2
14595538 2
17439741 0
12788877 1
19956099 1
19119414 1
15032912 0
11762615 2
1349989 2
15644838 1
11687554 0
16641093 2
15277429 2
1446808 1
12084737 1
7615020 0
15056379 1
10586096 1
3135758 1
1473611 0
14615542 1
14679102 1
3893253 1
8376593 0
3136193 0
17361126 2
3277623 0
6426472 0
3360218 2
12754709 1
6580815 1
16731832 2
19949728 2
18796098 1
12727927 1
16606865 2
12351450 1
1406860 2
15960852 2
10895844 2
19143811 1
12951279 2
14633804 2
18417562 1
11423471 1
7729614 1
7971976 2
1877373 2
7914880 1
18411239 1
3344018 1
15723700 2
6734391 1
2109604 0
2952656 0
15003519 2
17517066 2
15047644 2
18001305 1
12546277 1
17389327 2
12077744 2
12915397 2
8593938 1
11742413 2
17319106 2
12145247 2
7902572 1
12165076 0
3556279 0
8690781 2
3391340 2
7034534 1
477024 1
9314555 1
18182154 2
10637268 1
8546507 1
1825954 1
15851427 1
8306584 1
2923463 1
6715111 1
7540094 0
1393277 0
17363743 0
3275717 0
12970107 0
12384452 0
15997232 0
17015713 0
11518024 0
1432012 2
15940395 2
10903125 2
7685354 0
3277624 0
7017342 0
17641777 2
9703329 2
9466581 0
8769952 0
12836867 2
7587847 2
18266708 2
9884029 2
17925030 2
11519398 2
18633114 0
10027394 1
12789653 2
15972948 0
9857328 0
2404715 1
4051539 1
588096 1
17150299 0
11740157 2
18581583 1
6589390 1
7589832 0
15774531 2
11220296 2
9428832 2
8514859 2
1991829 0
17433304 2
9518707 1
2526694 0
9588440 2
11793013 1
17286868 2
17115351 2
1612192 1
11502815 1
11781353 1
9846494 1
12039919 1
2217170 1
3186714 1
2998911 1
16338755 2
12610032 2
9648845 1
6610693 1
6220083 0
3937758 1
14583174 2
6445186 0
7560067 0
3107208 0
16754860 1
11118016 2
15270841 1
9691086 1
19597170 2
16443871 2
11032783 2
8782826 2
11777992 1
8772719 1
6147290 1
10485916 2
7589853 0
9655791 2
6212541 1
400737 1
7504266 1
19167958 1
12499327 1
9710447 1
6468790 1
9535411 2
18591401 2
12502656 2
15220012 2
6383925 1
11781357 0
18487474 2
8435549 2
6833751 0
8351904 1
2661589 2
18200825 2
15700891 2
6242771 2
11906948 0
1973670 0
18477807 1
17785799 1
17891166 0
16096055 2
9114645 1
8636435 2
15562143 2
10333942 2
17020404 2
11093296 2
17372790 2
15451895 2
1776893 1
2097291 1
1975778 1
3122183 1
3881525 0
2052059 2
8735642 0
3140677 0
12116176 1
1438315 0
3275895 1
9589250 1
18303203 1
15676164 2
18663427 2
9166672 2
16895275 2
15868769 2
12028371 2
2141449 0
7425570 0
19028390 2
14715851 2
18689693 2
15328324 2
18669809 2
10969500 1
9356018 2
16313366 1
11390440 1
9479861 1
11194240 2
2065845 1
9722689 1
17164006 1
10403914 1
2307481 1
3514237 1
11431600 2
18445349 1
8422831 1
2849069 0
12975466 1
9885897 1
15735201 2
9350817 1
8808601 1
2567256 1
16407737 1
9397490 1
7911924 1
17676306 1
17392553 1
9566857 2
17991775 1
19478458 1
19152692 1
17199716 2
3096429 1
6765118 1
9286948 2
8640221 2
2254458 2
2653926 2
9566924 2
7704030 1
7738493 1
17356989 2
4037902 1
109340 1
17428851 1
16757149 1
1644246 1
6470179 1
775181 1
8256853 2
1371995 0
9133540 1
11423501 1
1422588 0
16184198 1
6453533 0
14633816 1
10651256 1
8458530 1
16085737 1
11473073 2
3422871 1
2068098 0
16083707 2
11978591 2
19047532 2
17644623 2
8725853 1
17003358 2
4042795 1
17088564 1
7588330 1
8550844 2
1673662 1
1676562 1
2901931 1
17591623 2
10964123 2
4092859 2
2043812 2
12364302 1
15161770 1
7035427 1
998574 1
18270681 2
15111510 2
19297312 2
18515811 2
19052261 2
14976002 2
12684363 2
16192669 0
2040388 0
16371403 2
8641116 2
2200804 0
7706456 2
2673897 0
16123485 1
18452614 0
11529910 1
9366391 1
15842729 1
11289465 1
17016693 2
15928253 1
10895849 1
1677834 1
6237012 1
18349069 1
12663566 1
19812703 0
16214939 0
15308778 1
12892737 1
6378460 0
7241881 0
17381502 2
18927173 1
9009975 2
19152925 1
12145242 1
7635965 2
15748291 0
11254901 0
9480725 1
6374455 1
12855222 2
2204345 1
7819154 1
18981158 1
9726241 2
8397713 1
11006768 2
9929969 2
12610029 2
18697794 2
16306377 2
19341163 2
14693968 2
2493869 2
3653559 1
18376420 2
8635270 0
12925038 1
11194219 2
10938048 2
16879245 1
18339973 2
17392546 2
19077211 2
16918583 2
15028959 0
16283239 2
690190 0
1186499 0
1541382 1
8080489 1
1729686 1
11748258 1
6451172 0
19536605 2
16464712 2
2022312 0
10779485 1
7840855 1
12597780 1
10430937 1
16100332 2
19649297 2
1829324 0
10404950 0
3292329 0
8700908 0
19008344 2
18251005 2
16567535 2
19183314 2
8334824 1
15095517 2
18414395 1
17245370 0
19455305 1
18305142 1
8778001 1
7705028 1
7713308 0
6458088 0
9614606 1
14988248 1
9605628 1
18809622 2
9809729 2
3140447 0
10888252 0
18652658 2
10332682 1
7490073 1
1914814 2
10352120 0
3123298 1
6317503 1
1904067 1
6862134 0
17143333 1
10454950 2
17327441 2
18514090 2
12829986 2
10399896 2
19171059 2
9314626 2
12876166 1
9267988 1
17263930 2
18556336 2
17977958 2
8833910 1
7657037 1
17143326 1
9780157 1
15207750 1
15637289 1
19534826 2
14960743 2
7867883 1
3513719 1
6753471 1
9114038 1
1778354 2
6363175 1
18443762 2
10867715 2
431046 0
14593852 2
2286183 1
12891212 2
10677313 2
3177389 2
14514639 2
17102158 2
18796621 2
1988007 2
1312572 0
6169282 0
19419548 2
11679387 2
11872684 2
17244711 1
15292346 1
11985511 1
10652999 1
16295022 1
8026281 1
8887158 1
17554260 1
1703973 1
15839186 2
7246053 0
2642110 1
17971557 2
10068385 2
18809631 2
17373638 2
14988297 2
9788970 1
9329965 1
12007729 2
6156952 0
7380109 0
15516697 2
3279941 2
18605991 2
9715377 2
18551124 2
19477990 1
19153582 2
2649514 0
12610053 2
10594693 1
19624828 0
16595504 2
8950668 1
3702207 0
18246189 2
15721294 2
2523314 0
8572201 0
15186500 0
10686580 2
10856382 2
7889411 0
2838359 0
6318545 2
18728236 2
15573141 1
8485622 0
6697101 0
12800453 2
3805283 1
3002976 1
1831491 0
3890853 0
11376336 1
10677386 1
8033411 1
19017948 1
16034108 1
8306094 0
3662696 0
18252897 2
9179756 1
1377788 1
3264812 1
3485683 1
18840781 1
2869996 1
11289033 1
8870570 2
3497758 2
15867041 1
9767450 1
9036992 1
7016638 1
17130478 1
7551159 1
7790825 1
12203941 1
17550670 2
12790304 1
18728230 0
8866552 0
8298799 0
1675174 0
1828735 1
14747275 1
2309858 1
15255786 2
7512990 1
8426122 1
18827867 2
11051287 1
8392181 2
2010050 0
7556981 1
8024653 1
1932903 1
2565999 1
19956094 1
19136655 1
9217891 0
14638559 2
7532143 1
7926297 1
9377611 1
10333956 2
16408124 2
11466099 2
1466752 1
3276482 1
12032114 2
16895987 1
15256073 1
12136128 2
2176470 0
3071485 2
3905477 1
10440120 2
7895463 2
14700743 2
9544598 1
17311546 1
2300572 1
14966043 1
12107720 1
15616025 2
12707373 1
956998 1
18313502 2
12583792 2
12874106 2
9519721 1
17650158 2
18464933 2
15734849 2
18698221 2
17536076 2
2931313 0
18061069 2
2379869 0
3411516 0
12882845 2
11488769 2
2086278 2
19252740 0
17591957 1
9254659 1
19119252 2
8262315 2
15941771 1
12663572 1
8314017 0
2837304 2
3002163 2
17453392 0
10960717 0
3283553 2
9033268 0
2229292 1
7587918 2
8094039 1
9916130 0
6315513 2
8374376 2
1830534 2
1722364 1
16936213 2
1899928 2
18212763 2
18004301 1
12121673 1
15941770 1
3786027 1
6571419 0
15879687 2
19317376 2
12196473 2
11509426 1
6985452 1
17903298 2
2943624 1
14747289 1
9529659 1
10388989 1
2776094 2
6695895 2
10490521 1
2198189 1
9926523 1
11940121 1
14675484 2
10388978 2
3940909 0
17462167 2
3060025 1
7047112 1
2915437 1
7582450 0
2412933 0
12797714 2
18056794 2
9440478 2
18448586 1
11012906 2
16151413 1
3449189 0
10725270 0
18794553 2
3319305 0
19448982 2
18461161 2
16909454 1
15592940 1
10874799 0
1908143 1
7826293 1
8375244 1
17533210 2
10784223 1
9344328 1
10588937 0
9139984 0
19344500 0
565933 0
7672674 1
6239554 0
15971061 2
15579429 0
9218833 1
15161630 2
15069067 2
1999488 2
16339811 2
15337217 2
7688327 1
10501653 2
7523207 1
15024708 0
15327590 2
8269790 2
17031610 2
18560894 2
16804043 2
12163565 1
2143132 0
1465438 0
3487117 0
7900697 2
6765121 1
18469206 1
12647842 1
9473384 1
7046648 1
453913 1
17595249 2
19104407 1
18339148 1
19421422 1
12031988 1
11375326 1
15467831 0
7512724 0
18089694 2
11891023 2
15998581 1
8920883 1
11905853 1
11850098 2
15713359 1
17971425 2
10090898 2
11835694 1
2131794 2
11318957 0
11703431 2
7586687 1
8627431 2
18056888 1
15089792 1
15765621 1
19558686 2
16304314 2
7560085 1
18555826 0
10588366 0
11969302 1
18317727 2
17259504 2
17767168 0
2511765 0
10764998 2
1918378 2
7028540 0
10323602 2
6383190 1
3710012 1
10718777 2
7691511 2
8308734 0
2164883 0
2965652 0
2406723 0
15632023 0
2123146 0
8094734 0
2104183 0
18759852 1
17143195 2
2354747 1
3079605 1
8094595 2
2404717 2
16491102 0
3156405 0
8036284 2
8457507 1
1739687 1
12531877 1
6219026 0
1548146 1
16367881 2
8401590 1
2002494 2
15917564 0
1545396 0
7229647 0
19834568 1
16551748 0
14568969 1
10882321 1
9627363 2
10382597 2
17887992 2
11289485 2
2185110 1
11916954 2
3283552 2
14617043 1
16214598 2
2668086 1
2189760 1
19337530 2
17335466 2
9753294 1
16274479 2
14675090 2
9032100 1
18252823 1
7648786 2
7121528 1
2451505 0
2424432 0
3045553 2
15364161 1
2001799 0
7913115 1
9836532 0
3065112 2
8349034 2
18411384 2
9108835 2
19029977 1
11959796 0
6218080 0
2895363 1
1433314 0
16230722 2
9287053 2
9721080 1
17563060 1
8783762 1
17526769 2
16901964 0
18216319 2
16735799 0
17317763 1
1397775 0
18820210 1
15710870 1
6759266 0
15518817 0
16043734 1
8969335 1
12921938 2
7795649 2
10468619 0
2138777 0
18591400 2
15925013 2
9371645 1
18655717 2
18282631 2
7743762 1
17550671 2
2117948 2
11703367 1
18458144 2
1626567 2
10890871 2
7883111 2
2010046 0
12020339 2
3124829 0
7972005 2
1661692 0
11213884 2
6383913 0
10972586 2
18298656 1
10610714 2
16384535 1
10550417 1
12651792 2
18678616 2
1869820 1
18986536 2
10752954 0
18483616 2
3035556 2
18779868 0
11139367 0
14687894 2
12824290 0
8349807 0
1381005 1
1901764 0
3220197 0
12015323 0
19171794 0
15939814 0
18390791 1
14526269 1
18005036 1
7544254 0
2991415 0
6602931 0
15920070 2
2952408 1
18029395 1
11698422 1
18431243 1
1727742 1
17468351 1
8342509 1
18504548 2
10229302 2
9676994 1
3661181 1
14633343 1
12610005 1
2525491 0
8733594 0
18070658 2
7622004 1
1446802 1
8304505 0
10566601 1
17898990 2
16751711 2
11815505 2
12383202 0
10388983 1
510129 1
7490992 1
8817106 2
18390792 1
12559865 2
10672449 1
12663480 1
17428349 2
16442182 2
9176099 1
8095459 1
17342472 2
19194567 2
3807832 0
10064093 2
9119545 2
1955102 1
1413495 2
6376218 2
11522708 2
1503616 1
2540178 2
10886245 1
10753042 1
19688040 2
1776811 1
16877540 2
12843189 2
6362204 1
11194248 2
16423284 0
8549867 0
16458664 0
18390798 1
17178005 2
16681424 2
9096969 1
9200646 2
1530573 0
2670642 0
18806884 2
11399938 2
11213880 1
18931038 2
17327462 2
7580548 1
10404736 1
18205259 2
6541983 1
15143122 2
12482640 2
19017769 1
17075776 1
18675592 1
18292537 1
8635658 1
8546508 1
4075949 1
18252237 0
8329915 1
1878639 1
16429105 1
15195154 1
8282833 1
1188560 0
4683872 0
19721853 2
19718502 2
12789655 1
17551159 2
8201010 0
15616013 1
18509210 1
6242804 1
19066321 1
16298634 0
7555486 2
16893912 2
10332671 1
3065114 1
19549859 1
12086969 2
11723082 2
6823559 0
8034570 2
17053023 0
6368297 1
2891993 1
12145150 2
18469241 2
9215667 1
18390721 1
18927125 1
17054449 1
15220246 2
9578206 1
9263013 0
6497171 1
2788181 2
4077975 1
17394733 2
15842521 2
14514580 2
3622198 1
18806780 1
15647716 2
3402166 1
2499505 1
17673522 1
443076 1
19337532 2
16415461 2
17895458 1
2338751 2
19033412 2
7521354 1
3038641 1
19414403 1
15661873 1
2981749 2
12540611 2
8530070 2
18809627 2
11315831 2
8945470 2
19143820 1
15984382 1
12226150 1
15318993 2
8690161 1
11508279 1
16873791 2
2507030 1
17211497 2
10332688 2
9020271 2
3119757 1
971791 1
8104271 2
7353727 1
1465562 1
12930356 0
18551011 2
12351457 2
7555498 2
12601628 2
16321162 1
11027198 2
8237971 2
18490958 0
17679931 0
19742300 2
19666548 0
3881092 1
340310 0
19578398 2
7499178 1
913920 1
6991338 0
15920163 1
10868930 0
19244566 2
10802501 2
17394732 2
15208848 2
18694972 1
17919266 1
15746832 2
19017766 2
9702425 2
9589231 1
8495980 1
17967455 0
12185270 1
2237405 0
2790373 0
3380878 0
10047433 1
12529710 1
17052049 2
11341743 2
1401068 2
14747278 2
8157281 1
3111859 1
15983314 2
9625287 2
9100223 1
2612758 2
2662016 0
9694180 2
155716 0
18487472 2
16936156 2
3919090 0
15317710 1
2910288 1
12387452 1
11232760 1
12962163 2
11815459 2
12610027 1
1737547 1
16416146 2
2893606 0
3089169 0
8742561 1
8425674 1
11389300 2
8777280 2
10526738 1
7702885 2
2507378 0
15585598 1
16118269 0
12805564 0
1541376 0
12464673 1
9324361 1
2204503 1
9879726 0
10873985 1
10102716 2
12610018 1
8671670 1
6374896 0
2684716 0
15955371 2
10725755 1
18403591 1
15708833 2
16732007 2
11042154 2
10331425 2
12086760 2
10552021 1
7506712 0
16581863 0
9331278 0
2327840 2
16322396 1
3984930 2
14578241 1
18433508 2
17076359 2
9636185 1
1415679 1
17405852 1
10878389 1
12502493 2
2567252 1
16330291 2
15561941 1
12610045 1
16970554 2
14988269 2
15135805 1
2495112 1
2898708 1
1991827 2
18539917 2
19436654 2
18489933 1
17488363 2
16504056 1
9662409 1
16936216 2
6766467 1
909549 1
15563978 2
3689326 0
15677791 2
9078243 2
7553875 2
16306342 1
8737031 1
11382558 2
7519242 1
7829633 2
12828818 1
10834423 1
18339977 1
7758880 2
16719841 1
12708572 1
1909248 2
8900242 2
2040394 2
3549715 0
6117683 1
1606724 1
15111376 2
16614815 1
18395201 2
2668949 0
347001 0
9022080 1
8632993 2
19143821 1
8226139 1
15304647 1
12672066 1
19210701 2
10743981 2
9405257 2
9045858 2
1545870 2
3522324 1
9203442 2
9294099 1
2445817 1
11909787 1
2962807 1
9217885 0
12021247 2
8359108 2
11693036 2
6403151 1
6280621 1
3792694 2
2200731 1
19533084 2
18008060 2
8619345 2
17001619 2
16207847 2
11298123 1
8635655 1
3899813 0
18356404 1
16813737 1
11289345 2
1636838 2
1951827 1
11302899 1
1626994 1
9283785 2
12591951 2
11220550 2
16644715 1
7583545 0
6114005 0
3157432 0
8864645 0
2897395 0
1451958 1
9069565 0
14767595 2
15643010 2
9760954 2
10102697 0
17039422 2
10580439 2
15161795 1
16004665 2
16709243 2
7955993 2
2984941 0
6571875 0
15655708 2
19056609 2
12354786 2
3301480 1
10725775 1
17997807 2
2351509 1
18801851 2
10912903 2
6459051 1
15743841 0
9075721 0
10589696 0
15327738 2
1559414 1
9421467 1
11756323 1
15642076 2
16553957 2
10088625 2
9449872 2
9743359 1
16297151 1
8166282 2
1834379 1
16354680 2
10593864 2
3488932 1
8030444 0
18840782 2
2187189 0
7026096 0
18390793 1
17485572 1
16869959 2
16683131 1
9219407 2
6423045 1
8056194 2
16051927 2
8732700 2
16519040 1
17519421 2
11317668 1
17600118 1
15078862 2
17303799 2
18319310 1
10896647 2
15561905 2
12401730 1
9384304 1
6441449 1
8201013 1
9028721 2
16443741 2
15049935 2
19604407 2
17636747 2
19152930 1
2753232 0
15220190 1
1513093 1
2671575 2
3954436 1
3917816 1
15826926 1
17456847 2
8808683 1
2576007 0
11574431 1
18941121 2
18424628 2
8877290 1
10616837 0
9177242 1
4053950 1
1644237 1
10868975 1
2254465 0
10634367 1
15947245 2
11422754 1
3701514 1
15735182 2
15448105 1
2565838 2
10872533 1
18287215 2
17512310 2
10229293 2
8207221 1
19690342 2
8961070 0
16373890 1
11172025 1
8632692 2
3894356 0
11423477 0
17415544 1
16567814 2
18559659 1
17128691 2
8875096 1
8826963 1
15235773 1
1826545 0
2405789 1
2951219 1
10097899 1
17300595 2
12731071 1
11891296 1
10706696 1
18463192 2
15777779 2
17968528 0
18324929 2
17148569 2
11919579 1
2972427 1
3882501 1
12110525 2
15616005 2
11526391 1
15161773 2
11793012 2
6298042 0
16847295 1
2882967 1
7543961 2
3262666 0
11086048 1
19039878 2
14988264 0
8562538 2
6486211 1
9096967 2
1755637 1
3065115 1
18492034 2
16565639 2
11812764 2
1661693 0
18166525 1
10526739 1
17983585 2
9771748 2
2644692 1
8168635 1
10772656 0
2043016 2
9606176 1
3099877 0
6354792 0
1773148 1
6343023 1
19018006 1
7008780 0
99482 0
9094680 1
8381754 1
9562342 0
18653444 1
9042129 1
18093291 1
18682013 2
9454524 2
14578230 2
9127018 1
3542527 1
19516902 2
15821902 2
2904881 1
15717637 2
7726610 1
4038213 1
17259399 2
11511562 1
9218089 1
8231839 0
19734397 2
15677789 1
17229843 1
15972661 1
8936128 1
19654863 0
8123295 2
19474024 1
11801615 1
3309229 1
18689692 1
9288543 2
11079654 2
2965030 0
15181049 2
1600835 2
1485949 1
9231662 2
2541440 0
15111316 0
10819235 0
19232095 2
16026364 1
16406727 2
12937416 1
18586034 1
10704171 0
16612564 2
19714245 2
15813422 2
18069999 2
19545451 2
16377022 2
19370339 2
8729157 2
19397050 2
14655053 2
11189829 2
2076091 2
7989457 1
1850761 0
3900076 0
1742694 2
2975549 2
8478620 0
14691046 0
9223590 0
18048762 1
18487475 2
17645584 2
10954899 1
9104378 1
7650494 1
17659066 1
15886245 2
9867219 2
17327461 2
15934272 2
12571611 2
17906683 2
15879311 0
3440569 1
16505220 2
11375371 2
10376780 1
3275557 1
15562023 2
17991718 2
2655470 0
16556844 1
9550126 2
18045485 1
14735147 1
19001516 2
15308385 2
1672065 0
3893160 0
16186262 2
15489960 0
11711510 0
18647954 2
16585551 1
2988831 0
219567 0
11836299 2
2195061 0
3905469 1
10664939 1
7888040 1
2676660 1
16960798 1
16263245 1
18975035 2
10546018 1
15337500 1
17150099 2
7895957 1
18557792 2
9098178 2
11274239 0
18005503 2
9542768 1
12523919 2
11179513 0
2567683 0
17090751 2
9075796 1
9135935 2
7937925 1
8405738 1
7587852 0
17376804 2
3297883 1
17029631 2
14530378 1
11978635 1
12386035 2
8586150 1
11466190 1
9754822 1
8877294 1
12759255 0
11484083 0
18773191 1
16228001 1
17563344 1
16778129 2
8666143 2
2970984 0
7665557 2
7744226 2
8433987 1
2547682 1
11914515 0
12031981 2
15024400 2
1825939 1
2902268 1
2040390 1
7528925 1
8138057 1
142036 0
12564271 2
9101389 2
12324985 1
11393550 1
16339897 1
3803913 2
10767724 0
19273250 2
18046409 2
8644865 0
8163703 1
2939920 1
6642097 1
18298826 2
16728431 0
4073800 1
2651188 2
3751866 1
18694484 2
16842477 2
12714258 2
11136257 1
10468221 0
8243850 2
11296231 2
9739991 0
2401396 1
11872673 2
9659089 1
1916057 1
19001303 2
17876019 2
9528889 1
7926293 1
17666094 1
11114103 1
9096977 2
171799 0
11752067 2
18358260 2
7619493 1
19298680 2
3056758 2
17987108 2
11812765 2
9414968 1
7956606 1
9017350 1
2296596 0
6577435 0
6162695 0
7977931 2
3054559 2
1928390 0
3745442 1
37920 0
2566547 0
17879305 2
6381192 1
8215268 0
65509 1
12522323 2
3336402 1
6449703 0
305189 0
7821733 2
15386821 2
18073312 2
10331410 2
19103772 2
8591699 2
3428496 2
18694998 1
16443001 2
6202576 0
1504747 0
1810603 0
7789630 1
8971540 1
17259484 2
9537152 1
2655472 2
18535189 2
8243865 1
17130466 1
12547858 1
17376841 0
15883139 2
10535461 2
3512604 0
6227512 1
9662410 1
9275207 1
18378570 0
11596663 0
12963802 0
16177100 1
10449443 1
16542366 1
9862731 1
16221954 1
15920148 2
2384191 1
8405713 1
19027842 2
15001634 2
16026380 2
15298338 1
15673800 1
18790831 2
17027963 2
16443870 2
9382399 2
10860190 2
10733051 2
3891788 0
3882490 0
17021601 1
6759229 1
9867209 0
18192338 0
12714407 2
2920149 1
8851514 0
2931155 0
18579418 0
9685609 0
15146237 1
11090238 0
19632975 2
14991551 2
19036853 2
16501301 0
15634886 1
2332631 1
6761194 0
8944206 2
1865159 1
9519717 2
8102088 0
17877832 2
18037923 2
16188170 1
18469204 2
6305199 0
7024631 0
2685599 1
16580840 1
18093343 1
9207262 1
6746903 1
18957532 2
10781642 2
12606536 1
12502499 2
15769987 2
1916053 2
18724775 0
8436255 2
8651280 1
7987399 1
14757293 2
2496273 0
10417964 2
18463230 0
12941958 0
11375356 2
10868970 0
6348255 0
7002684 0
12796569 1
2659996 1
16452548 2
18162502 2
12808457 2
2173551 0
6329865 0
7561695 1
8090207 1
18523145 2
17563730 1
11796181 2
3817257 2
9212307 1
15793267 1
14972324 1
15790737 0
10544839 2
19486510 1
8976172 1
9177239 2
8628397 0
3856383 1
18587447 2
17236289 2
11120452 1
3890104 1
1304577 0
17273962 2
18587618 2
16505496 2
18430060 2
19226709 2
10789601 2
19292929 2
16337874 2
11423515 1
16968545 2
15855571 2
2458987 0
18224336 1
17530185 0
18959615 1
14578228 1
17002798 2
2209320 2
17442947 1
16046311 2
18842784 2
14693979 2
9559485 1
16269382 2
17580730 2
16682937 2
12949259 1
14530324 1
3514329 0
9237801 1
16127772 2
2515972 2
11375360 2
3542618 1
19956095 1
17374705 2
15537471 1
9769338 2
16878077 1
7752919 0
1541383 1
8840101 2
8363568 0
11854325 2
14578288 1
19033589 2
18048406 2
14669170 2
9185878 1
16278277 2
8869192 1
19143853 2
18042083 2
15938041 2
16380483 0
10611093 1
2318583 1
17030965 2
14742839 2
9782126 1
8496610 0
15132889 2
10605017 1
9217882 0
6326584 0
12021163 2
7508347 1
15826438 2
3910444 0
3080101 1
1704297 1
3322914 1
12595901 1
17851648 1
17074088 1
17452543 2
2676060 0
3359577 0
3053749 2
1661691 0
1906024 2
9702155 2
2792575 2
12717219 1
17083718 2
16272208 2
17554399 2
16084803 2
1832743 0
7033283 1
17314495 0
8598963 1
11782866 0
1928388 0
7616803 1
18505543 1
10620198 2
3011842 1
17429083 2
18552236 1
11999343 0
14693771 0
2209751 0
11091118 2
3518640 1
9294143 1
1826279 0
11707602 1
10593564 1
18384771 2
9054233 2
16911623 1
17245589 2
18647951 1
16273109 1
10409206 0
12372842 2
18535197 2
12774164 2
19125193 1
18078524 2
12911285 1
1409709 1
19956097 1
16759299 2
7477241 0
3322910 2
16868886 2
15327408 2
12058007 1
16978373 1
3028167 0
9589242 1
8480181 1
18778365 1
15975103 2
7145 0
6368060 1
388619 0
15066886 1
17064208 1
10064101 0
1698309 1
16322275 1
16403721 1
14709202 1
16105060 2
10615947 2
12671113 1
16734901 0
11898710 2
6202817 0
19956105 1
1679985 2
3311856 2
2227111 0
2215594 1
3051005 2
15277375 1
16087865 1
11796264 1
1647924 1
11918752 2
18078018 2
7710561 1
2310337 1
1658791 0
12851409 0
12116173 1
12843127 0
17327354 2
1834497 0
16423062 1
10725754 1
8743289 1
11354996 0
8896045 0
6416540 1
19267711 2
9458525 2
15559363 1
2522407 0
15696418 2
14749261 2
8722064 1
8805677 1
15186866 2
18479365 2
8722053 2
10480515 2
9727884 2
18716049 2
1290746 1
3021516 1
9257918 0
16399782 1
10918935 1
15136287 2
18711367 2
15510534 1
12087007 1
8593939 2
17395754 1
17160909 2
11994404 1
14662903 1
17712547 2
7926300 2
9836523 1
2752888 2
18439618 1
12498815 1
3034710 0
14530719 2
16968392 1
17982684 1
17130477 2
15855572 2
15075301 0
12197816 1
9794114 2
2659600 0
18290856 2
15369805 2
15573133 1
19725958 2
8520549 0
6460826 1
12135686 2
3876251 0
2181284 0
6210909 0
8688690 2
1247351 1
16760222 2
11175794 1
11473049 1
10591679 0
8762376 2
15662001 2
17906687 2
15623809 2
10479395 1
12242466 0
15908957 1
8318685 0
15265464 2
6086879 0
15628809 1
10190928 1
16822926 2
8816979 1
12540622 2
18258623 2
2191074 1
8738973 1
17965740 0
8922353 0
19960641 2
15738376 2
17476472 2
8180540 1
6242800 1
17215967 2
12507271 2
17148676 0
14768049 1
8299434 1
2229281 2
1674689 1
12010774 2
7769804 0
3962581 0
11380945 1
3460915 1
12397581 0
18753668 1
7931933 1
1944595 1
11812750 2
10585754 1
1909861 1
15161755 0
18802479 1
16132964 2
9539789 0
9654536 1
17704886 2
2961719 0
5907911 0
11254704 1
11783602 2
3352157 1
11220508 2
16740268 1
9144239 1
16567837 2
2551761 2
9604865 1
14610276 2
10078561 2
7617331 1
11809615 2
1918382 2
3032715 2
10640121 2
7883122 2
16293771 0
8675560 1
11194237 1
16749648 1
15011726 2
8174842 1
18593483 2
1348306 1
11565519 2
17340123 2
16872541 2
8729155 1
3069470 1
9133558 2
11035359 0
18040659 2
12393300 2
8835918 0
18716051 1
15131773 1
8972684 1
3322915 1
15229375 1
8593930 2
2435570 0
12746636 2
16731448 1
10436256 1
8718432 2
2523196 0
10975218 1
3214432 0
1959708 1
6353425 0
15611235 0
11522664 1
2697607 0
14617753 2
19654878 1
9747961 1
6981023 0
3979508 0
12687328 1
16103469 2
9166681 1
6499637 1
9060843 2
3815330 0
16369228 2
10487313 1
7907110 1
9051589 0
8638706 1
18598350 2
17697858 2
19656356 2
18836152 2
10934451 2
16092292 2
11289467 2
9665433 2
9290544 1
11691594 2
1432480 1
11444403 2
1448404 2
16046312 2
1954451 2
15158110 2
7859946 0
11866470 0
3240833 2
10953032 0
9568689 1
10561135 1
15789278 2
18426861 1
17632545 1
7812610 0
1373901 0
16305056 2
17151305 1
2533502 1
15517152 2
1569406 1
17412560 1
10878750 2
8942395 2
19167961 2
18588707 1
14578242 1
18835935 2
17563458 2
18678611 2
8940283 1
16828499 1
6444247 0
9517374 2
12765972 2
18219764 2
11239518 2
17496314 2
6323532 0
6247231 0
18564175 2
14988256 0
17991147 0
1987709 1
17188219 2
14522731 2
7734095 2
16682967 2
12473548 2
9924360 1
1611145 1
16123351 0
12952921 0
7698502 2
8359580 2
18689694 1
16709637 2
9489533 1
3109992 0
9545119 2
7678791 0
1568527 1
3540950 0
6342326 0
10051641 1
18058596 2
2783780 1
1587397 2
6987122 1
15205231 1
11469529 2
17592553 2
12912808 2
12087009 2
8098789 1
15132977 2
11134258 0
7679418 2
2036940 0
3115206 0
6236120 0
17488511 2
10068380 2
2089747 1
8259139 1
15784141 2
9144203 1
8262322 1
18436086 2
9806767 1
17663782 2
16036544 1
10553062 1
17012346 2
18832292 1
7681983 2
3473986 0
18628974 0
2968887 1
221310 0
10811574 1
9171257 1
11418698 1
14569279 2
6791286 0
18716048 2
15795694 1
12747810 2
8181239 2
14511127 0
9543187 1
16828235 1
19087327 2
15239916 2
15294969 1
2668076 1
8026286 1
18029451 1
16642022 0
14534224 2
2996865 1
2702899 1
17130574 1
15324518 1
16621118 1
1973671 0
18819705 2
17022853 2
7860767 1
886299 0
12472787 2
15557158 1
12118252 1
17448130 2
18791800 1
16802132 1
18552604 2
16542127 2
7589883 2
16606993 2
15645957 2
14616779 1
11907130 1
11272160 0
12652352 2
16715577 2
12439788 2
9519753 0
12387303 0
3996167 2
11978663 1
7000593 0
15386817 1
11756325 1
9501961 0
9509289 1
15734872 1
10983198 2
7648798 1
2144023 0
2607255 0
17148754 0
15694706 2
1453584 0
17662617 2
8862687 2
1929614 1
2024124 0
8343967 0
3934670 0
6759206 0
3339124 1
3717907 1
16741581 1
1551485 1
7813802 2
3899554 2
8495808 1
3086574 0
14581245 2
15870028 1
18641056 2
11202214 2
7131549 1
9655991 2
12242459 1
2669529 0
2006522 0
7858104 1
12826018 0
3596080 0
16116193 1
17909099 2
11192132 2
11393573 1
11509644 1
6409078 0
217447 0
8064245 1
2661283 1
2060728 0
7924777 1
8721777 2
2707222 1
7430401 1
348540 1
3792661 1
12771805 0
11679449 2
16306940 1
15889096 1
1322866 2
2533758 1
16403820 1
16669999 2
15451919 2
18559877 0
15711567 0
16700888 1
17997364 2
9212382 2
8835917 0
14724187 2
7657022 2
15258025 2
8631628 1
2662183 0
3275657 0
18317720 1
12031962 2
10226887 1
8270133 2
12234790 1
17909084 2
18809623 1
15616238 1
12453909 2
8941470 2
6360671 0
6765224 1
1864484 0
8401950 0
2512591 0
2076799 1
15868776 2
10904453 2
14761780 0
9015687 1
8960830 1
19017751 2
16999863 2
15249351 2
9658139 0
7988484 1
2223701 1
11460579 1
11110769 2
1531718 0
2504376 1
2374275 2
10480770 1
2145188 0
17151298 0
2507727 1
17093944 2
1547917 1
6365945 1
3933437 1
1269850 1
16091500 2
18373134 2
12610033 2
16759305 2
15855573 1
10591689 2
8666141 1
18620046 0
10052637 0
2580153 0
2477293 0
9409324 0
16368057 2
18437009 2
12424102 2
10585620 1
7708068 1
7847389 1
8344340 1
12114044 2
2068089 0
18502305 2
9676728 0
10382585 1
7718510 1
12606533 2
18442208 0
12296450 2
11563971 0
16752183 0
10512358 1
18981127 1
8067409 0
16565165 1
3896897 0
3292322 2
16226440 1
6414860 0
10521293 1
18628565 2
16005097 2
18288891 0
16857402 2
17468352 2
8886564 2
18413195 2
15536109 2
8019217 2
11714835 1
7472113 1
2405400 0
3128459 1
6814171 1
1827081 0
2329593 0
18720542 0
18322959 0
9115575 1
11175852 1
7653541 0
6955075 1
17456844 1
1907249 0
2136821 1
16709308 2
6762211 0
154402 0
3311855 2
15036828 2
16144950 2
2573554 1
6386581 1
17387446 2
17764549 2
3766715 2
2981751 0
8726208 2
10938049 2
8960845 2
3792697 1
14651370 2
6416913 0
11382654 2
14687828 2
9710443 2
2870077 2
9466985 2
8425496 2
8968014 2
8490117 1
16988007 2
1478368 2
9492121 2
18160753 2
15467837 1
17207966 1
15557150 1
8425671 1
10449528 1
10332663 1
1551497 2
9589237 1
8621011 1
10805824 2
10523461 2
7286501 0
7981758 1
11942578 2
15616232 2
11978632 1
3107658 2
2952412 1
6339122 0
1559407 2
2210119 1
15461902 2
16249537 2
9283802 2
16650382 2
3510922 2
17544042 2
12829654 2
3523245 1
2731460 1
3252874 2
18025464 1
18768675 2
9727907 2
16229747 2
18192113 0
10860185 2
15181030 2
15210953 1
7868970 0
10499190 0
15855308 1
16385653 2
9041325 1
2656344 0
18487452 0
12076083 0
2852514 2
6100938 2
11724420 1
989537 1
2629641 1
6790687 1
12037148 1
10193189 1
10588232 0
15924147 2
9151794 1
6346102 1
3548709 0
6500187 0
10698958 2
10691155 2
2471192 0
3528867 0
18566337 2
17645979 1
7882567 0
6452065 0
11033586 2
17580591 2
7989475 2
8807066 0
1478362 0
17103489 1
18803760 1
10907120 1
1516509 1
19132099 2
11829314 0
19056994 2
16210432 2
10969828 2
7173197 0
12663593 1
1763025 0
2848560 0
8989136 2
19017777 1
16123473 1
8012721 0
11309160 1
2137423 0
12444312 2
11295831 1
18559413 2
15883237 2
15671920 2
18796059 1
12771694 1
15699499 1
16530128 2
15096336 2
7413723 0
16914071 2
9357409 2
9645988 1
1462980 1
12598392 1
11236041 1
10359576 1
9043946 1
8862949 1
18205937 1
2776586 1
12547767 0
10372973 0
8792828 1
2137749 1
8254023 1
6380308 1
1587998 0
15509590 1
3557871 0
4056046 1
19105915 2
12832300 2
15562376 2
12884303 0
3722409 1
7009418 1
16825278 1
8432415 2
2249069 1
11023153 2
15220201 2
12049723 1
15386666 2
8781766 2
9105782 2
17065677 2
18790839 0
3734097 1
15286800 2
12716746 0
11067957 1
8612445 1
18290861 1
3553949 1
970129 1
10923631 1
16249538 2
7813597 1
9501567 0
18854748 2
1725217 0
1682948 0
10230643 2
11437862 2
17227322 1
17610416 1
759244 1
1580240 2
3878809 1
17130525 1
9396904 1
3291561 1
9773726 2
10696112 2
9626139 2
7747724 2
7960690 2
15839187 2
15448087 1
15037989 1
2952713 1
10450508 1
15531508 2
3799578 1
6608923 2
1255316 1
7743761 1
7880321 0
3080143 1
6457859 1
8826981 1
8048501 0
17324464 1
9498651 1
12675659 2
2397610 1
17519305 1
12145246 1
6643479 0
7830796 2
2210078 1
16873777 2
16951059 2
9399945 2
3945267 1
12404197 0
7492167 1
2537896 1
16768546 1
9218523 2
8419148 0
3054905 0
9662368 1
10442450 2
8262314 1
11393500 2
16905645 1
9710438 2
18078853 2
9243101 0
18294380 2
18587560 2
2060453 1
16753056 2
11916957 2
2563840 1
2891459 1
12841358 2
17474976 2
2289639 2
18984741 1
11016460 1
3417056 1
12436207 0
12766125 2
17173720 2
9787722 2
16776894 2
3320598 1
15128619 2
16939660 1
16078018 1
6312455 2
348539 1
10330425 1
2521836 0
11380812 1
4581053 1
10430816 2
9357799 2
15596856 1
11334441 1
143916 0
1099993 0
3290917 2
15242486 2
15996876 1
16082528 2
9649179 1
8720612 1
11440372 2
17827402 2
18619518 0
12449521 0
8719940 0
17425920 2
15619073 2
15039230 0
16436680 2
7966113 2
3936738 2
11581301 2
10622252 2
1612199 2
1668799 2
9345282 0
2816730 1
1568529 2
17499541 2
9662408 1
15201503 0
2658981 1
3914160 0
12502486 2
12730403 2
18495965 1
2643218 1
6734380 1
3493184 1
16466435 2
16936214 2
10755495 2
8401951 0
204534 0
19366776 2
15258553 2
17992700 2
3046930 0
15504982 1
1827815 1
14715850 2
14988246 2
10212083 1
17392722 1
7899179 1
11897280 2
8147960 1
1904287 1
3944961 1
1592880 1
8793803 1
12949284 1
1547681 2
2707518 1
17874530 2
1504744 0
2528491 0
8781770 0
1846269 0
14646372 2
10097897 1
16306354 1
12444897 2
2064484 2
16027506 2
12671124 1
19064853 1
14685093 2
482181 1
931428 1
11307393 0
15683093 1
15647715 2
10333946 2
9392499 0
7016116 0
744142 0
2313091 0
11510141 0
2200154 0
11874936 2
7859895 1
8647954 2
7729302 2
10447526 2
1836318 0
2649293 0
1598576 1
6341530 1
18957123 2
8077886 2
1591793 1
6966986 1
7042879 0
15919808 0
2370888 2
16542623 2
6487539 0
17327436 2
1570315 0
14988254 2
18078520 0
12219181 0
17130196 2
9133555 2
17343775 2
1715829 0
6680484 1
9314637 1
16928713 2
11867347 2
15126006 2
3102301 0
823065 0
9691098 2
9930925 1
9583742 1
17563069 0
18650368 2
17151862 2
9771255 1
1863105 1
10753043 1
7587844 2
1333551 1
16613757 2
11423488 0
3343348 1
3378684 2
17470138 2
11947970 1
11063281 2
2417914 1
15735185 2
15504959 1
14592956 0
11683545 2
15277417 2
7821730 2
1579407 1
16087305 1
15654780 2
7024028 1
9430539 1
9308961 0
8224807 1
18439284 2
6586708 1
17358100 2
3462303 1
6814007 1
9620677 1
1662579 1
2365820 0
17584842 0
1647314 0
7646474 0
1848407 0
16763167 0
12520519 1
7668902 1
8098449 1
16205882 1
17130197 2
15842505 2
4075942 1
15843914 2
2439402 0
10441042 2
8257420 2
17277036 2
11027337 2
7609750 2
6432610 2
15161782 1
9532210 1
12791317 1
6573128 1
6951830 1
3905463 1
16390389 1
11556298 2
3355527 0
6223804 0
18694971 1
11522696 1
9792533 2
8499853 1
11290776 1
8757600 0
1769442 1
11051283 1
6253833 0
15531378 0
18070989 2
16936218 2
16177088 1
15194408 0
11786102 1
16398567 2
15532720 0
1678597 0
8944854 2
2589303 2
10899756 2
3311777 1
17623821 1
8811520 1
11485108 1
19060555 1
8349802 0
4069009 0
1531509 0
6978807 0
3054433 2
15109939 0
6139381 0
10950818 2
2522370 1
9790166 2
18782902 2
9059185 1
1248673 1
9049487 1
2853680 2
10490522 1
2863632 1
11092292 2
18830750 2
2344352 0
2643336 0
8526459 1
16214255 2
11272162 1
18083536 1
15855576 2
10585621 1
15562008 2
17098084 2
1657263 0
3746663 0
11272211 2
10580614 2
11489950 1
2295787 1
6344096 0
3883362 0
640299 1
3328723 2
17678725 1
14871914 2
16311599 0
17148634 2
17728404 2
12814458 2
9143783 2
16389162 2
12209150 2
9834756 2
17714581 2
12647268 2
8461648 2
2907547 0
8150225 1
16644626 2
11597991 0
1348845 2
9194692 0
3195568 2
6986766 1
11222110 0
12592644 1
11457879 1
18269436 2
19040607 0
15123532 2
15084263 1
15649575 2
18088079 0
7821128 2
15238621 2
9614605 1
2257997 2
7872581 2
6350138 0
9867222 1
15793260 2
17353295 2
11789625 2
11272209 2
11701721 2
8618487 1
12581268 2
8601643 0
5650365 0
5968539 0
17646190 2
9670003 2
12438645 0
6360782 0
8772718 1
10415077 1
7650572 0
17308219 1
11986443 1
15958169 2
10753036 2
14693990 2
19884815 1
18319326 1
3475395 0
11485987 2
9535995 0
2187454 0
6232285 0
6337906 0
12424627 1
6862799 0
3899830 1
8739857 1
12676609 1
9822187 1
2432888 0
18269636 2
18567821 1
15277378 1
8098691 1
7667242 1
15980869 0
6468791 1
18435801 1
2506998 1
2951089 1
17054445 1
3471663 1
10078563 0
3514343 2
6389099 0
9264219 2
11488632 1
15946965 0
15087286 0
9725268 1
11422752 0
15963388 2
16199240 2
2373266 0
15376194 1
15220241 2
2959434 1
16301745 1
19020323 2
16732013 2
7573054 1
14702112 1
12573521 0
2139617 1
3891999 1
7006943 1
17557769 2
17192287 1
2838358 0
4834889 0
1865225 0
17200690 0
3028808 1
10609125 1
2261822 1
10819233 2
12584538 1
15562400 0
17288659 1
3896901 1
16306327 2
9051393 1
17384342 2
1679332 0
14633807 2
17300594 2
8463437 2
767184 0
1378415 1
17911348 2
12843147 2
12663607 1
10086388 1
17716638 0
10333938 2
2105258 0
17525381 0
11472273 1
9428831 2
7657902 2
3316279 0
3843806 0
16274364 2
2653936 0
6309904 0
10546021 2
12602782 2
2407581 2
7821134 2
2060427 1
15883215 2
7556982 1
12384827 2
18657544 0
12018820 2
7589843 2
12436333 2
11238616 1
7806021 1
11423507 2
15993359 1
2643662 0
1392822 1
9218748 1
11607785 1
1978328 0
3289991 0
10535443 1
9727892 2
3910029 0
6321280 0
19465233 2
19019231 2
12856082 2
9447949 0
7683875 0
1710892 0
17601994 2
11318844 2
7160537 0
16565256 2
8238377 0
16781084 2
14693724 1
6478183 0
8594615 1
3895898 2
19232112 2
523486 1
11756346 2
9032099 2
16306341 1
9562350 1
6337900 0
12032191 1
9076207 1
17487288 2
14636290 2
8031547 2
14693710 2
17116737 1
11145667 1
17962481 0
17417692 2
2500168 2
16907917 1
12716743 1
1280237 0
19033409 2
8070611 2
7624391 2
15302780 2
720778 1
15184671 0
12686872 0
8101862 1
3335276 2
11086023 2
10675352 2
9222642 1
15909155 0
6381183 0
19349323 2
15189750 2
8686981 2
15389298 2
8388585 1
19066007 2
17211560 2
1557597 1
8720607 2
9713013 2
8355109 1
1280239 1
1516482 1
10535459 0
1653667 1
3684831 1
6853683 1
16398569 2
3094681 2
18832649 0
18507868 2
16334621 2
9564847 1
11703436 1
17466274 2
1516758 0
1453601 0
17315602 2
1832352 2
9370897 1
12145174 2
9392506 2
2882974 0
15133345 2
17299379 2
8609907 0
10233208 2
8761857 0
1511806 2
17991456 1
9507963 0
2767340 1
16776847 2
11289462 2
11771958 1
18654799 2
10807384 2
12446366 2
3050923 1
12823239 1
12832324 2
15830177 2
17591595 1
11473045 2
1733815 2
15650145 2
10217422 2
18482488 2
8840823 2
3301471 0
15166205 2
9834350 2
11334485 1
8477872 0
18831777 1
14627747 2
18975036 1
3235277 1
7840857 1
8866553 2
17100860 2
9541177 1
15793263 2
12116174 1
2191882 1
3517029 1
16785337 2
2005221 2
1909198 0
2587591 0
8712800 2
14668274 1
9492899 0
15068125 2
17888129 2
12351439 1
9516220 2
3979689 1
2522373 2
3005362 0
15220222 0
8288322 1
6364435 2
11849625 1
7589082 0
202260 0
12242456 1
14514593 1
18694977 2
1241672 1
12193715 1
1812896 1
3044067 2
15236750 1
18439624 2
17100763 2
2167002 0
7781592 1
8754739 0
9453284 1
2302821 1
11755474 1
16781373 2
10426387 1
16505522 2
12165270 1
2837388 1
3203569 1
15219384 1
8090511 0
1315120 2
18089692 1
11874951 2
8960844 2
12397578 1
3075947 0
10580431 2
1682194 0
12472231 1
11350782 2
2533034 1
17223273 0
10431718 0
10895852 1
2526769 1
15811566 1
2261825 1
15538175 0
7848401 2
12445315 1
8430369 0
8875084 1
14662890 1
16722832 2
18628574 1
11289474 1
14560485 0
2438180 0
1122063 1
12601631 2
16021327 0
16534036 2
10871566 2
15386214 2
19575795 2
17671643 2
12196422 2
1843256 1
12446618 0
16672833 2
7497858 2
3310940 2
2959622 0
17019602 2
11589378 2
9237797 1
9075812 2
17133785 2
16374426 0
16609877 0
6761216 0
11118018 1
18366720 2
870238 0
8933008 1
17557928 1
3894793 1
6642086 0
3125434 1
16249435 2
17101640 2
18162508 2
378740 1
17001471 2
3102297 2
16804066 1
8976193 1
8454108 1
14639528 1
10517302 1
3897287 2
12639218 2
11334418 1
8175975 1
11161832 1
11972305 2
8430889 2
8314444 1
367641 1
2026583 0
489974 0
15292324 1
1323143 0
12485196 1
9844077 1
1618174 1
12951650 1
2968203 1
16973418 2
3924216 1
9455934 1
8676809 0
15610326 2
7555499 1
1446799 2
17534013 2
3891268 2
10093309 2
7789645 1
9433426 1
7734098 0
11092281 2
6401518 1
6997182 1
3126860 2
12953162 0
10510434 2
6712193 1
17578587 2
15013273 2
2351013 2
12848418 1
8818515 2
17292026 2
1987413 2
11147792 1
10855540 0
19398610 2
16481893 2
9057955 2
14634096 1
15277436 2
3489237 1
3456943 1
2063876 1
19092440 2
12663602 2
15911772 2
11742415 2
16909474 0
9182472 2
11222918 0
3117180 1
6484257 1
9097068 1
18829458 2
9313764 2
11391334 1
6258445 1
10937011 2
8776222 2
8295285 1
15126524 2
1679401 2
19033417 1
12502651 1
3873913 1
11554777 1
8375584 2
6991317 0
11559268 2
3099125 0
1328294 0
2010047 2
12829657 2
2563455 2
17192334 1
9014777 1
8454114 1
15549235 2
16827901 0
11429393 0
8690167 0
17292732 2
3300140 1
18276664 2
12675641 1
18056379 1
6383919 1
15008838 1
10655556 1
8799621 1
15634008 2
12847240 1
11315836 2
6605267 1
11679445 1
12060765 0
8468025 1
18212316 2
1628772 2
18429970 2
12351435 2
10597756 2
14651526 1
17088535 1
15670786 0
2842211 0
2184821 0
17299074 2
1320733 0
18337374 0
12879409 0
17077202 2
12351469 2
12610034 2
6758187 0
12610002 1
17931055 1
8314010 1
11743505 1
7621989 2
12770974 2
1987100 1
7555512 1
19191984 2
17331614 2
11972741 2
7928649 0
7435162 0
17376828 1
9723710 1
10197198 2
6423182 1
2276310 1
11748649 0
11510948 0
7474189 2
8806248 1
7729604 1
11869679 1
12928771 1
2664520 2
10966967 2
9514482 2
10395666 1
8846684 1
4006299 1
15910623 1
7555556 1
15270842 0
16859870 1
2953760 0
7049626 0
10147629 1
3958191 0
11181888 1
16505495 2
8379914 1
12099361 1
9047087 1
17924870 2
11317659 2
17003306 2
8640398 1
16629717 1
6416511 1
7011725 1
7769096 2
8472858 0
15220018 2
2268272 0
3875157 1
3275554 1
15867147 0
10233747 1
11988062 1
15077021 0
15517149 2
11872692 2
15925745 2
12882871 2
10873662 0
19301686 2
10490436 1
16836628 2
19562036 2
10084243 2
19948642 2
14632700 2
14747294 1
17351150 2
9060926 1
1970710 0
18305958 2
17327435 2
14502100 2
7538925 2
12172324 0
12765961 2
16318983 1
9428763 1
10889129 1
15277397 2
15230924 2
11473071 2
11591759 1
11441119 1
9368278 1
6752017 0
6953937 0
10780949 0
6994183 0
17384010 1
15201411 2
15885640 1
9216960 2
11110228 2
1280238 0
9051376 2
1433085 1
3105777 1
17587750 2
3280372 0
10064061 1
18378631 2
3113971 2
7963189 1
10580418 1
8955220 1
19183462 2
7574317 1
1828656 2
3493126 1
9653606 2
2211981 1
8666150 1
17521626 0
8572835 2
12534643 1
2141978 0
2416619 0
17878288 0
19250524 2
16202151 2
17159079 2
8082526 2
11973256 2
8641022 2
12453914 2
8898770 2
2302010 2
16804062 0
17971514 2
10749575 0
9421374 0
3184351 1
9602473 0
9118771 2
12230428 0
11469393 1
16505242 1
17015165 0
2951077 1
18385424 2
12832328 2
16081800 1
16260349 0
1976653 1
12022302 1
17392725 2
9681272 2
15006017 2
6402409 0
7813803 0
18667079 2
15814729 2
18324957 2
1547918 2
9314756 1
7030898 1
2226313 0
12466318 2
12832327 1
17436849 1
10995033 0
17103487 1
12540638 2
11781359 0
9135953 2
11574416 1
9287060 2
11344408 2
9167101 2
6442088 2
7851072 2
12766104 2
18650371 1
17994218 1
8942394 1
11724419 1
1767839 0
7834277 1
3046971 0
11467320 1
16230721 2
14688055 1
3015785 0
14763919 2
19323780 2
15017611 2
10433100 0
19001183 0
8077323 2
12166602 1
2298852 1
10199761 1
2837418 2
17962235 2
10868972 2
12221281 1
15161771 2
14707442 0
10864575 0
3101508 0
11227173 1
17508911 1
11092499 2
7859937 2
3885867 1
15478310 2
17952840 2
12875772 2
8062516 1
11863083 2
12564278 2
8549060 1
9498637 1
6384714 0
18633115 0
6362427 0
7907682 1
1636763 0
19149903 2
12537988 2
7729616 1
3308604 1
17334749 1
9472678 1
16842486 1
12453982 2
8772714 1
10527803 0
15497155 1
14610290 1
18356184 1
15601361 1
10928773 2
15562197 2
8866556 2
17157112 2
7657800 2
7680313 1
18503498 2
14655523 2
9740623 0
17341286 1
10842664 2
9589653 1
2060416 1
7955969 2
19949652 1
10671941 1
17192462 1
17932424 0
8911977 2
17575306 1
15892650 2
15872029 2
19143819 1
11815497 2
2058659 0
19635160 2
9773732 1
2874098 0
12663589 1
9592637 1
9379064 0
19171749 2
17268797 2
10526740 1
12523914 2
16539625 1
8718430 1
6824815 0
1009003 0
15665341 2
12882915 1
1572091 2
2416642 2
14706966 2
3979683 1
1359788 1
18073361 2
11980626 2
15003810 1
15161772 1
116969 0
14617032 1
16045741 1
8288053 2
12086310 1
12727978 2
1695917 0
8981937 2
2088390 1
19039033 1
16432708 1
12589429 2
14693702 0
8404431 2
9332171 0
10642332 2
16176198 2
10867717 1
6132847 0
8737022 1
16679475 2
18544792 2
11827496 2
2785225 2
10198339 1
7909524 1
8943488 1
18516099 2
7555482 2
7540957 0
930889 1
11151764 1
18075195 0
16697661 1
2060716 2
2965293 0
8530440 2
15231693 2
2792619 1
8404029 1
3240836 1
17641739 0
11883146 0
8405746 1
10512376 0
16249509 0
14715842 2
17761995 2
16025252 2
3769715 1
15505006 2
16386091 1
16618952 2
2035720 1
16873774 1
1397723 1
8603776 0
17425653 2
15448687 2
8554587 1
15451901 2
16731577 1
16911629 1
17192333 2
9792476 2
7895955 2
12020331 1
2137752 1
7867184 2
14769912 1
9834137 1
9681505 1
18040661 1
11080601 2
16139132 2
11822648 2
16226381 0
10923632 1
16433709 2
8200980 1
10068412 2
12810612 0
9231650 1
14597518 1
3432403 0
658620 0
12090978 2
12919931 1
15071189 2
12519867 2
3803744 1
12629562 2
2318347 0
19040593 2
14578294 2
12055228 1
2628041 1
2309737 2
16873592 2
11558867 2
3372263 1
9049486 2
12145176 2
16732012 1
8033530 1
12081851 2
11248094 1
3236020 1
3716751 1
1902177 1
2528923 0
16113326 2
3943285 1
15756536 1
1576813 1
12646233 2
8495619 1
11815482 2
18507661 1
4006660 1
17622601 2
6381541 1
14652163 1
18984778 2
8651839 2
8758014 2
9839094 2
2015712 1
2524415 1
11679450 1
15551297 1
2265492 1
1559409 2
11514280 0
11978683 2
3153476 0
8056181 0
1824775 0
11126415 2
15504986 1
14602507 2
284714 1
16915542 1
12197996 2
19956107 1
17076990 2
7515187 1
14617231 2
6334907 1
17656625 2
15343360 1
9097962 2
2933288 0
16324918 2
6760664 1
7806018 2
19243623 2
17020601 2
10779402 1
11344209 2
1425093 1
6191147 0
2048195 1
19056645 0
8387089 2
11023146 1
3512565 0
1324601 1
7498976 0
3565666 2
6995619 1
7512237 0
8720532 2
9063410 1
7573492 0
12729178 2
12816997 1
16689680 1
16753019 1
12954480 2
9686715 2
8498761 2
12739029 2
10587824 1
9933450 1
8857919 2
12830465 2
17417933 1
17804762 2
6215276 0
8306503 1
15857159 2
1733814 1
3134983 1
3582820 1
3514326 0
15613333 1
1353802 2
17922476 2
15220230 2
15671250 1
8586152 2
9337007 2
8826977 2
7796991 2
16449393 2
3030140 0
3292324 1
7826593 1
18431516 1
10868961 2
12086966 2
17683531 2
16939874 2
7634750 0
16507892 2
14578302 2
2612760 1
10389838 1
9016912 0
14583425 2
8436249 2
19476649 2
18057091 2
18350963 2
11854986 2
2680553 2
17924864 1
12116172 1
16169629 2
2374833 1
8281737 1
4249859 0
4242855 0
16132954 1
3537445 0
10757637 2
14713699 2
8554208 2
7009655 0
3815759 0
6390972 1
12828820 1
7533736 1
10692081 2
11801660 1
11165687 0
1936613 1
10535393 2
9458968 0
18837086 2
16443869 2
16240970 1
10337867 2
18312806 2
15983190 2
12606524 2
19209034 2
3307452 2
17082240 2
8558769 0
10199785 2
18420485 0
11259621 0
19816555 1
12540398 2
11522695 1
15094083 2
15147359 1
10541054 1
10439311 1
1477090 1
282608 0
18829990 0
15651056 0
16497686 2
10580437 2
6625630 1
65672 1
2996724 0
8223882 1
18702647 2
15777748 1
3517067 2
6357904 2
15855582 2
11030470 2
8690149 0
7741692 0
1462046 0
8543838 1
11679453 2
15209603 2
12667032 2
12651051 2
15767618 2
12351448 1
12800108 1
18978792 1
17970755 2
12830569 2
1419260 2
11092697 1
14555187 0
11815495 1
12507913 0
6862129 1
8949977 2
3510858 0
2451207 1
6823886 0
10903969 0
17958918 2
16893353 2
8596498 1
8314439 1
16367883 2
3391344 1
2499500 1
16702993 0
7479313 0
3780043 0
16816951 1
15127069 2
2299984 1
12759881 2
2139394 2
10771998 1
10634373 2
2209342 2
8528247 2
8635661 2
17971426 2
8428390 1
2003599 2
1563534 1
16834877 2
12796570 2
399256 0
17672892 2
15491000 2
3917529 0
17224924 1
15886696 2
1936597 0
11390446 1
1541386 1
11269889 1
17919192 0
7926285 0
1777977 1
16990215 1
3312938 1
17942385 1
14513667 2
6340416 1
9685778 2
1467755 2
3527829 2
1516768 1
19366950 2
17245407 2
9637517 0
12451003 2
9051204 2
8082309 1
7712700 2
2659426 1
10631622 2
6224017 1
3718486 0
2226390 2
6749631 0
9005653 0
17223345 1
15892093 1
10393957 1
1918648 1
3315789 1
1729269 2
19109117 2
11428703 0
12880128 1
10818026 2
1830260 1
9571357 2
16800753 1
14633342 1
12209622 1
7601013 2
8770634 1
6341128 0
9389420 2
12650792 1
15220193 1
16859998 1
18593768 2
12379578 2
15504965 2
2245601 2
12040885 0
3530844 0
1657671 0
7789625 1
18765408 2
3803732 1
3490363 1
17506119 2
18781141 2
16929351 2
3053305 0
12163427 2
15556264 0
12606508 2
12021098 1
3159329 2
12174320 2
15354084 0
11423497 2
18443192 1
16306544 1
9637677 2
3054358 1
3221096 0
17227327 2
14707887 2
15498084 2
10477145 2
14527304 1
17107852 2
18829988 2
17587712 2
1158033 0
17157128 2
12962287 2
6417336 1
7294026 1
3516608 2
1999280 2
10923641 0
12401752 2
11317656 1
18292756 2
2888698 2
15725577 1
2684155 0
6585811 2
14988291 2
3850773 1
18698254 0
9301346 1
10025399 2
8398246 2
2967151 2
1860562 1
10868859 2
16644708 0
477613 1
7789622 1
8864653 0
16570160 2
14747240 1
6443809 1
11574409 2
16677372 2
11756316 2
17029885 1
18959599 2
16219881 1
1972363 1
7534080 1
9430232 1
18772240 0
10334327 0
2022301 0
14655518 1
10894977 2
17130535 1
2708851 0
9726590 1
2656346 1
6373464 2
10178482 2
3780132 1
16731827 0
2952400 1
1583406 1
11213885 1
15170497 1
4042800 2
15662002 2
12039697 1
7548977 1
15889235 2
2121568 2
12023097 2
18223010 1
729450 1
10845877 2
9405900 2
7621969 0
2524339 1
18591403 2
16176206 2
8132775 1
19538749 0
9485543 0
3110210 0
11078455 2
12554547 1
11473065 2
10959068 1
8405697 1
18235151 2
11132145 1
10749813 1
15181084 1
18776137 1
12716770 2
7867882 1
11695998 2
8063042 2
1568533 1
9084973 1
15161799 2
12882932 1
8932998 1
8445012 1
18650367 2
16443874 2
7109458 0
10675357 2
6376244 2
3417055 1
9073323 2
1977234 0
6980356 1
10449200 0
17494283 1
7587012 1
2060720 1
8314015 1
9449686 2
15277434 2
16690410 1
1397718 1
15485479 2
8502662 0
17259404 2
12502515 2
2037851 2
19167953 2
11815494 2
11269503 1
11679423 1
2995183 1
16310551 2
7989470 2
17892543 0
10967456 0
8661724 1
15998471 2
8591700 2
12099954 2
826063 0
3138915 0
3666321 0
16909926 0
16890895 1
15770047 2
15034607 2
12220126 2
8817350 1
18931370 2
19125195 2
17003451 0
15132881 2
19549853 0
8666137 2
17988756 2
8196281 0
12914754 1
19008343 2
17327442 2
1915075 0
2873396 1
7895158 0
9200487 1
7910881 1
15102714 2
7729610 1
537273 0
17130210 2
6331195 0
7926288 2
3193850 0
8361966 1
17135364 1
15277155 2
12436339 1
17927832 1
16505222 2
10391271 2
6214445 0
3921994 0
8396332 0
2929491 2
6674110 1
9350728 1
7853629 2
8898370 2
15561964 2
18496509 2
3081010 0
3898862 0
7537623 0
11812760 1
10925277 1
12679437 2
6477492 0
6156604 0
10332675 1
11440717 2
8695559 1
7202884 1
16259883 0
16306337 1
11812755 2
12643195 1
9827694 1
3812028 1
17922473 2
15562200 2
10491750 1
2935212 0
428689 0
3065103 2
8326776 1
10884714 2
16801572 2
16094529 2
10550318 1
2503223 0
3017902 1
8056188 1
8373434 0
10075330 2
2544998 2
3535397 2
9814481 2
3536980 2
11560747 2
12351452 2
1737841 1
10201999 1
2387037 1
9000705 1
18502302 1
14633142 2
7489831 2
3494431 1
19081783 0
10426379 2
1663993 0
7989593 1
1657673 1
2987308 0
15782399 2
12590018 1
11801510 2
15111504 1
9700342 1
15298345 0
1930942 1
11414755 2
18476982 2
1404460 1
187516 1
6162456 0
6048791 0
1355747 1
18690422 2
17227324 2
2952414 1
7708723 0
3106757 0
2521806 0
17641665 1
10857972 2
15805231 0
9203446 2
15738550 2
11872693 2
11462311 2
9130921 1
8621004 2
12045211 2
15504983 2
9549042 1
16873686 0
15133753 1
9618071 0
3298620 0
12905089 2
16752172 2
18375417 2
8174849 2
10220202 1
9870835 2
9868977 1
12145232 2
1829996 0
3052424 0
6759360 0
12021139 1
2204282 2
17130475 0
9720971 2
1835345 0
3111913 0
7540571 1
12004164 1
2657323 2
15504977 0
17550619 2
15924589 2
437377 0
11923038 2
6786275 0
2944394 0
9700636 1
12213908 2
12695287 2
156737 0
9080297 1
14514603 1
2156498 0
10480509 1
11744015 0
989665 1
9795770 2
12727989 2
12401734 2
11874434 1
7148877 1
8647206 1
10426368 1
3052327 1
10769276 2
17599861 2
16672313 1
15220224 2
16007095 2
1556177 0
3127229 2
15464423 1
1831356 0
15699496 1
7578872 0
6345994 0
3825934 1
11327378 1
12741441 2
152048 0
8824713 1
2546670 2
8482502 0
9794372 1
3542671 0
19264985 1
16609090 2
11978643 2
9867207 0
3935560 2
2175235 0
19130584 1
11713466 1
8772720 1
11327371 1
16306442 0
6589235 1
1884891 1
11095432 2
9884331 2
18802679 0
7729305 2
8593944 1
12047362 1
15862417 2
17652361 0
2956413 0
15129810 2
2651031 1
16182097 1
15677785 1
7484905 2
16193284 1
15171752 2
9625285 0
7664638 2
9421372 1
1551495 2
19171856 0
3556105 2
16406945 0
15513920 0
16762982 2
3059339 1
3891468 1
1387153 1
3514066 0
1543584 0
6432541 1
2379556 0
15126252 2
7672485 0
8842603 2
3447810 1
1884887 1
1825454 0
9222653 1
8842598 2
15047633 2
2553319 0
10750628 1
7497850 2
17698735 2
2967144 1
1704001 0
2439841 0
10080827 1
18931034 2
7882806 1
10834414 1
10647755 2
11596672 0
7861877 1
14567159 2
9353155 1
11347737 1
1607068 2
12092006 0
10868825 1
6190938 1
6381444 0
7223372 0
1698675 1
15486815 2
18248492 2
909007 1
11298778 2
16306331 2
11131102 2
12408407 2
15123604 1
16597691 0
17717015 0
12356784 2
3304893 2
19083397 0
10066690 0
9496555 1
15885672 2
14740159 2
2091881 0
16330323 2
7114880 1
7264787 1
6329863 2
2182400 2
3548333 2
10969265 1
14966041 2
1468280 2
2164479 0
11756350 2
9609362 2
10535446 1
3894969 1
15783244 2
15920043 1
1451952 1
1864490 1
10911806 2
1499461 2
7613616 0
12065150 0
16519037 2
10720589 2
16241879 1
18657335 2
11943639 2
15015138 2
10814692 1
10097901 1
16330520 1
16636650 2
19324880 1
11911825 1
8098666 1
3522326 1
9703318 1
6952765 1
16699461 0
16043748 1
12610030 1
2884229 1
10331399 1
1691724 1
16824234 2
17122330 0
7988350 2
12547846 2
11522497 2
8325987 1
1397702 1
6324976 0
16493087 1
15712788 1
8062611 1
2065854 1
18034842 2
10616858 2
9614607 1
11315819 2
15059616 1
11213893 2
2757056 1
11270671 2
7218328 0
15181075 2
2707516 1
11023141 2
2546824 0
16036377 1
6263105 0
16567521 1
10690901 2
8206514 1
8093442 1
18403477 2
15549645 2
14655273 1
9274546 1
10768096 1
1955512 2
16322398 1
12000341 2
7614520 2
1541385 2
14679042 1
16673208 2
12234901 0
10652037 1
2364481 1
17065345 1
1965145 0
12626748 0
16306552 2
16557605 2
16316471 2
15760297 2
17911342 0
12901702 1
3698782 1
16288817 2
14655519 1
16505494 2
12882848 2
12941718 2
6145952 1
19002342 2
17008794 2
14563026 2
3128361 1
17373639 2
12136402 2
10415567 1
8572838 2
12153377 2
15111520 2
2602538 1
7960691 1
1869877 0
12469361 2
11289039 1
18256362 1
16631807 2
10726908 1
8137681 1
8056041 1
11161605 0
1653157 0
1849851 0
3879724 1
10730108 2
8422813 2
17284223 1
18082485 2
9015671 2
16530770 1
15811196 2
16631808 2
18287017 1
2649091 0
3334207 2
18048797 2
8960900 2
12618126 0
12558361 2
15680918 1
3518487 0
10545951 2
3108058 0
1777555 1
7418831 0
15257254 2
3066604 1
10340840 2
10759290 2
12060768 2
10102689 2
18375416 2
17584937 2
14737040 2
1459176 1
9246952 0
10963118 1
12882864 2
3384186 2
11246891 2
18496642 2
15951317 2
11334434 2
11213871 1
6358258 2
2890854 1
2031607 1
17003651 0
16505520 1
16401322 2
1513106 1
18443364 0
15023892 0
7934613 1
12107094 2
3180560 2
17931054 1
18755547 0
9121817 0
14748857 2
10384157 1
2356856 0
3514328 2
11046216 0
15690075 2
18065518 1
7621992 0
1548033 1
16489974 1
6334441 2
2702915 1
2898620 1
7679153 0
11981430 1
17674425 2
10426365 1
3888064 1
15183899 1
12110118 1
9819564 1
19180071 2
14747220 2
18223311 2
2351024 1
15677516 1
17065683 1
2097090 2
16702203 2
8522054 2
17394567 2
6116858 1
10746480 1
1371757 0
11315837 2
10404477 1
1627514 2
15955382 2
2132756 1
16306542 2
9780163 1
15814708 1
11225745 1
16268330 2
8981464 2
16801582 2
14730381 2
2540054 2
17065336 2
1936625 0
2705450 1
16996523 2
90540 0
6427041 0
3807653 0
15589060 1
16632099 2
7948603 1
8381096 0
8144863 1
8463909 1
6243454 0
3290007 1
12163426 2
2210076 1
10373320 2
15451891 2
15646368 0
16691379 1
15289289 2
10636423 1
2137751 2
7958535 0
16565397 0
11641528 2
15256325 2
3890139 2
17350976 2
17506118 0
18628570 1
9118770 1
16828193 2
7877988 1
2227127 0
2345772 0
2196792 2
1984187 1
9714188 0
17259469 2
6226551 0
9051388 1
3309544 0
2451659 0
2968369 1
7002665 0
17828387 2
6988927 0
16642023 0
3386666 0
15904868 2
3886464 1
8432408 2
16492987 1
12457456 1
12753807 1
14988270 2
2785536 1
1537242 1
16140307 1
17656247 0
12796708 0
1379675 0
6699193 1
976808 1
15855574 1
11872661 1
1547915 1
15229371 1
1688592 0
9626124 2
10784221 1
10459555 2
2851978 0
3014147 1
1130359 1
10455465 2
2882757 0
17034894 2
12079853 2
1490129 2
18427128 0
16784923 2
9376887 2
16123482 1
19029465 2
14712302 1
11261110 1
2559826 0
17989308 1
1001852 1
10360969 1
16759309 1
7934754 2
8443481 1
15677502 0
15111528 1
7579533 1
9267986 2
18319304 2
15220218 2
12728642 2
12410189 1
16390512 2
2142224 0
15298348 0
18390803 2
6865771 0
6990878 1
10513628 0
3499282 0
8427325 2
16306373 2
8432409 1
12827246 2
3971842 1
12421427 2
15308387 2
8477874 0
1756904 1
11473067 1
12941725 2
19108012 2
11679467 1
18373145 2
7730940 2
2822032 0
8247037 1
8481552 1
14764811 2
6476871 1
9834753 2
8737025 2
4018423 1
15827072 1
9883794 1
11988243 1
2179271 0
15191547 2
8994867 0
11118001 1
12831396 2
2789462 1
10366407 1
12860917 0
7587911 2
17277038 2
1899428 2
2227122 2
10588521 1
17490448 0
14551045 2
19602663 2
15890428 2
15996975 2
15808783 2
18928555 2
17501713 2
16026108 2
19082192 2
10230651 1
11187395 2
11919129 2
11168335 2
6376219 2
14652300 2
10843190 2
7821744 1
2874367 2
1645681 0
18373876 2
15569141 2
2506750 0
3899824 2
16197556 2
1763328 0
16849625 0
9222413 0
10450504 1
15787897 1
7806025 1
8582549 1
3167224 0
8582541 2
8082528 1
2151892 1
12086961 1
1425095 1
8485921 0
3669189 0
15086906 0
6760859 0
17445204 1
10731498 2
16150012 2
15210771 1
17988433 1
1643801 2
8587251 2
16306336 1
11409710 1
6435733 1
6818073 1
12107736 2
3928030 1
6383920 1
18256393 2
9421384 2
7813810 0
2283580 1
15220219 1
7883841 1
6572976 0
10944187 0
1547672 1
6339383 0
11061540 1
15561966 2
12378375 1
3275857 2
10505100 1
9703314 1
12446368 2
18796619 2
18633594 1
17687538 1
7355038 1
1314203 1
18477703 2
15919790 2
8679127 1
15823283 2
11707690 2
2695377 1
9285513 2
1936604 1
7533189 1
6368289 2
11200365 0
9510080 0
17054272 2
1569149 2
11158011 1
11406490 0
7730870 1
8907298 1
10333912 2
8168638 1
11285304 0
9711990 0
9607771 2
6979813 1
2506115 0
10898419 1
8960841 2
16900881 2
3281165 0
6776628 0
9166680 2
2019237 1
12716671 2
9519755 0
12173692 2
12941788 2
2984069 0
16632240 1
8070302 2
11978641 2
10217393 1
19221353 1
15324513 1
15662233 2
11494278 2
10332677 2
7446723 0
15068742 2
17955017 2
12716791 1
9135956 2
18629366 2
159316 0
8801100 1
11872662 1
2005215 2
9299931 2
15161763 1
17189871 1
11701997 2
15277425 2
18191067 1
10063931 0
10691161 1
10826411 1
7092823 0
212016 0
10391392 1
8981711 1
10528364 1
15198656 0
6381190 1
9217884 0
9562318 0
2714046 1
16753447 0
15142919 2
16935891 2
19038053 2
2961642 0
19956101 1
8514858 1
8841820 2
446910 1
6123526 1
6998805 0
15229374 1
6323144 0
344114 1
16644679 0
9792550 2
8454115 1
9020324 1
10768098 2
8986914 0
2648726 0
16153889 1
8958219 0
16826799 1
2543815 0
4053952 1
15616804 1
15126002 1
12479819 1
12502657 2
7564117 1
8206714 1
18653708 0
6624425 1
18477810 1
15806321 1
10916097 0
3035947 0
1782596 0
12774166 1
8093268 1
6337899 0
15677515 2
9166662 0
7867594 1
3416556 1
16873415 0
10683243 0
7925541 2
17026489 2
670405 1
7926301 1
10764845 2
8150235 1
2140232 0
9179466 1
7555537 1
17212599 1
17977935 2
6362435 0
16796700 2
16731824 2
8238507 2
14655265 1
12663577 1
9472859 2
3745917 0
10831236 0
8941464 1
12882850 2
4028800 0
10843379 0
2239905 2
17462100 2
14693318 2
17290029 2
10329206 1
19204799 1
16530579 1
18488188 2
9391186 1
10230646 0
11694472 2
19423844 1
2894428 0
11118027 2
15317604 2
16037290 1
1303676 1
16219717 1
132978 0
16239637 2
3661732 0
1623937 0
6222067 0
885168 0
18025493 2
14985484 2
7789636 2
9402972 2
7555551 2
9299363 0
16310435 2
7978716 1
15780082 0
10867713 1
16944096 2
17905165 2
10618410 1
14676474 1
3510920 1
9253351 1
9539998 2
11751668 2
10639304 2
17940115 1
18544912 0
6376247 0
11120869 1
11355004 0
9653611 2
6321085 2
2851383 0
16949517 1
15935296 0
2226110 1
10389843 1
16424231 1
9358337 1
18304876 1
18594062 1
839365 1
12196430 2
10666008 1
16943856 2
8223830 2
2837217 0
6700669 1
15677784 2
18191683 1
2188030 1
18198356 1
8432410 1
11502801 2
7758886 1
17982227 2
17072585 1
7789634 2
2187031 1
2846770 0
16492206 2
2986612 1
7030831 1
1781827 1
3771500 1
7895958 2
9222654 2
15616805 1
9498053 1
3147006 2
6927730 2
12079621 1
11161975 1
2451692 1
1669848 0
9130923 2
2252927 1
2951065 1
14557471 1
2452237 0
1936622 1
17679700 2
8268399 1
9112017 2
3942692 1
8922355 1
15356026 2
15591007 2
18940401 2
12456232 2
11914749 2
12032638 1
8516335 1
1450485 0
16452245 1
1338389 2
9000700 1
9833935 1
3288533 1
7497862 1
15189492 1
8172873 2
6378698 1
16614419 2
17217413 0
7002680 1
3292330 0
9115153 1
12589186 2
12610049 2
3878262 1
8051090 0
17536067 2
16681560 2
2843209 1
7737259 1
18790004 2
16736131 2
2566050 1
19164386 2
14532171 2
16219008 2
11815502 1
1692206 0
2478541 0
19014491 2
10481045 2
8059020 0
6369869 1
11393553 1
8722069 1
15797853 2
12967932 0
15130892 0
15691219 1
3051674 2
8339858 1
17287462 2
1727731 1
16043663 0
34548 0
11133066 2
18845644 1
8482485 0
6419012 1
16567538 1
17098089 2
7869657 2
15669880 2
8236167 2
11942998 2
1393888 2
12183168 1
10934455 1
12466341 2
19909549 2
6355139 2
17659061 1
1397708 1
7724555 0
3100306 0
17111267 2
11553198 1
10229287 2
9096551 2
1342318 2
1680347 1
12424108 0
9792549 2
7733369 0
16988119 2
17901230 0
18385139 1
17102570 2
16400005 0
10432377 1
17911589 1
3545954 2
7787143 0
7840858 1
11714766 1
1858869 2
12087008 2
1698584 1
9571349 2
10334305 1
18697899 2
7826117 1
1576932 2
8777684 1
1779317 1
16936212 1
8317453 2
15708106 2
9541176 1
16148057 1
6177717 0
6166044 0
3136960 1
10064092 2
14747222 1
11590126 2
463544 1
11874933 2
17449011 0
6237013 1
12846742 1
16368054 2
1312414 1
9703330 2
6205468 1
12928371 1
7652767 1
17704113 1
8591829 1
16750453 2
3987975 0
1532514 0
16306380 1
3277013 2
15448086 1
18628566 2
10896837 2
9028693 2
12540628 0
18691434 2
14576980 2
17046557 2
11318596 1
3511094 1
16491083 0
16879084 2
7533735 1
15451899 1
8529517 2
19209188 2
15055868 2
10344174 2
11277312 2
10764844 2
12375694 2
14500624 1
3543053 2
18227448 2
9935017 2
9802745 2
8933279 1
9436863 1
17374372 2
668640 0
3962933 1
16142814 2
8305878 0
10080840 1
15641325 2
10081514 2
6428619 2
6765512 1
6365080 0
6343073 0
8750215 1
2365239 1
8320401 1
9076954 1
7485207 1
2000888 0
9228510 1
8194658 2
11423493 2
9487331 2
3325324 2
18630984 2
17617565 1
14701664 0
15671254 2
9841869 1
2975197 0
8921967 1
12937895 2
9158024 1
6798965 0
12535753 2
15654602 2
17942823 2
18650373 1
12110532 2
6373320 1
10441739 1
10372246 2
2560042 2
2964326 2
2390157 1
3394508 1
18437231 1
12882860 1
8595722 1
16401314 2
8376578 2
1303265 2
11871587 2
17768606 1
2673217 0
16110930 2
10999796 2
2526762 0
2879757 2
3531850 1
12679450 2
8046320 1
12731574 1
14600074 2
3428502 1
8379805 2
8297523 1
12421428 1
11430917 0
8842605 2
2109714 0
12047357 1
8709079 2
8243877 1
9498778 1
6946466 0
8886549 1
8422777 2
10634404 1
11315839 2
15161800 2
15194393 1
17216283 2
2903835 1
15047627 1
10868944 2
12145227 2
11206410 1
1858830 2
6048783 0
17897465 2
223249 0
9300232 2
10455296 0
17203405 1
16424193 1
16443765 1
8070612 0
15126514 2
9231838 2
8218828 1
18451330 2
15334390 2
17937592 2
1834606 0
16026367 2
17443551 2
16634838 2
14555218 1
15034596 1
19322030 2
11053781 2
3512204 2
10388968 1
8454105 1
7734740 1
15857924 2
2437017 0
1247369 1
15104693 0
17846125 2
1628761 1
10878475 1
1727739 0
3094802 1
3894130 1
12147143 1
3410166 0
873088 1
2968441 0
15563977 2
17173715 2
16249531 2
11334410 0
15271645 2
7267029 1
2384882 0
1559410 2
10218793 0
12788879 2
10372240 2
6988264 1
17065685 2
14693963 2
9077522 0
10036339 1
1547924 1
15855351 2
2783919 1
16043842 0
6819171 0
2567374 2
7666288 1
17935058 2
3102302 0
8255932 0
17853331 2
10561134 2
9165223 1
16009379 0
16904546 2
16864902 2
10902787 2
9534677 1
2792122 1
3286334 0
8511503 1
9011577 2
6444904 0
8415344 2
10798085 1
4007284 0
12351455 0
11979398 1
7895947 1
7612916 1
15983291 2
15117576 1
18443203 2
2388996 2
15565368 2
2466379 1
16843192 2
18513423 1
10391397 1
1847938 0
6341149 0
15010442 2
11068083 2
16455783 0
15562187 2
11386891 1
8322782 1
6155074 0
3057890 2
18000174 1
8472629 1
48487 1
1087090 1
11350569 2
12705906 2
17192336 1
16287721 0
12472780 1
2149684 1
10840991 2
2056281 0
16126959 1
16987885 2
17420320 2
18172142 2
10480508 2
4014496 0
18505403 2
18599520 2
18332093 1
3002888 0
8933767 0
9417661 1
16088325 0
15200455 2
10376450 1
1288277 2
15081213 2
8481551 1
14578254 2
16395257 2
9593115 2
17490781 2
15978304 2
9790722 1
14635033 1
12849007 1
16186263 1
1612203 1
2362374 2
17350379 2
11853366 2
11795838 2
1686679 1
14984450 2
9850487 2
17415551 1
15504969 1
9032113 2
9096968 1
8105989 1
11592833 1
2964908 0
11411059 1
2962015 1
9356039 1
2648146 1
6696735 1
15641947 2
1986032 2
17682657 2
1397787 1
2669796 0
9283782 1
14727024 0
3996172 1
15793184 1
4045727 0
11127263 2
3770146 2
16804037 2
18248490 2
6437248 0
7014322 0
6451633 0
12847137 1
11872682 2
15866237 1
10937515 2
8738148 0
6400712 1
9088945 1
3782431 2
6341541 0
9444601 1
8784789 2
1858864 0
10434871 1
2060433 2
7485290 0
6352379 1
16127779 1
7882818 2
12087006 1
15684037 1
8194659 2
12519846 1
11532324 0
10448879 0
1546925 1
8448070 2
3883162 1
2040387 1
15716683 2
14514347 1
8578927 1
9916864 2
15663750 1
16252196 2
7758230 2
3019809 0
18458145 2
12060057 2
8696962 2
10334317 0
18308005 2
12401759 1
9529658 1
2533573 1
16512787 2
15855877 2
16288121 2
881709 1
16249070 1
2060430 2
8143505 1
10078547 1
14557428 2
2375413 0
16436159 2
1697380 0
19727444 2
11334504 1
9112012 0
15283737 2
8435985 1
18252904 2
12540603 1
8317349 0
15480539 1
8603873 1
16464209 2
15172902 1
1640854 1
210200 0
1884902 1
18042650 2
3285214 1
10937586 0
17404843 0
15161784 2
11430819 2
7887548 1
150797 0
18420491 0
2602608 2
18535188 2
14980748 2
2970923 1
7326031 0
8436251 1
12663571 2
2134205 1
19554651 0
16823726 2
6758493 1
18226257 2
11440725 1
11296968 1
17003351 2
3700028 1
2899775 2
3292315 1
1857552 0
15164169 2
12145179 0
18220486 2
7599349 1
11668578 1
9597386 1
19436670 2
15197140 2
3901005 0
6135137 0
11827943 1
17379930 2
8077683 1
11063954 2
15701818 0
2527683 1
224862 0
3066087 2
12401719 0
11705562 1
12373017 1
8989248 1
17488882 1
12941774 2
11423492 1
15287927 2
9541170 0
2853090 0
8289098 2
6210590 0
12702517 2
16443858 2
15028852 2
2975970 0
6368154 2
10212830 2
2226108 2
9155314 2
10886575 1
189254 0
14746573 2
11793024 2
15234338 1
16752430 2
7047281 0
8893974 0
577329 1
17878242 2
16005098 1
2939859 0
2644143 0
155128 0
901998 0
18071025 2
11952022 2
3030621 1
10855536 1
15735180 2
10484579 0
1996629 0
15983203 1
11393675 2
1914813 2
1531328 1
15145912 2
11375359 2
7286500 0
19418585 0
15855738 0
15891954 1
11175313 1
6381004 1
10834419 1
15765120 1
15998896 2
12904273 1
12540621 2
6327999 0
16164876 2
12110948 2
7729295 2
6458521 0
10406747 2
9112021 2
9118767 1
15223230 1
11232755 0
11237934 1
1694242 0
11375370 1
19317822 2
16632135 2
15362966 2
9049474 1
15315867 2
2792577 1
16249462 1
11158469 1
509856 1
3023739 1
8896994 1
14675393 1
12058006 1
11467342 2
10496075 1
17202329 1
8218840 1
8243848 2
17959934 0
17894832 2
7589881 2
17665514 2
19956108 1
3758495 0
10716288 0
8200205 1
16092968 2
3042254 1
15667573 1
10030326 2
12507821 2
7030514 0
17337769 1
367858 1
10634674 0
19259345 2
16520298 0
6372364 1
8656230 2
17493303 2
14606987 2
11497119 2
4008642 1
12789649 1
10862828 0
3371576 1
16517941 0
11427103 2
1797483 1
16631532 0
8037748 2
7943217 0
11887166 2
2531916 1
15277423 1
16186403 2
12136405 2
2656347 2
15171089 1
3800935 0
3965456 0
2100283 0
10868824 1
2559864 2
6357915 1
6363437 1
17490925 2
15929678 2
7833497 2
19143815 1
16567937 2
9422332 1
11313020 1
1936600 1
3900120 2
9589227 2
1397711 1
11756347 2
9255188 1
8738975 1
10480777 1
2060727 0
8970288 1
8835919 2
11943442 2
12197981 2
9704241 1
2917700 0
1425092 2
9773737 2
8957954 1
1473324 1
15787663 2
10333897 2
18221886 2
8894494 2
11817922 2
15864529 2
9399900 1
4046487 1
17192335 2
9593777 2
14734833 0
3723133 1
2161429 0
15842525 2
7661382 2
9649577 2
18299186 1
14678865 2
7895458 1
14693308 1
9856492 1
7587009 1
10827618 2
8063987 1
9049482 2
12519318 2
1898495 0
16280641 1
18495797 1
1996330 0
2865245 0
16740856 1
18644868 0
15306833 1
1346740 0
17551474 1
9421209 0
16087682 1
1468277 1
1909860 1
10793402 1
1547969 1
9687076 0
10200497 1
17551989 2
15569136 2
6220614 0
9217877 0
1828024 2
18382660 2
10426385 2
7835205 2
2073786 0
8582127 1
16689681 1
9580104 2
17327437 2
9492114 2
15504984 2
10737695 2
8898767 2
2912042 2
3553851 1
16464206 2
8635641 1
16144851 1
16249450 2
10389853 1
7614998 1
18414396 2
7347668 1
6998810 1
7950501 1
18397244 2
11006065 2
18219539 2
18355325 2
10477212 2
10656227 1
2227130 2
12145012 2
7001914 0
8281733 1
16123347 1
12716807 1
16557003 0
7949222 1
2149686 1
2939686 1
12047396 2
3046976 2
2594949 1
11092290 1
7173521 0
2935746 0
18835954 2
17327427 1
10523462 2
10639275 2
6307884 0
6288572 0
15067092 1
3405615 1
8097912 1
15498087 1
7548984 1
10049952 1
6728529 1
17940433 1
11845232 0
2937583 1
6332754 1
12438293 2
3297896 1
11886934 2
8082527 2
17261400 2
9842951 2
15914628 0
2110424 1
9570569 1
12697267 2
9592633 1
15939031 0
17065668 2
15550470 2
17688680 2
17293477 0
9028685 2
10201921 1
7463069 0
8231837 0
12788476 1
11739486 1
9725264 1
17065331 0
10768097 2
2684709 2
10672454 2
9815141 0
6230283 0
3530850 1
2563712 0
16409149 2
2961641 0
12869762 2
8409408 1
1445271 0
3044883 0
1409194 2
11095109 1
15946424 2
17701054 2
3892914 2
15794918 2
15864535 1
2140085 1
16126119 2
11748057 2
8420811 1
12433517 2
11978685 2
15857224 1
16731998 1
11994901 2
6370763 0
10494309 2
18077612 1
9774113 2
9496190 1
8186823 1
12021118 1
1884889 1
9561345 2
2310723 1
15971062 1
8937480 0
12882849 1
9285498 0
8013261 1
11115792 1
11158005 2
2571758 1
10457237 2
15262206 0
10615960 2
8243816 1
11420306 0
10323367 1
9250453 2
8596090 1
8403823 2
17485570 2
3031378 0
17212763 0
8960856 2
15563975 1
8982830 0
2721880 0
15055351 1
15937634 2
17275503 0
16530127 2
12716788 1
15181068 1
9011569 2
7333950 0
1349776 0
2699584 1
12832326 1
1152674 0
11221581 2
17091361 2
12586772 0
15793259 2
6373458 1
18442638 2
15677777 2
6448759 0
11592564 2
7590638 1
11070077 1
7773292 1
3100473 0
16123486 2
7813805 1
6385954 1
8535060 1
3000746 0
11051284 1
16060703 2
16227462 2
6374595 1
11460818 2
17302878 2
9806890 0
17202326 2
2620781 1
12398960 2
2192850 1
10706679 1
7820663 0
16957566 2
14706055 2
12759426 1
8052146 2
11243729 2
2170088 2
2121567 2
4029511 0
10940648 0
19450275 1
12907946 1
8706342 1
15024641 0
8505731 1
17513405 2
10809036 2
2656272 0
11815469 2
8059694 2
18837736 2
17641742 0
14638745 0
10413736 2
10990077 1
3410164 1
2567255 1
17490419 2
11836850 2
123928 0
4592597 0
15385049 1
17498265 1
16488228 1
15563974 1
7584694 1
10230648 1
11092503 0
9788349 1
17693612 2
11437493 1
9115576 1
15189740 1
15585995 2
18467627 0
19029740 2
8422779 2
913975 0
2791825 2
10396539 2
17575381 1
12023624 0
8911981 2
8683386 0
9538962 2
7988316 2
16341841 2
11596671 2
12147151 2
12841889 2
12504401 1
6435738 1
8875250 1
17440021 2
2318100 2
9588444 1
10609119 2
9841512 0
10445840 1
19581618 2
12643338 2
6741561 0
8739917 2
10977043 1
12116178 1
6442240 1
18781598 2
11712937 2
16776751 2
15727946 2
9135937 1
16449395 2
10781520 1
1499477 1
10567005 0
10334415 2
19183309 2
18769484 2
2630378 2
15161749 1
2830793 0
7820802 2
7926344 2
3738404 0
8522051 2
7648797 1
9839106 2
15378058 1
6360769 0
11380081 0
3007344 1
7666797 0
8435991 2
207737 0
2028714 1
15467010 0
16501941 2
11895468 2
17369526 2
15955370 2
18426859 2
8897863 2
11551598 1
15161787 2
2673540 0
1967440 1
1359986 1
6220410 0
7380115 0
12145223 1
1779880 0
15892652 2
18405788 2
1968292 1
18544113 1
17596402 1
14578296 1
12860578 2
1874178 0
12616077 1
11872688 2
18678608 1
16313327 2
12351488 1
17054590 2
1415591 0
17449584 1
11146701 2
16801590 2
9059762 2
16804063 2
3901180 1
3387190 0
8336132 0
9453291 1
16344402 2
15579760 2
8635648 1
9712353 1
11473089 2
10098523 0
16108848 2
12453979 2
11772908 2
15842549 2
15365622 2
3134263 1
9245559 0
8314014 0
9436811 0
8388664 0
10811324 1
8168695 0
2132183 1
12725705 2
11293806 0
7669044 2
1696518 0
17353506 2
9257905 0
15934890 1
8822980 1
16367876 1
8623868 1
7627895 0
6358777 1
12974556 2
14758446 1
9257620 2
9559488 2
11733625 2
15597016 0
6461461 0
8198702 1
3800847 0
15131135 1
12035113 2
7445976 0
2959435 1
12406041 2
9060005 1
8135606 1
17969372 2
10766678 2
11177550 1
16322394 1
2541543 0
2969909 1
9305007 2
6231206 0
12121678 1
11738282 2
7533734 1
8480681 2
12568821 2
3381963 1
6478120 1
6354777 1
17259478 2
15200747 2
12643132 2
14633344 1
14672109 2
16380489 1
17906960 2
6929268 0
2376300 1
1718325 1
19656372 2
9237536 0
9605553 0
2993084 1
12819907 2
8023994 0
15333483 1
17987126 2
15899968 1
9112019 2
1946930 1
15270788 1
6120949 1
11113688 2
8013748 2
15557171 1
15304032 2
16505505 2
3728555 2
11318841 2
12473243 1
9075818 2
12622777 1
17065697 2
8071960 1
8102726 1
10857940 2
15337501 2
11810468 2
11066142 1
9415558 1
2526729 0
10451540 0
11110509 2
11916923 2
7903490 1
3072143 2
1644248 2
12829659 2
10096790 2
838199 1
18600366 2
15029092 2
2147157 0
19755007 2
8845578 2
6439213 0
2661286 0
6986300 0
12925054 1
1976101 1
14747227 1
2328847 0
17270481 0
11906474 1
15189364 2
16448524 2
9279482 2
14666367 0
9773738 1
7903628 1
15195774 2
1513098 2
7094931 1
8456985 0
9683226 1
3366906 2
18806820 1
16776864 2
9075819 2
15534160 2
18347327 2
10453045 1
18311511 1
16424194 1
12773136 2
7876049 2
2828354 0
8647955 1
2852056 0
11375357 2
17227560 1
420312 0
11474577 1
19004374 0
14636925 2
6524455 1
18348180 0
7821177 1
8777824 1
18375395 2
10685115 0
16868314 2
18710354 2
2881884 1
8063045 2
12676562 2
12606532 0
2339904 1
16670002 2
15853770 2
15205560 1
3402302 1
2146178 0
7968077 1
9650096 1
2179951 0
10099967 1
9681282 2
1928347 0
1301404 0
14679046 1
11742411 1
9000707 1
8776066 1
8243871 0
18249200 2
12959938 2
11335935 0
16456680 2
1325010 2
7990489 0
6802695 0
3930331 0
11473034 1
12810609 1
9267987 1
15047641 2
12438955 1
1516510 1
1544741 1
15315866 2
7926287 0
17438340 0
3290257 2
3517644 2
17919193 0
17699552 0
1468284 2
4270772 0
77236 1
17099716 0
8358330 0
8370480 1
11489060 2
16339386 0
8922352 2
6952225 0
8137868 0
2351028 1
7672483 1
8720611 2
2144835 1
17382458 2
19017774 2
18628567 2
17563066 2
12436344 2
8113395 0
12716742 1
11160605 0
15085916 2
1530628 0
16831155 2
15642078 1
9589379 2
9543160 2
1834233 1
19251581 2
15936458 2
9108124 2
191945 1
8549256 1
18201210 1
16241909 2
16492209 2
3294836 0
10652023 0
9049473 0
10766456 1
16108304 2
12224199 2
7821385 0
7497854 2
7499626 1
8421101 2
14550880 1
11701599 0
17130480 2
10194524 0
1733807 1
12189441 2
17928989 2
1551498 1
3677976 1
2871420 1
16948621 2
6327704 0
11994455 1
4013829 2
8968685 1
11849448 0
2833417 0
9206356 2
15752585 0
6791509 0
15492944 1
10975837 1
15619072 1
15592487 2
10613759 0
8299440 1
17003299 2
10777704 2
15616237 2
11485504 2
9013043 1
16967284 0
1511807 2
4036779 2
8597561 1
15356126 1
8307261 1
276854 0
15533523 2
1327927 2
17291928 2
12547549 2
1907567 0
9454525 2
2968998 0
17956578 0
3889241 0
11035111 1
15801988 2
2258000 2
7758387 2
11140007 2
16443892 2
7758877 2
2839003 1
6406254 0
15209768 2
7840850 1
15271644 2
7588317 2
16933180 2
2354130 2
2924584 2
10433062 2
19454403 2
10433350 2
17242918 2
11194235 1
18025414 1
6632773 0
1638575 0
14632337 1
19225563 2
3311852 0
6090247 1
3283232 0
7781699 0
16720089 1
14978124 1
11723056 2
8472621 2
15611782 2
3257379 1
11586492 2
15534311 2
2834824 2
6300315 0
10096516 1
16249446 1
15233492 2
2121571 1
8263133 2
16046318 1
1864483 1
12559634 1
2853165 0
1975860 1
1566832 0
3081395 0
17023717 2
9048635 0
9428834 1
14988275 2
7883951 2
10677607 0
1483818 1
16790847 1
6393427 1
9314625 2
9167108 1
10889130 2
3127094 1
3133259 0
10854650 1
3894118 1
16311495 2
10102685 0
14692295 2
16331092 2
6484014 0
1511657 1
9228518 1
2198151 2
17984654 2
12606515 2
7004175 1
8690153 1
16568259 1
15281007 2
10619315 2
11772895 1
8689584 0
11845220 1
14764782 2
14715174 2
3134264 0
16955255 2
2210117 0
6373812 1
2910919 1
658616 1
16767487 2
4092862 0
15563754 2
10480765 1
15534123 2
10614668 0
10937519 1
10383493 0
11174623 1
2200727 2
2620783 2
15920034 2
14693720 2
12831406 2
9179532 1
10799914 1
6239872 1
1577873 2
11369711 0
8385036 2
10855541 0
769892 1
15817886 0
7942121 1
18786482 2
1460549 0
109383 0
6207270 0
16530129 2
12021080 1
2252526 1
14727142 1
11806167 1
2307295 2
6448276 0
15315864 2
1801104 0
15107299 0
1967178 1
12951631 2
2300805 0
7498975 2
15918014 2
9568693 2
17429603 2
16223659 1
15451894 2
11679458 1
19244567 2
11822565 2
2492963 2
17031383 2
8013757 1
6089093 0
18540046 1
15201644 2
12916680 1
15504990 2
3234634 2
11855793 2
15021838 0
8635644 2
6210824 0
19421404 2
1740366 1
17479440 1
10975839 1
8866574 1
9200655 0
1623929 1
49051 0
10773353 1
10498660 2
1850704 0
17305652 2
1875397 0
19671194 1
2820821 0
8906850 1
12819898 2
15490713 2
14673690 1
1446803 1
15562255 2
6292033 0
18072015 2
8843902 0
16142014 2
1916054 2
1261089 1
10752702 1
8722052 1
14722022 2
15047620 1
9706121 2
17666464 1
2976072 0
16002802 2
10323407 1
9562345 1
7491135 1
7049672 0
10213040 1
11679447 1
9209199 2
10331402 1
15857077 2
10331157 1
9761301 0
8899822 0
12444908 2
17021258 0
3402397 0
10762445 2
11246885 2
11701715 2
19323833 0
3360225 2
14632702 1
16380480 0
15286795 2
16731845 1
11358679 1
1301231 0
16443864 2
16308836 1
9452481 0
17316429 2
12821556 2
10230652 0
12879149 1
10342343 2
9341777 1
3389165 0
10440119 1
10707034 2
15902705 1
17151301 0
17375408 2
9184645 1
9787347 1
1082825 1
1879302 0
10096786 1
3490623 1
9755074 0
14738713 0
12952722 1
2656353 1
10371569 1
2276309 2
12610012 2
3471610 1
10727543 2
12477297 1
7796989 1
17654446 2
2563711 0
11907419 1
12519851 2
1580275 2
15580650 0
8866570 2
12876161 1
18054732 2
15645205 2
17109598 1
9089222 1
8168641 1
8557972 1
10404280 0
15961173 2
18771456 2
17337497 2
1516767 1
9492119 2
10554892 1
11085185 1
2843411 0
3004092 1
3289948 2
15950078 1
6755882 0
17245800 2
8541002 2
8366676 0
16813715 1
12789656 0
15078673 1
3948645 1
10840992 2
11318836 1
8568481 1
8056185 1
16595661 0
11827247 2
17584557 2
3019804 0
11166380 1
19183764 2
7489840 2
9352855 1
9049484 2
7049342 0
8462769 0
17854943 1
16291411 2
9405908 2
12696990 2
10379630 2
18162719 2
15820770 1
18834717 2
16873779 2
6761213 1
7485496 0
11989965 0
14607523 0
11874937 2
12050251 2
9783862 2
7542194 1
15209759 2
8817105 1
17003303 2
9924181 0
7744318 0
15841481 2
6376006 1
9272590 1
11164324 2
8594883 0
1647335 0
12647840 2
12600852 2
16837097 1
11375362 1
6453032 0
2404722 1
15030514 1
2254723 1
18203848 0
17167474 2
8106265 1
18682384 0
573868 0
10916100 2
18630722 1
9531033 1
12436483 1
9614619 2
16804081 1
12502511 2
7418958 0
12453903 2
3858281 1
3359822 1
12019056 2
6049924 0
1983329 1
15616802 1
3871764 1
1551486 1
8324491 1
9199974 1
11357882 0
17583796 2
15331548 2
1700959 0
1513105 2
2963718 0
1468279 2
15827563 2
8583794 0
7053038 1
17469046 1
15464100 0
16185788 2
12819896 2
15787605 2
18201212 2
2963859 0
10775523 1
2892607 2
9405294 0
11822848 1
1747949 1
3901278 2
9088890 1
3096039 1
12137925 1
1542564 1
18851745 1
7868700 1
2185667 0
8276929 1
11509159 2
19586535 2
9260789 1
9505151 2
3032576 0
1777651 1
1838071 1
6383921 1
7789650 1
10714434 1
2209344 2
16409156 1
1907250 1
7698508 1
17130193 1
8055861 1
6383927 1
2108071 1
2721842 1
1538479 0
16242708 1
16249429 0
11380082 2
7583560 1
15606694 1
11508264 2
2183732 1
8329201 1
14573810 1
12110165 2
12119987 2
2502462 1
11679457 2
12957842 1
18316358 2
17419722 2
15842514 2
3769714 1
17705695 2
14510112 2
16731844 2
10480605 0
6672456 0
8786022 0
11921420 1
11303544 2
10551191 1
8554205 2
16492211 1
16108236 2
17045527 2
9700996 0
15660203 0
16143864 1
17259945 2
15480900 2
1314160 1
8074644 0
11683767 2
12488955 1
7587921 2
15603648 2
3612204 1
2187391 1
11246890 2
17403947 1
12598080 1
10792634 1
12107721 1
16443879 1
17047923 1
15050428 0
15505001 2
16352678 2
15992364 0
2991051 1
8894482 2
12046551 2
17916064 2
15561961 1
18984633 2
1657670 0
12786685 2
3958838 1
9145209 0
7590817 1
1397707 1
16248830 2
10868945 2
9455935 1
12017227 2
2082905 1
12547861 1
16027060 1
15189757 2
11213882 1
2731721 1
11126403 0
10192335 1
2086729 1
8292308 1
18230822 2
11702485 2
15701210 1
15715684 2
17028899 1
16241865 1
15277418 1
10396483 2
18375411 2
12022291 2
11317661 1
15356074 1
9650091 1
15985473 1
15458443 0
6407318 1
12105369 2
12753809 1
15154956 2
6181774 0
1826245 1
9267985 1
15996850 0
12590020 2
17192488 2
16644712 2
17303807 1
17444413 2
6383908 1
16504534 1
2010048 1
11329231 2
11119175 2
7657915 2
17160672 1
17054599 1
17259483 1
10837808 0
12519856 2
11705130 2
10369425 2
10902613 1
3769717 1
7698519 2
9868974 1
9492045 1
6411398 1
3150011 1
10364681 2
15448111 0
11016458 1
11238483 2
3882489 2
12626325 2
6332396 1
18979719 2
2403561 1
16625098 2
18247111 2
17327313 2
3155358 1
12700434 2
6785132 0
11473057 0
8342628 0
6193787 0
6178398 0
9135934 2
9682700 1
12060066 1
8274623 0
11165718 1
9169397 1
1541381 1
16002729 1
15562204 2
12939295 2
10983484 2
1692544 0
15853899 1
15963177 2
11523307 1
7519993 1
11962743 1
7926349 2
15816267 2
12426635 1
2254456 1
1107095 1
2035624 2
7973189 1
2307292 0
16311223 2
9851666 1
8279544 2
2530249 1
15277426 1
8554207 2
1356098 1
15757485 1
10983873 2
11317663 1
17309144 2
6352883 1
12723650 2
9521193 1
2142657 0
15333476 2
10857932 1
11289046 2
17392550 1
8603874 2
7666280 1
1499640 2
8799631 1
16925808 2
14633812 2
2791824 1
15915337 2
3101840 1
467852 1
16313250 2
8341027 0
15292279 2
3282945 2
10593324 1
7911033 0
2525099 0
11319990 1
19330251 0
17718255 1
18096110 1
10202001 1
17698692 2
8621021 2
11560458 2
10992154 0
8954033 1
12684356 2
2227136 1
18292508 1
9167117 1
8232245 0
12186517 2
10768088 2
3965270 1
9075813 1
16672921 2
10840994 1
15534166 1
11472455 2
12021107 1
11323091 2
6283017 0
11223446 1
2651055 1
2022058 2
15735217 2
3342715 1
2156685 0
3510222 2
2065848 2
10913918 0
14551218 0
2703125 1
2534495 0
15562196 2
11110506 1
9398031 0
12107755 0
12201821 2
8581776 2
17379017 2
1548362 1
8666145 2
17622324 2
16249430 2
18566339 2
9783245 1
6135136 0
8781764 1
9892222 1
15662003 2
3604927 1
3277269 0
17220476 2
2739728 0
15038624 2
11757806 0
12904328 1
6652356 0
3308588 2
3316905 0
11136693 2
2253403 1
3054549 2
8858213 0
12187484 0
16412238 2
15531525 2
1381004 0
2910904 0
12174327 2
11502799 1
11166782 2
1737543 1
1517368 2
17251454 2
12041735 2
10619377 0
2430467 0
11317350 1
1971463 1
10969849 2
14693960 2
1679291 1
2573589 1
7843994 0
2645787 0
2384188 1
9229192 1
16331093 2
7955989 1
11289057 2
1639934 1
17442990 2
3391346 1
16043679 1
10382589 0
12573055 0
12477139 2
7589828 2
7821148 1
16770585 1
9237795 1
17096857 2
16246041 2
16525843 2
15174785 1
11289040 1
16028216 2
19228810 1
18599527 2
10072490 1
7820218 1
7955992 1
17257284 2
15228626 2
17020808 0
15572652 2
15362196 0
17003476 0
12224009 0
11009082 1
16369531 2
2527705 1
12552126 0
18811598 2
10388980 1
10872536 1
11315821 2
2663991 0
8816975 1
9777324 2
17160917 2
15574621 1
3042306 1
12373045 1
6383915 0
3311859 1
17513705 1
3038570 0
15533584 2
7867885 1
15590229 1
7011215 1
658631 1
10969842 1
10441167 1
9927014 2
1604470 0
10692980 1
9498623 0
3396784 1
3322901 1
10096780 1
19073776 2
11781760 2
683275 1
17496360 2
6377892 2
15692810 1
8269796 1
8168652 2
6604162 0
9425261 2
1647847 0
3525052 1
14679045 1
14762714 0
11149668 2
8529508 2
1936683 1
6465129 1
17003357 1
3185290 0
9796880 1
15296475 2
16206511 1
10565450 1
2903105 1
2907318 1
19356447 2
9218754 1
11524245 0
12624725 2
19734534 1
18784091 2
10880889 1
15787659 2
12908509 1
3907367 0
9672120 0
17435648 2
15741258 1
9688898 1
12588772 2
15850550 2
12144585 1
7380116 0
1591322 1
12919291 1
179906 0
6086432 0
16053338 2
17657474 1
9285497 0
2429979 1
16105050 2
12221327 2
12351462 2
4065450 1
17124720 1
15101024 2
17286886 2
15561967 1
3516607 2
17583794 0
12861928 2
3105747 1
10865593 1
3046353 2
14982263 2
16423628 2
14693715 1
11702977 1
14693690 1
8436258 1
3081208 1
6387483 1
8680958 1
1602510 1
16122720 0
8551882 2
16367878 1
14709415 1
3362188 1
6426612 2
15703765 0
8349035 0
2865246 0
18847481 2
15842509 2
1347259 1
2761602 1
3964795 1
9237781 1
1306598 2
8160818 0
18319296 2
7917445 2
6865761 0
17947651 1
3391088 2
8133041 1
12829647 2
15203291 1
16968813 2
12453980 1
9051392 2
2666217 1
18408164 2
12234175 2
19143812 1
3865895 1
16810343 1
9121558 2
12917089 1
8094359 0
15591438 1
7701574 0
15677510 0
6482647 0
2404481 1
1826377 0
16505254 2
2161118 0
9051370 1
6742110 0
7003664 0
9820603 1
7713317 1
15217167 2
16505255 2
1513113 1
12713255 1
8403831 2
15615844 2
15127007 1
12870175 2
2945714 0
9247907 2
15161785 2
1607079 1
10645822 2
10491762 1
16624268 1
9405906 2
18675854 2
3336401 1
15925010 2
8772721 1
16610399 2
15196191 2
6608807 1
11473042 2
14578226 2
17313628 1
10937511 1
2491424 1
9792546 2
18361940 1
11431419 1
1358911 1
17461097 1
17618154 2
16140553 2
2220357 1
9135933 1
1497552 1
9706117 1
2215560 1
11336633 0
18312624 2
626754 0
12488363 0
9145239 1
3792695 1
15864534 2
18423039 1
11938022 1
10995460 0
2875912 0
2347619 1
15561915 2
2071180 2
9797494 2
15774581 2
3125636 1
12610026 2
2887834 1
852945 0
2533036 1
6702817 2
8485955 1
15838685 1
1792519 1
9075795 1
2029797 1
14632704 2
4053948 1
9709972 1
3073031 2
7888045 1
3517068 2
19151417 2
9329371 2
15240627 2
3292913 1
9795750 0
10418073 2
8419906 0
1974448 1
7002675 1
10436250 2
3276309 0
17136391 1
10909966 1
17509069 2
16872914 0
16205883 2
8513574 1
2217686 1
1673279 0
8345423 1
11110416 1
17393333 0
12760806 2
14557464 2
3283554 2
16936155 1
15192440 2
8960640 2
14988265 1
14747300 2
15546428 2
10462142 1
15590460 2
6508757 0
10969821 1
10023861 1
12017421 2
2583313 1
8461815 2
16738017 0
15911432 1
3414496 1
9568688 1
11947963 2
12674170 2
14501785 0
3076593 0
2196359 1
15571930 1
3885889 2
10720083 1
10966491 1
621091 1
15492021 1
9356046 1
858776 1
2509743 2
6374588 1
12499894 1
12644725 0
6370765 2
12600850 2
10769277 2
3302144 2
3873328 1
9404411 0
10372249 2
7867879 2
1954810 2
9725265 1
3106122 0
9559887 0
14968293 0
8908380 2
10027578 1
7743759 1
11720733 0
15755822 2
1607077 1
18056893 2
1856246 1
10445836 2
7620714 0
7678825 0
14749276 2
12563564 2
3240843 1
9829231 1
6736870 0
2878850 2
9299665 2
16831970 1
10933564 2
7045315 1
12438661 1
6985453 1
8697673 1
12436340 1
3621801 1
6418443 1
2464510 0
11681491 1
7030513 0
12505756 2
7429060 1
19424489 2
15628812 1
9585397 2
12765946 0
12068962 2
12515291 1
7034525 1
10643211 2
14985323 0
16437448 2
1600710 1
17142730 1
15919812 1
15111501 1
3610255 0
18040660 2
16304074 2
15889479 1
11023137 1
18689029 0
18689027 0
16803942 1
10483322 1
11321932 1
3492379 0
7669125 2
10909985 0
17570858 2
9043962 2
11373164 2
10761930 1
17199725 2
10389855 2
17934712 2
2221067 0
6208327 0
9220540 1
8998493 1
12819309 1
1797493 1
29094 0
10457741 1
11723071 1
8612552 1
15677787 2
12627330 2
8422833 2
9421371 0
9447951 2
11889200 2
9051726 0
3100365 1
16682872 1
10472932 1
15978877 2
12351468 2
1699758 0
12969081 1
3319352 0
3090724 0
11723051 1
11679421 1
9051394 2
9156048 2
10757430 1
9368599 1
16200840 1
3120184 0
2195347 1
10227563 2
12809451 2
3661285 2
12027926 2
17720898 2
10428734 2
12105351 2
10937512 1
17663291 1
7926338 1
14514594 1
9166684 2
1692521 2
10415060 1
15920040 2
15845065 1
14646187 2
18269685 2
17982429 1
10197653 1
6714535 0
9637357 1
10331395 2
3917783 1
6121222 1
8914859 0
1827080 1
11118012 2
8504134 0
14578281 1
10679087 1
1968298 0
8325207 1
16442660 1
15087759 1
8008349 1
3124343 0
1516635 0
1535513 0
18444924 1
732354 1
8738959 1
11549316 2
16680064 0
17512304 2
2108072 0
12967586 0
17190852 2
7806022 1
8563971 0
2962885 0
16671953 1
18495285 2
12939321 0
7890013 1
10946317 1
9397283 2
9178368 0
1575942 1
7848296 0
15086069 2
12634022 2
17360979 1
6376025 2
6997119 1
3514325 0
2951186 1
2869807 0
6733587 0
12529398 2
15309290 2
12351470 2
1558172 0
10535448 1
9850345 1
18092746 1
1833118 1
16643495 0
8897865 2
17410180 1
8626861 2
12165168 1
8056186 1
3899806 0
3298937 2
14975076 2
10354364 2
6265585 0
7713315 2
16644631 2
10657558 2
4077990 1
17234498 1
12351483 1
16883325 2
7698052 1
18654633 2
10950231 1
2969899 1
15999801 1
8943434 1
18502301 2
8255966 2
10793775 2
15161742 2
6323107 1
10677395 2
8576857 0
10334297 2
6355180 2
7924787 1
8415669 1
17911424 1
6048784 0
9715376 2
7589848 1
12511531 2
8742562 2
11978670 1
11965406 0
1616047 0
17513708 2
2965106 0
15557472 0
12719277 2
3897260 2
1440841 1
9001873 1
9118761 2
18032779 2
9032098 2
18413187 2
2340795 1
11845227 2
15787679 2
16879496 0
14988238 0
7962342 2
9497173 2
10064671 1
10027573 2
4008173 0
9314635 1
6345999 0
2258798 1
10570321 1
8692797 0
6439270 0
16318984 1
9125302 2
11349735 0
8591824 1
9498628 1
1833119 1
2649325 1
15677800 2
10969845 2
12832308 2
12021136 1
16380482 2
16784487 1
16842476 1
2229317 2
17351667 0
3325216 0
9075794 1
8521149 2
10077454 2
5165621 0
17466227 2
17804685 1
15004255 1
8960836 2
11827436 1
12621778 2
7930374 1
2443415 0
8174835 0
6765222 1
2527682 1
12196463 0
3046964 1
7955990 1
7859898 1
12766103 1
9628267 0
18490524 2
16723355 2
16054069 2
15042130 2
3011872 1
16505509 2
17192117 2
15280150 1
9400384 0
10027577 2
11282127 0
16886100 2
18662362 1
11850096 2
8287395 0
16776749 2
14578238 1
1978827 1
3229072 0
10792555 2
14612382 0
10099885 1
9170553 0
18310307 1
15296095 0
2928319 0
6450274 0
7713313 2
15579791 2
7436474 1
7958496 2
15490285 2
8447376 0
4080324 1
2687066 1
11005260 0
8896996 1
2159159 0
15579757 2
19073786 1
1611830 2
272601 0
17592079 2
8238505 0
9458958 0
1519035 1
12475085 2
17000240 0
14583184 0
1956736 1
16460335 1
12420133 2
11869047 1
8444596 1
12540598 2
8243875 1
10517303 1
8163058 2
11352285 2
3998926 1
16729295 2
14977514 1
12031961 1
5564387 1
5431658 1
12951629 1
2180758 0
17409758 1
14969651 2
10868936 1
6510596 1
8719622 0
9757911 1
9653600 2
8960842 2
12437401 2
7555535 2
11509679 2
12610055 2
6638202 0
8061362 1
1499854 1
1769441 1
8817639 0
11916939 2
15616236 1
16498058 2
1516486 2
2318346 0
10683091 2
2955518 0
15161769 2
1386312 1
8262311 1
11668206 0
14578240 2
14563973 0
8288040 0
16804198 2
10229308 2
16868890 2
18494813 2
16131643 2
8816974 1
12485914 0
8945940 0
17582726 1
9498536 2
85167 0
16443885 2
7554781 1
2121778 2
16307231 1
3044888 0
15579520 2
9051396 1
8556032 1
17098087 2
2666209 0
8403829 1
14747288 1
15324516 2
7792311 2
10840993 1
17703979 2
2132409 2
9285509 1
9498627 0
1473327 1
17142144 2
19165346 1
15220206 0
11802086 2
16911626 1
3328718 1
15162131 2
8636292 1
2681500 0
446915 1
17327455 2
1658938 1
11225744 2
11752027 0
6116343 0
7862383 1
17627511 1
2695369 2
8963350 2
7588327 1
10443915 0
15095039 1
18984774 2
11712664 0
17440034 2
12193157 0
15871551 1
9074858 2
6155118 1
11943743 2
1474327 0
425849 1
9368810 1
14651426 1
15833798 2
10510950 2
11095462 1
16644687 0
14704913 0
8168649 1
16644641 2
17631647 1
11118023 2
6315581 0
6337224 0
1676375 0
3248365 1
11427629 1
3525287 1
2380575 1
15752923 2
12716741 1
16504278 2
8558007 1
11145722 1
3807390 2
15932791 2
12820687 1
11183420 2
8375594 0
7008781 0
16021649 1
7006418 0
15662560 0
7989471 1
8623195 1
10195930 1
9278577 2
15164324 2
14737020 0
110982 0
9699090 2
12848900 0
10868941 0
14578303 1
17227319 2
9177227 1
2241964 0
3527835 1
15735197 2
15988694 2
2931356 0
720388 0
8826970 1
17449503 2
18644075 2
15451762 2
16164650 1
15316457 2
3342843 0
1914815 2
1473614 1
17379048 2
16174285 2
6690348 2
18396273 1
9421250 0
16389899 1
12643138 2
9006224 2
11115840 1
9786808 2
11025555 2
15383562 1
15292327 2
2200623 1
11358432 1
6376238 0
11448655 2
1765032 2
17142207 1
12077722 0
3500820 1
15830181 2
6408774 0
8452122 2
2198430 0
10521365 1
3124898 1
6714533 2
11160777 2
10781513 1
9075807 1
8513972 1
15843527 1
10837172 1
16382301 0
6345249 0
8243815 1
2185062 0
14747298 0
3666319 1
2925151 1
2864296 0
1425102 1
10381018 2
9589225 2
7317320 1
7568172 0
16330753 2
14563016 1
2966883 1
9354805 1
15321714 2
11004432 0
2850534 0
2060718 0
2712862 1
12181123 2
12618085 2
1833073 1
12763621 0
16011013 2
18704282 2
8363636 0
7667243 1
7476334 0
17224062 2
6389234 1
15284406 1
12025968 0
7821732 2
17127699 2
7696203 1
8722054 2
11868855 2
18632021 2
11473058 0
15209767 2
17940453 1
1480165 0
16858281 0
9648820 1
10333115 1
17636824 2
2612303 1
12351484 1
9571342 2
4046836 1
15507397 1
9833948 1
18318971 1
8971093 2
12637120 2
9405979 1
7219644 0
17426095 2
17516840 2
18368387 2
17453237 1
15736107 2
8104274 1
8636359 1
8534323 0
7910507 1
10441179 1
7173629 0
8267690 2
15858836 0
16978370 2
6376232 1
16682971 2
17127428 1
7429058 1
10375055 2
19092145 2
16545977 2
15839181 2
16484636 2
15855579 2
16129729 2
8077881 2
2283568 1
2190442 1
8305825 0
3661182 1
9052629 1
11723090 2
9114140 1
1773687 2
17300592 2
16882108 2
15451768 1
6220613 0
3583229 1
17994214 1
16396688 2
16123375 1
2095388 1
1838048 1
320079 1
17675466 1
11168330 2
2132407 1
15793250 2
11678971 1
10977041 2
15674312 2
6508634 0
2792574 2
18474939 0
9842504 0
18445302 2
204291 0
11724418 1
12632689 2
3517352 1
18558029 2
12469723 2
3133235 0
15975101 1
9284701 1
11808892 1
9063039 1
2676272 0
1510079 2
2194696 2
11311735 0
3258636 0
7041037 1
15220202 2
12882869 1
9790515 2
10067662 2
1516514 2
12086927 2
12477619 2
2804691 0
3817303 0
16733300 2
6734382 1
9197212 1
9389426 1
18445178 2
17130507 1
98959 1
2612304 1
19183315 2
11585369 1
7113741 0
12502501 0
8894472 2
1696864 1
11247674 2
10923630 1
12458661 0
11772907 2
16293770 0
7683288 2
11522503 2
12065235 0
3436491 0
15946423 2
3792663 1
1955096 0
15161752 0
12647273 2
1828522 0
15224207 2
16627379 2
1428492 1
16364254 0
15100410 0
1951381 1
12693765 0
1292946 1
7865457 1
2739037 2
7641764 1
15249348 2
6354788 0
2113530 0
8405065 1
16443894 2
16380476 1
12663474 0
14988271 2
10525659 1
11082516 2
10710204 1
15585600 0
18445358 2
9356015 1
11347755 1
11043857 0
12351442 2
15333474 2
16093733 2
15986235 1
9112022 2
15920053 1
18827919 2
16241925 2
16047557 0
3717201 0
10066341 1
3542537 0
9686575 1
8444242 1
11916918 2
17919543 1
10547207 1
18039778 0
15677514 0
15584977 1
15983290 2
16225467 2
16804085 2
16799401 2
11815513 2
18840203 2
11508275 1
446923 1
9028718 1
3057304 0
17015512 1
2972575 1
3436991 1
14747299 0
3282952 0
6321559 1
17999365 1
15111500 1
10969847 2
7256449 1
8039604 1
1358579 0
9519744 2
16131364 1
11517957 1
11806653 1
11812766 2
15755558 0
10524496 1
15154941 2
2035513 2
1538647 0
10972583 2
17151295 2
10564565 0
8824710 1
2647446 1
7895460 2
17255204 0
3522331 0
14519705 1
8422839 1
15334372 1
15706065 1
7926294 2
8025212 1
15735577 1
10232707 1
15734869 2
201550 0
15064821 0
16019717 1
7909736 0
3966758 1
3401138 0
16855217 0
12516881 0
12663587 1
2951134 1
12136406 2
3016167 0
3552791 0
2526763 0
1890157 2
16102573 1
7867880 0
3189546 0
7847430 1
12460699 2
1320179 0
1892473 2
7316482 1
14747301 2
12763479 1
15541048 2
15277376 1
7823975 0
4053949 1
2140086 2
3769720 2
9215668 1
11237914 2
11822977 2
16936201 2
12202536 0
15068978 2
1831835 0
16320082 1
8689844 1
12469357 2
18546086 2
16545636 2
18226797 1
15735198 1
1690901 0
1547682 1
6440941 1
10994902 1
9467658 1
17412812 0
16505521 2
2962514 0
2031485 2
3971852 1
7810696 1
9115572 1
9361943 1
7239045 1
10051651 0
11043854 1
11310829 2
11050669 0
2149687 2
2258797 1
9032101 2
15296683 2
18682014 2
18519801 0
15006122 2
2956027 2
15773694 2
2368376 2
15343582 1
8243824 1
16684436 2
14760046 2
10522815 1
12821541 0
8549017 2
11154158 1
15208845 1
8495745 2
14602787 2
17592243 0
7251310 0
9679666 1
7485613 0
16389121 2
10860187 2
17316103 2
6447537 0
17353504 2
7286067 0
15516157 1
2994971 2
12606535 1
7648780 2
12453952 2
9446547 0
7439537 0
11024584 2
7469452 1
10227572 1
3219989 1
15317602 2
8152488 2
3511311 1
10741343 1
17636146 2
7717741 1
1425088 1
1967433 1
18640239 2
19545435 0
9504111 1
17493553 0
12882867 1
8241671 1
1762695 0
2074090 2
10333901 2
14704837 2
15575341 1
1425101 1
16450258 0
2412918 0
2943618 0
8206713 0
18626433 2
16007521 1
8621010 1
9453286 1
1587395 1
12832305 2
3770312 0
11074203 1
2567684 0
1603350 1
1979623 0
11285254 1
17115349 2
15713772 1
2952464 0
12663580 1
12716797 2
3127418 2
11869306 1
14747224 2
8562738 1
9447956 1
3622209 1
8864635 2
9032114 2
16030142 1
19120433 2
12006393 2
15763939 2
11723049 2
2313607 1
2564383 1
10369424 2
2776587 2
3543058 1
6594299 2
15926190 0
17626894 2
3771787 0
6177381 0
17315139 1
11424235 2
7614810 0
18294217 2
17130527 1
6959935 1
15284196 1
1356097 1
16480561 1
6413943 0
1698597 1
6123513 0
3523247 1
15089783 2
9704243 2
11845229 1
11800069 2
7870288 0
3056764 0
7657027 2
8425483 2
16873752 2
15172857 1
1387036 0
16154806 2
10691157 1
1671422 2
2727056 0
6436040 0
8864946 2
8218826 1
9642655 1
9519746 0
16461552 0
15619071 2
8911293 1
9448551 2
15842507 2
11692104 1
15486293 2
16249545 1
10480602 1
12610056 2
2158917 0
8772728 0
10604522 0
15616228 2
3289994 2
6698315 1
6447658 0
8457282 1
11317658 1
8026284 2
8218929 1
15448106 2
15301863 1
15458456 2
11285042 2
11004091 2
7930365 2
1559408 2
17220786 1
8246767 2
12112937 1
14602757 2
16946226 1
2283571 1
7364162 1
10229305 1
11812753 2
7686306 1
8341492 1
7859590 2
8586000 1
12801284 0
2159034 1
17404349 2
17192345 2
11709499 0
2908044 0
10440118 0
6865770 0
10480766 1
627089 1
955337 1
10419240 1
1452087 1
2889358 1
3457825 0
3383866 1
15111525 1
11311961 0
15117887 0
3885716 1
17011326 1
12861383 0
16484515 2
10372024 0
7859932 0
17403126 2
10907121 1
2580790 0
16219012 2
9920095 2
7929616 2
7714922 0
16983556 2
10445835 2
12716764 2
762604 1
16801579 2
8150233 1
12357295 2
16435105 2
8107516 0
8039607 0
1934356 0
8586012 2
17303786 2
11916952 2
1612064 1
14648802 1
3329563 0
15126545 1
15077024 1
2967143 2
6423399 0
8666139 0
16466323 2
8138066 1
1574956 1
15308383 2
15735200 1
14651331 2
3335279 1
8621013 2
16972249 1
14514599 1
3747912 2
1516513 1
10674411 2
7859641 1
15985096 2
2184066 1
1450902 0
12716754 2
15331020 2
6746938 1
16476877 2
8033523 2
12882907 2
12401715 1
10771372 2
11096141 2
17244786 2
15975085 2
15981944 2
11194216 2
7419982 0
17501667 1
8971079 1
16433757 0
9498634 1
14617576 1
12514938 1
10404803 1
9540013 1
11723092 2
1928239 1
11928067 2
3462067 1
15049944 2
10467761 1
9734600 0
10078573 1
18341596 2
10372251 2
16055398 0
10503944 0
15182254 1
7770927 1
6354781 1
11755477 2
16243484 1
15961581 1
12071438 1
1872184 1
16322530 2
16556845 1
15181067 2
8405709 1
16857730 0
3183668 0
15772899 1
6219022 0
17233742 1
14767019 1
12684749 1
15926921 0
12043935 0
8790585 0
7485223 2
15094082 1
8307249 0
17995925 0
18319325 2
17003361 2
8109840 1
1389712 2
15616024 2
12377301 1
7510610 2
15154119 1
15751600 2
7705790 0
12955723 2
17283238 2
6155075 0
10691158 2
9283777 2
3373615 0
10391396 2
18413675 0
17632702 1
16213627 1
16628077 1
17291929 2
8013262 2
15358230 2
18157661 1
9736816 2
11801690 1
15277411 2
1496490 1
2138577 0
14300524 0
1921235 1
9356032 2
11874175 1
10550418 2
8585999 1
1846101 0
10821300 2
12930239 2
7969678 2
111990 0
2419338 0
2305878 2
15021977 1
11606464 0
17884442 2
7152132 0
15616243 2
10845624 0
7018755 0
1511198 1
15480796 1
3897593 1
15596162 2
9706116 1
118459 0
3653560 1
1827712 1
9519018 2
12188054 2
106781 0
339853 0
15198124 0
11246883 2
14603873 1
12553708 0
15126294 2
15610050 2
2964324 2
15983242 2
77059 1
15955372 2
6401931 0
3058046 1
3662584 1
2258799 1
12021129 1
16731854 1
11994496 1
2499443 2
9258267 0
3968607 1
16209986 2
9336787 0
12818408 2
8597835 1
9075816 1
12643115 2
12610028 2
8550773 2
16801515 2
7469709 1
8721772 0
18828242 1
11230314 1
2025268 0
10389859 0
15171747 2
16565237 2
17229939 2
18036061 1
6345035 0
6243311 0
10391144 0
2499587 1
12716750 2
12047043 2
17192471 0
12663565 2
1867994 1
7692442 1
8101546 2
15585854 1
12403857 1
12786684 2
18814906 1
14693964 2
7429061 1
10189531 2
11042470 2
6208788 0
8612437 2
11473025 2
10206450 1
11336617 2
10594234 2
10857936 2
11678974 2
10923784 0
2949919 1
3061858 0
15209773 2
1345781 2
7623903 2
9285499 1
7762648 0
16186408 2
16915799 1
7031154 0
7537916 2
12830021 2
17149994 2
17502538 2
16353398 1
6872353 1
1884888 2
10393385 0
8738974 1
12401747 1
15880139 0
10837992 0
12401845 1
10841455 0
18955782 2
15606688 2
15569269 2
11987027 1
9097743 1
8925851 1
16381996 2
11315838 1
14984444 2
3609495 0
8105502 1
2185105 1
15140593 2
7621732 2
8473111 0
3983718 1
15723265 2
9673782 0
8243861 2
3156031 0
7756588 0
1516498 2
12680568 2
3880550 1
16932311 2
973614 1
16734547 1
11242607 2
2756919 1
2678583 2
2038991 1
11420205 1
17559835 0
15210748 1
1754997 0
12032186 0
17320348 1
3920474 0
17259482 2
16142453 2
3545950 1
2743710 2
2387197 1
18779620 2
12189440 1
15132730 1
11678975 1
3299911 0
11460570 2
16837224 2
8866557 1
14993580 1
1887928 0
8635669 0
8482517 0
8596501 1
3675622 0
15746699 0
8404430 2
19183453 2
11874949 2
10052685 1
17968982 1
16873704 2
16982850 2
6388357 2
2492706 1
9784493 2
8886588 1
19143810 1
1966737 0
10914675 2
11529255 2
14514575 2
6609855 1
17395746 1
3081112 1
6376234 1
1914819 2
9539995 1
18333892 0
9006218 2
2020184 0
12750767 1
10389856 2
1987411 1
15476437 2
9388085 2
6389059 1
8003613 1
976604 1
15037557 2
8870811 1
11145720 1
16585392 0
3298934 0
1756908 1
12574341 1
3666317 0
2642856 1
16646595 0
15270784 2
2392902 1
8248782 2
2967259 0
10450511 1
1793533 1
6408345 0
16046319 2
15331208 2
4025544 0
6753472 1
11679433 2
12712059 1
17992639 2
12453904 2
10497622 1
16076917 2
14638916 0
15790363 1
10433063 1
9300732 1
7558171 1
6237011 1
10363652 0
11699733 2
2642771 1
8088124 1
1551494 1
12574327 1
2623736 1
15070752 2
11344187 2
2967708 0
15465742 2
11592815 2
3527834 1
16316331 0
2934286 0
1531627 0
1764093 2
8591819 2
9581728 1
9702471 2
7720735 1
14694267 0
8477873 0
16618486 2
7555514 1
14618238 2
8405745 2
11933008 2
6624895 2
17630003 2
15972377 1
8422782 2
16146787 2
9726237 1
11347745 2
12559201 0
7625445 2
17550959 2
12941770 2
3493169 2
17065352 1
12802593 0
17635943 1
17575089 1
17601561 0
15910621 1
15860689 2
2532961 0
7726797 1
12716752 1
17975793 1
19890430 2
16895894 2
8666138 2
18458141 1
1473617 1
3200277 1
8721940 2
8518458 1
10864585 0
7556621 0
10909997 1
16002175 2
15296474 1
857305 1
3065105 1
9538964 2
2645581 0
3687064 0
12580986 2
15541326 2
3296962 1
6354790 0
2109713 0
16751293 1
8894485 2
16211374 1
9466322 2
9084964 0
10535450 1
15726854 2
16470537 0
4064578 1
16563942 2
2524416 0
7534735 1
11469401 2
17069921 2
17259397 2
16873687 0
17468539 2
2722845 2
12590013 2
3492782 1
14984448 2
14962997 2
16249541 2
720769 1
11027619 0
12032108 2
8554206 2
12870420 2
18411240 2
11272165 2
10857937 1
7859936 2
7903260 1
14503906 2
16787126 2
3286344 1
11177333 2
16520921 2
2015968 0
17618858 2
7437869 1
67398 1
3516822 1
2682724 0
10352194 2
2901925 1
16219666 2
8621019 2
10440123 2
8891519 2
11151758 2
1282452 0
15704053 2
8458523 2
9477383 1
12093242 2
1395129 1
8130360 0
11711325 1
8170952 0
6323238 0
16369729 0
8656652 0
1802481 1
10986179 2
17900558 0
15574998 2
12643176 2
8786017 2
16609149 0
12882863 1
18796616 2
3125635 0
4007287 0
1516478 1
10189563 2
9550350 1
7777034 2
1526328 1
15147528 2
221781 0
1516762 2
11181802 1
8894480 2
15494815 2
1954807 1
16506272 2
10797377 1
9329383 2
10868938 1
2540781 2
12843155 1
1698679 0
16302995 0
1395462 1
2544997 1
10319147 0
11299431 0
12030665 2
9507917 2
6094129 2
6430945 1
15593049 2
12419932 2
18223031 2
11727405 2
14606201 2
16505252 2
2546846 0
9614608 2
15781919 1
8816982 1
16085165 2
19455302 1
16257508 1
8510315 0
9135949 1
10333911 2
14693698 1
17226113 2
3308226 0
11872696 2
8288052 2
3884415 0
11407727 2
16391903 2
17351065 0
17398202 2
16704296 1
12829645 2
1401385 1
19079718 2
17182639 2
14514604 2
9776023 2
10868831 2
2271088 1
6382202 1
9222645 2
17274175 2
3515188 1
8261759 1
7002659 0
7713319 1
10580609 0
131313 1
11078464 2
11335776 2
15528473 1
2210079 0
16123352 2
18358256 2
12196417 1
19720998 1
19148193 1
11213867 2
11264900 0
11916932 2
2964330 1
10388977 2
12037656 2
7586939 1
11473043 2
6947506 1
14514651 1
11718053 2
16553701 2
3770275 0
16801564 2
15883229 2
10203241 0
1797023 1
12958030 0
17334652 2
4053413 1
3770314 2
8353889 0
11919132 1
12050208 2
16731861 2
6419110 1
19208173 2
3057960 0
15561955 0
11118013 2
12730827 2
8096168 1
9510167 1
16436090 2
15883247 2
15814056 2
4039409 1
2077412 0
14620689 2
9013991 1
15919129 1
2476354 0
2999792 1
1954812 1
11452218 2
8023930 0
12777950 1
18641317 1
3322725 2
9709955 2
12145233 1
1556940 1
10365900 1
15581263 2
10404692 2
9698133 1
14676238 2
10389851 0
11719843 2
6231204 0
11809189 2
1778668 1
18823304 2
11728565 2
12941708 2
18358249 2
3296780 0
2591648 1
10468203 2
8194667 2
11469390 0
11483230 2
3298936 1
6508220 1
16611256 2
12518120 2
1174454 0
8121460 1
2649339 2
12077738 1
2245874 0
9296067 1
7004960 1
12581265 1
10880896 1
9234029 1
10321421 1
12401735 2
11042464 2
10507551 0
17065684 2
8325359 0
16081775 1
9925350 2
18194666 1
12920182 2
12958039 2
15010331 1
11673332 0
156734 0
11239027 2
15586598 2
17110423 0
15990695 1
15151470 2
11408833 0
17701878 2
15972273 2
11979018 2
1892468 1
106628 1
7418970 1
16214842 0
9605555 0
12888120 0
15342014 1
17646194 2
11884430 1
2731720 1
15635816 2
17019596 1
3606192 1
2227120 1
15140063 1
17954427 2
11115194 2
15220191 1
15070927 1
7436840 0
12610047 1
12704384 0
3075899 2
11359854 1
8318506 2
9230640 2
6455320 0
15754270 2
3047167 0
9566022 0
16501850 1
9653614 2
14683737 2
8053615 2
8086754 1
16373900 1
16227630 1
14556421 2
9987086 1
3891266 2
12093452 2
16141456 2
15500899 2
15049939 1
18096074 2
17407649 2
15487977 2
3552515 2
15331567 0
16148094 1
1532888 0
1827403 1
11035112 1
6538983 1
9243109 1
12424626 1
8312374 0
16602470 2
10907214 1
16362172 0
10857974 1
1645169 1
2670641 0
12825962 2
1882012 1
14607967 1
2909412 0
8171052 1
18690028 0
11287819 0
16616147 2
7821127 2
2687059 0
1280576 1
16453382 1
16823727 1
11173968 1
6147095 0
8062603 1
17630266 1
12462278 2
1510787 1
6384027 0
8816970 1
15565375 1
17943018 1
16273631 2
10655528 1
6454600 0
12897047 2
12571134 2
12638730 1
11431595 2
14633347 1
8243854 2
17618413 2
10580422 0
152805 0
8290546 0
12713258 1
1770326 2
17890232 2
17963738 1
12586994 2
11751962 1
11679430 2
3519049 0
9585427 2
12466001 1
8259274 1
7589822 2
16216594 2
3949802 0
9538983 2
15212559 1
11424226 0
16300853 1
9771977 1
17202201 1
14641079 0
18025175 1
12502661 1
7691667 1
10844883 2
1418289 1
6236119 1
2956030 1
9794097 2
1468317 2
7729619 0
8739920 1
3296768 2
9166674 2
83020 1
12062921 1
11384198 0
3549258 0
15834548 1
2492477 0
11891019 2
12762648 1
17920367 2
8335178 2
7967355 0
16253380 2
17941894 0
15616225 2
1468304 1
17579207 2
7085877 0
17493509 2
10990083 0
18239151 2
8299457 1
8513973 2
15111485 2
14530204 2
4043582 1
1505307 1
7686860 0
18237357 2
12606496 2
12791496 2
15287929 2
16091441 1
8690176 1
16143863 1
12564655 2
7821137 2
8864825 1
12672406 1
12513038 2
15247916 1
15585206 2
11558907 2
10702770 2
6445927 0
8733038 2
12127723 2
1551496 2
12955714 1
17284779 1
11918623 1
6112606 1
8968688 2
6391989 0
9562490 2
6211102 0
12965109 2
8125761 0
6751737 1
7897366 0
2846906 0
16731847 2
9061711 2
10937499 2
9594623 1
2700903 0
17031255 2
12107741 1
1988772 1
16801570 2
9212110 1
16567539 2
1850691 2
16868887 1
9133553 0
3905478 2
15131329 0
14679083 1
8772731 1
11001756 0
8088109 1
11473088 2
2666200 0
3294069 0
12351463 2
10580417 1
17673715 2
16804310 2
8872058 1
12883468 2
19029027 0
16567541 0
2118733 0
1592883 1
1425090 2
15606689 2
11872679 0
8606491 0
7042734 1
6489655 1
6414861 0
8405698 0
9389421 1
7986307 2
12209017 2
6462153 0
12189439 2
8772732 0
2913290 0
2840314 0
8451201 1
11994900 1
3062185 0
1513102 0
6377925 0
18669812 2
3428048 1
7796990 2
1678798 1
7435556 0
14672598 2
12017226 2
11143762 2
11727406 2
12378387 2
10936499 0
15793183 2
9407420 2
11151290 2
8636356 1
16752167 2
9768366 0
1833072 1
6370767 1
19527523 2
11342975 0
10899062 1
12606529 1
17003353 2
11147789 2
3315370 1
18518892 2
7861156 0
6442226 1
8137634 0
7555559 1
14988284 1
12519837 1
15561937 0
18356406 0
11053486 2
10609116 2
3089856 0
15562034 2
1446573 1
6225778 0
1744436 0
2187577 0
15069400 1
6390059 0
7955687 0
2434051 0
2591642 1
10450377 1
9702435 2
870354 1
1914795 1
12624601 0
9608544 2
7658921 1
1412587 0
7880789 1
9361969 1
2647560 1
17392552 2
1925409 1
7958493 2
16873680 0
10025302 2
17699452 1
8111071 0
9294832 0
10392343 1
34420 0
15561940 1
17925336 2
7485560 0
9399622 1
12116171 1
1510786 1
16801581 1
2522857 1
12351425 2
12486269 2
9051402 2
17681171 2
11874940 2
9218753 1
9773743 1
16944095 2
11092289 2
6339562 0
15288740 2
14746579 2
9566860 1
16186402 2
11127456 1
12510788 2
1446795 0
12832316 2
14744819 0
6221747 0
2423405 0
12783844 2
1541384 2
10553503 1
8190698 0
15760467 2
7657028 2
6711836 0
10333055 1
15473506 1
10866056 0
11574403 0
10403564 2
2776149 0
16043730 1
8278373 1
12519860 2
3059740 2
15353864 0
17616355 1
12145235 2
9604869 0
1499861 2
12413715 0
15631206 2
16884565 1
7695938 1
7772705 1
16385830 1
7702571 0
1826238 1
1464414 2
2567260 1
9628276 1
16955213 1
1724653 0
2303172 1
521762 1
3912242 1
8908656 2
9759615 2
17669395 0
8172643 1
2443959 1
12900435 0
17259498 2
16461555 0
12716804 1
3046719 0
16092046 2
11023087 2
7758878 2
10546016 2
10331421 0
402347 0
6086002 1
2351037 1
12062713 2
2894928 1
8111638 0
15765178 2
12213357 2
18200017 2
10776489 2
12517320 2
8462391 1
15601374 1
14704869 2
2651052 2
17333103 1
4037864 1
12203948 1
9614604 2
12719374 1
2912706 0
15616251 2
10923639 2
11334424 2
8954053 2
8914990 0
8977415 1
11160299 1
10404427 0
9590189 1
17785827 1
9753289 1
12059098 2
10342816 0
11070563 2
9087870 1
14551599 1
6733886 0
18026927 1
12574207 2
1623640 0
12370118 0
18762804 2
3837177 0
9081852 2
6313456 1
7505244 1
1466604 1
15020378 2
15570991 1
16708716 1
10585617 1
15041043 1
9690057 1
17664136 0
15734856 0
3282462 2
9918859 1
8596270 2
10789990 2
19178728 2
1521728 1
19592627 2
2060412 1
16445948 0
11402924 2
11213597 2
10409121 2
9425444 1
3540997 0
12040862 2
15003757 2
8046181 1
15963032 1
18487480 2
2668078 1
16043727 2
8248277 0
1833120 1
8141280 0
10382584 1
1271192 1
1569156 1
11800189 1
9257618 1
12488956 1
18025765 2
8458394 0
11727404 2
17327335 1
15853117 2
6642092 0
1797491 1
2217668 1
15858610 1
1974257 0
9846053 0
14502096 2
3824018 2
12051689 0
2951156 1
17065680 1
8105164 1
1773691 2
14632703 2
12079842 2
3993776 0
18354383 2
17708608 0
18374840 2
3905474 1
8772741 1
9551692 1
10782560 1
1499576 1
1426977 0
17823503 1
10566598 1
7958498 0
7595359 0
2446948 2
3732632 1
3399876 1
6493613 0
15606701 1
2226121 1
8495806 0
7782732 1
18356402 2
12351492 2
7740246 1
16377570 2
3219969 1
16776571 1
19162441 1
15195686 0
8982458 1
12136401 0
15048713 1
11885150 2
15662028 0
17638121 2
2040386 1
16139131 2
2060411 2
3289293 1
18410136 1
12639765 1
6134178 1
10857964 1
1505300 2
10374895 0
17160673 2
3746343 0
11921431 2
16503203 2
10491332 2
11687328 1
8376715 1
2676665 0
9588455 0
6338503 0
16357806 2
8931842 2
7796981 0
9498660 1
3069387 1
9478016 1
12351466 2
9631966 1
9794154 1
11454923 0
6324787 0
14564678 2
12784185 1
8631205 0
15232701 2
14594526 2
10724355 2
16936151 2
11430279 2
3149191 1
18252021 0
16156896 2
15677796 2
6166730 0
8231036 1
8918765 1
11324686 1
1610978 0
12483997 1
2595251 1
6393353 2
3044884 0
6613912 0
16188519 2
8666146 2
4436439 0
16620276 1
9526327 2
12811239 1
17563456 2
1776586 2
12915671 2
11594243 2
10391393 1
10615429 0
16801566 1
7851224 1
10523020 1
16336954 0
16277163 2
6843359 0
8574952 1
10723117 2
9167116 1
17003308 2
16855995 2
16046299 2
16781717 2
15921969 2
10332690 1
8582128 1
11723068 0
3011579 0
12071338 1
9827844 1
12039106 1
10966133 0
7705195 2
17351282 2
1967567 2
17407650 2
17982464 0
2657721 1
8933284 1
10720784 0
11861246 2
11105070 0
12824864 2
3160550 1
3334054 2
10404814 1
15920060 1
1937077 1
16556760 2
8491559 0
10631549 1
14985314 0
1555418 1
1936616 1
17559747 2
8254388 2
9768370 2
17292348 0
8320402 1
8875083 2
2418197 0
2187461 1
18809629 2
7131180 1
17884455 2
15220204 1
16846552 2
17065332 2
12655575 2
12427143 2
12562574 2
15916996 2
7813820 2
12925058 1
9244304 1
7477652 2
15920064 1
2533117 0
6234160 0
12414878 2
8227894 2
11318840 1
10819243 2
15804330 1
2643507 0
15914522 1
1912918 2
6714534 2
3662397 1
8281664 2
8929360 2
2642863 1
9391128 2
8830328 2
10485379 1
15793249 1
3537124 1
10651262 2
10725774 1
10588526 2
2430466 0
5748670 0
12100795 1
2431940 0
17334649 2
11225650 0
17363754 1
9314012 2
12217892 2
9568700 0
17192490 2
15558197 0
10330298 1
2736957 0
15504971 2
9132297 0
1756914 2
11261677 1
8231086 0
16221917 2
11425498 0
2204602 1
8591707 0
2886833 1
3906851 1
10990080 0
17243865 0
9802731 1
11734783 0
7977785 0
16828517 2
11126401 2
17391170 2
8202267 1
11272184 2
17108057 2
7032319 0
9166673 2
2180761 0
11929589 1
16563943 2
8306233 1
10522814 1
12032099 1
8690823 2
9447411 1
9777902 2
7759284 1
3595399 1
14632699 2
13680125 0
15229111 1
3674950 1
11679436 2
7654879 0
16443791 2
8650584 1
12898018 0
12187278 0
8365454 0
18332101 2
1547685 2
12716822 2
11177312 2
7663523 1
8750762 0
16123472 2
9538966 1
12393299 1
11978665 2
16813601 1
1433573 0
7556961 1
3863777 1
11698764 1
15113816 2
2989429 0
17196960 0
3462234 1
1450181 2
2577492 0
11298085 1
16261310 2
6345995 0
9795769 1
15362508 0
9302851 1
16389646 0
7758121 1
12854339 2
18000343 1
2976650 1
9747644 2
17496368 0
8558012 1
8314440 2
18220630 2
10912849 1
14736545 2
11423481 2
9519736 1
2820820 0
2932920 1
7930669 0
2951060 1
11935149 2
148980 0
3510930 2
1611138 1
8150229 0
1782995 0
9007664 0
10909975 2
7733315 0
15049934 2
7043994 0
2817626 2
1397475 0
3943274 0
2583380 1
18643839 2
2913281 0
17508343 1
2003637 2
2787103 2
12431759 2
15752927 2
14671216 2
17233865 1
19649365 2
12796069 2
2179591 1
11446710 2
17093948 1
11341759 1
7678826 0
16567818 1
1722192 1
3519320 1
3496364 0
8722048 2
9802741 1
16093923 2
17101399 1
12765969 1
14564682 2
8722073 1
9704242 1
2293606 0
8686711 2
12421432 2
3550216 0
16331117 1
6765223 1
2567512 0
10520614 2
12401711 1
12504784 0
10331428 2
9400380 0
11596670 2
1489482 1
1727736 0
16834874 2
15562019 2
3882500 0
14677332 2
17003305 2
8741813 2
11347740 1
16731821 1
12196428 2
7734015 2
10218775 0
12055268 1
11735640 2
6487271 0
6830603 0
17370059 1
7901896 1
9479561 1
11206414 1
1387436 0
2180397 2
16407714 2
15565075 2
1849219 0
9836530 0
8549007 2
14767489 0
15735892 2
12433006 1
9973181 0
11433226 2
6223195 0
16365724 1
9137980 2
8833629 2
17536063 2
9322994 0
6231704 0
7495781 1
3991281 1
12027927 1
18083789 1
7555502 2
8149968 1
10493207 2
11874944 2
12431757 2
3139557 1
9467012 1
18508639 2
10928989 0
16045562 0
10233049 2
9258268 2
3297887 0
11311966 2
10857963 2
7334500 0
160815 0
16922707 2
15857233 1
15515334 2
3282943 2
1386819 0
12724015 2
11115839 1
15787657 0
16503761 2
15937668 2
7859635 1
10700186 2
14693413 2
1459481 1
9287047 1
16127002 1
8359098 2
2210020 1
6600035 1
2015977 0
10037256 0
8846420 0
16428460 2
8922535 2
3552773 2
15579786 1
14989712 1
2166697 2
17440170 2
7555503 2
12733740 2
16890898 1
18071583 2
11912544 0
15458679 2
2170218 1
1628852 0
12502664 2
16202877 2
1733240 0
10871201 1
8690174 2
13677177 2
14523643 0
17850472 1
12387512 1
15373974 1
3514342 1
8338224 1
2784589 1
15625413 1
9042432 1
2521211 0
18726585 2
7734039 1
8218832 1
17607662 1
18782903 1
9631870 2
1140512 1
15677788 2
15003525 2
11874953 1
3545622 1
8254042 0
1599304 1
11431597 1
2010045 0
10566650 1
16873797 2
6203798 0
15102436 2
7911918 1
7828085 0
1840007 0
8345343 2
12145220 2
10048236 1
1884899 2
11080608 1
3984731 1
7883124 0
17298588 1
8293860 2
6343021 1
10436255 2
2750810 2
8557457 1
12663585 1
11317657 1
656468 0
8732624 1
15776287 2
9243096 2
14693989 2
15640716 1
11098158 2
12185534 1
14967156 2
14977448 0
16108846 2
12086942 1
3132411 0
11796484 2
8866560 2
8112187 2
17433638 1
2929818 2
9158104 1
15641619 2
7125584 1
8993020 1
16283240 1
11528370 0
11473632 2
17287466 0
1513096 1
10777104 1
16318863 0
15281910 2
7783416 1
12448803 2
15660049 1
19307526 2
12136408 2
17466512 2
16624628 0
12716763 2
10096791 1
17204595 2
12183306 2
15919814 2
16935841 0
11427776 2
17047293 0
8061353 1
14749143 2
1830255 1
7512429 0
7619052 2
17890472 1
17188626 1
15589064 2
310235 0
14722160 2
15654326 1
2201499 1
11742884 2
19465406 1
15975106 2
9530623 1
8439889 2
12436331 1
2316495 2
12856080 1
10585308 2
15983312 1
8463764 1
9918899 0
11912811 1
1828271 1
9802727 2
1360036 2
16505514 1
3514327 0
18097733 2
3916385 0
15919795 2
16706569 2
3063536 1
7915204 1
18525041 2
3639057 1
17540850 2
10401610 0
8808117 0
8983099 1
12856125 2
12925053 2
3535494 2
12014207 2
15954931 0
7575996 1
12086957 0
429493 1
8504630 1
16443888 2
6317497 0
9630471 0
10802152 2
17130189 2
3625590 1
12791620 2
9872926 0
1293153 0
7160488 0
2522305 0
10484048 2
3286341 1
15541340 1
15606381 2
11472468 2
1653676 1
12036382 2
2142039 2
3053303 0
17179654 0
8178349 1
17977949 2
12540612 0
15846742 2
11153534 2
7882817 2
10333045 1
3516770 2
2943166 0
11202216 2
17376839 1
1457752 1
16873535 0
17259383 2
15793182 1
9703332 2
16306338 1
11357482 2
1324227 0
10646024 1
12147144 1
12436330 1
1838045 1
7628610 2
10895854 2
16804087 2
15103879 2
1974216 1
2165458 1
14535631 2
11160351 1
7839428 1
15739116 1
9030834 2
17660723 2
6345998 0
15277400 2
8816977 1
8001626 1
8436256 2
2504637 1
8254654 1
8651399 1
9116912 2
8798755 1
2008858 2
8253019 1
10849151 2
16569732 2
15270786 2
1292948 1
1979769 2
17250813 0
16648764 1
16150144 2
16306345 1
7657039 2
15368274 1
12610038 2
16241913 2
7160533 0
8523109 1
7958500 1
17202420 0
9848784 1
16455062 0
16178978 2
12965108 2
15068745 2
8686325 1
15015140 2
10201457 1
12595584 1
12728975 2
7858114 1
11128033 0
9052888 1
12453896 1
14514569 2
10730548 1
3871432 1
11375346 2
2962892 1
9709964 1
12629676 0
19105916 2
9440664 2
12728644 2
3048052 1
16801587 2
11522693 2
15453847 1
6459800 0
16140554 2
12728068 1
11119015 2
16929349 1
8294931 0
17934141 0
8262318 1
2163202 2
17664387 0
11197290 1
2705464 1
15979893 0
8141329 0
14744612 0
2951125 1
17138051 2
16377288 1
7942937 2
11334429 1
9503037 2
2827974 1
14747214 2
15353407 2
16700860 2
2949801 0
16644684 2
3699306 1
7589844 1
15236753 1
15321807 2
15019860 2
19208188 2
16567827 2
6335238 1
17015454 1
10909986 1
11325516 2
12606534 1
15786721 0
3585599 1
8675407 0
1970541 0
15735218 1
14674716 2
10329982 0
17390296 2
882718 0
9405901 1
12765974 1
8914032 1
17965882 1
12213354 2
8772724 1
12893107 1
17609304 2
3275860 2
12716817 2
2904532 2
16567822 2
3899819 0
11699043 2
9780221 1
15328385 2
12766106 2
12200073 1
10446946 1
17052688 2
8553405 2
12629116 2
15967162 0
3325220 1
8262307 2
17003304 1
6347771 1
12830340 2
12457296 2
12357293 2
9706118 1
2286136 2
9754819 2
2307293 0
18534027 2
9162606 2
8422780 2
11336867 1
12767930 0
12901780 1
2210077 0
8422815 2
3867179 1
1425109 1
1968373 2
8842606 1
12451433 2
7958494 1
18437351 2
8048571 0
6693013 1
12794162 1
12860309 0
8621003 1
12738395 2
10977024 2
7358225 1
2175696 0
15111514 2
11751995 1
9519711 1
2933356 1
7554346 2
16322352 0
15270798 2
16978371 1
8887146 1
8612439 2
7752175 2
16816950 2
12196482 2
9334720 2
18346983 2
3706388 2
6734383 1
8923861 2
11289052 0
359394 1
11130726 0
16489971 1
18179648 1
2874654 0
17349714 1
9545121 1
1732306 1
9614256 1
10868971 2
15086486 1
7152127 0
9068943 0
16230776 1
17289660 2
16164575 2
9621514 2
9498657 1
7043386 1
8305166 2
12675860 2
1516506 2
3898828 2
10550411 2
10652036 2
11773987 2
16620270 1
1995769 1
18175767 2
8557276 2
8243849 2
15446308 1
15054429 2
1619671 0
10333941 1
18080106 2
2252525 1
8334822 2
15684340 2
19502645 2
9300223 2
2384663 1
7532600 1
10926309 2
7555607 2
15265759 2
17653050 2
12451010 0
10868857 2
11173723 1
17508912 2
18070994 2
12145184 2
3499357 1
15993354 2
1881916 0
10780203 1
7014312 0
7729618 1
3924636 0
17976390 0
7713272 1
16248282 1
12173691 2
17391168 2
12395331 1
7851075 2
7589882 1
9727844 1
9609134 1
8732705 1
10546007 1
15485689 0
3525875 1
3042251 1
16949520 1
18717999 2
1411574 1
1535382 0
16731855 2
7789640 2
10688808 2
6814977 0
17175680 2
8916506 1
15132204 2
9084969 1
11004426 2
12196423 1
17327433 2
15498088 1
10741565 2
7044630 1
6451048 1
11522687 1
11035534 0
1850203 0
9500559 2
8786023 2
16838100 0
1643808 1
12889514 2
10841005 2
7783365 1
16629914 2
15991022 1
3678621 2
15036827 2
1397785 1
17496356 2
12871759 0
15241679 1
14654069 0
15145632 2
9028712 0
16627389 2
2470987 0
3862838 1
16356116 0
12006368 0
16801569 2
18633731 0
8871677 1
1351429 2
10702165 2
17445531 2
2430094 0
12324989 2
18328868 1
15780433 2
9612252 0
2463334 0
1387433 0
10535453 0
8942876 1
12629452 2
2676658 0
9316164 2
3049514 0
3308603 2
3527619 1
17082572 1
8593943 0
15855344 2
12593603 2
17327320 1
9706120 2
1634941 2
17623819 1
15569143 2
6336344 1
12092688 2
3021548 0
8929711 1
1909136 0
16171015 2
3834228 1
16959366 2
2063830 2
8549862 1
9677951 2
2256435 1
16132961 0
10224170 1
19068242 1
10102698 0
8557178 1
10450931 1
2951207 1
8643574 2
3512601 1
7043174 1
7924780 2
198323 0
10230654 2
15662555 2
9038879 0
6355141 1
8194909 1
7672495 1
9398718 1
16404554 1
2045757 1
1936704 1
6352728 1
8610431 1
18458871 2
8922534 1
12661797 2
9291846 0
6685074 1
1864485 0
1838044 2
7859627 2
16275870 2
7556954 1
11410111 2
16043733 2
15161761 1
8462387 2
14624759 1
14514578 2
15509553 2
12619885 0
8025232 0
12652354 2
2006518 1
16108845 2
15209770 2
17943268 1
10886433 1
16179727 2
6345996 0
502472 0
10326077 1
11862219 1
17716860 1
16770561 2
17555951 1
11833043 2
3363294 1
12378390 2
8403288 2
15368281 1
2348050 0
12732873 1
16443795 1
3890764 1
6758461 1
16269973 2
18091037 2
7982267 0
10868973 1
1468286 1
1535056 1
7895950 0
15855169 0
16219007 2
1680996 2
15919813 2
16339825 0
11978669 2
6701570 2
17376838 1
10753067 1
10868976 1
18372388 2
2160355 1
2405698 0
17192480 1
17003296 2
17763840 2
9439557 2
3803152 2
3985239 2
15790778 2
7789646 2
17909696 0
17531891 1
12047399 2
9171256 1
10668193 1
14638734 0
15855581 2
9314632 1
12574175 2
680627 1
9540019 1
1290323 0
9233998 2
2673693 2
3191158 0
17087662 0
9165224 2
6235141 0
9794447 1
8389806 0
9350451 1
19247373 2
16451853 2
160326 0
6200477 0
1713563 0
8335179 1
11978661 2
12735317 1
8621005 2
2695373 0
3008968 0
11723052 1
6219023 0
8772485 2
11744301 0
1315252 0
3556283 1
16433711 1
14681842 1
8720609 2
10797469 0
16129107 2
6215114 0
15684639 2
15688210 1
1904327 1
8425485 0
17393180 1
18937363 0
18840784 0
10633878 1
16317063 1
17883389 1
386782 1
10331400 1
12477143 2
16132904 2
7782045 1
2040392 1
8529118 0
6255106 0
2401586 2
10323373 1
9509271 1
12469362 2
10235199 1
16188504 1
19181717 2
9588433 2
16936208 1
12951282 2
17322499 2
15875155 1
2127812 2
481512 1
11522677 1
14520226 1
4020370 1
15920041 1
16426593 1
3917257 0
4075944 1
17428318 2
9290095 2
1513111 0
213334 0
17130537 1
14500690 1
9814992 0
12446989 1
16308840 1
16611666 2
12742378 1
7612150 1
17468376 1
3948093 1
15619076 2
16403779 1
6766386 0
2498142 0
9203450 1
10873423 1
12830567 2
15355857 2
3276474 2
2951194 2
15504992 2
10831184 2
17146308 2
8287834 0
17493545 2
12351443 2
2714163 1
14764791 2
18490518 0
16225162 2
18346985 2
8335173 0
12695289 2
15855568 2
3230579 1
7000594 0
16732983 0
15096337 2
11092293 1
9141969 0
16221715 2
6311652 1
12805026 2
8803489 2
2156275 1
16469985 2
1612195 1
15386820 0
10865233 0
6761217 0
7988346 1
4044780 2
16538489 2
16857181 2
15070960 2
15794660 0
15669780 1
6704409 0
6795288 0
14734611 1
9283788 2
12750858 1
10934458 1
1741141 1
12766122 2
19364070 0
7609929 1
16102902 0
7773293 2
9727374 1
12629447 2
3401978 0
11754351 1
354741 1
11431461 0
11275948 2
11289482 2
19263683 2
11119472 2
10480523 2
3461234 1
15167455 0
15959875 0
12941720 1
17925342 2
2953379 1
6807982 0
16620271 2
11016449 1
11467321 1
10584225 1
17391154 2
16034144 1
15802000 1
2687931 1
9068299 1
8299300 1
17932620 1
11317097 1
11473047 2
4043578 1
3225728 1
17597010 2
9794172 2
14656685 1
10096788 0
17921375 2
7043169 1
17876024 2
8285846 1
12351453 0
6388251 1
2424698 0
6142151 1
9571179 1
6381006 1
1880897 2
10480502 2
11023148 2
10564214 0
9184703 2
3342015 0
6752947 0
15161781 1
15292342 2
3897768 0
12145160 1
10907114 2
3384192 0
16492699 1
486490 0
1959475 2
17554258 0
8833636 2
6392341 2
9300241 0
12477292 2
19249553 0
11756324 0
8359106 2
15911094 1
8377873 1
6500200 0
12714656 0
12969138 0
3308889 0
9550435 1
2527134 2
11544614 2
3106126 1
1478038 1
2446712 0
18722029 2
3192037 1
15047651 2
11994345 2
8001712 1
9822189 1
16342958 0
14514579 2
6342545 1
7031208 1
17568784 2
2768681 1
9833936 1
1254108 0
6286396 0
3528901 0
15936468 2
9545126 1
2117050 0
14760042 2
10386239 2
17763998 2
1728846 0
12732401 2
10908163 1
15239025 2
15522998 2
6188900 0
8375242 1
8219654 2
9802740 2
12882851 1
4038727 0
3542647 2
2529786 0
15220205 0
10905487 2
16380473 1
7173517 1
1517369 1
17452059 1
18436708 2
7589834 1
15007513 1
15043685 1
11272210 2
10887461 2
8540858 1
15467178 2
10411695 0
2404748 0
17033903 2
10372238 2
11952882 2
9284719 2
10189532 2
16911619 2
11756320 2
12235255 0
3328141 0
8305618 1
8877297 2
14510863 2
9833944 0
8359582 2
620881 1
3379197 1
8898803 2
10535449 1
7575418 1
12131926 0
3084140 1
9656318 2
1563585 1
10221665 1
10879937 1
11030756 2
1830256 1
17190910 0
11465407 0
15330126 2
3621799 1
3879759 1
16799398 0
6405127 0
12242465 1
16639390 1
8471413 2
2651086 2
8359577 0
6819335 0
15181045 2
17632690 0
8882412 1
18184924 2
8482428 1
18220678 2
17696799 2
8833557 2
873074 1
12145226 2
17904375 2
98828 1
1797628 0
16132956 2
12573734 2
2801776 1
19174497 2
14704836 2
16607460 2
15305888 1
1663881 2
11899245 2
4065452 1
3086658 0
2060321 1
10096789 1
18401346 2
15627647 1
16508779 0
16472046 2
15164102 1
11202575 1
8218056 1
6743087 0
7497852 2
122297 0
15220213 1
16298697 2
16759037 1
8422766 1
1473619 1
7575994 1
16860547 2
1995279 1
8299458 2
16783636 2
15220247 2
7999098 0
8883032 0
16689194 2
9642648 1
1685266 1
15939225 2
11423506 2
11078173 2
15364160 2
15504980 2
9437215 2
16466605 2
1568849 1
16731819 1
2553321 1
2967147 1
12085245 1
6679186 2
16105155 1
1607066 2
15626569 2
14973409 2
17997168 2
12823642 1
12007724 2
15164172 2
711130 0
8791512 1
2702895 2
17093067 2
10754480 2
8911996 1
12534451 2
11555830 1
9662048 1
7751415 1
16170513 2
7686634 0
16936202 2
763270 1
15120440 0
1936587 0
14693997 2
8543534 1
1818792 1
9174902 0
15503050 1
9949859 2
7926308 0
8405707 1
9726592 2
17394436 2
7001927 0
10421239 1
8569083 0
10536930 0
6186814 0
8405739 1
16112617 2
10424434 1
12475459 2
1936657 0
11103229 0
17823772 2
1466356 1
11474324 2
2050755 0
12376581 2
17259497 2
8720542 2
12351471 2
15078145 2
16249433 0
6428844 2
8243290 0
15607400 1
11398141 1
7556977 2
15505121 2
15172920 2
1518767 2
11919134 2
15270789 2
3293880 0
2191883 1
9644046 0
16919042 2
12113916 2
1639353 1
16330290 2
3535493 2
3374257 0
14961992 1
8986258 2
12526638 2
6337213 1
10415164 2
12507826 1
8732704 1
8722074 1
1569152 1
10680643 0
16809409 1
2138930 0
3073076 1
6370761 2
3304781 1
16644248 0
8876462 0
8813436 2
16827417 2
10342684 2
11205877 0
6706787 1
2820379 0
1432481 1
8621207 1
9469154 1
15386648 2
8799698 1
12493015 1
16873589 2
12147145 1
8924309 1
12626323 2
9696413 0
10977038 1
12052393 1
11874946 1
11943003 2
3699409 1
2098775 1
16443862 2
15892654 2
17609971 1
3975712 2
11048895 2
8781306 0
11174467 0
2837042 1
6303025 0
16519038 2
6708725 0
17903693 2
16503716 2
3315365 1
17931050 1
10463144 2
8792097 1
10493712 2
16108855 1
9595522 0
6092334 0
12453950 2
2852085 1
3384184 1
3776515 1
12369717 2
8662294 0
10999832 1
9588816 0
16179401 1
6381178 0
16893854 1
15085917 2
9839108 2
9226485 2
6341140 1
14707066 1
17697911 2
9519733 2
19108786 2
17161222 2
17130474 2
12160500 2
15975098 1
10942205 1
1327726 0
18646147 1
18303080 2
11815483 2
6751735 1
14971814 1
9548077 1
16804195 2
2953253 0
17425917 1
17826042 2
1882179 1
11156186 0
12055349 2
15168015 2
6420098 0
15222663 1
1748243 2
10392666 2
15284064 0
10484768 2
16644703 1
16186270 1
15738375 2
15877288 2
16554428 1
11517425 1
9336345 2
12712243 2
2390737 0
14633865 2
11092288 2
11330884 0
9342428 0
14722519 1
1478365 2
16626508 0
9562352 2
9539991 1
8157715 1
15186863 2
18611315 1
15522466 2
3276476 1
1513097 2
10511896 2
12857675 2
3924692 1
4029093 0
1714025 0
8921824 2
15717881 2
15331540 1
8799655 1
9364365 1
2261848 1
12818709 2
7589821 2
16651743 0
15271063 0
11929490 1
8427865 2
17761016 2
12641488 2
9258270 2
1468182 0
14514602 2
12588208 2
15910620 2
8268651 1
16301684 1
12775966 2
10534139 2
10724087 2
1516487 1
17495182 2
17618808 2
2819817 0
1534303 0
9353386 0
7851225 1
15557199 1
3579401 1
6141337 1
10736103 1
10615955 1
11934390 1
11295462 1
10566128 2
6536483 1
9342542 1
671340 0
12558610 2
12687342 1
8384133 2
7556989 2
10829091 0
11678967 2
15127203 2
7556985 1
17516149 1
17130468 0
17161770 0
16216674 1
10342819 2
2804765 1
1797511 2
11250658 0
12086959 1
15375799 2
7944837 1
3987828 1
2210051 1
18563381 1
12458656 0
17177138 0
9571331 1
9580389 0
2527685 1
18095238 2
17227321 1
7028562 0
16514546 1
17875247 2
15147648 2
2785223 0
17160518 2
9028692 1
12935776 1
11508265 1
10665665 1
11134117 1
14582038 2
17494056 2
11919153 0
8446055 1
10095815 1
18974575 2
15882494 2
17103462 0
7555472 2
7028924 0
2526767 1
6476882 1
7436442 1
11120572 0
9212309 2
12401720 0
1913321 0
14729730 0
7587855 1
10749714 0
19288077 2
2005219 1
10957848 2
14502105 2
11596669 1
1959705 1
10614992 1
10580618 1
2970982 0
11329229 1
205725 0
2671247 1
11302298 1
9135938 2
1944013 1
9124326 2
3266486 1
7627704 2
16186291 2
8070610 2
8933000 1
15850551 2
16330288 1
11934229 1
7173496 1
14506629 2
8055783 1
9032108 2
11947901 2
3135217 0
10912456 0
10480778 2
8941867 0
7564671 2
2189419 2
1507788 2
12734788 2
8302797 1
7589826 1
15699513 1
18089655 2
18026823 2
10945152 2
7036647 1
11129129 2
16567522 1
12523922 2
12448825 0
8921217 0
17725629 2
2951224 1
17426289 2
17636105 2
11437866 1
512051 1
10566706 1
6094794 0
4018414 0
9813074 0
7882827 2
1834501 0
15009549 2
16904545 2
12031953 0
15791292 2
7672484 2
18184927 1
3513303 2
9188514 2
16563548 2
18477659 2
12714434 1
15636411 1
8477875 0
17956544 2
18401446 2
2729268 2
2951217 1
1575780 2
16543649 0
9218750 1
12859158 2
10966825 0
12361494 2
3803737 0
15223048 1
9342545 1
16263243 1
10398541 1
15266517 2
3074669 0
17202141 0
12113390 1
1980453 2
12826783 2
8739909 2
10674967 1
15735891 2
2536628 0
15120050 2
9146975 2
11956158 0
9166679 0
10414474 2
19156628 2
15983261 2
15955472 2
6982184 0
16513765 0
9736437 2
16109070 1
11148509 1
11118003 0
11173714 2
10333048 1
9535774 0
12829648 2
3569695 0
12547852 1
2859524 1
8084294 1
11270670 1
18241232 1
15163889 1
17045908 0
6452018 0
1453525 1
18541994 2
10332683 2
12103256 2
1961648 1
1936594 2
11796823 2
8747721 1
3384185 0
17065681 2
11508273 0
15105989 2
17878707 0
3007925 0
9796884 1
3890555 0
7822262 1
18768333 1
11187050 1
12107747 1
9614609 1
2007848 1
3314300 0
14730379 2
6090249 0
11242497 1
9201600 1
3141236 1
10499510 0
2569104 1
12909069 2
154403 0
16794491 2
15902512 2
10097929 2
8626845 2
1913176 0
8484363 2
8918580 1
12832295 1
8135805 0
11484084 1
17320450 2
16537739 2
7821746 1
17448563 2
15208846 2
17218985 2
2785066 0
15621169 0
12407706 1
17307426 2
7850272 1
15563988 1
16458143 1
6386582 2
9243104 2
10969850 1
10332687 2
7620670 1
2227129 2
15234937 2
15899264 0
8721779 1
15963101 2
1764129 1
1600834 2
18566340 1
9401909 1
17616634 1
15472233 1
8740250 2
12149130 0
17045165 0
11461193 2
7554785 2
18360260 1
17259472 2
17617592 1
9538970 1
2408948 0
12765939 2
11840380 2
11914748 2
15154932 1
16177645 0
2473171 0
9637495 1
2956020 1
9332132 1
11903398 2
7330457 0
9483370 0
16644865 2
11978638 2
8174848 1
6747013 1
6521362 1
18192542 2
12482639 1
11874938 1
3552364 1
15251616 1
8243814 2
7698510 2
2857945 1
7027326 0
8582130 2
6376018 1
11473087 1
18093207 2
18709353 2
10047431 1
8469915 2
15111536 1
15504991 1
1425083 1
15386819 1
18421173 2
18590812 0
17184177 2
8617492 1
8864644 0
12829653 0
12421426 1
12352875 1
16567834 2
12832317 1
11606171 1
9162609 2
2105452 0
8374375 2
15973311 2
17443605 2
8586154 2
10328653 1
14574451 2
17721749 2
10479482 2
1967767 1
11250945 0
12017222 2
3319350 1
16295523 1
8143357 1
19500397 2
17037117 1
14692373 2
15504973 0
1303681 1
8776076 2
2523405 1
1660575 1
9166677 2
18725905 2
9716917 0
12242464 1
16423625 1
16981971 2
7875548 0
2675634 0
17689745 2
2316671 1
9028690 2
8591818 2
1438668 1
3530862 1
11390441 1
8898811 2
3075902 2
1606400 1
15563966 1
7555501 2
6379290 0
6840281 0
3329076 1
6410972 1
8636255 1
2969432 1
7772701 1
17130187 1
11700333 1
16198213 2
2150051 0
10395191 2
2523766 0
3084324 0
10761969 2
10832705 0
6219020 0
8168643 1
19046242 2
9355373 2
10799703 0
6706289 0
9400023 0
11319702 2
3238312 1
12502670 1
16305061 2
3894128 1
3150300 0
3101117 2
1467435 1
8886558 2
8304504 0
10333050 1
11679427 2
12442884 2
16186388 1
16647326 1
1722764 1
8893066 2
8799652 1
7556965 2
2525976 0
1468309 1
9774379 0
16542626 2
9776712 1
7504133 0
10097932 1
3308442 2
16483918 1
3054357 2
12017398 2
10907119 1
8238742 1
3894138 1
11272181 2
2521787 0
3460220 1
15519277 2
8741815 1
6599405 1
15126243 2
16373887 2
11872687 2
17259376 1
16436087 0
2901399 1
8894495 2
2523404 2
11472274 2
6991326 0
12086947 2
10748917 0
9753297 1
7896320 0
10403771 0
2150194 0
9568690 1
16181149 2
8137683 1
16258738 0
9018422 1
6997311 0
16291363 1
12898016 1
12766105 2
15243303 2
16373902 1
18071670 1
15793194 2
17563455 2
10445763 0
2499498 1
12889622 0
15879567 2
8661964 1
10400405 2
9836531 0
11128351 1
8817240 1
7075916 1
17697056 2
10535460 0
11437492 0
16644630 1
18165214 2
16123484 1
16322274 1
8576946 0
15725311 1
8349042 1
14999644 2
1396318 0
1462981 1
12502517 2
10555638 1
3071440 1
14968296 2
18765700 2
10892525 1
15866057 1
9826025 0
1513094 1
6759216 0
9084970 1
1576804 1
9627160 2
16015371 1
12242455 2
2145620 0
9169400 1
9176849 2
10792607 0
12086954 0
7901527 1
16284002 0
15322753 1
9455929 1
9585394 2
2951173 0
16955208 1
11315828 2
9167099 2
2971532 1
15362490 0
2570596 1
6742763 1
15276091 2
9096992 2
17575467 2
8458535 1
18276765 2
6396159 0
2707223 1
7926345 2
16207641 2
6998613 1
16708066 2
11678970 2
12694582 1
3100372 1
10512357 1
9726242 1
16596358 2
15784703 2
2060429 2
1886452 0
16911620 2
17209802 2
16373904 2
1902427 0
15165998 2
10587836 1
9382666 2
7851680 1
14693977 2
12132978 2
3497974 0
16385762 2
18540868 1
3025045 1
1852097 1
7657040 1
11600569 1
11547216 2
11158450 1
3240844 1
10694530 2
2680367 1
8056059 0
16921608 1
12207925 0
7784144 0
16492205 2
1535057 0
3402300 2
10705348 0
12196421 2
14636289 2
8692021 1
11128356 1
10475149 2
18450829 2
10097898 1
7041829 1
12897091 2
8772716 0
16973718 0
14514634 2
2649330 1
3300175 1
8777279 1
16774900 2
11891020 2
16470599 1
18759958 2
2545735 1
10784228 2
9562245 0
2525167 0
15670764 0
8625995 1
6182390 0
3011574 0
15161808 2
3470766 0
10512378 0
6377007 0
2953618 0
10977013 2
7497873 1
2154133 0
18482868 1
11434798 2
9055883 1
16644680 2
15008828 2
1644239 1
2184211 1
11431601 2
17151323 2
7681793 0
2302391 0
8788520 0
19147455 2
6840627 0
9049480 1
11246893 2
9395094 2
7821173 2
17561964 2
1977540 2
16627391 2
19732457 2
14598868 2
18568334 2
17852050 2
9358980 1
10819238 1
17476475 2
16804197 2
11155142 2
8858220 1
17568782 2
16123354 2
15476756 2
8863895 0
12936955 2
11244483 1
1612232 1
11756005 1
15901443 2
2524337 1
10761967 2
12882913 1
2758954 1
11580967 2
15994875 2
15149345 2
12558712 2
16235159 1
8163045 2
8609834 2
12008682 1
15111539 1
1312491 0
11110770 0
7821136 2
9200410 0
18053320 2
9830952 2
6361816 0
10535433 2
12647843 1
1959473 2
9049483 1
16621115 1
2886822 1
11580083 2
18332099 2
15324514 1
11213888 1
1839554 1
11723085 1
11418696 1
17724577 2
10653387 1
7983528 0
15531816 2
8056750 0
8168639 2
12699398 2
7513041 0
16060290 2
3121350 2
12410803 1
14722650 2
14668698 2
14693986 2
10821223 1
10962168 1
14599847 1
6480886 2
8941481 2
8243873 2
17645587 2
2561275 0
6374594 1
2506091 2
11449458 2
1285360 1
15784922 1
11381296 1
8635643 1
7963139 1
6167482 1
12086971 1
1603033 0
9484757 1
3595526 0
11552145 1
16922700 2
16759828 0
1521731 2
2819907 0
17602959 0
3934967 1
17148845 1
8908388 2
2968890 1
12852716 2
10915836 0
7152162 0
10977011 1
3057897 2
9288532 1
16530875 0
19321598 2
8627262 1
7513552 0
15896683 2
7012352 0
11473078 2
11938025 2
2717790 1
16893374 0
9395544 2
15616229 2
10477206 1
15677512 2
11416247 2
19365392 2
8933010 2
2209302 2
18267303 2
17764626 2
3533680 2
8875087 1
3527624 0
2293753 2
1446794 2
2055338 1
7062262 0
8484362 2
12595097 0
1582382 1
3308584 2
3329125 1
17082374 0
9702469 2
14500039 2
11484071 2
7884509 2
3339112 1
18215338 2
8313228 0
16371537 1
7803350 1
3525757 1
10865595 2
7713355 0
1895671 0
17337492 2
10491764 1
2529948 0
17627248 0
3373246 1
9503033 0
10579460 2
2150210 0
3113537 2
17081646 2
2412923 0
3493187 0
16886840 2
17439418 0
15533586 2
9458880 1
10868850 2
17367252 1
1325931 2
1923365 2
17936152 2
7826821 2
1837515 1
17130573 1
1215904 1
7589885 1
1851695 1
17261958 0
1936705 1
10333054 1
10679090 1
17559733 2
8846675 1
9290539 2
14988836 1
12133483 2
17003341 2
11764088 0
11862322 2
6345245 0
15331206 2
17096118 2
8394635 1
8108035 2
9519751 1
17587393 2
12693661 1
16186267 1
3544871 0
10702751 2
17299078 2
10781648 2
7666792 0
3519324 0
7739353 0
2702893 2
9663919 0
8243856 2
16216484 1
8056132 2
12540728 2
6374589 1
9713324 0
15090634 2
17327324 1
6584368 1
15975113 2
9322806 2
6766909 0
7821135 1
12788886 2
16186810 1
10406153 2
11508270 1
14657818 1
15663183 0
8816981 1
17261652 2
16027122 1
9392502 2
10480781 1
10877193 2
3899109 0
6337901 0
8891676 2
12360464 2
10229289 2
6433149 1
15498851 1
11034420 1
2137802 0
9313757 1
12728636 2
16678154 2
15637423 2
12145143 2
2824260 0
8082532 1
18989445 1
7002689 1
8262323 0
18397358 2
12079854 2
9099123 2
6032977 0
14342522 0
18162506 1
12126765 2
1613115 1
3384181 2
8195682 0
17520238 2
17720896 0
16108856 2
6299867 0
16380498 2
7545064 0
19107526 2
15734846 2
12823237 1
15305887 2
2507381 1
7879605 0
8432219 2
9538980 2
12538755 1
12363045 2
16713435 2
12683698 2
17403120 2
10604384 0
16612330 2
7958544 1
14599964 1
9741497 1
18307700 2
11465945 1
7554786 1
12640320 0
2549202 0
8689862 2
11206401 0
18811935 2
16816123 0
12378391 1
17937795 2
16239374 2
11522700 2
389722 1
7940175 0
9628270 1
15983326 2
1506511 1
18044193 2
2523788 1
9797717 0
6564131 1
15561933 2
9057193 2
3962951 1
8809334 1
12663595 2
17709885 1
15875213 1
9049792 1
8840095 1
11115836 1
3069532 1
7587919 2
19545446 2
14679039 1
14651307 1
9496247 2
12021088 1
17676199 0
5704813 0
8432407 1
16741041 2
1348045 2
16714356 0
7554784 1
17151309 0
9283790 2
12770793 1
11111616 2
8772723 1
6665074 0
15632264 2
3041644 1
7730655 1
8204669 0
8432413 0
17020425 2
2825321 1
12017225 2
16249459 1
3120596 0
3318506 0
15561920 2
17015271 0
12827008 1
9436620 0
8427856 2
9777322 2
3082699 2
10656226 1
11845224 2
1564214 1
17258926 2
9223390 1
8666151 1
2754576 1
16753089 2
12928773 0
17381503 1
12882857 1
9300229 1
1353441 1
12442067 2
11213891 1
12077726 2
12401731 2
16804068 0
10949587 0
17130497 2
12727110 2
8408474 1
9850478 2
8395436 2
17194636 1
15747389 1
3157658 1
761736 1
17709888 1
12444170 1
1834505 0
9754827 1
8568461 1
9421378 2
3121272 1
15823767 2
2647548 1
12957695 1
8243828 1
9703334 0
1951680 0
1975742 1
1797514 1
7695875 1
10925059 1
12381965 2
7047271 1
9283789 1
7505214 1
17384341 2
17389331 1
8269789 2
16804196 2
2738402 1
16520476 2
11170314 0
7757067 1
16796127 1
17185204 1
7536208 2
17376821 1
11451280 2
16990660 2
9145576 1
3898867 0
17122149 0
8933004 1
12665498 2
15605410 1
6765155 1
1600856 1
8734572 1
3017796 2
11140074 1
2901375 0
3556104 1
1387073 2
9303013 2
8602754 1
8720528 1
12752483 2
9375476 2
15369198 1
2964981 1
17144888 2
17170378 2
8402395 0
7912459 1
18234191 0
11182217 2
17336700 2
3338379 2
17131144 2
1355504 2
10051320 2
16541277 2
9362404 2
1429035 1
18637090 2
16423631 2
8314443 0
14757291 2
15592662 2
2356370 1
12713453 1
10075251 2
16627390 2
7152126 1
12032161 0
8928761 2
7851070 2
9833939 1
12879250 1
14633861 2
17526982 2
11794464 0
2428426 0
17054600 1
8738972 1
16988486 0
15630048 2
8112189 2
18632038 2
1501652 1
14770192 2
9179541 2
16533924 2
2205622 1
2522859 1
10751238 2
10332681 2
9776354 0
15846252 2
12798819 0
2404716 2
9530434 0
11140008 2
11150629 2
7019415 0
9568692 1
16505240 2
6361554 1
4073174 1
16793534 2
12069907 0
15639686 2
17251276 2
19734900 2
6324215 1
7575997 1
7888042 1
8315943 0
17332448 2
9669757 0
12036065 1
11872680 2
9745032 2
18215174 1
8039605 2
17522117 0
6346859 1
3303333 2
7672490 1
7855037 1
1317826 2
95802 1
14746575 2
8811331 1
6812641 0
2520361 2
1568757 1
11079747 1
15561923 2
17629492 2
3396266 1
17180611 2
11829539 2
16777248 1
4074198 2
10421233 2
9038933 0
9833930 2
12965105 1
16644705 2
15451890 1
1991431 1
7789648 1
6770465 0
8960850 1
12772546 2
627630 0
8804356 0
2752891 2
7821163 2
12480972 2
15855335 2
9653604 1
8623845 1
12442280 2
10770201 2
15291939 2
17311266 2
2525915 0
15037562 2
2138578 0
12800099 2
8098394 1
16505503 2
16241932 1
19060909 2
1943929 1
8729152 1
10913814 2
15893611 0
8542738 1
7593406 1
10683186 0
9270377 0
7674869 2
10372241 2
10330299 1
2210123 1
9380271 2
2190770 2
15049937 2
4090971 1
9830956 2
16868181 0
12663601 1
10491008 1
9559484 1
15862281 2
7907681 1
7902094 1
11640990 2
15793269 1
14625406 2
16884582 1
870355 1
17652266 0
14668699 2
9763208 0
9276137 0
10593580 2
8306588 1
9429894 1
8019763 0
6416979 2
18663317 2
15993351 1
19360107 2
9647335 2
9679670 1
16497530 2
2647436 2
11195230 1
15971059 1
17062758 2
12720051 2
11098095 0
11815492 2
2528045 0
11916169 1
7202861 0
3068065 0
17295576 1
10545396 0
15952404 2
10426380 2
7607342 0
15959415 2
7933840 1
6432388 0
1734685 2
15513870 0
16613899 1
11591120 1
16567826 2
12107723 1
11357471 0
12446265 2
9802726 2
11317648 1
12916001 2
9589252 1
18596725 2
12357296 1
8843183 1
8490617 1
17298590 2
11934234 0
15161801 2
7789643 0
15277432 1
16425033 2
8635670 0
17027851 0
6404681 0
15864538 2
10923219 1
17531012 2
2231487 1
10672234 0
8167387 1
16963247 2
12832330 1
18720537 2
8725861 2
14605243 1
11681488 1
10926840 0
10609124 1
12716756 0
15001195 2
16241916 2
9520451 0
16917892 2
15963208 2
6358145 1
3987976 1
16271309 1
18176860 1
2180315 0
16362284 2
9006226 1
1797479 1
7188333 1
10906832 2
8948508 0
3995073 0
11727400 2
1473321 1
12670620 2
6389060 2
17044752 2
1936662 1
15354863 1
9252493 0
9436610 0
17063327 0
9519921 2
8082525 2
17188118 2
16323065 1
7758881 1
17593274 2
12674223 0
11423816 2
12918799 2
2165946 1
15119992 2
12145172 1
6305213 0
15671692 0
17124308 1
2568957 0
1665546 0
16352689 2
17303788 1
11095451 1
11290812 1
7980851 1
8866562 0
12590015 2
15615695 0
8922361 1
10333900 2
17192492 1
9135962 1
15986236 1
11202218 2
10588217 2
11137178 2
8062607 2
942241 1
15100275 1
18632252 2
10571782 0
11187615 1
11832998 2
15307171 1
15331543 1
3894141 0
3897162 0
12502665 1
2106462 0
15505007 1
8847232 1
8477878 1
11272183 2
2210066 1
11020161 2
16186287 2
17028898 2
17240473 2
2351027 1
10959072 0
9918906 2
11502781 2
6810707 0
6540713 0
15758246 2
15535431 2
16050943 1
11502807 1
6450254 0
10844132 0
2482264 1
8405711 0
16448327 2
1688749 1
9802743 2
8638694 2
3987708 1
1397713 2
10320614 1
16339209 2
9615913 2
2531788 0
12805110 0
4004160 1
2934121 0
16341689 1
7916204 1
9823015 0
1383975 1
1563583 1
6464686 1
7674911 2
8232100 1
16731834 2
15833936 2
1551313 1
8172095 2
17259492 2
1764469 0
15201286 0
18358245 0
3512339 2
17470664 2
15504641 2
1286539 1
18355327 2
15004204 1
8458194 1
6618018 2
1979763 1
3888563 1
765177 1
9914216 1
9716913 0
7672497 1
10421090 2
10883059 0
8872965 1
16229859 0
12719201 2
10425456 0
9219863 0
17985306 1
7621995 1
15899724 2
11323089 2
8582546 1
17341287 1
12681025 2
10630111 1
8722072 1
19125777 2
18285412 2
3057894 2
10674354 1
2477846 0
17940427 2
14510860 1
17848840 1
7658918 0
3282959 0
1541387 0
6759078 1
8593935 2
10078559 2
11899074 1
15645206 2
2971025 0
16512748 2
11793847 2
9112026 2
8646493 0
16014058 2
3743309 2
15522273 0
16627378 1
2139396 1
12956281 2
15947005 2
16079262 0
15927845 1
16207627 2
15688208 0
7633396 1
15880049 1
1314590 0
10341912 2
14728394 1
15250032 2
15793242 1
16969646 1
16567830 2
15623795 0
2290134 1
12481656 2
16333525 2
16412093 0
15793228 2
1737548 1
10840989 1
16259856 1
2566545 2
9217897 1
8985314 1
17579206 2
9625684 2
9779403 2
14988272 2
11117999 1
17065689 1
6418598 0
14722653 0
8495615 2
3391343 1
19465231 2
11078452 2
16806184 0
12213867 2
12150359 2
2951844 1
10937508 2
11827432 2
12723006 2
15850548 2
11711327 1
11451724 2
1831178 0
12100794 1
17135297 2
11573959 0
7598712 2
3514330 0
14871464 1
17991128 2
1648301 0
16126809 2
3281011 1
11012904 2
15562399 2
10435718 1
16367882 2
7053039 1
2323025 0
2976764 1
9773728 1
8855646 2
16186281 1
12182249 2
10862638 1
17522982 2
9252494 0
15169626 0
9135929 2
8561068 2
18700423 1
12150458 1
12566379 2
9389427 2
2301354 2
9006223 2
7489832 1
15660730 1
10781390 2
11943004 1
9642659 1
6581663 2
3133261 0
2151226 1
10744651 1
6865762 0
8557177 1
16100330 2
15634486 0
7883120 2
3461931 1
12502654 2
16444763 2
9368917 0
10647060 2
18803987 2
14769830 2
8824472 1
16358360 0
18625444 1
16624563 2
7888043 1
16026362 2
2556559 2
15920039 1
8001717 1
16464715 2
8261761 1
15308392 2
8983869 0
15207840 1
2300121 1
12483990 1
14747218 2
12107756 2
10342813 2
17823371 2
9203441 1
11702902 2
18413207 2
9519738 2
17540447 2
2119076 2
3653526 0
17519307 1
16503115 1
6690344 1
15814255 0
15855557 2
11206405 1
1533543 1
9294980 2
17409588 0
656452 0
8013758 2
16046581 2
11353884 2
7741837 2
14747233 2
15952484 1
15734870 2
17980928 2
3882496 0
15725677 2
19504721 1
9222650 1
449698 1
8106637 2
8263954 0
17180706 1
15567993 2
3066654 0
7924771 1
15176990 2
9702437 2
3746344 0
10342812 0
18039814 0
10097917 2
15551047 1
2454210 0
7958545 2
8853421 0
19060908 2
2966085 0
10332670 2
11208601 0
11865350 1
10830230 1
15841036 2
7331674 1
7988774 0
8138067 1
15505117 0
12196483 1
3219966 1
17805509 1
11914742 2
1628530 1
17229249 2
9562680 0
1684365 1
14693412 2
15737646 2
9867206 1
9575186 1
18470605 0
12540605 1
9314015 2
1960349 1
17605312 2
17352516 2
10802052 2
12644776 1
1352328 2
17195423 2
3652479 1
12611763 0
11773540 1
1357450 1
17496359 1
9509442 1
10860192 2
2155689 0
11574396 1
7956624 2
7821143 2
16141788 0
6782830 1
1828909 0
12458403 2
17130563 1
17513737 2
11145035 1
11914746 2
18702948 2
3926068 1
11289477 1
10212834 2
7657035 2
16609158 2
12081581 1
10492318 1
15738450 2
15827346 0
16448520 2
14693967 2
10426378 0
16394111 0
6161541 0
2140087 1
8096867 2
7508342 1
11723072 2
8722057 1
6360768 1
9261891 0
17726021 2
2977107 0
12943926 2
12542451 0
2392233 0
8106272 1
9309689 1
6439529 1
2041376 1
9519757 2
9971727 1
12564575 2
14618419 2
16972554 0
8778173 2
2764097 0
16632067 2
15208847 2
8636384 2
847447 1
6360695 0
15161753 0
400124 1
10480774 2
2797087 2
14617228 2
2328849 1
8281723 1
1936680 1
17547760 2
17554341 1
15949697 2
8392010 0
16914074 2
11064109 2
18726829 2
10615949 1
15347642 0
18696045 2
8565773 1
17901690 2
8130359 0
16389894 1
11692183 2
8335172 1
15085338 2
8597319 1
17127455 1
7913686 2
12681863 1
10447516 2
11818404 0
9143541 0
15578722 1
16945366 2
15036823 1
1793618 1
7794582 2
17448371 2
10526098 0
2781513 2
2499501 1
16164693 1
15766707 0
3396267 2
17991129 2
11021593 1
19422092 1
11259809 2
11895469 2
10213157 0
15704241 2
11038976 2
11321233 1
12569234 2
1773713 2
16123342 0
10475998 2
9096260 0
2058574 2
12766121 2
15766376 1
12681020 2
2693013 1
8374794 0
16755089 2
16542628 2
8762212 2
11978684 1
12031974 2
7739029 1
15845431 2
10547206 2
14969649 2
12145234 2
10483789 1
9075119 2
9398740 2
11694854 1
7485538 0
8370186 1
14664702 2
8770029 0
8697346 2
7958502 1
11118028 2
18268045 1
15567171 1
8913408 2
6581479 1
16373894 1
2189885 2
9472862 1
17594388 2
3527808 0
16907705 2
3732633 1
16678014 1
17497038 2
11606166 1
6800956 0
15765222 2
3322619 1
1602284 1
7657103 2
1860557 1
2438007 0
10235173 2
16276243 2
11110661 0
10868832 2
8788422 0
11481402 2
15008830 1
13678250 0
16010031 1
15102047 0
12632691 2
11288046 2
2528469 0
8894475 2
12745168 2
9925351 1
2621411 0
16620269 2
12605241 0
15270787 1
17986021 2
2374662 1
16085678 2
9698804 1
8858217 1
17184181 1
6472813 1
10550420 0
8325203 2
16751352 1
10414929 0
15337169 0
3457697 1
7902069 0
10842773 1
11249478 2
7729620 2
17804681 1
7926302 1
10720648 0
15947833 2
11788634 2
1563538 1
7771479 2
6403671 0
17612646 0
15311106 2
7536171 1
16076470 0
16271515 0
12547865 2
10599690 1
2653747 1
11809162 1
6782750 0
1397700 1
19073967 1
3011571 0
6301203 0
8786014 1
7589827 1
1802485 1
8359095 2
11110502 1
6988267 0
15277433 2
8148782 1
8807465 1
6753855 1
17189547 2
15877293 1
8288050 2
8896993 2
17434752 2
18996857 2
3375126 1
9285510 1
17545473 2
11869305 1
7702383 1
3275145 2
9886743 2
1446706 0
17512318 2
16138797 1
12173913 2
7669092 2
1971174 1
18599528 2
9544727 2
17949261 2
8451906 1
17130554 1
11508278 2
7030829 0
11035540 0
9930901 1
1936661 1
12784186 2
12891006 0
16613586 2
18171712 1
10600267 0
11554773 2
10728953 2
7331773 1
11318837 2
9327747 0
10147929 1
2055425 0
15383188 2
8911786 2
17513701 2
3296383 2
15333482 2
9688872 0
17335310 1
12518011 2
18432739 0
10511299 1
12540636 2
1991440 1
11160314 0
10423111 1
3721405 1
9113209 1
10912976 2
17090641 1
3053285 0
2833110 0
14648003 1
10905497 1
7953521 1
15797988 2
7555506 1
17980451 2
15851841 0
1797507 1
9571336 1
834569 1
17122189 0
1247213 1
15983193 2
11600217 1
12056808 1
17878245 1
15729364 1
6165001 0
2951138 1
16398702 1
17515250 2
17470192 1
12800103 2
11374395 0
12791516 0
3792696 1
12726923 2
16458538 2
15670188 1
11522704 2
15919639 2
7658949 2
1757793 0
16125528 2
11596661 1
17130200 2
9152897 1
15303976 0
8605700 1
2354748 1
15946117 2
15910627 1
3976357 0
14566038 2
3513009 1
7382825 0
15677467 2
6818070 1
2205528 1
11477494 2
7030828 0
12883321 0
2227107 1
9571575 2
2660587 2
14764794 2
10323375 1
16825959 0
8840299 2
17940430 2
6184124 0
17941876 2
17011759 2
15502925 2
11596665 2
15745837 2
12762970 1
17563459 2
18426822 2
12716812 1
15023875 1
17491607 2
7049800 1
1943751 1
10856458 0
15123681 2
7526124 0
2043955 1
12646622 1
14737746 2
9112337 1
15383223 2
8846744 1
126184 0
17593275 2
10768087 2
9932217 1
17442688 2
12606516 0
14693981 2
10660221 1
2360401 1
1446635 0
11522701 2
17503712 2
10190643 2
8730419 1
8088131 1
15170642 1
11874943 2
10656232 1
11956018 1
3726862 1
8602469 1
9604870 0
10202002 1
15821039 0
9427226 2
11576340 0
17259401 1
17728376 2
11289625 0
12147146 1
2139391 2
17277042 2
17320449 2
17922472 2
8430734 1
2510903 0
17213403 2
11589426 0
2326003 1
9198043 1
15731364 1
11334402 2
16960160 2
6297403 0
15200348 2
14647049 2
17510700 2
9506190 2
12488963 1
1424127 2
18022276 1
11151288 1
9224812 0
3549762 1
12849678 0
8485957 1
15784954 0
9551285 2
10469372 0
16306801 2
8730225 1
2979605 1
16698671 1
1646363 0
7461297 0
8923476 0
9802734 2
17928988 2
15161797 2
15502927 1
8306590 1
12031597 1
7629407 2
9288575 0
16306554 2
16567829 2
7151657 1
8573755 1
3395278 0
3561950 1
9627764 1
6642089 1
8596493 2
1310913 2
2998300 0
15677794 2
2937307 0
1927891 2
1905225 0
9223388 2
12829658 2
1485944 2
2588935 0
15386808 0
12824208 2
16332295 2
11006253 0
16398910 2
12444168 1
10334323 1
17381500 1
10398549 2
9167107 1
8894785 1
16034881 2
15045685 2
2252528 1
11421562 2
6340413 1
8287643 1
12959935 2
15616798 2
9112023 2
1513095 1
11912801 2
12766099 2
17561601 2
9162605 1
18502304 1
9669725 1
11724424 1
1322850 0
7958539 1
17015542 1
14640895 0
8894490 2
12406165 0
11914043 2
7530314 0
14610263 1
15277431 1
17130568 1
8477877 2
14693983 2
7961797 0
14519706 1
7797090 0
2333960 1
15628811 1
15626551 2
16978381 2
16449302 1
2542156 0
6404620 1
12660333 1
11978678 1
16260435 1
11641236 2
15266047 2
16620266 1
11557574 0
11694856 2
8664448 1
1521722 1
8985654 2
3002890 0
17485018 2
1493594 0
16280642 2
11518692 0
8070070 2
15240344 2
2853250 1
17443539 1
15000767 2
9243148 2
6680482 1
2884159 0
2475585 0
10793405 2
9243098 0
17026493 1
14586501 1
1828734 1
8288046 2
10784230 1
11289059 1
7682740 1
10547211 2
16260347 2
15547649 2
3898868 1
10199430 2
10905483 2
9222649 1
18160120 2
15565284 2
10480769 2
7981575 1
9709745 1
9290403 1
1423958 1
6392533 1
490043 0
8425668 1
12441216 1
12722028 2
7856988 2
6370760 1
1590376 0
16627381 2
6623246 1
15161759 2
2949134 0
18521688 2
11013303 2
9036994 1
2021139 2
16356109 1
16890492 2
10480525 1
7578849 1
12028374 2
9217892 1
12907465 2
16467317 1
16472049 2
2498611 1
15607533 2
9217870 0
9538975 2
8212162 1
8971083 2
16809877 2
17024692 1
10476932 1
1787825 1
18373186 2
16259491 2
17163361 2
10488743 1
2612759 0
18308004 2
10819239 1
15834271 2
16801565 2
9559489 2
3192734 1
1920051 1
16731860 1
2387254 0
10875321 1
16887440 1
12409940 2
8163049 1
14669159 2
2503412 0
3523242 1
7988303 2
8174839 1
6126184 0
8288950 0
2199283 0
18227479 2
17697063 2
4033421 2
11253114 1
9562351 2
8062604 2
1667503 0
16565400 1
6596485 0
16045370 2
2026125 1
11768011 2
12944593 1
18252916 2
10861053 0
11815271 1
17316094 1
9867077 2
14507788 2
17407651 2
2307095 1
15860245 2
16565307 2
9802757 1
10905494 2
8394927 0
17372149 1
2010044 0
14656952 0
11822535 2
17130526 1
1670607 0
16930759 0
3251767 1
16046317 2
6381009 1
2212856 0
16519085 2
2808970 1
2009347 0
9712341 2
16219016 2
9702447 2
9070961 0
1720858 0
2121358 0
3786640 1
2646402 0
9029670 0
7821176 1
15225764 1
17347310 1
1936481 2
10720043 2
1879886 2
1959701 0
12244395 0
11525085 2
3715374 1
11289484 1
15050491 2
10569654 2
16117620 0
11855792 2
2512191 1
16452547 2
8891458 1
8508101 2
15331565 2
16123336 0
10491676 2
11237213 2
12947308 0
2445613 0
9054467 1
11872691 1
7796985 2
16367879 1
9157089 2
9865514 2
18070999 2
11472464 2
15606695 2
6318007 0
9167113 2
15258737 2
1478363 1
12681023 2
17426276 1
7309132 0
16752166 2
7806023 1
10600853 0
14703729 0
7542040 2
15655720 2
16937126 0
8130361 0
16297344 0
3446555 2
3471665 1
11342969 0
15936469 1
7821145 1
16644713 2
11589428 1
8288056 1
8415215 1
16324912 2
16644628 1
2190768 1
11334483 1
6239551 0
2702912 2
8616951 2
1397774 1
10905493 2
18036064 1
17095862 2
3552509 2
7724182 1
17473913 0
11386752 1
7739355 0
1826248 1
17130195 2
8261753 1
16736132 2
2737363 1
15741243 2
16843179 2
15793204 2
8170193 2
12017230 2
1935920 1
2245877 2
15066220 0
12477919 2
1628770 0
1418294 1
11078157 1
17006670 2
15504996 1
15912095 1
9075599 1
17337502 1
2533038 1
15109449 2
9049479 1
11576356 2
15145956 2
10802157 2
11375332 2
3908487 0
12453960 1
9467129 1
11731221 2
17625220 2
11703429 1
7045512 1
10436381 1
10874053 1
3525266 1
18356410 0
15514499 0
8477801 1
17990297 1
6642096 1
3284388 0
10711881 2
2988584 0
18305141 0
8518455 2
2647558 1
99138 0
3553848 2
9823540 0
1955152 1
15797964 2
15277377 1
7744214 1
16996248 1
11023149 2
16138267 2
19501900 2
14680844 2
2784784 0
14693970 2
17192337 1
14633863 2
12847596 2
4053951 1
14988283 2
1406292 0
16249543 2
15498082 2
16421474 0
17065675 1
17054603 2
15210770 1
9052890 2
15677479 2
10477218 1
16306358 2
3698781 2
6576623 1
8877287 0
17289084 0
17215379 2
12643198 1
14598880 2
3352284 0
3555956 1
10666411 0
16914073 2
16133985 1
16882276 2
16123371 2
8144175 2
12717280 0
17720018 2
3545932 2
12475775 2
17034987 0
1936707 1
11926785 1
3511099 2
9614617 1
16648902 0
2192854 2
12199991 2
8150221 0
18199129 2
17192473 0
14623121 0
2196358 1
9686928 1
3719941 1
17587756 0
3556281 1
9167109 2
17186219 2
16911009 1
12581266 1
10090009 0
15232685 0
10484054 0
16272200 2
17197727 0
11128360 1
8354314 1
16010524 2
11836286 2
7962273 1
15814672 1
18362211 0
11897556 2
12603496 2
12383882 0
17234296 1
15192439 2
3726861 1
16914604 2
16979174 1
8432411 2
11781061 1
10480704 2
12918002 1
15671918 2
1502500 1
1396993 0
11887976 1
11916912 1
15640407 2
1930939 1
12765963 0
14581147 2
1468294 2
12799126 2
12014524 1
14747208 2
11815491 2
3384188 0
1499464 1
16607699 2
7364163 1
2851714 0
7789642 1
15561919 2
18766296 2
15507889 2
19276887 2
17237630 2
3527523 1
9013432 2
17322579 2
18057270 1
1547675 2
7854171 2
15654719 2
16305055 2
330063 0
17126559 2
7988783 1
7988775 1
6782822 0
18308416 2
16900086 2
17587398 2
488545 1
3322911 2
1704876 0
2259271 1
16448519 2
18445351 1
17095652 0
12419567 1
12506153 1
9503142 0
11405082 2
8174843 1
11524040 2
10212842 2
9838239 1
12798445 0
16481151 2
8483039 0
7821175 2
2507264 1
6277054 0
9589232 2
12611558 2
1833657 0
9233994 1
12021087 1
15683454 1
17337758 2
6775788 0
2145090 0
11221996 0
12149047 2
19427768 2
8847231 1
16306557 2
2306842 2
14602731 1
15450011 2
9135940 1
3606574 0
12401414 2
15963965 1
12610042 1
17674639 2
3807791 2
17545163 0
3394834 0
16407790 2
10960726 2
10943602 2
2192194 1
10867716 1
8262321 1
9351911 0
6416510 1
3155918 0
17682123 2
11739860 0
16387788 2
8495618 1
15220227 1
12838803 1
17090550 1
6892910 0
2210071 1
11975712 1
3005315 0
8492717 0
1325883 0
12453918 2
9732381 0
11846346 1
3887349 1
1978314 0
15691863 2
8728705 2
15008835 2
7589847 2
16054135 2
7762968 1
2374847 1
10078575 2
12759458 1
10857959 2
6764847 1
12547860 2
1562759 1
9218752 1
16842483 2
9648844 2
9000709 1
3293349 1
15983308 1
12206992 0
11417948 0
2393552 1
15172922 2
16934681 0
10803871 1
17084593 2
3979684 2
3521682 0
17511963 2
14715866 2
16969649 2
9893112 2
9269698 2
1991436 1
9345116 1
6769725 0
17684464 2
8242903 1
14514588 2
11172474 2
8423330 1
17562326 1
9388789 2
15481632 2
1503017 1
3085580 0
10920059 2
18611098 2
11194249 1
2947762 1
17178168 2
17197270 1
12351451 1
7899920 2
2852569 0
9231661 0
15065734 2
15763918 1
16055489 1
14737745 1
11481279 0
17323002 0
17877648 2
9196671 2
18292986 1
2718784 2
8777332 1
17411394 2
7188334 1
12196470 1
15616226 1
14988296 2
6383912 0
16787140 2
6546804 0
7835212 1
12401717 1
10933350 1
10447523 2
8908379 2
6236118 0
15788439 1
8168637 0
16466346 2
8210295 2
8485958 1
10463710 1
8769355 1
7554783 1
1499468 1
8866300 1
16108849 2
16670859 1
11229425 1
11815510 2
16804194 2
6386277 1
10871199 2
16732009 2
15000763 2
2758634 2
9836517 1
10791012 2
1834504 0
15149729 0
15349727 2
18208449 1
8035979 2
8258459 1
1490695 1
17409288 2
2735454 0
17088580 1
17116184 1
8454110 0
11784224 2
16100331 2
1634314 1
1930941 1
9628239 2
3989572 0
10580182 1
2731409 1
15111533 2
4043581 1
12185379 2
2185109 2
15524164 2
12941731 1
2423813 2
16293556 1
15908466 0
17900590 2
9799895 2
1632089 2
1499467 1
16753576 2
3265901 1
12531740 1
11788159 0
17697065 1
10857971 2
9532034 1
1671379 2
8720539 1
8723523 0
17327434 0
11334417 2
10051636 0
2086523 1
16362279 1
8382712 2
10333086 2
10809995 2
11035823 1
1914816 2
12684185 2
7813806 1
17142138 2
9024239 2
11095596 1
18440086 2
15284058 0
4042803 2
8138060 2
1397719 1
3399877 1
14685146 0
6354791 0
2731462 1
10593571 1
6283897 0
8960840 2
12654706 2
12817032 1
11289479 1
10493317 2
7729613 1
11937300 0
9418381 0
9630144 1
11469397 0
16890542 0
12397579 1
12664214 1
15035976 1
9892508 1
10868849 2
15220242 1
9541165 1
10923642 2
15924833 2
7152160 1
18217431 2
10815366 1
9232198 0
15794920 2
10925060 1
2853731 2
16155368 2
2940045 0
9566642 1
11554772 2
10077354 2
8828954 1
11508277 2
8111072 2
8792089 1
9051386 1
16677191 2
19174023 2
2914625 0
8154951 2
15480537 2
17337488 1
1706142 0
1499869 1
15154994 1
7865456 1
9439666 2
10765011 1
10333051 2
7744216 2
2752883 0
18250615 2
1526327 1
8843812 1
3046818 1
16575558 1
9006306 2
3191152 0
3806388 0
16443886 1
3239453 1
17553506 2
9133563 1
16188574 1
8729154 1
759253 0
2007436 0
16219009 2
8582544 2
8759519 0
12679212 1
2569661 2
15371262 0
12086955 0
11906326 1
7622007 2
17476868 2
9013121 0
9674382 1
8843171 0
8792094 1
446932 0
17826043 2
16968575 2
11011242 2
8338816 1
2591644 0
7926314 0
12421990 1
11473083 1
9186302 1
15636726 2
16176956 2
12610044 2
9796741 1
7682680 0
12406920 2
17563454 2
3542652 1
3262869 1
1468289 1
7948611 1
7310436 0
9022027 1
1539597 2
6116344 0
7689498 1
15111515 2
10720084 2
17709886 1
3132761 0
12111255 0
15579061 2
7758261 1
11753821 2
16280652 1
11903400 1
10361863 2
8875091 2
1647336 1
16583133 0
11079813 2
7956637 2
2503285 1
9627583 1
16108841 2
1499475 1
10662734 0
8387090 2
4006655 1
2088959 0
9001888 0
7532072 1
1659172 1
6500191 0
17416265 2
9212317 2
15229376 2
17988431 2
17962984 2
10585618 1
2668761 2
2409457 0
7091310 0
7987655 1
1757353 0
3136564 0
3310300 1
8891453 1
17914032 2
112380 0
1830528 1
12271755 2
9314014 2
10480610 0
8721782 2
1415621 0
2209318 2
9836525 1
9753299 2
2160867 0
16504838 2
10385610 0
16702861 1
9178025 1
8522066 2
15093819 0
3881506 2
8436250 2
1936589 0
10714554 1
11034389 1
18046419 2
6420645 0
6992320 0
2956026 2
12397026 0
17151140 1
3780381 2
15700136 1
9405914 2
15800559 2
18497461 2
11573146 2
3551628 1
8897009 2
12832307 1
2931994 0
17977959 0
1499479 1
8593945 2
15283313 2
12564648 0
7976265 2
17341563 1
11465941 1
1892469 1
2521554 0
1705192 1
3402522 1
17720895 2
10672450 0
15161778 1
9711985 2
2767171 1
15049878 2
11827249 2
1515760 1
3127497 0
11547223 2
15384953 2
10073780 2
17360299 2
2140081 1
16508738 1
11212851 1
142518 0
12800090 0
12819900 1
3527524 2
9353607 1
1900343 2
15642074 2
11113692 2
10757440 1
3930189 1
3527841 1
16868220 2
8559617 1
11054276 1
8293861 1
15878325 1
7886972 1
9591753 2
10516414 2
17395744 2
12759885 2
17229898 2
14532170 2
11465653 0
17599966 1
11413090 0
14749266 2
3229074 1
1625809 0
9604881 2
15616227 1
1397717 0
16186286 2
17676608 1
2384189 0
3407604 2
8408455 1
10415738 0
6262170 0
15530766 1
15317926 1
1424484 2
15148292 2
12866991 2
10458327 1
12173729 2
11843950 2
8621015 2
9166737 0
16386093 1
15677778 1
2357919 2
17550422 1
10698197 0
12716806 1
6150150 1
10857762 1
14693703 0
9301427 2
8432414 2
10480600 1
18513306 2
1542462 2
10547172 1
6365660 1
12487757 0
9588457 1
2969901 1
6353141 0
12217258 1
8887160 1
3731991 1
899758 1
9061602 0
15983205 1
7497863 1
9118775 2
10459535 0
17130490 1
1317828 2
15035967 1
12411451 2
9218756 1
16306346 1
8937686 1
16837621 2
11896938 1
8941479 1
2759193 0
2648723 2
16735074 1
12037726 2
17235302 0
1868959 0
9507914 2
2064632 2
8955988 1
1860563 0
9203452 1
2152978 0
17012347 0
8858215 1
3234632 1
6451346 0
7840860 1
1936609 1
1406301 2
17553392 2
12752484 2
3128878 1
11685978 2
2016534 0
3065001 2
17509737 1
9483420 0
11756344 1
1425089 2
16264856 2
8721770 0
8177047 1
2533211 0
16861090 2
6696573 2
7556873 0
18632819 0
16401329 1
14609225 1
3456700 1
12361414 2
17351283 1
2957837 0
7851272 1
7698043 1
1534120 2
9069569 1
16531792 2
6219905 0
15220240 2
11694359 0
8299433 2
15606693 2
9678138 1
9405730 1
17066297 2
14676944 1
14578244 1
6695729 0
16236091 2
18384521 2
10342337 1
1569526 1
1936706 1
17350686 1
11397695 0
12625217 2
12939735 2
1499856 1
8885724 0
12631367 2
11237226 1
16026376 1
15701217 2
7955972 1
8518456 1
11312066 2
15231920 2
9625360 1
15652676 2
10868864 2
9313763 1
2027060 2
8063037 2
2142052 1
7016642 1
16873790 2
15897922 0
1628764 2
9028722 1
1652786 1
12475750 2
12941772 0
7720322 1
3054544 1
7734743 2
10047432 1
18332153 1
2123402 0
2210069 1
15120703 2
9405910 2
9487955 1
16394088 2
15480982 2
8405701 1
16291705 2
3930380 0
18548227 1
10526735 2
2453387 1
18494806 2
8546031 1
14162694 0
10990087 2
3276500 0
10856452 0
7744233 2
2261823 2
3816042 1
16585388 2
16290951 2
7925581 1
14963290 2
2956022 1
6219018 0
9925343 1
15331559 2
2387194 1
1764780 1
148426 0
7556382 0
16026381 2
17563348 1
9480718 1
2500028 0
12367555 1
12098663 0
15209765 2
12954595 1
9830960 1
17001327 2
10097930 2
1756912 2
17384453 2
16586545 2
3721066 1
1129593 1
761710 0
15128771 1
15498090 2
16204414 0
9096986 2
14514577 2
6381005 1
12500166 0
17655515 2
8314417 1
16306357 0
913894 1
11757083 2
14707058 1
12566725 2
14655520 2
15154935 1
2237759 1
15382830 1
2974778 2
11392441 2
17766928 1
9467130 1
18390725 1
14633806 2
12667409 2
11375376 2
14741717 2
7188337 1
10689119 1
3132410 0
1468297 1
2949209 1
16401311 2
1861631 2
8454106 2
12956395 2
15717876 2
10477216 2
8335171 0
18312754 2
1970706 0
4085694 1
8469472 2
18192901 2
2551214 0
11940333 2
12856083 1
16186395 2
16904981 1
9227442 2
17959864 1
2351014 1
1506876 0
11260395 0
10761489 2
12883181 0
10972581 2
16898571 2
2681540 0
9267994 1
2529018 1
7835203 2
10855529 2
8001625 2
15372363 1
8549255 1
15100317 1
18706904 0
15225497 2
1959472 2
11426340 0
11707563 2
10096781 2
6245911 0
3358267 0
6392401 1
16280337 2
8910827 2
15902401 1
16291416 2
7619351 2
1874929 2
14729399 0
14578248 1
10703602 1
12145238 2
11165693 2
16873691 2
14163322 0
17478431 2
17124721 1
3623415 1
15616040 2
15462696 2
16443778 2
17355742 2
1879303 1
8013378 0
6873515 0
16849402 2
12963599 1
16911625 2
3246128 1
4036563 1
8522064 2
9878219 0
12560165 2
18456735 0
15298352 1
12099966 2
7537259 0
7772678 0
15861021 0
14747304 2
15262459 2
15936967 2
9606983 0
160661 0
8243859 2
6224805 1
2567261 1
17393133 2
16873533 0
9519734 0
15330676 2
1941408 1
15928031 2
9277397 2
16936196 2
7250530 0
10097254 2
15691452 2
12823899 1
9399754 1
9300228 1
7298798 1
4006103 0
3384218 1
11073182 2
7286499 0
16497144 1
17511791 2
3239454 1
8875085 2
8552991 1
7489754 1
10971152 2
15983302 2
10965929 0
2057278 1
4022079 1
18307462 1
8864643 0
18486763 1
8420810 1
11443224 2
17222407 0
2845665 0
11351859 1
1559544 1
12637983 1
10746488 1
2143487 0
16280645 1
8269792 2
15793177 1
8679904 1
18035865 2
9403654 1
18270980 0
12829633 1
9212318 2
11126413 2
2415414 0
1524461 2
16814095 1
8384132 0
4017199 0
9893141 2
11937101 0
11508267 2
2606330 0
16520917 1
8137684 1
18162504 2
9662044 0
8833630 2
1797484 2
15925014 2
1625683 0
16973823 2
15504979 2
18442481 2
18290778 2
14988299 1
7152530 1
17911088 2
8200911 2
15209769 2
11356606 0
10368565 1
7822811 1
1513805 1
8741816 1
4065432 1
11403218 2
12657524 1
2062013 0
16632232 1
16114542 2
7497851 2
12218377 2
6219904 0
16551768 2
11723074 1
1702386 0
7048897 1
9737816 0
1505301 1
8930308 0
2857210 2
12751857 1
2758737 1
3317053 1
3159656 0
10761326 1
11423498 2
17881330 1
15364163 2
9706122 2
6450721 0
3817305 1
9930380 0
3519325 0
8391418 2
1692136 0
14514601 2
9892239 1
9389419 1
14648808 2
7888041 1
6849410 0
11723053 0
15171690 2
2036941 1
7926503 1
10479666 2
11679452 1
18008141 0
16157380 1
16276079 2
7460725 1
8799632 1
3622374 0
531501 0
15855338 1
1986916 1
17697867 0
11024579 2
2202883 1
7990710 2
2740163 1
8458534 0
8266362 0
11403811 1
16685413 0
16401678 1
15878326 0
7797006 2
1420285 0
12107743 2
1676685 1
8898771 2
11267683 2
15038953 2
10688395 2
2651187 1
10067726 1
8412763 2
2759556 1
17278679 2
1612233 1
9453293 1
6822503 0
6312251 2
7638560 2
16954331 2
9082275 2
8055373 1
8720416 0
830892 1
3113773 2
11382569 2
9258285 2
15925011 2
9930948 1
1806809 1
2535259 0
11213535 2
16556690 1
8033531 2
14583175 2
2137756 2
1672001 1
18175766 2
1739737 0
1289022 2
6500186 0
2959437 1
17709883 2
15529521 2
15855318 2
9868599 2
8546118 1
1955097 1
15317605 2
16513217 0
16443782 0
9862373 1
7284496 0
15111529 1
15855587 2
8472631 1
16380717 1
17462654 2
15230984 2
18221431 1
11206400 2
18197995 2
16570766 2
9822188 1
11723073 2
12208795 2
16391416 0
3743361 1
11724423 1
12401729 2
9833940 0
6432090 1
1547919 1
16380485 2
8521759 2
12466317 2
2537246 0
8425672 0
15231979 1
3809079 1
10433799 1
12915698 2
9203459 2
14564188 2
10353591 0
15277424 1
9369322 0
14581148 1
2022304 1
1860558 1
12624535 0
2051334 0
15362501 0
9781790 2
17290034 2
9096965 2
12614973 2
16339499 2
1936619 1
7384200 0
1984568 1
6702437 1
11128358 1
10937514 2
8155085 2
10997610 2
16832839 2
9365232 0
17416718 2
9455931 1
7915978 1
2376236 1
15358602 0
12207811 1
10962116 2
16807404 0
11004428 2
11472302 1
671156 1
10707937 1
12882908 2
2794483 0
1652421 0
18180619 1
6234194 0
1513118 0
8087098 0
15589061 2
15483092 1
6145027 1
8275184 1
15513583 1
9365876 1
8400068 0
2705555 0
11978687 2
9193011 2
15220226 2
7698518 1
3964756 0
4066190 1
19427051 2
12540632 1
3908281 2
9688914 1
16902319 0
7295798 0
8636261 1
15787895 1
10480505 2
440839 1
11440363 2
17376830 1
12882909 2
3277033 0
19070910 2
8299431 2
6360599 1
17235525 1
11714200 1
2643309 1
16033281 2
15514231 2
2962801 0
16443761 2
2907196 0
3275556 0
9792994 2
2088961 0
11978681 1
17144883 2
11994904 2
10836779 2
6514075 1
15920993 2
15737845 1
1612229 1
10478880 2
17981667 2
12752869 2
2077432 0
9661650 1
6229439 0
15562205 2
3838933 0
12092457 1
8608725 1
11845222 2
1600705 1
8718436 2
15735219 2
15383571 1
7014302 1
6380393 1
359389 0
2676659 2
9313762 1
7207203 0
9000702 1
12072718 1
10674303 2
3281897 0
14679035 1
2809476 0
15132880 2
12021090 1
7693843 0
15892182 2
6592119 1
13677178 2
2964982 2
8977762 1
10910002 2
15684569 0
11067948 1
2970980 0
11065164 2
10638049 1
2326002 1
15639690 2
12637978 2
16096823 2
10720650 0
15895384 1
3110074 1
7629237 2
12875702 2
15914524 2
15161789 2
8050311 1
2770465 2
10782754 2
18808408 1
15331562 2
9058337 0
17586741 2
9485544 0
11522681 0
9550282 1
16522700 0
1914257 1
7758871 0
8792093 1
16673209 2
6391994 1
11774208 2
3000116 0
14996474 1
7949803 1
2212346 2
15644569 2
14963591 1
12925050 2
8741819 1
10842669 2
10731493 2
8349031 2
16459127 2
9279485 1
12120919 0
6231975 0
18025408 2
1940637 1
12908717 2
9158162 2
12938014 2
3021909 0
1377137 0
10462137 0
18026039 1
8911976 2
6870282 0
17082646 1
15745726 2
11692186 1
17554073 1
1514360 0
17536068 1
15892647 2
17449526 1
2850132 1
12638839 2
14704320 2
1860554 2
4076389 0
2132190 1
8486663 0
2415007 0
8318119 2
6108276 0
11083381 1
7587849 2
3996168 1
15958131 0
9272727 0
18567918 2
16792463 1
15531531 1
11729828 1
8542742 1
16305059 2
17349968 2
1666347 1
6865768 0
15821274 1
15734859 0
18782641 2
8950402 1
2975546 1
12832597 2
6103856 0
12870166 2
15047610 1
9218758 1
974495 1
6938110 1
16029432 1
15324517 2
11270677 1
15608477 2
8432218 1
12882939 2
15774362 2
12873298 2
3993810 0
7697219 1
10506236 1
16815028 0
17899961 2
10700699 1
15505070 0
12540615 1
9359550 1
7031207 1
17141354 1
3522807 0
15343195 1
17082619 1
2272613 1
1930940 1
16283249 0
8621006 2
626109 1
11852376 2
18552362 1
3817302 1
14617226 2
3325060 0
2569828 0
17046554 2
6098120 0
12021142 1
8750216 1
14662897 1
10421991 1
11453529 1
17096113 1
8112185 2
17062893 1
15671919 2
2702918 1
16584726 0
12832297 2
3285794 0
9633019 1
16126946 1
2076801 1
9451474 0
7496858 2
18220711 1
15374883 1
8425665 1
10465266 2
1397721 0
3127259 1
17286233 2
9740498 2
10906831 2
8721769 0
12917799 1
17560573 0
8750567 1
9589817 2
15649569 0
17100408 2
11213598 2
8389127 0
15851628 1
8025401 1
16982672 2
17928991 2
7020102 1
18212505 2
1066331 1
2519348 1
2215578 1
12552511 1
12861410 2
8635653 1
10186460 2
6872256 1
10370980 1
3428051 1
7698509 0
10426275 1
1987704 0
9510456 1
6344724 1
8777285 1
16982071 0
9047037 0
6385952 0
2951155 0
12215475 2
2527686 2
8200204 1
8314447 2
9492122 2
10620206 2
16318986 1
10764847 2
16443875 1
16569741 1
1955099 2
11220283 2
17717533 2
8307248 2
9609135 1
2548908 1
8375243 1
12925051 2
16979413 2
14578236 2
15451912 2
9574868 0
3533475 1
1803023 0
19160276 1
10557672 2
2405798 1
11687737 1
8019025 1
15662556 2
8729151 1
9872420 0
15056984 0
14657831 1
18513916 2
8365087 1
17011154 2
7912209 2
1397710 1
7663027 2
1348711 1
6381010 1
1429414 1
16801592 2
8960824 1
9548614 1
9685513 2
17533211 2
18696047 1
7673396 1
8490012 1
1899406 1
444572 0
3378683 0
7555600 1
16689714 2
3940908 2
16729987 0
8310109 2
18454665 2
10102711 2
1797028 1
9365143 0
3543616 2
10668914 0
8823384 1
11919123 1
16186401 0
12097796 2
15960886 1
10025294 1
12766094 2
17298589 2
12848947 1
2767020 2
10591423 1
10642089 0
2643808 1
8462625 0
9578960 1
9690055 2
395060 0
15052415 0
12802494 1
17369525 0
19225753 2
2500578 0
15922295 2
6366551 1
16710672 2
14734629 2
8742572 2
16249461 2
2211678 1
17070446 2
